/*--------------------------------*- C++ -*----------------------------------*\
  =========                 |
  \\      /  F ield         | OpenFOAM: The Open Source CFD Toolbox
   \\    /   O peration     | Website:  https://openfoam.org
    \\  /    A nd           | Version:  13
     \\/     M anipulation  |
\*---------------------------------------------------------------------------*/
FoamFile
{
    format      ascii;
    class       faceList;
    location    "constant/polyMesh";
    object      faces;
}
// * * * * * * * * * * * * * * * * * * * * * * * * * * * * * * * * * * * * * //


40900
(
4(1 12 133 122)
4(11 132 133 12)
4(121 122 133 132)
4(2 13 134 123)
4(12 133 134 13)
4(122 123 134 133)
4(3 14 135 124)
4(13 134 135 14)
4(123 124 135 134)
4(4 15 136 125)
4(14 135 136 15)
4(124 125 136 135)
4(5 16 137 126)
4(15 136 137 16)
4(125 126 137 136)
4(6 17 138 127)
4(16 137 138 17)
4(126 127 138 137)
4(7 18 139 128)
4(17 138 139 18)
4(127 128 139 138)
4(8 19 140 129)
4(18 139 140 19)
4(128 129 140 139)
4(9 20 141 130)
4(19 140 141 20)
4(129 130 141 140)
4(20 141 142 21)
4(130 131 142 141)
4(12 23 144 133)
4(22 143 144 23)
4(132 133 144 143)
4(13 24 145 134)
4(23 144 145 24)
4(133 134 145 144)
4(14 25 146 135)
4(24 145 146 25)
4(134 135 146 145)
4(15 26 147 136)
4(25 146 147 26)
4(135 136 147 146)
4(16 27 148 137)
4(26 147 148 27)
4(136 137 148 147)
4(17 28 149 138)
4(27 148 149 28)
4(137 138 149 148)
4(18 29 150 139)
4(28 149 150 29)
4(138 139 150 149)
4(19 30 151 140)
4(29 150 151 30)
4(139 140 151 150)
4(20 31 152 141)
4(30 151 152 31)
4(140 141 152 151)
4(31 152 153 32)
4(141 142 153 152)
4(23 34 155 144)
4(33 154 155 34)
4(143 144 155 154)
4(24 35 156 145)
4(34 155 156 35)
4(144 145 156 155)
4(25 36 157 146)
4(35 156 157 36)
4(145 146 157 156)
4(26 37 158 147)
4(36 157 158 37)
4(146 147 158 157)
4(27 38 159 148)
4(37 158 159 38)
4(147 148 159 158)
4(28 39 160 149)
4(38 159 160 39)
4(148 149 160 159)
4(29 40 161 150)
4(39 160 161 40)
4(149 150 161 160)
4(30 41 162 151)
4(40 161 162 41)
4(150 151 162 161)
4(31 42 163 152)
4(41 162 163 42)
4(151 152 163 162)
4(42 163 164 43)
4(152 153 164 163)
4(34 45 166 155)
4(44 165 166 45)
4(154 155 166 165)
4(35 46 167 156)
4(45 166 167 46)
4(155 156 167 166)
4(36 47 168 157)
4(46 167 168 47)
4(156 157 168 167)
4(37 48 169 158)
4(47 168 169 48)
4(157 158 169 168)
4(38 49 170 159)
4(48 169 170 49)
4(158 159 170 169)
4(39 50 171 160)
4(49 170 171 50)
4(159 160 171 170)
4(40 51 172 161)
4(50 171 172 51)
4(160 161 172 171)
4(41 52 173 162)
4(51 172 173 52)
4(161 162 173 172)
4(42 53 174 163)
4(52 173 174 53)
4(162 163 174 173)
4(53 174 175 54)
4(163 164 175 174)
4(45 56 177 166)
4(55 176 177 56)
4(165 166 177 176)
4(46 57 178 167)
4(56 177 178 57)
4(166 167 178 177)
4(47 58 179 168)
4(57 178 179 58)
4(167 168 179 178)
4(48 59 180 169)
4(58 179 180 59)
4(168 169 180 179)
4(49 60 181 170)
4(59 180 181 60)
4(169 170 181 180)
4(50 61 182 171)
4(60 181 182 61)
4(170 171 182 181)
4(51 62 183 172)
4(61 182 183 62)
4(171 172 183 182)
4(52 63 184 173)
4(62 183 184 63)
4(172 173 184 183)
4(53 64 185 174)
4(63 184 185 64)
4(173 174 185 184)
4(64 185 186 65)
4(174 175 186 185)
4(56 67 188 177)
4(66 187 188 67)
4(176 177 188 187)
4(57 68 189 178)
4(67 188 189 68)
4(177 178 189 188)
4(58 69 190 179)
4(68 189 190 69)
4(178 179 190 189)
4(59 70 191 180)
4(69 190 191 70)
4(179 180 191 190)
4(60 71 192 181)
4(70 191 192 71)
4(180 181 192 191)
4(61 72 193 182)
4(71 192 193 72)
4(181 182 193 192)
4(62 73 194 183)
4(72 193 194 73)
4(182 183 194 193)
4(63 74 195 184)
4(73 194 195 74)
4(183 184 195 194)
4(64 75 196 185)
4(74 195 196 75)
4(184 185 196 195)
4(75 196 197 76)
4(185 186 197 196)
4(67 78 199 188)
4(77 198 199 78)
4(187 188 199 198)
4(68 79 200 189)
4(78 199 200 79)
4(188 189 200 199)
4(69 80 201 190)
4(79 200 201 80)
4(189 190 201 200)
4(70 81 202 191)
4(80 201 202 81)
4(190 191 202 201)
4(71 82 203 192)
4(81 202 203 82)
4(191 192 203 202)
4(72 83 204 193)
4(82 203 204 83)
4(192 193 204 203)
4(73 84 205 194)
4(83 204 205 84)
4(193 194 205 204)
4(74 85 206 195)
4(84 205 206 85)
4(194 195 206 205)
4(75 86 207 196)
4(85 206 207 86)
4(195 196 207 206)
4(86 207 208 87)
4(196 197 208 207)
4(78 89 210 199)
4(88 209 210 89)
4(198 199 210 209)
4(79 90 211 200)
4(89 210 211 90)
4(199 200 211 210)
4(80 91 212 201)
4(90 211 212 91)
4(200 201 212 211)
4(81 92 213 202)
4(91 212 213 92)
4(201 202 213 212)
4(82 93 214 203)
4(92 213 214 93)
4(202 203 214 213)
4(83 94 215 204)
4(93 214 215 94)
4(203 204 215 214)
4(84 95 216 205)
4(94 215 216 95)
4(204 205 216 215)
4(85 96 217 206)
4(95 216 217 96)
4(205 206 217 216)
4(86 97 218 207)
4(96 217 218 97)
4(206 207 218 217)
4(97 218 219 98)
4(207 208 219 218)
4(89 100 221 210)
4(99 220 221 100)
4(209 210 221 220)
4(90 101 222 211)
4(100 221 222 101)
4(210 211 222 221)
4(91 102 223 212)
4(101 222 223 102)
4(211 212 223 222)
4(92 103 224 213)
4(102 223 224 103)
4(212 213 224 223)
4(93 104 225 214)
4(103 224 225 104)
4(213 214 225 224)
4(94 105 226 215)
4(104 225 226 105)
4(214 215 226 225)
4(95 106 227 216)
4(105 226 227 106)
4(215 216 227 226)
4(96 107 228 217)
4(106 227 228 107)
4(216 217 228 227)
4(97 108 229 218)
4(107 228 229 108)
4(217 218 229 228)
4(108 229 230 109)
4(218 219 230 229)
4(100 111 232 221)
4(220 221 232 231)
4(101 112 233 222)
4(221 222 233 232)
4(102 113 234 223)
4(222 223 234 233)
4(103 114 235 224)
4(223 224 235 234)
4(104 115 236 225)
4(224 225 236 235)
4(105 116 237 226)
4(225 226 237 236)
4(106 117 238 227)
4(226 227 238 237)
4(107 118 239 228)
4(227 228 239 238)
4(108 119 240 229)
4(228 229 240 239)
4(229 230 241 240)
4(122 133 254 243)
4(132 253 254 133)
4(242 243 254 253)
4(123 134 255 244)
4(133 254 255 134)
4(243 244 255 254)
4(124 135 256 245)
4(134 255 256 135)
4(244 245 256 255)
4(125 136 257 246)
4(135 256 257 136)
4(245 246 257 256)
4(126 137 258 247)
4(136 257 258 137)
4(246 247 258 257)
4(127 138 259 248)
4(137 258 259 138)
4(247 248 259 258)
4(128 139 260 249)
4(138 259 260 139)
4(248 249 260 259)
4(129 140 261 250)
4(139 260 261 140)
4(249 250 261 260)
4(130 141 262 251)
4(140 261 262 141)
4(250 251 262 261)
4(141 262 263 142)
4(251 252 263 262)
4(133 144 265 254)
4(143 264 265 144)
4(253 254 265 264)
4(134 145 266 255)
4(144 265 266 145)
4(254 255 266 265)
4(135 146 267 256)
4(145 266 267 146)
4(255 256 267 266)
4(136 147 268 257)
4(146 267 268 147)
4(256 257 268 267)
4(137 148 269 258)
4(147 268 269 148)
4(257 258 269 268)
4(138 149 270 259)
4(148 269 270 149)
4(258 259 270 269)
4(139 150 271 260)
4(149 270 271 150)
4(259 260 271 270)
4(140 151 272 261)
4(150 271 272 151)
4(260 261 272 271)
4(141 152 273 262)
4(151 272 273 152)
4(261 262 273 272)
4(152 273 274 153)
4(262 263 274 273)
4(144 155 276 265)
4(154 275 276 155)
4(264 265 276 275)
4(145 156 277 266)
4(155 276 277 156)
4(265 266 277 276)
4(146 157 278 267)
4(156 277 278 157)
4(266 267 278 277)
4(147 158 279 268)
4(157 278 279 158)
4(267 268 279 278)
4(148 159 280 269)
4(158 279 280 159)
4(268 269 280 279)
4(149 160 281 270)
4(159 280 281 160)
4(269 270 281 280)
4(150 161 282 271)
4(160 281 282 161)
4(270 271 282 281)
4(151 162 283 272)
4(161 282 283 162)
4(271 272 283 282)
4(152 163 284 273)
4(162 283 284 163)
4(272 273 284 283)
4(163 284 285 164)
4(273 274 285 284)
4(155 166 287 276)
4(165 286 287 166)
4(275 276 287 286)
4(156 167 288 277)
4(166 287 288 167)
4(276 277 288 287)
4(157 168 289 278)
4(167 288 289 168)
4(277 278 289 288)
4(158 169 290 279)
4(168 289 290 169)
4(278 279 290 289)
4(159 170 291 280)
4(169 290 291 170)
4(279 280 291 290)
4(160 171 292 281)
4(170 291 292 171)
4(280 281 292 291)
4(161 172 293 282)
4(171 292 293 172)
4(281 282 293 292)
4(162 173 294 283)
4(172 293 294 173)
4(282 283 294 293)
4(163 174 295 284)
4(173 294 295 174)
4(283 284 295 294)
4(174 295 296 175)
4(284 285 296 295)
4(166 177 298 287)
4(176 297 298 177)
4(286 287 298 297)
4(167 178 299 288)
4(177 298 299 178)
4(287 288 299 298)
4(168 179 300 289)
4(178 299 300 179)
4(288 289 300 299)
4(169 180 301 290)
4(179 300 301 180)
4(289 290 301 300)
4(170 181 302 291)
4(180 301 302 181)
4(290 291 302 301)
4(171 182 303 292)
4(181 302 303 182)
4(291 292 303 302)
4(172 183 304 293)
4(182 303 304 183)
4(292 293 304 303)
4(173 184 305 294)
4(183 304 305 184)
4(293 294 305 304)
4(174 185 306 295)
4(184 305 306 185)
4(294 295 306 305)
4(185 306 307 186)
4(295 296 307 306)
4(177 188 309 298)
4(187 308 309 188)
4(297 298 309 308)
4(178 189 310 299)
4(188 309 310 189)
4(298 299 310 309)
4(179 190 311 300)
4(189 310 311 190)
4(299 300 311 310)
4(180 191 312 301)
4(190 311 312 191)
4(300 301 312 311)
4(181 192 313 302)
4(191 312 313 192)
4(301 302 313 312)
4(182 193 314 303)
4(192 313 314 193)
4(302 303 314 313)
4(183 194 315 304)
4(193 314 315 194)
4(303 304 315 314)
4(184 195 316 305)
4(194 315 316 195)
4(304 305 316 315)
4(185 196 317 306)
4(195 316 317 196)
4(305 306 317 316)
4(196 317 318 197)
4(306 307 318 317)
4(188 199 320 309)
4(198 319 320 199)
4(308 309 320 319)
4(189 200 321 310)
4(199 320 321 200)
4(309 310 321 320)
4(190 201 322 311)
4(200 321 322 201)
4(310 311 322 321)
4(191 202 323 312)
4(201 322 323 202)
4(311 312 323 322)
4(192 203 324 313)
4(202 323 324 203)
4(312 313 324 323)
4(193 204 325 314)
4(203 324 325 204)
4(313 314 325 324)
4(194 205 326 315)
4(204 325 326 205)
4(314 315 326 325)
4(195 206 327 316)
4(205 326 327 206)
4(315 316 327 326)
4(196 207 328 317)
4(206 327 328 207)
4(316 317 328 327)
4(207 328 329 208)
4(317 318 329 328)
4(199 210 331 320)
4(209 330 331 210)
4(319 320 331 330)
4(200 211 332 321)
4(210 331 332 211)
4(320 321 332 331)
4(201 212 333 322)
4(211 332 333 212)
4(321 322 333 332)
4(202 213 334 323)
4(212 333 334 213)
4(322 323 334 333)
4(203 214 335 324)
4(213 334 335 214)
4(323 324 335 334)
4(204 215 336 325)
4(214 335 336 215)
4(324 325 336 335)
4(205 216 337 326)
4(215 336 337 216)
4(325 326 337 336)
4(206 217 338 327)
4(216 337 338 217)
4(326 327 338 337)
4(207 218 339 328)
4(217 338 339 218)
4(327 328 339 338)
4(218 339 340 219)
4(328 329 340 339)
4(210 221 342 331)
4(220 341 342 221)
4(330 331 342 341)
4(211 222 343 332)
4(221 342 343 222)
4(331 332 343 342)
4(212 223 344 333)
4(222 343 344 223)
4(332 333 344 343)
4(213 224 345 334)
4(223 344 345 224)
4(333 334 345 344)
4(214 225 346 335)
4(224 345 346 225)
4(334 335 346 345)
4(215 226 347 336)
4(225 346 347 226)
4(335 336 347 346)
4(216 227 348 337)
4(226 347 348 227)
4(336 337 348 347)
4(217 228 349 338)
4(227 348 349 228)
4(337 338 349 348)
4(218 229 350 339)
4(228 349 350 229)
4(338 339 350 349)
4(229 350 351 230)
4(339 340 351 350)
4(221 232 353 342)
4(341 342 353 352)
4(222 233 354 343)
4(342 343 354 353)
4(223 234 355 344)
4(343 344 355 354)
4(224 235 356 345)
4(344 345 356 355)
4(225 236 357 346)
4(345 346 357 356)
4(226 237 358 347)
4(346 347 358 357)
4(227 238 359 348)
4(347 348 359 358)
4(228 239 360 349)
4(348 349 360 359)
4(229 240 361 350)
4(349 350 361 360)
4(350 351 362 361)
4(243 254 375 364)
4(253 374 375 254)
4(363 364 375 374)
4(244 255 376 365)
4(254 375 376 255)
4(364 365 376 375)
4(245 256 377 366)
4(255 376 377 256)
4(365 366 377 376)
4(246 257 378 367)
4(256 377 378 257)
4(366 367 378 377)
4(247 258 379 368)
4(257 378 379 258)
4(367 368 379 378)
4(248 259 380 369)
4(258 379 380 259)
4(368 369 380 379)
4(249 260 381 370)
4(259 380 381 260)
4(369 370 381 380)
4(250 261 382 371)
4(260 381 382 261)
4(370 371 382 381)
4(251 262 383 372)
4(261 382 383 262)
4(371 372 383 382)
4(262 383 384 263)
4(372 373 384 383)
4(254 265 386 375)
4(264 385 386 265)
4(374 375 386 385)
4(255 266 387 376)
4(265 386 387 266)
4(375 376 387 386)
4(256 267 388 377)
4(266 387 388 267)
4(376 377 388 387)
4(257 268 389 378)
4(267 388 389 268)
4(377 378 389 388)
4(258 269 390 379)
4(268 389 390 269)
4(378 379 390 389)
4(259 270 391 380)
4(269 390 391 270)
4(379 380 391 390)
4(260 271 392 381)
4(270 391 392 271)
4(380 381 392 391)
4(261 272 393 382)
4(271 392 393 272)
4(381 382 393 392)
4(262 273 394 383)
4(272 393 394 273)
4(382 383 394 393)
4(273 394 395 274)
4(383 384 395 394)
4(265 276 397 386)
4(275 396 397 276)
4(385 386 397 396)
4(266 277 398 387)
4(276 397 398 277)
4(386 387 398 397)
4(267 278 399 388)
4(277 398 399 278)
4(387 388 399 398)
4(268 279 400 389)
4(278 399 400 279)
4(388 389 400 399)
4(269 280 401 390)
4(279 400 401 280)
4(389 390 401 400)
4(270 281 402 391)
4(280 401 402 281)
4(390 391 402 401)
4(271 282 403 392)
4(281 402 403 282)
4(391 392 403 402)
4(272 283 404 393)
4(282 403 404 283)
4(392 393 404 403)
4(273 284 405 394)
4(283 404 405 284)
4(393 394 405 404)
4(284 405 406 285)
4(394 395 406 405)
4(276 287 408 397)
4(286 407 408 287)
4(396 397 408 407)
4(277 288 409 398)
4(287 408 409 288)
4(397 398 409 408)
4(278 289 410 399)
4(288 409 410 289)
4(398 399 410 409)
4(279 290 411 400)
4(289 410 411 290)
4(399 400 411 410)
4(280 291 412 401)
4(290 411 412 291)
4(400 401 412 411)
4(281 292 413 402)
4(291 412 413 292)
4(401 402 413 412)
4(282 293 414 403)
4(292 413 414 293)
4(402 403 414 413)
4(283 294 415 404)
4(293 414 415 294)
4(403 404 415 414)
4(284 295 416 405)
4(294 415 416 295)
4(404 405 416 415)
4(295 416 417 296)
4(405 406 417 416)
4(287 298 419 408)
4(297 418 419 298)
4(407 408 419 418)
4(288 299 420 409)
4(298 419 420 299)
4(408 409 420 419)
4(289 300 421 410)
4(299 420 421 300)
4(409 410 421 420)
4(290 301 422 411)
4(300 421 422 301)
4(410 411 422 421)
4(291 302 423 412)
4(301 422 423 302)
4(411 412 423 422)
4(292 303 424 413)
4(302 423 424 303)
4(412 413 424 423)
4(293 304 425 414)
4(303 424 425 304)
4(413 414 425 424)
4(294 305 426 415)
4(304 425 426 305)
4(414 415 426 425)
4(295 306 427 416)
4(305 426 427 306)
4(415 416 427 426)
4(306 427 428 307)
4(416 417 428 427)
4(298 309 430 419)
4(308 429 430 309)
4(418 419 430 429)
4(299 310 431 420)
4(309 430 431 310)
4(419 420 431 430)
4(300 311 432 421)
4(310 431 432 311)
4(420 421 432 431)
4(301 312 433 422)
4(311 432 433 312)
4(421 422 433 432)
4(302 313 434 423)
4(312 433 434 313)
4(422 423 434 433)
4(303 314 435 424)
4(313 434 435 314)
4(423 424 435 434)
4(304 315 436 425)
4(314 435 436 315)
4(424 425 436 435)
4(305 316 437 426)
4(315 436 437 316)
4(425 426 437 436)
4(306 317 438 427)
4(316 437 438 317)
4(426 427 438 437)
4(317 438 439 318)
4(427 428 439 438)
4(309 320 441 430)
4(319 440 441 320)
4(429 430 441 440)
4(310 321 442 431)
4(320 441 442 321)
4(430 431 442 441)
4(311 322 443 432)
4(321 442 443 322)
4(431 432 443 442)
4(312 323 444 433)
4(322 443 444 323)
4(432 433 444 443)
4(313 324 445 434)
4(323 444 445 324)
4(433 434 445 444)
4(314 325 446 435)
4(324 445 446 325)
4(434 435 446 445)
4(315 326 447 436)
4(325 446 447 326)
4(435 436 447 446)
4(316 327 448 437)
4(326 447 448 327)
4(436 437 448 447)
4(317 328 449 438)
4(327 448 449 328)
4(437 438 449 448)
4(328 449 450 329)
4(438 439 450 449)
4(320 331 452 441)
4(330 451 452 331)
4(440 441 452 451)
4(321 332 453 442)
4(331 452 453 332)
4(441 442 453 452)
4(322 333 454 443)
4(332 453 454 333)
4(442 443 454 453)
4(323 334 455 444)
4(333 454 455 334)
4(443 444 455 454)
4(324 335 456 445)
4(334 455 456 335)
4(444 445 456 455)
4(325 336 457 446)
4(335 456 457 336)
4(445 446 457 456)
4(326 337 458 447)
4(336 457 458 337)
4(446 447 458 457)
4(327 338 459 448)
4(337 458 459 338)
4(447 448 459 458)
4(328 339 460 449)
4(338 459 460 339)
4(448 449 460 459)
4(339 460 461 340)
4(449 450 461 460)
4(331 342 463 452)
4(341 462 463 342)
4(451 452 463 462)
4(332 343 464 453)
4(342 463 464 343)
4(452 453 464 463)
4(333 344 465 454)
4(343 464 465 344)
4(453 454 465 464)
4(334 345 466 455)
4(344 465 466 345)
4(454 455 466 465)
4(335 346 467 456)
4(345 466 467 346)
4(455 456 467 466)
4(336 347 468 457)
4(346 467 468 347)
4(456 457 468 467)
4(337 348 469 458)
4(347 468 469 348)
4(457 458 469 468)
4(338 349 470 459)
4(348 469 470 349)
4(458 459 470 469)
4(339 350 471 460)
4(349 470 471 350)
4(459 460 471 470)
4(350 471 472 351)
4(460 461 472 471)
4(342 353 474 463)
4(462 463 474 473)
4(343 354 475 464)
4(463 464 475 474)
4(344 355 476 465)
4(464 465 476 475)
4(345 356 477 466)
4(465 466 477 476)
4(346 357 478 467)
4(466 467 478 477)
4(347 358 479 468)
4(467 468 479 478)
4(348 359 480 469)
4(468 469 480 479)
4(349 360 481 470)
4(469 470 481 480)
4(350 361 482 471)
4(470 471 482 481)
4(471 472 483 482)
4(364 375 496 485)
4(374 495 496 375)
4(484 485 496 495)
4(365 376 497 486)
4(375 496 497 376)
4(485 486 497 496)
4(366 377 498 487)
4(376 497 498 377)
4(486 487 498 497)
4(367 378 499 488)
4(377 498 499 378)
4(487 488 499 498)
4(368 379 500 489)
4(378 499 500 379)
4(488 489 500 499)
4(369 380 501 490)
4(379 500 501 380)
4(489 490 501 500)
4(370 381 502 491)
4(380 501 502 381)
4(490 491 502 501)
4(371 382 503 492)
4(381 502 503 382)
4(491 492 503 502)
4(372 383 504 493)
4(382 503 504 383)
4(492 493 504 503)
4(383 504 505 384)
4(493 494 505 504)
4(375 386 507 496)
4(385 506 507 386)
4(495 496 507 506)
4(376 387 508 497)
4(386 507 508 387)
4(496 497 508 507)
4(377 388 509 498)
4(387 508 509 388)
4(497 498 509 508)
4(378 389 510 499)
4(388 509 510 389)
4(498 499 510 509)
4(379 390 511 500)
4(389 510 511 390)
4(499 500 511 510)
4(380 391 512 501)
4(390 511 512 391)
4(500 501 512 511)
4(381 392 513 502)
4(391 512 513 392)
4(501 502 513 512)
4(382 393 514 503)
4(392 513 514 393)
4(502 503 514 513)
4(383 394 515 504)
4(393 514 515 394)
4(503 504 515 514)
4(394 515 516 395)
4(504 505 516 515)
4(386 397 518 507)
4(396 517 518 397)
4(506 507 518 517)
4(387 398 519 508)
4(397 518 519 398)
4(507 508 519 518)
4(388 399 520 509)
4(398 519 520 399)
4(508 509 520 519)
4(389 400 521 510)
4(399 520 521 400)
4(509 510 521 520)
4(390 401 522 511)
4(400 521 522 401)
4(510 511 522 521)
4(391 402 523 512)
4(401 522 523 402)
4(511 512 523 522)
4(392 403 524 513)
4(402 523 524 403)
4(512 513 524 523)
4(393 404 525 514)
4(403 524 525 404)
4(513 514 525 524)
4(394 405 526 515)
4(404 525 526 405)
4(514 515 526 525)
4(405 526 527 406)
4(515 516 527 526)
4(397 408 529 518)
4(407 528 529 408)
4(517 518 529 528)
4(398 409 530 519)
4(408 529 530 409)
4(518 519 530 529)
4(399 410 531 520)
4(409 530 531 410)
4(519 520 531 530)
4(400 411 532 521)
4(410 531 532 411)
4(520 521 532 531)
4(401 412 533 522)
4(411 532 533 412)
4(521 522 533 532)
4(402 413 534 523)
4(412 533 534 413)
4(522 523 534 533)
4(403 414 535 524)
4(413 534 535 414)
4(523 524 535 534)
4(404 415 536 525)
4(414 535 536 415)
4(524 525 536 535)
4(405 416 537 526)
4(415 536 537 416)
4(525 526 537 536)
4(416 537 538 417)
4(526 527 538 537)
4(408 419 540 529)
4(418 539 540 419)
4(528 529 540 539)
4(409 420 541 530)
4(419 540 541 420)
4(529 530 541 540)
4(410 421 542 531)
4(420 541 542 421)
4(530 531 542 541)
4(411 422 543 532)
4(421 542 543 422)
4(531 532 543 542)
4(412 423 544 533)
4(422 543 544 423)
4(532 533 544 543)
4(413 424 545 534)
4(423 544 545 424)
4(533 534 545 544)
4(414 425 546 535)
4(424 545 546 425)
4(534 535 546 545)
4(415 426 547 536)
4(425 546 547 426)
4(535 536 547 546)
4(416 427 548 537)
4(426 547 548 427)
4(536 537 548 547)
4(427 548 549 428)
4(537 538 549 548)
4(419 430 551 540)
4(429 550 551 430)
4(539 540 551 550)
4(420 431 552 541)
4(430 551 552 431)
4(540 541 552 551)
4(421 432 553 542)
4(431 552 553 432)
4(541 542 553 552)
4(422 433 554 543)
4(432 553 554 433)
4(542 543 554 553)
4(423 434 555 544)
4(433 554 555 434)
4(543 544 555 554)
4(424 435 556 545)
4(434 555 556 435)
4(544 545 556 555)
4(425 436 557 546)
4(435 556 557 436)
4(545 546 557 556)
4(426 437 558 547)
4(436 557 558 437)
4(546 547 558 557)
4(427 438 559 548)
4(437 558 559 438)
4(547 548 559 558)
4(438 559 560 439)
4(548 549 560 559)
4(430 441 562 551)
4(440 561 562 441)
4(550 551 562 561)
4(431 442 563 552)
4(441 562 563 442)
4(551 552 563 562)
4(432 443 564 553)
4(442 563 564 443)
4(552 553 564 563)
4(433 444 565 554)
4(443 564 565 444)
4(553 554 565 564)
4(434 445 566 555)
4(444 565 566 445)
4(554 555 566 565)
4(435 446 567 556)
4(445 566 567 446)
4(555 556 567 566)
4(436 447 568 557)
4(446 567 568 447)
4(556 557 568 567)
4(437 448 569 558)
4(447 568 569 448)
4(557 558 569 568)
4(438 449 570 559)
4(448 569 570 449)
4(558 559 570 569)
4(449 570 571 450)
4(559 560 571 570)
4(441 452 573 562)
4(451 572 573 452)
4(561 562 573 572)
4(442 453 574 563)
4(452 573 574 453)
4(562 563 574 573)
4(443 454 575 564)
4(453 574 575 454)
4(563 564 575 574)
4(444 455 576 565)
4(454 575 576 455)
4(564 565 576 575)
4(445 456 577 566)
4(455 576 577 456)
4(565 566 577 576)
4(446 457 578 567)
4(456 577 578 457)
4(566 567 578 577)
4(447 458 579 568)
4(457 578 579 458)
4(567 568 579 578)
4(448 459 580 569)
4(458 579 580 459)
4(568 569 580 579)
4(449 460 581 570)
4(459 580 581 460)
4(569 570 581 580)
4(460 581 582 461)
4(570 571 582 581)
4(452 463 584 573)
4(462 583 584 463)
4(572 573 584 583)
4(453 464 585 574)
4(463 584 585 464)
4(573 574 585 584)
4(454 465 586 575)
4(464 585 586 465)
4(574 575 586 585)
4(455 466 587 576)
4(465 586 587 466)
4(575 576 587 586)
4(456 467 588 577)
4(466 587 588 467)
4(576 577 588 587)
4(457 468 589 578)
4(467 588 589 468)
4(577 578 589 588)
4(458 469 590 579)
4(468 589 590 469)
4(578 579 590 589)
4(459 470 591 580)
4(469 590 591 470)
4(579 580 591 590)
4(460 471 592 581)
4(470 591 592 471)
4(580 581 592 591)
4(471 592 593 472)
4(581 582 593 592)
4(463 474 595 584)
4(583 584 595 594)
4(464 475 596 585)
4(584 585 596 595)
4(465 476 597 586)
4(585 586 597 596)
4(466 477 598 587)
4(586 587 598 597)
4(467 478 599 588)
4(587 588 599 598)
4(468 479 600 589)
4(588 589 600 599)
4(469 480 601 590)
4(589 590 601 600)
4(470 481 602 591)
4(590 591 602 601)
4(471 482 603 592)
4(591 592 603 602)
4(592 593 604 603)
4(485 496 617 606)
4(495 616 617 496)
4(605 606 617 616)
4(486 497 618 607)
4(496 617 618 497)
4(606 607 618 617)
4(487 498 619 608)
4(497 618 619 498)
4(607 608 619 618)
4(488 499 620 609)
4(498 619 620 499)
4(608 609 620 619)
4(489 500 621 610)
4(499 620 621 500)
4(609 610 621 620)
4(490 501 622 611)
4(500 621 622 501)
4(610 611 622 621)
4(491 502 623 612)
4(501 622 623 502)
4(611 612 623 622)
4(492 503 624 613)
4(502 623 624 503)
4(612 613 624 623)
4(493 504 625 614)
4(503 624 625 504)
4(613 614 625 624)
4(504 625 626 505)
4(614 615 626 625)
4(496 507 628 617)
4(506 627 628 507)
4(616 617 628 627)
4(497 508 629 618)
4(507 628 629 508)
4(617 618 629 628)
4(498 509 630 619)
4(508 629 630 509)
4(618 619 630 629)
4(499 510 631 620)
4(509 630 631 510)
4(619 620 631 630)
4(500 511 632 621)
4(510 631 632 511)
4(620 621 632 631)
4(501 512 633 622)
4(511 632 633 512)
4(621 622 633 632)
4(502 513 634 623)
4(512 633 634 513)
4(622 623 634 633)
4(503 514 635 624)
4(513 634 635 514)
4(623 624 635 634)
4(504 515 636 625)
4(514 635 636 515)
4(624 625 636 635)
4(515 636 637 516)
4(625 626 637 636)
4(507 518 639 628)
4(517 638 639 518)
4(627 628 639 638)
4(508 519 640 629)
4(518 639 640 519)
4(628 629 640 639)
4(509 520 641 630)
4(519 640 641 520)
4(629 630 641 640)
4(510 521 642 631)
4(520 641 642 521)
4(630 631 642 641)
4(511 522 643 632)
4(521 642 643 522)
4(631 632 643 642)
4(512 523 644 633)
4(522 643 644 523)
4(632 633 644 643)
4(513 524 645 634)
4(523 644 645 524)
4(633 634 645 644)
4(514 525 646 635)
4(524 645 646 525)
4(634 635 646 645)
4(515 526 647 636)
4(525 646 647 526)
4(635 636 647 646)
4(526 647 648 527)
4(636 637 648 647)
4(518 529 650 639)
4(528 649 650 529)
4(638 639 650 649)
4(519 530 651 640)
4(529 650 651 530)
4(639 640 651 650)
4(520 531 652 641)
4(530 651 652 531)
4(640 641 652 651)
4(521 532 653 642)
4(531 652 653 532)
4(641 642 653 652)
4(522 533 654 643)
4(532 653 654 533)
4(642 643 654 653)
4(523 534 655 644)
4(533 654 655 534)
4(643 644 655 654)
4(524 535 656 645)
4(534 655 656 535)
4(644 645 656 655)
4(525 536 657 646)
4(535 656 657 536)
4(645 646 657 656)
4(526 537 658 647)
4(536 657 658 537)
4(646 647 658 657)
4(537 658 659 538)
4(647 648 659 658)
4(529 540 661 650)
4(539 660 661 540)
4(649 650 661 660)
4(530 541 662 651)
4(540 661 662 541)
4(650 651 662 661)
4(531 542 663 652)
4(541 662 663 542)
4(651 652 663 662)
4(532 543 664 653)
4(542 663 664 543)
4(652 653 664 663)
4(533 544 665 654)
4(543 664 665 544)
4(653 654 665 664)
4(534 545 666 655)
4(544 665 666 545)
4(654 655 666 665)
4(535 546 667 656)
4(545 666 667 546)
4(655 656 667 666)
4(536 547 668 657)
4(546 667 668 547)
4(656 657 668 667)
4(537 548 669 658)
4(547 668 669 548)
4(657 658 669 668)
4(548 669 670 549)
4(658 659 670 669)
4(540 551 672 661)
4(550 671 672 551)
4(660 661 672 671)
4(541 552 673 662)
4(551 672 673 552)
4(661 662 673 672)
4(542 553 674 663)
4(552 673 674 553)
4(662 663 674 673)
4(543 554 675 664)
4(553 674 675 554)
4(663 664 675 674)
4(544 555 676 665)
4(554 675 676 555)
4(664 665 676 675)
4(545 556 677 666)
4(555 676 677 556)
4(665 666 677 676)
4(546 557 678 667)
4(556 677 678 557)
4(666 667 678 677)
4(547 558 679 668)
4(557 678 679 558)
4(667 668 679 678)
4(548 559 680 669)
4(558 679 680 559)
4(668 669 680 679)
4(559 680 681 560)
4(669 670 681 680)
4(551 562 683 672)
4(561 682 683 562)
4(671 672 683 682)
4(552 563 684 673)
4(562 683 684 563)
4(672 673 684 683)
4(553 564 685 674)
4(563 684 685 564)
4(673 674 685 684)
4(554 565 686 675)
4(564 685 686 565)
4(674 675 686 685)
4(555 566 687 676)
4(565 686 687 566)
4(675 676 687 686)
4(556 567 688 677)
4(566 687 688 567)
4(676 677 688 687)
4(557 568 689 678)
4(567 688 689 568)
4(677 678 689 688)
4(558 569 690 679)
4(568 689 690 569)
4(678 679 690 689)
4(559 570 691 680)
4(569 690 691 570)
4(679 680 691 690)
4(570 691 692 571)
4(680 681 692 691)
4(562 573 694 683)
4(572 693 694 573)
4(682 683 694 693)
4(563 574 695 684)
4(573 694 695 574)
4(683 684 695 694)
4(564 575 696 685)
4(574 695 696 575)
4(684 685 696 695)
4(565 576 697 686)
4(575 696 697 576)
4(685 686 697 696)
4(566 577 698 687)
4(576 697 698 577)
4(686 687 698 697)
4(567 578 699 688)
4(577 698 699 578)
4(687 688 699 698)
4(568 579 700 689)
4(578 699 700 579)
4(688 689 700 699)
4(569 580 701 690)
4(579 700 701 580)
4(689 690 701 700)
4(570 581 702 691)
4(580 701 702 581)
4(690 691 702 701)
4(581 702 703 582)
4(691 692 703 702)
4(573 584 705 694)
4(583 704 705 584)
4(693 694 705 704)
4(574 585 706 695)
4(584 705 706 585)
4(694 695 706 705)
4(575 586 707 696)
4(585 706 707 586)
4(695 696 707 706)
4(576 587 708 697)
4(586 707 708 587)
4(696 697 708 707)
4(577 588 709 698)
4(587 708 709 588)
4(697 698 709 708)
4(578 589 710 699)
4(588 709 710 589)
4(698 699 710 709)
4(579 590 711 700)
4(589 710 711 590)
4(699 700 711 710)
4(580 591 712 701)
4(590 711 712 591)
4(700 701 712 711)
4(581 592 713 702)
4(591 712 713 592)
4(701 702 713 712)
4(592 713 714 593)
4(702 703 714 713)
4(584 595 716 705)
4(704 705 716 715)
4(585 596 717 706)
4(705 706 717 716)
4(586 597 718 707)
4(706 707 718 717)
4(587 598 719 708)
4(707 708 719 718)
4(588 599 720 709)
4(708 709 720 719)
4(589 600 721 710)
4(709 710 721 720)
4(590 601 722 711)
4(710 711 722 721)
4(591 602 723 712)
4(711 712 723 722)
4(592 603 724 713)
4(712 713 724 723)
4(713 714 725 724)
4(606 617 738 727)
4(616 737 738 617)
4(726 727 738 737)
4(607 618 739 728)
4(617 738 739 618)
4(727 728 739 738)
4(608 619 740 729)
4(618 739 740 619)
4(728 729 740 739)
4(609 620 741 730)
4(619 740 741 620)
4(729 730 741 740)
4(610 621 742 731)
4(620 741 742 621)
4(730 731 742 741)
4(611 622 743 732)
4(621 742 743 622)
4(731 732 743 742)
4(612 623 744 733)
4(622 743 744 623)
4(732 733 744 743)
4(613 624 745 734)
4(623 744 745 624)
4(733 734 745 744)
4(614 625 746 735)
4(624 745 746 625)
4(734 735 746 745)
4(625 746 747 626)
4(735 736 747 746)
4(617 628 749 738)
4(627 748 749 628)
4(737 738 749 748)
4(618 629 750 739)
4(628 749 750 629)
4(738 739 750 749)
4(619 630 751 740)
4(629 750 751 630)
4(739 740 751 750)
4(620 631 752 741)
4(630 751 752 631)
4(740 741 752 751)
4(621 632 753 742)
4(631 752 753 632)
4(741 742 753 752)
4(622 633 754 743)
4(632 753 754 633)
4(742 743 754 753)
4(623 634 755 744)
4(633 754 755 634)
4(743 744 755 754)
4(624 635 756 745)
4(634 755 756 635)
4(744 745 756 755)
4(625 636 757 746)
4(635 756 757 636)
4(745 746 757 756)
4(636 757 758 637)
4(746 747 758 757)
4(628 639 760 749)
4(638 759 760 639)
4(748 749 760 759)
4(629 640 761 750)
4(639 760 761 640)
4(749 750 761 760)
4(630 641 762 751)
4(640 761 762 641)
4(750 751 762 761)
4(631 642 763 752)
4(641 762 763 642)
4(751 752 763 762)
4(632 643 764 753)
4(642 763 764 643)
4(752 753 764 763)
4(633 644 765 754)
4(643 764 765 644)
4(753 754 765 764)
4(634 645 766 755)
4(644 765 766 645)
4(754 755 766 765)
4(635 646 767 756)
4(645 766 767 646)
4(755 756 767 766)
4(636 647 768 757)
4(646 767 768 647)
4(756 757 768 767)
4(647 768 769 648)
4(757 758 769 768)
4(639 650 771 760)
4(649 770 771 650)
4(759 760 771 770)
4(640 651 772 761)
4(650 771 772 651)
4(760 761 772 771)
4(641 652 773 762)
4(651 772 773 652)
4(761 762 773 772)
4(642 653 774 763)
4(652 773 774 653)
4(762 763 774 773)
4(643 654 775 764)
4(653 774 775 654)
4(763 764 775 774)
4(644 655 776 765)
4(654 775 776 655)
4(764 765 776 775)
4(645 656 777 766)
4(655 776 777 656)
4(765 766 777 776)
4(646 657 778 767)
4(656 777 778 657)
4(766 767 778 777)
4(647 658 779 768)
4(657 778 779 658)
4(767 768 779 778)
4(658 779 780 659)
4(768 769 780 779)
4(650 661 782 771)
4(660 781 782 661)
4(770 771 782 781)
4(651 662 783 772)
4(661 782 783 662)
4(771 772 783 782)
4(652 663 784 773)
4(662 783 784 663)
4(772 773 784 783)
4(653 664 785 774)
4(663 784 785 664)
4(773 774 785 784)
4(654 665 786 775)
4(664 785 786 665)
4(774 775 786 785)
4(655 666 787 776)
4(665 786 787 666)
4(775 776 787 786)
4(656 667 788 777)
4(666 787 788 667)
4(776 777 788 787)
4(657 668 789 778)
4(667 788 789 668)
4(777 778 789 788)
4(658 669 790 779)
4(668 789 790 669)
4(778 779 790 789)
4(669 790 791 670)
4(779 780 791 790)
4(661 672 793 782)
4(671 792 793 672)
4(781 782 793 792)
4(662 673 794 783)
4(672 793 794 673)
4(782 783 794 793)
4(663 674 795 784)
4(673 794 795 674)
4(783 784 795 794)
4(664 675 796 785)
4(674 795 796 675)
4(784 785 796 795)
4(665 676 797 786)
4(675 796 797 676)
4(785 786 797 796)
4(666 677 798 787)
4(676 797 798 677)
4(786 787 798 797)
4(667 678 799 788)
4(677 798 799 678)
4(787 788 799 798)
4(668 679 800 789)
4(678 799 800 679)
4(788 789 800 799)
4(669 680 801 790)
4(679 800 801 680)
4(789 790 801 800)
4(680 801 802 681)
4(790 791 802 801)
4(672 683 804 793)
4(682 803 804 683)
4(792 793 804 803)
4(673 684 805 794)
4(683 804 805 684)
4(793 794 805 804)
4(674 685 806 795)
4(684 805 806 685)
4(794 795 806 805)
4(675 686 807 796)
4(685 806 807 686)
4(795 796 807 806)
4(676 687 808 797)
4(686 807 808 687)
4(796 797 808 807)
4(677 688 809 798)
4(687 808 809 688)
4(797 798 809 808)
4(678 689 810 799)
4(688 809 810 689)
4(798 799 810 809)
4(679 690 811 800)
4(689 810 811 690)
4(799 800 811 810)
4(680 691 812 801)
4(690 811 812 691)
4(800 801 812 811)
4(691 812 813 692)
4(801 802 813 812)
4(683 694 815 804)
4(693 814 815 694)
4(803 804 815 814)
4(684 695 816 805)
4(694 815 816 695)
4(804 805 816 815)
4(685 696 817 806)
4(695 816 817 696)
4(805 806 817 816)
4(686 697 818 807)
4(696 817 818 697)
4(806 807 818 817)
4(687 698 819 808)
4(697 818 819 698)
4(807 808 819 818)
4(688 699 820 809)
4(698 819 820 699)
4(808 809 820 819)
4(689 700 821 810)
4(699 820 821 700)
4(809 810 821 820)
4(690 701 822 811)
4(700 821 822 701)
4(810 811 822 821)
4(691 702 823 812)
4(701 822 823 702)
4(811 812 823 822)
4(702 823 824 703)
4(812 813 824 823)
4(694 705 826 815)
4(704 825 826 705)
4(814 815 826 825)
4(695 706 827 816)
4(705 826 827 706)
4(815 816 827 826)
4(696 707 828 817)
4(706 827 828 707)
4(816 817 828 827)
4(697 708 829 818)
4(707 828 829 708)
4(817 818 829 828)
4(698 709 830 819)
4(708 829 830 709)
4(818 819 830 829)
4(699 710 831 820)
4(709 830 831 710)
4(819 820 831 830)
4(700 711 832 821)
4(710 831 832 711)
4(820 821 832 831)
4(701 712 833 822)
4(711 832 833 712)
4(821 822 833 832)
4(702 713 834 823)
4(712 833 834 713)
4(822 823 834 833)
4(713 834 835 714)
4(823 824 835 834)
4(705 716 837 826)
4(825 826 837 836)
4(706 717 838 827)
4(826 827 838 837)
4(707 718 839 828)
4(827 828 839 838)
4(708 719 840 829)
4(828 829 840 839)
4(709 720 841 830)
4(829 830 841 840)
4(710 721 842 831)
4(830 831 842 841)
4(711 722 843 832)
4(831 832 843 842)
4(712 723 844 833)
4(832 833 844 843)
4(713 724 845 834)
4(833 834 845 844)
4(834 835 846 845)
4(727 738 859 848)
4(737 858 859 738)
4(847 848 859 858)
4(728 739 860 849)
4(738 859 860 739)
4(848 849 860 859)
4(729 740 861 850)
4(739 860 861 740)
4(849 850 861 860)
4(730 741 862 851)
4(740 861 862 741)
4(850 851 862 861)
4(731 742 863 852)
4(741 862 863 742)
4(851 852 863 862)
4(732 743 864 853)
4(742 863 864 743)
4(852 853 864 863)
4(733 744 865 854)
4(743 864 865 744)
4(853 854 865 864)
4(734 745 866 855)
4(744 865 866 745)
4(854 855 866 865)
4(735 746 867 856)
4(745 866 867 746)
4(855 856 867 866)
4(746 867 868 747)
4(856 857 868 867)
4(738 749 870 859)
4(748 869 870 749)
4(858 859 870 869)
4(739 750 871 860)
4(749 870 871 750)
4(859 860 871 870)
4(740 751 872 861)
4(750 871 872 751)
4(860 861 872 871)
4(741 752 873 862)
4(751 872 873 752)
4(861 862 873 872)
4(742 753 874 863)
4(752 873 874 753)
4(862 863 874 873)
4(743 754 875 864)
4(753 874 875 754)
4(863 864 875 874)
4(744 755 876 865)
4(754 875 876 755)
4(864 865 876 875)
4(745 756 877 866)
4(755 876 877 756)
4(865 866 877 876)
4(746 757 878 867)
4(756 877 878 757)
4(866 867 878 877)
4(757 878 879 758)
4(867 868 879 878)
4(749 760 881 870)
4(759 880 881 760)
4(869 870 881 880)
4(750 761 882 871)
4(760 881 882 761)
4(870 871 882 881)
4(751 762 883 872)
4(761 882 883 762)
4(871 872 883 882)
4(752 763 884 873)
4(762 883 884 763)
4(872 873 884 883)
4(753 764 885 874)
4(763 884 885 764)
4(873 874 885 884)
4(754 765 886 875)
4(764 885 886 765)
4(874 875 886 885)
4(755 766 887 876)
4(765 886 887 766)
4(875 876 887 886)
4(756 767 888 877)
4(766 887 888 767)
4(876 877 888 887)
4(757 768 889 878)
4(767 888 889 768)
4(877 878 889 888)
4(768 889 890 769)
4(878 879 890 889)
4(760 771 892 881)
4(770 891 892 771)
4(880 881 892 891)
4(761 772 893 882)
4(771 892 893 772)
4(881 882 893 892)
4(762 773 894 883)
4(772 893 894 773)
4(882 883 894 893)
4(763 774 895 884)
4(773 894 895 774)
4(883 884 895 894)
4(764 775 896 885)
4(774 895 896 775)
4(884 885 896 895)
4(765 776 897 886)
4(775 896 897 776)
4(885 886 897 896)
4(766 777 898 887)
4(776 897 898 777)
4(886 887 898 897)
4(767 778 899 888)
4(777 898 899 778)
4(887 888 899 898)
4(768 779 900 889)
4(778 899 900 779)
4(888 889 900 899)
4(779 900 901 780)
4(889 890 901 900)
4(771 782 903 892)
4(781 902 903 782)
4(891 892 903 902)
4(772 783 904 893)
4(782 903 904 783)
4(892 893 904 903)
4(773 784 905 894)
4(783 904 905 784)
4(893 894 905 904)
4(774 785 906 895)
4(784 905 906 785)
4(894 895 906 905)
4(775 786 907 896)
4(785 906 907 786)
4(895 896 907 906)
4(776 787 908 897)
4(786 907 908 787)
4(896 897 908 907)
4(777 788 909 898)
4(787 908 909 788)
4(897 898 909 908)
4(778 789 910 899)
4(788 909 910 789)
4(898 899 910 909)
4(779 790 911 900)
4(789 910 911 790)
4(899 900 911 910)
4(790 911 912 791)
4(900 901 912 911)
4(782 793 914 903)
4(792 913 914 793)
4(902 903 914 913)
4(783 794 915 904)
4(793 914 915 794)
4(903 904 915 914)
4(784 795 916 905)
4(794 915 916 795)
4(904 905 916 915)
4(785 796 917 906)
4(795 916 917 796)
4(905 906 917 916)
4(786 797 918 907)
4(796 917 918 797)
4(906 907 918 917)
4(787 798 919 908)
4(797 918 919 798)
4(907 908 919 918)
4(788 799 920 909)
4(798 919 920 799)
4(908 909 920 919)
4(789 800 921 910)
4(799 920 921 800)
4(909 910 921 920)
4(790 801 922 911)
4(800 921 922 801)
4(910 911 922 921)
4(801 922 923 802)
4(911 912 923 922)
4(793 804 925 914)
4(803 924 925 804)
4(913 914 925 924)
4(794 805 926 915)
4(804 925 926 805)
4(914 915 926 925)
4(795 806 927 916)
4(805 926 927 806)
4(915 916 927 926)
4(796 807 928 917)
4(806 927 928 807)
4(916 917 928 927)
4(797 808 929 918)
4(807 928 929 808)
4(917 918 929 928)
4(798 809 930 919)
4(808 929 930 809)
4(918 919 930 929)
4(799 810 931 920)
4(809 930 931 810)
4(919 920 931 930)
4(800 811 932 921)
4(810 931 932 811)
4(920 921 932 931)
4(801 812 933 922)
4(811 932 933 812)
4(921 922 933 932)
4(812 933 934 813)
4(922 923 934 933)
4(804 815 936 925)
4(814 935 936 815)
4(924 925 936 935)
4(805 816 937 926)
4(815 936 937 816)
4(925 926 937 936)
4(806 817 938 927)
4(816 937 938 817)
4(926 927 938 937)
4(807 818 939 928)
4(817 938 939 818)
4(927 928 939 938)
4(808 819 940 929)
4(818 939 940 819)
4(928 929 940 939)
4(809 820 941 930)
4(819 940 941 820)
4(929 930 941 940)
4(810 821 942 931)
4(820 941 942 821)
4(930 931 942 941)
4(811 822 943 932)
4(821 942 943 822)
4(931 932 943 942)
4(812 823 944 933)
4(822 943 944 823)
4(932 933 944 943)
4(823 944 945 824)
4(933 934 945 944)
4(815 826 947 936)
4(825 946 947 826)
4(935 936 947 946)
4(816 827 948 937)
4(826 947 948 827)
4(936 937 948 947)
4(817 828 949 938)
4(827 948 949 828)
4(937 938 949 948)
4(818 829 950 939)
4(828 949 950 829)
4(938 939 950 949)
4(819 830 951 940)
4(829 950 951 830)
4(939 940 951 950)
4(820 831 952 941)
4(830 951 952 831)
4(940 941 952 951)
4(821 832 953 942)
4(831 952 953 832)
4(941 942 953 952)
4(822 833 954 943)
4(832 953 954 833)
4(942 943 954 953)
4(823 834 955 944)
4(833 954 955 834)
4(943 944 955 954)
4(834 955 956 835)
4(944 945 956 955)
4(826 837 958 947)
4(946 947 958 957)
4(827 838 959 948)
4(947 948 959 958)
4(828 839 960 949)
4(948 949 960 959)
4(829 840 961 950)
4(949 950 961 960)
4(830 841 962 951)
4(950 951 962 961)
4(831 842 963 952)
4(951 952 963 962)
4(832 843 964 953)
4(952 953 964 963)
4(833 844 965 954)
4(953 954 965 964)
4(834 845 966 955)
4(954 955 966 965)
4(955 956 967 966)
4(848 859 980 969)
4(858 979 980 859)
4(968 969 980 979)
4(849 860 981 970)
4(859 980 981 860)
4(969 970 981 980)
4(850 861 982 971)
4(860 981 982 861)
4(970 971 982 981)
4(851 862 983 972)
4(861 982 983 862)
4(971 972 983 982)
4(852 863 984 973)
4(862 983 984 863)
4(972 973 984 983)
4(853 864 985 974)
4(863 984 985 864)
4(973 974 985 984)
4(854 865 986 975)
4(864 985 986 865)
4(974 975 986 985)
4(855 866 987 976)
4(865 986 987 866)
4(975 976 987 986)
4(856 867 988 977)
4(866 987 988 867)
4(976 977 988 987)
4(867 988 989 868)
4(977 978 989 988)
4(859 870 991 980)
4(869 990 991 870)
4(979 980 991 990)
4(860 871 992 981)
4(870 991 992 871)
4(980 981 992 991)
4(861 872 993 982)
4(871 992 993 872)
4(981 982 993 992)
4(862 873 994 983)
4(872 993 994 873)
4(982 983 994 993)
4(863 874 995 984)
4(873 994 995 874)
4(983 984 995 994)
4(864 875 996 985)
4(874 995 996 875)
4(984 985 996 995)
4(865 876 997 986)
4(875 996 997 876)
4(985 986 997 996)
4(866 877 998 987)
4(876 997 998 877)
4(986 987 998 997)
4(867 878 999 988)
4(877 998 999 878)
4(987 988 999 998)
4(878 999 1000 879)
4(988 989 1000 999)
4(870 881 1002 991)
4(880 1001 1002 881)
4(990 991 1002 1001)
4(871 882 1003 992)
4(881 1002 1003 882)
4(991 992 1003 1002)
4(872 883 1004 993)
4(882 1003 1004 883)
4(992 993 1004 1003)
4(873 884 1005 994)
4(883 1004 1005 884)
4(993 994 1005 1004)
4(874 885 1006 995)
4(884 1005 1006 885)
4(994 995 1006 1005)
4(875 886 1007 996)
4(885 1006 1007 886)
4(995 996 1007 1006)
4(876 887 1008 997)
4(886 1007 1008 887)
4(996 997 1008 1007)
4(877 888 1009 998)
4(887 1008 1009 888)
4(997 998 1009 1008)
4(878 889 1010 999)
4(888 1009 1010 889)
4(998 999 1010 1009)
4(889 1010 1011 890)
4(999 1000 1011 1010)
4(881 892 1013 1002)
4(891 1012 1013 892)
4(1001 1002 1013 1012)
4(882 893 1014 1003)
4(892 1013 1014 893)
4(1002 1003 1014 1013)
4(883 894 1015 1004)
4(893 1014 1015 894)
4(1003 1004 1015 1014)
4(884 895 1016 1005)
4(894 1015 1016 895)
4(1004 1005 1016 1015)
4(885 896 1017 1006)
4(895 1016 1017 896)
4(1005 1006 1017 1016)
4(886 897 1018 1007)
4(896 1017 1018 897)
4(1006 1007 1018 1017)
4(887 898 1019 1008)
4(897 1018 1019 898)
4(1007 1008 1019 1018)
4(888 899 1020 1009)
4(898 1019 1020 899)
4(1008 1009 1020 1019)
4(889 900 1021 1010)
4(899 1020 1021 900)
4(1009 1010 1021 1020)
4(900 1021 1022 901)
4(1010 1011 1022 1021)
4(892 903 1024 1013)
4(902 1023 1024 903)
4(1012 1013 1024 1023)
4(893 904 1025 1014)
4(903 1024 1025 904)
4(1013 1014 1025 1024)
4(894 905 1026 1015)
4(904 1025 1026 905)
4(1014 1015 1026 1025)
4(895 906 1027 1016)
4(905 1026 1027 906)
4(1015 1016 1027 1026)
4(896 907 1028 1017)
4(906 1027 1028 907)
4(1016 1017 1028 1027)
4(897 908 1029 1018)
4(907 1028 1029 908)
4(1017 1018 1029 1028)
4(898 909 1030 1019)
4(908 1029 1030 909)
4(1018 1019 1030 1029)
4(899 910 1031 1020)
4(909 1030 1031 910)
4(1019 1020 1031 1030)
4(900 911 1032 1021)
4(910 1031 1032 911)
4(1020 1021 1032 1031)
4(911 1032 1033 912)
4(1021 1022 1033 1032)
4(903 914 1035 1024)
4(913 1034 1035 914)
4(1023 1024 1035 1034)
4(904 915 1036 1025)
4(914 1035 1036 915)
4(1024 1025 1036 1035)
4(905 916 1037 1026)
4(915 1036 1037 916)
4(1025 1026 1037 1036)
4(906 917 1038 1027)
4(916 1037 1038 917)
4(1026 1027 1038 1037)
4(907 918 1039 1028)
4(917 1038 1039 918)
4(1027 1028 1039 1038)
4(908 919 1040 1029)
4(918 1039 1040 919)
4(1028 1029 1040 1039)
4(909 920 1041 1030)
4(919 1040 1041 920)
4(1029 1030 1041 1040)
4(910 921 1042 1031)
4(920 1041 1042 921)
4(1030 1031 1042 1041)
4(911 922 1043 1032)
4(921 1042 1043 922)
4(1031 1032 1043 1042)
4(922 1043 1044 923)
4(1032 1033 1044 1043)
4(914 925 1046 1035)
4(924 1045 1046 925)
4(1034 1035 1046 1045)
4(915 926 1047 1036)
4(925 1046 1047 926)
4(1035 1036 1047 1046)
4(916 927 1048 1037)
4(926 1047 1048 927)
4(1036 1037 1048 1047)
4(917 928 1049 1038)
4(927 1048 1049 928)
4(1037 1038 1049 1048)
4(918 929 1050 1039)
4(928 1049 1050 929)
4(1038 1039 1050 1049)
4(919 930 1051 1040)
4(929 1050 1051 930)
4(1039 1040 1051 1050)
4(920 931 1052 1041)
4(930 1051 1052 931)
4(1040 1041 1052 1051)
4(921 932 1053 1042)
4(931 1052 1053 932)
4(1041 1042 1053 1052)
4(922 933 1054 1043)
4(932 1053 1054 933)
4(1042 1043 1054 1053)
4(933 1054 1055 934)
4(1043 1044 1055 1054)
4(925 936 1057 1046)
4(935 1056 1057 936)
4(1045 1046 1057 1056)
4(926 937 1058 1047)
4(936 1057 1058 937)
4(1046 1047 1058 1057)
4(927 938 1059 1048)
4(937 1058 1059 938)
4(1047 1048 1059 1058)
4(928 939 1060 1049)
4(938 1059 1060 939)
4(1048 1049 1060 1059)
4(929 940 1061 1050)
4(939 1060 1061 940)
4(1049 1050 1061 1060)
4(930 941 1062 1051)
4(940 1061 1062 941)
4(1050 1051 1062 1061)
4(931 942 1063 1052)
4(941 1062 1063 942)
4(1051 1052 1063 1062)
4(932 943 1064 1053)
4(942 1063 1064 943)
4(1052 1053 1064 1063)
4(933 944 1065 1054)
4(943 1064 1065 944)
4(1053 1054 1065 1064)
4(944 1065 1066 945)
4(1054 1055 1066 1065)
4(936 947 1068 1057)
4(946 1067 1068 947)
4(1056 1057 1068 1067)
4(937 948 1069 1058)
4(947 1068 1069 948)
4(1057 1058 1069 1068)
4(938 949 1070 1059)
4(948 1069 1070 949)
4(1058 1059 1070 1069)
4(939 950 1071 1060)
4(949 1070 1071 950)
4(1059 1060 1071 1070)
4(940 951 1072 1061)
4(950 1071 1072 951)
4(1060 1061 1072 1071)
4(941 952 1073 1062)
4(951 1072 1073 952)
4(1061 1062 1073 1072)
4(942 953 1074 1063)
4(952 1073 1074 953)
4(1062 1063 1074 1073)
4(943 954 1075 1064)
4(953 1074 1075 954)
4(1063 1064 1075 1074)
4(944 955 1076 1065)
4(954 1075 1076 955)
4(1064 1065 1076 1075)
4(955 1076 1077 956)
4(1065 1066 1077 1076)
4(947 958 1079 1068)
4(1067 1068 1079 1078)
4(948 959 1080 1069)
4(1068 1069 1080 1079)
4(949 960 1081 1070)
4(1069 1070 1081 1080)
4(950 961 1082 1071)
4(1070 1071 1082 1081)
4(951 962 1083 1072)
4(1071 1072 1083 1082)
4(952 963 1084 1073)
4(1072 1073 1084 1083)
4(953 964 1085 1074)
4(1073 1074 1085 1084)
4(954 965 1086 1075)
4(1074 1075 1086 1085)
4(955 966 1087 1076)
4(1075 1076 1087 1086)
4(1076 1077 1088 1087)
4(969 980 1101 1090)
4(979 1100 1101 980)
4(1089 1090 1101 1100)
4(970 981 1102 1091)
4(980 1101 1102 981)
4(1090 1091 1102 1101)
4(971 982 1103 1092)
4(981 1102 1103 982)
4(1091 1092 1103 1102)
4(972 983 1104 1093)
4(982 1103 1104 983)
4(1092 1093 1104 1103)
4(973 984 1105 1094)
4(983 1104 1105 984)
4(1093 1094 1105 1104)
4(974 985 1106 1095)
4(984 1105 1106 985)
4(1094 1095 1106 1105)
4(975 986 1107 1096)
4(985 1106 1107 986)
4(1095 1096 1107 1106)
4(976 987 1108 1097)
4(986 1107 1108 987)
4(1096 1097 1108 1107)
4(977 988 1109 1098)
4(987 1108 1109 988)
4(1097 1098 1109 1108)
4(988 1109 1110 989)
4(1098 1099 1110 1109)
4(980 991 1112 1101)
4(990 1111 1112 991)
4(1100 1101 1112 1111)
4(981 992 1113 1102)
4(991 1112 1113 992)
4(1101 1102 1113 1112)
4(982 993 1114 1103)
4(992 1113 1114 993)
4(1102 1103 1114 1113)
4(983 994 1115 1104)
4(993 1114 1115 994)
4(1103 1104 1115 1114)
4(984 995 1116 1105)
4(994 1115 1116 995)
4(1104 1105 1116 1115)
4(985 996 1117 1106)
4(995 1116 1117 996)
4(1105 1106 1117 1116)
4(986 997 1118 1107)
4(996 1117 1118 997)
4(1106 1107 1118 1117)
4(987 998 1119 1108)
4(997 1118 1119 998)
4(1107 1108 1119 1118)
4(988 999 1120 1109)
4(998 1119 1120 999)
4(1108 1109 1120 1119)
4(999 1120 1121 1000)
4(1109 1110 1121 1120)
4(991 1002 1123 1112)
4(1001 1122 1123 1002)
4(1111 1112 1123 1122)
4(992 1003 1124 1113)
4(1002 1123 1124 1003)
4(1112 1113 1124 1123)
4(993 1004 1125 1114)
4(1003 1124 1125 1004)
4(1113 1114 1125 1124)
4(994 1005 1126 1115)
4(1004 1125 1126 1005)
4(1114 1115 1126 1125)
4(995 1006 1127 1116)
4(1005 1126 1127 1006)
4(1115 1116 1127 1126)
4(996 1007 1128 1117)
4(1006 1127 1128 1007)
4(1116 1117 1128 1127)
4(997 1008 1129 1118)
4(1007 1128 1129 1008)
4(1117 1118 1129 1128)
4(998 1009 1130 1119)
4(1008 1129 1130 1009)
4(1118 1119 1130 1129)
4(999 1010 1131 1120)
4(1009 1130 1131 1010)
4(1119 1120 1131 1130)
4(1010 1131 1132 1011)
4(1120 1121 1132 1131)
4(1002 1013 1134 1123)
4(1012 1133 1134 1013)
4(1122 1123 1134 1133)
4(1003 1014 1135 1124)
4(1013 1134 1135 1014)
4(1123 1124 1135 1134)
4(1004 1015 1136 1125)
4(1014 1135 1136 1015)
4(1124 1125 1136 1135)
4(1005 1016 1137 1126)
4(1015 1136 1137 1016)
4(1125 1126 1137 1136)
4(1006 1017 1138 1127)
4(1016 1137 1138 1017)
4(1126 1127 1138 1137)
4(1007 1018 1139 1128)
4(1017 1138 1139 1018)
4(1127 1128 1139 1138)
4(1008 1019 1140 1129)
4(1018 1139 1140 1019)
4(1128 1129 1140 1139)
4(1009 1020 1141 1130)
4(1019 1140 1141 1020)
4(1129 1130 1141 1140)
4(1010 1021 1142 1131)
4(1020 1141 1142 1021)
4(1130 1131 1142 1141)
4(1021 1142 1143 1022)
4(1131 1132 1143 1142)
4(1013 1024 1145 1134)
4(1023 1144 1145 1024)
4(1133 1134 1145 1144)
4(1014 1025 1146 1135)
4(1024 1145 1146 1025)
4(1134 1135 1146 1145)
4(1015 1026 1147 1136)
4(1025 1146 1147 1026)
4(1135 1136 1147 1146)
4(1016 1027 1148 1137)
4(1026 1147 1148 1027)
4(1136 1137 1148 1147)
4(1017 1028 1149 1138)
4(1027 1148 1149 1028)
4(1137 1138 1149 1148)
4(1018 1029 1150 1139)
4(1028 1149 1150 1029)
4(1138 1139 1150 1149)
4(1019 1030 1151 1140)
4(1029 1150 1151 1030)
4(1139 1140 1151 1150)
4(1020 1031 1152 1141)
4(1030 1151 1152 1031)
4(1140 1141 1152 1151)
4(1021 1032 1153 1142)
4(1031 1152 1153 1032)
4(1141 1142 1153 1152)
4(1032 1153 1154 1033)
4(1142 1143 1154 1153)
4(1024 1035 1156 1145)
4(1034 1155 1156 1035)
4(1144 1145 1156 1155)
4(1025 1036 1157 1146)
4(1035 1156 1157 1036)
4(1145 1146 1157 1156)
4(1026 1037 1158 1147)
4(1036 1157 1158 1037)
4(1146 1147 1158 1157)
4(1027 1038 1159 1148)
4(1037 1158 1159 1038)
4(1147 1148 1159 1158)
4(1028 1039 1160 1149)
4(1038 1159 1160 1039)
4(1148 1149 1160 1159)
4(1029 1040 1161 1150)
4(1039 1160 1161 1040)
4(1149 1150 1161 1160)
4(1030 1041 1162 1151)
4(1040 1161 1162 1041)
4(1150 1151 1162 1161)
4(1031 1042 1163 1152)
4(1041 1162 1163 1042)
4(1151 1152 1163 1162)
4(1032 1043 1164 1153)
4(1042 1163 1164 1043)
4(1152 1153 1164 1163)
4(1043 1164 1165 1044)
4(1153 1154 1165 1164)
4(1035 1046 1167 1156)
4(1045 1166 1167 1046)
4(1155 1156 1167 1166)
4(1036 1047 1168 1157)
4(1046 1167 1168 1047)
4(1156 1157 1168 1167)
4(1037 1048 1169 1158)
4(1047 1168 1169 1048)
4(1157 1158 1169 1168)
4(1038 1049 1170 1159)
4(1048 1169 1170 1049)
4(1158 1159 1170 1169)
4(1039 1050 1171 1160)
4(1049 1170 1171 1050)
4(1159 1160 1171 1170)
4(1040 1051 1172 1161)
4(1050 1171 1172 1051)
4(1160 1161 1172 1171)
4(1041 1052 1173 1162)
4(1051 1172 1173 1052)
4(1161 1162 1173 1172)
4(1042 1053 1174 1163)
4(1052 1173 1174 1053)
4(1162 1163 1174 1173)
4(1043 1054 1175 1164)
4(1053 1174 1175 1054)
4(1163 1164 1175 1174)
4(1054 1175 1176 1055)
4(1164 1165 1176 1175)
4(1046 1057 1178 1167)
4(1056 1177 1178 1057)
4(1166 1167 1178 1177)
4(1047 1058 1179 1168)
4(1057 1178 1179 1058)
4(1167 1168 1179 1178)
4(1048 1059 1180 1169)
4(1058 1179 1180 1059)
4(1168 1169 1180 1179)
4(1049 1060 1181 1170)
4(1059 1180 1181 1060)
4(1169 1170 1181 1180)
4(1050 1061 1182 1171)
4(1060 1181 1182 1061)
4(1170 1171 1182 1181)
4(1051 1062 1183 1172)
4(1061 1182 1183 1062)
4(1171 1172 1183 1182)
4(1052 1063 1184 1173)
4(1062 1183 1184 1063)
4(1172 1173 1184 1183)
4(1053 1064 1185 1174)
4(1063 1184 1185 1064)
4(1173 1174 1185 1184)
4(1054 1065 1186 1175)
4(1064 1185 1186 1065)
4(1174 1175 1186 1185)
4(1065 1186 1187 1066)
4(1175 1176 1187 1186)
4(1057 1068 1189 1178)
4(1067 1188 1189 1068)
4(1177 1178 1189 1188)
4(1058 1069 1190 1179)
4(1068 1189 1190 1069)
4(1178 1179 1190 1189)
4(1059 1070 1191 1180)
4(1069 1190 1191 1070)
4(1179 1180 1191 1190)
4(1060 1071 1192 1181)
4(1070 1191 1192 1071)
4(1180 1181 1192 1191)
4(1061 1072 1193 1182)
4(1071 1192 1193 1072)
4(1181 1182 1193 1192)
4(1062 1073 1194 1183)
4(1072 1193 1194 1073)
4(1182 1183 1194 1193)
4(1063 1074 1195 1184)
4(1073 1194 1195 1074)
4(1183 1184 1195 1194)
4(1064 1075 1196 1185)
4(1074 1195 1196 1075)
4(1184 1185 1196 1195)
4(1065 1076 1197 1186)
4(1075 1196 1197 1076)
4(1185 1186 1197 1196)
4(1076 1197 1198 1077)
4(1186 1187 1198 1197)
4(1068 1079 1200 1189)
4(1188 1189 1200 1199)
4(1069 1080 1201 1190)
4(1189 1190 1201 1200)
4(1070 1081 1202 1191)
4(1190 1191 1202 1201)
4(1071 1082 1203 1192)
4(1191 1192 1203 1202)
4(1072 1083 1204 1193)
4(1192 1193 1204 1203)
4(1073 1084 1205 1194)
4(1193 1194 1205 1204)
4(1074 1085 1206 1195)
4(1194 1195 1206 1205)
4(1075 1086 1207 1196)
4(1195 1196 1207 1206)
4(1076 1087 1208 1197)
4(1196 1197 1208 1207)
4(1197 1198 1209 1208)
4(1090 1101 1222 1211)
4(1100 1221 1222 1101)
4(1091 1102 1223 1212)
4(1101 1222 1223 1102)
4(1092 1103 1224 1213)
4(1102 1223 1224 1103)
4(1093 1104 1225 1214)
4(1103 1224 1225 1104)
4(1094 1105 1226 1215)
4(1104 1225 1226 1105)
4(1095 1106 1227 1216)
4(1105 1226 1227 1106)
4(1096 1107 1228 1217)
4(1106 1227 1228 1107)
4(1097 1108 1229 1218)
4(1107 1228 1229 1108)
4(1098 1109 1230 1219)
4(1108 1229 1230 1109)
4(1109 1230 1231 1110)
4(1101 1112 1233 1222)
4(1111 1232 1233 1112)
4(1102 1113 1234 1223)
4(1112 1233 1234 1113)
4(1103 1114 1235 1224)
4(1113 1234 1235 1114)
4(1104 1115 1236 1225)
4(1114 1235 1236 1115)
4(1105 1116 1237 1226)
4(1115 1236 1237 1116)
4(1106 1117 1238 1227)
4(1116 1237 1238 1117)
4(1107 1118 1239 1228)
4(1117 1238 1239 1118)
4(1108 1119 1240 1229)
4(1118 1239 1240 1119)
4(1109 1120 1241 1230)
4(1119 1240 1241 1120)
4(1120 1241 1242 1121)
4(1112 1123 1244 1233)
4(1122 1243 1244 1123)
4(1113 1124 1245 1234)
4(1123 1244 1245 1124)
4(1114 1125 1246 1235)
4(1124 1245 1246 1125)
4(1115 1126 1247 1236)
4(1125 1246 1247 1126)
4(1116 1127 1248 1237)
4(1126 1247 1248 1127)
4(1117 1128 1249 1238)
4(1127 1248 1249 1128)
4(1118 1129 1250 1239)
4(1128 1249 1250 1129)
4(1119 1130 1251 1240)
4(1129 1250 1251 1130)
4(1120 1131 1252 1241)
4(1130 1251 1252 1131)
4(1131 1252 1253 1132)
4(1123 1134 1255 1244)
4(1133 1254 1255 1134)
4(1124 1135 1256 1245)
4(1134 1255 1256 1135)
4(1125 1136 1257 1246)
4(1135 1256 1257 1136)
4(1126 1137 1258 1247)
4(1136 1257 1258 1137)
4(1127 1138 1259 1248)
4(1137 1258 1259 1138)
4(1128 1139 1260 1249)
4(1138 1259 1260 1139)
4(1129 1140 1261 1250)
4(1139 1260 1261 1140)
4(1130 1141 1262 1251)
4(1140 1261 1262 1141)
4(1131 1142 1263 1252)
4(1141 1262 1263 1142)
4(1142 1263 1264 1143)
4(1134 1145 1266 1255)
4(1144 1265 1266 1145)
4(1135 1146 1267 1256)
4(1145 1266 1267 1146)
4(1136 1147 1268 1257)
4(1146 1267 1268 1147)
4(1137 1148 1269 1258)
4(1147 1268 1269 1148)
4(1138 1149 1270 1259)
4(1148 1269 1270 1149)
4(1139 1150 1271 1260)
4(1149 1270 1271 1150)
4(1140 1151 1272 1261)
4(1150 1271 1272 1151)
4(1141 1152 1273 1262)
4(1151 1272 1273 1152)
4(1142 1153 1274 1263)
4(1152 1273 1274 1153)
4(1153 1274 1275 1154)
4(1145 1156 1277 1266)
4(1155 1276 1277 1156)
4(1146 1157 1278 1267)
4(1156 1277 1278 1157)
4(1147 1158 1279 1268)
4(1157 1278 1279 1158)
4(1148 1159 1280 1269)
4(1158 1279 1280 1159)
4(1149 1160 1281 1270)
4(1159 1280 1281 1160)
4(1150 1161 1282 1271)
4(1160 1281 1282 1161)
4(1151 1162 1283 1272)
4(1161 1282 1283 1162)
4(1152 1163 1284 1273)
4(1162 1283 1284 1163)
4(1153 1164 1285 1274)
4(1163 1284 1285 1164)
4(1164 1285 1286 1165)
4(1156 1167 1288 1277)
4(1166 1287 1288 1167)
4(1157 1168 1289 1278)
4(1167 1288 1289 1168)
4(1158 1169 1290 1279)
4(1168 1289 1290 1169)
4(1159 1170 1291 1280)
4(1169 1290 1291 1170)
4(1160 1171 1292 1281)
4(1170 1291 1292 1171)
4(1161 1172 1293 1282)
4(1171 1292 1293 1172)
4(1162 1173 1294 1283)
4(1172 1293 1294 1173)
4(1163 1174 1295 1284)
4(1173 1294 1295 1174)
4(1164 1175 1296 1285)
4(1174 1295 1296 1175)
4(1175 1296 1297 1176)
4(1167 1178 1299 1288)
4(1177 1298 1299 1178)
4(1168 1179 1300 1289)
4(1178 1299 1300 1179)
4(1169 1180 1301 1290)
4(1179 1300 1301 1180)
4(1170 1181 1302 1291)
4(1180 1301 1302 1181)
4(1171 1182 1303 1292)
4(1181 1302 1303 1182)
4(1172 1183 1304 1293)
4(1182 1303 1304 1183)
4(1173 1184 1305 1294)
4(1183 1304 1305 1184)
4(1174 1185 1306 1295)
4(1184 1305 1306 1185)
4(1175 1186 1307 1296)
4(1185 1306 1307 1186)
4(1186 1307 1308 1187)
4(1178 1189 1310 1299)
4(1188 1309 1310 1189)
4(1179 1190 1311 1300)
4(1189 1310 1311 1190)
4(1180 1191 1312 1301)
4(1190 1311 1312 1191)
4(1181 1192 1313 1302)
4(1191 1312 1313 1192)
4(1182 1193 1314 1303)
4(1192 1313 1314 1193)
4(1183 1194 1315 1304)
4(1193 1314 1315 1194)
4(1184 1195 1316 1305)
4(1194 1315 1316 1195)
4(1185 1196 1317 1306)
4(1195 1316 1317 1196)
4(1186 1197 1318 1307)
4(1196 1317 1318 1197)
4(1197 1318 1319 1198)
4(1189 1200 1321 1310)
4(1190 1201 1322 1311)
4(1191 1202 1323 1312)
4(1192 1203 1324 1313)
4(1193 1204 1325 1314)
4(1194 1205 1326 1315)
4(1195 1206 1327 1316)
4(1196 1207 1328 1317)
4(1197 1208 1329 1318)
4(1332 1343 1464 1453)
4(1342 1463 1464 1343)
4(1452 1453 1464 1463)
4(1331 1452 1463 1342)
4(1331 1332 1453 1452)
4(1333 1344 1465 1454)
4(1343 1464 1465 1344)
4(1453 1454 1465 1464)
4(1332 1333 1454 1453)
4(1334 1345 1466 1455)
4(1344 1465 1466 1345)
4(1454 1455 1466 1465)
4(1333 1334 1455 1454)
4(1335 1346 1467 1456)
4(1345 1466 1467 1346)
4(1455 1456 1467 1466)
4(1334 1335 1456 1455)
4(1336 1347 1468 1457)
4(1346 1467 1468 1347)
4(1456 1457 1468 1467)
4(1335 1336 1457 1456)
4(1337 1348 1469 1458)
4(1347 1468 1469 1348)
4(1457 1458 1469 1468)
4(1336 1337 1458 1457)
4(1338 1349 1470 1459)
4(1348 1469 1470 1349)
4(1458 1459 1470 1469)
4(1337 1338 1459 1458)
4(1339 1350 1471 1460)
4(1349 1470 1471 1350)
4(1459 1460 1471 1470)
4(1338 1339 1460 1459)
4(1340 1351 1472 1461)
4(1350 1471 1472 1351)
4(1460 1461 1472 1471)
4(1339 1340 1461 1460)
4(1351 1472 1473 1352)
4(1461 1462 1473 1472)
4(1340 1341 1462 1461)
4(1341 1352 1473 1462)
4(1343 1354 1475 1464)
4(1353 1474 1475 1354)
4(1463 1464 1475 1474)
4(1342 1463 1474 1353)
4(1344 1355 1476 1465)
4(1354 1475 1476 1355)
4(1464 1465 1476 1475)
4(1345 1356 1477 1466)
4(1355 1476 1477 1356)
4(1465 1466 1477 1476)
4(1346 1357 1478 1467)
4(1356 1477 1478 1357)
4(1466 1467 1478 1477)
4(1347 1358 1479 1468)
4(1357 1478 1479 1358)
4(1467 1468 1479 1478)
4(1348 1359 1480 1469)
4(1358 1479 1480 1359)
4(1468 1469 1480 1479)
4(1349 1360 1481 1470)
4(1359 1480 1481 1360)
4(1469 1470 1481 1480)
4(1350 1361 1482 1471)
4(1360 1481 1482 1361)
4(1470 1471 1482 1481)
4(1351 1362 1483 1472)
4(1361 1482 1483 1362)
4(1471 1472 1483 1482)
4(1362 1483 1484 1363)
4(1472 1473 1484 1483)
4(1352 1363 1484 1473)
4(1354 1365 1486 1475)
4(1364 1485 1486 1365)
4(1474 1475 1486 1485)
4(1353 1474 1485 1364)
4(1355 1366 1487 1476)
4(1365 1486 1487 1366)
4(1475 1476 1487 1486)
4(1356 1367 1488 1477)
4(1366 1487 1488 1367)
4(1476 1477 1488 1487)
4(1357 1368 1489 1478)
4(1367 1488 1489 1368)
4(1477 1478 1489 1488)
4(1358 1369 1490 1479)
4(1368 1489 1490 1369)
4(1478 1479 1490 1489)
4(1359 1370 1491 1480)
4(1369 1490 1491 1370)
4(1479 1480 1491 1490)
4(1360 1371 1492 1481)
4(1370 1491 1492 1371)
4(1480 1481 1492 1491)
4(1361 1372 1493 1482)
4(1371 1492 1493 1372)
4(1481 1482 1493 1492)
4(1362 1373 1494 1483)
4(1372 1493 1494 1373)
4(1482 1483 1494 1493)
4(1373 1494 1495 1374)
4(1483 1484 1495 1494)
4(1363 1374 1495 1484)
4(1365 1376 1497 1486)
4(1375 1496 1497 1376)
4(1485 1486 1497 1496)
4(1364 1485 1496 1375)
4(1366 1377 1498 1487)
4(1376 1497 1498 1377)
4(1486 1487 1498 1497)
4(1367 1378 1499 1488)
4(1377 1498 1499 1378)
4(1487 1488 1499 1498)
4(1368 1379 1500 1489)
4(1378 1499 1500 1379)
4(1488 1489 1500 1499)
4(1369 1380 1501 1490)
4(1379 1500 1501 1380)
4(1489 1490 1501 1500)
4(1370 1381 1502 1491)
4(1380 1501 1502 1381)
4(1490 1491 1502 1501)
4(1371 1382 1503 1492)
4(1381 1502 1503 1382)
4(1491 1492 1503 1502)
4(1372 1383 1504 1493)
4(1382 1503 1504 1383)
4(1492 1493 1504 1503)
4(1373 1384 1505 1494)
4(1383 1504 1505 1384)
4(1493 1494 1505 1504)
4(1384 1505 1506 1385)
4(1494 1495 1506 1505)
4(1374 1385 1506 1495)
4(1376 1387 1508 1497)
4(1386 1507 1508 1387)
4(1496 1497 1508 1507)
4(1375 1496 1507 1386)
4(1377 1388 1509 1498)
4(1387 1508 1509 1388)
4(1497 1498 1509 1508)
4(1378 1389 1510 1499)
4(1388 1509 1510 1389)
4(1498 1499 1510 1509)
4(1379 1390 1511 1500)
4(1389 1510 1511 1390)
4(1499 1500 1511 1510)
4(1380 1391 1512 1501)
4(1390 1511 1512 1391)
4(1500 1501 1512 1511)
4(1381 1392 1513 1502)
4(1391 1512 1513 1392)
4(1501 1502 1513 1512)
4(1382 1393 1514 1503)
4(1392 1513 1514 1393)
4(1502 1503 1514 1513)
4(1383 1394 1515 1504)
4(1393 1514 1515 1394)
4(1503 1504 1515 1514)
4(1384 1395 1516 1505)
4(1394 1515 1516 1395)
4(1504 1505 1516 1515)
4(1395 1516 1517 1396)
4(1505 1506 1517 1516)
4(1385 1396 1517 1506)
4(1387 1398 1519 1508)
4(1397 1518 1519 1398)
4(1507 1508 1519 1518)
4(1386 1507 1518 1397)
4(1388 1399 1520 1509)
4(1398 1519 1520 1399)
4(1508 1509 1520 1519)
4(1389 1400 1521 1510)
4(1399 1520 1521 1400)
4(1509 1510 1521 1520)
4(1390 1401 1522 1511)
4(1400 1521 1522 1401)
4(1510 1511 1522 1521)
4(1391 1402 1523 1512)
4(1401 1522 1523 1402)
4(1511 1512 1523 1522)
4(1392 1403 1524 1513)
4(1402 1523 1524 1403)
4(1512 1513 1524 1523)
4(1393 1404 1525 1514)
4(1403 1524 1525 1404)
4(1513 1514 1525 1524)
4(1394 1405 1526 1515)
4(1404 1525 1526 1405)
4(1514 1515 1526 1525)
4(1395 1406 1527 1516)
4(1405 1526 1527 1406)
4(1515 1516 1527 1526)
4(1406 1527 1528 1407)
4(1516 1517 1528 1527)
4(1396 1407 1528 1517)
4(1398 1409 1530 1519)
4(1408 1529 1530 1409)
4(1518 1519 1530 1529)
4(1397 1518 1529 1408)
4(1399 1410 1531 1520)
4(1409 1530 1531 1410)
4(1519 1520 1531 1530)
4(1400 1411 1532 1521)
4(1410 1531 1532 1411)
4(1520 1521 1532 1531)
4(1401 1412 1533 1522)
4(1411 1532 1533 1412)
4(1521 1522 1533 1532)
4(1402 1413 1534 1523)
4(1412 1533 1534 1413)
4(1522 1523 1534 1533)
4(1403 1414 1535 1524)
4(1413 1534 1535 1414)
4(1523 1524 1535 1534)
4(1404 1415 1536 1525)
4(1414 1535 1536 1415)
4(1524 1525 1536 1535)
4(1405 1416 1537 1526)
4(1415 1536 1537 1416)
4(1525 1526 1537 1536)
4(1406 1417 1538 1527)
4(1416 1537 1538 1417)
4(1526 1527 1538 1537)
4(1417 1538 1539 1418)
4(1527 1528 1539 1538)
4(1407 1418 1539 1528)
4(1409 1420 1541 1530)
4(1419 1540 1541 1420)
4(1529 1530 1541 1540)
4(1408 1529 1540 1419)
4(1410 1421 1542 1531)
4(1420 1541 1542 1421)
4(1530 1531 1542 1541)
4(1411 1422 1543 1532)
4(1421 1542 1543 1422)
4(1531 1532 1543 1542)
4(1412 1423 1544 1533)
4(1422 1543 1544 1423)
4(1532 1533 1544 1543)
4(1413 1424 1545 1534)
4(1423 1544 1545 1424)
4(1533 1534 1545 1544)
4(1414 1425 1546 1535)
4(1424 1545 1546 1425)
4(1534 1535 1546 1545)
4(1415 1426 1547 1536)
4(1425 1546 1547 1426)
4(1535 1536 1547 1546)
4(1416 1427 1548 1537)
4(1426 1547 1548 1427)
4(1536 1537 1548 1547)
4(1417 1428 1549 1538)
4(1427 1548 1549 1428)
4(1537 1538 1549 1548)
4(1428 1549 1550 1429)
4(1538 1539 1550 1549)
4(1418 1429 1550 1539)
4(1420 1431 1552 1541)
4(1430 1551 1552 1431)
4(1540 1541 1552 1551)
4(1419 1540 1551 1430)
4(1421 1432 1553 1542)
4(1431 1552 1553 1432)
4(1541 1542 1553 1552)
4(1422 1433 1554 1543)
4(1432 1553 1554 1433)
4(1542 1543 1554 1553)
4(1423 1434 1555 1544)
4(1433 1554 1555 1434)
4(1543 1544 1555 1554)
4(1424 1435 1556 1545)
4(1434 1555 1556 1435)
4(1544 1545 1556 1555)
4(1425 1436 1557 1546)
4(1435 1556 1557 1436)
4(1545 1546 1557 1556)
4(1426 1437 1558 1547)
4(1436 1557 1558 1437)
4(1546 1547 1558 1557)
4(1427 1438 1559 1548)
4(1437 1558 1559 1438)
4(1547 1548 1559 1558)
4(1428 1439 1560 1549)
4(1438 1559 1560 1439)
4(1548 1549 1560 1559)
4(1439 1560 1561 1440)
4(1549 1550 1561 1560)
4(1429 1440 1561 1550)
4(1431 1442 1563 1552)
4(1551 1552 1563 1562)
4(1430 1551 1562 1441)
4(1441 1562 1563 1442)
4(1432 1443 1564 1553)
4(1552 1553 1564 1563)
4(1442 1563 1564 1443)
4(1433 1444 1565 1554)
4(1553 1554 1565 1564)
4(1443 1564 1565 1444)
4(1434 1445 1566 1555)
4(1554 1555 1566 1565)
4(1444 1565 1566 1445)
4(1435 1446 1567 1556)
4(1555 1556 1567 1566)
4(1445 1566 1567 1446)
4(1436 1447 1568 1557)
4(1556 1557 1568 1567)
4(1446 1567 1568 1447)
4(1437 1448 1569 1558)
4(1557 1558 1569 1568)
4(1447 1568 1569 1448)
4(1438 1449 1570 1559)
4(1558 1559 1570 1569)
4(1448 1569 1570 1449)
4(1439 1450 1571 1560)
4(1559 1560 1571 1570)
4(1449 1570 1571 1450)
4(1560 1561 1572 1571)
4(1440 1451 1572 1561)
4(1450 1571 1572 1451)
4(1453 1464 1585 1574)
4(1463 1584 1585 1464)
4(1573 1574 1585 1584)
4(1452 1573 1584 1463)
4(1452 1453 1574 1573)
4(1454 1465 1586 1575)
4(1464 1585 1586 1465)
4(1574 1575 1586 1585)
4(1453 1454 1575 1574)
4(1455 1466 1587 1576)
4(1465 1586 1587 1466)
4(1575 1576 1587 1586)
4(1454 1455 1576 1575)
4(1456 1467 1588 1577)
4(1466 1587 1588 1467)
4(1576 1577 1588 1587)
4(1455 1456 1577 1576)
4(1457 1468 1589 1578)
4(1467 1588 1589 1468)
4(1577 1578 1589 1588)
4(1456 1457 1578 1577)
4(1458 1469 1590 1579)
4(1468 1589 1590 1469)
4(1578 1579 1590 1589)
4(1457 1458 1579 1578)
4(1459 1470 1591 1580)
4(1469 1590 1591 1470)
4(1579 1580 1591 1590)
4(1458 1459 1580 1579)
4(1460 1471 1592 1581)
4(1470 1591 1592 1471)
4(1580 1581 1592 1591)
4(1459 1460 1581 1580)
4(1461 1472 1593 1582)
4(1471 1592 1593 1472)
4(1581 1582 1593 1592)
4(1460 1461 1582 1581)
4(1472 1593 1594 1473)
4(1582 1583 1594 1593)
4(1461 1462 1583 1582)
4(1462 1473 1594 1583)
4(1464 1475 1596 1585)
4(1474 1595 1596 1475)
4(1584 1585 1596 1595)
4(1463 1584 1595 1474)
4(1465 1476 1597 1586)
4(1475 1596 1597 1476)
4(1585 1586 1597 1596)
4(1466 1477 1598 1587)
4(1476 1597 1598 1477)
4(1586 1587 1598 1597)
4(1467 1478 1599 1588)
4(1477 1598 1599 1478)
4(1587 1588 1599 1598)
4(1468 1479 1600 1589)
4(1478 1599 1600 1479)
4(1588 1589 1600 1599)
4(1469 1480 1601 1590)
4(1479 1600 1601 1480)
4(1589 1590 1601 1600)
4(1470 1481 1602 1591)
4(1480 1601 1602 1481)
4(1590 1591 1602 1601)
4(1471 1482 1603 1592)
4(1481 1602 1603 1482)
4(1591 1592 1603 1602)
4(1472 1483 1604 1593)
4(1482 1603 1604 1483)
4(1592 1593 1604 1603)
4(1483 1604 1605 1484)
4(1593 1594 1605 1604)
4(1473 1484 1605 1594)
4(1475 1486 1607 1596)
4(1485 1606 1607 1486)
4(1595 1596 1607 1606)
4(1474 1595 1606 1485)
4(1476 1487 1608 1597)
4(1486 1607 1608 1487)
4(1596 1597 1608 1607)
4(1477 1488 1609 1598)
4(1487 1608 1609 1488)
4(1597 1598 1609 1608)
4(1478 1489 1610 1599)
4(1488 1609 1610 1489)
4(1598 1599 1610 1609)
4(1479 1490 1611 1600)
4(1489 1610 1611 1490)
4(1599 1600 1611 1610)
4(1480 1491 1612 1601)
4(1490 1611 1612 1491)
4(1600 1601 1612 1611)
4(1481 1492 1613 1602)
4(1491 1612 1613 1492)
4(1601 1602 1613 1612)
4(1482 1493 1614 1603)
4(1492 1613 1614 1493)
4(1602 1603 1614 1613)
4(1483 1494 1615 1604)
4(1493 1614 1615 1494)
4(1603 1604 1615 1614)
4(1494 1615 1616 1495)
4(1604 1605 1616 1615)
4(1484 1495 1616 1605)
4(1486 1497 1618 1607)
4(1496 1617 1618 1497)
4(1606 1607 1618 1617)
4(1485 1606 1617 1496)
4(1487 1498 1619 1608)
4(1497 1618 1619 1498)
4(1607 1608 1619 1618)
4(1488 1499 1620 1609)
4(1498 1619 1620 1499)
4(1608 1609 1620 1619)
4(1489 1500 1621 1610)
4(1499 1620 1621 1500)
4(1609 1610 1621 1620)
4(1490 1501 1622 1611)
4(1500 1621 1622 1501)
4(1610 1611 1622 1621)
4(1491 1502 1623 1612)
4(1501 1622 1623 1502)
4(1611 1612 1623 1622)
4(1492 1503 1624 1613)
4(1502 1623 1624 1503)
4(1612 1613 1624 1623)
4(1493 1504 1625 1614)
4(1503 1624 1625 1504)
4(1613 1614 1625 1624)
4(1494 1505 1626 1615)
4(1504 1625 1626 1505)
4(1614 1615 1626 1625)
4(1505 1626 1627 1506)
4(1615 1616 1627 1626)
4(1495 1506 1627 1616)
4(1497 1508 1629 1618)
4(1507 1628 1629 1508)
4(1617 1618 1629 1628)
4(1496 1617 1628 1507)
4(1498 1509 1630 1619)
4(1508 1629 1630 1509)
4(1618 1619 1630 1629)
4(1499 1510 1631 1620)
4(1509 1630 1631 1510)
4(1619 1620 1631 1630)
4(1500 1511 1632 1621)
4(1510 1631 1632 1511)
4(1620 1621 1632 1631)
4(1501 1512 1633 1622)
4(1511 1632 1633 1512)
4(1621 1622 1633 1632)
4(1502 1513 1634 1623)
4(1512 1633 1634 1513)
4(1622 1623 1634 1633)
4(1503 1514 1635 1624)
4(1513 1634 1635 1514)
4(1623 1624 1635 1634)
4(1504 1515 1636 1625)
4(1514 1635 1636 1515)
4(1624 1625 1636 1635)
4(1505 1516 1637 1626)
4(1515 1636 1637 1516)
4(1625 1626 1637 1636)
4(1516 1637 1638 1517)
4(1626 1627 1638 1637)
4(1506 1517 1638 1627)
4(1508 1519 1640 1629)
4(1518 1639 1640 1519)
4(1628 1629 1640 1639)
4(1507 1628 1639 1518)
4(1509 1520 1641 1630)
4(1519 1640 1641 1520)
4(1629 1630 1641 1640)
4(1510 1521 1642 1631)
4(1520 1641 1642 1521)
4(1630 1631 1642 1641)
4(1511 1522 1643 1632)
4(1521 1642 1643 1522)
4(1631 1632 1643 1642)
4(1512 1523 1644 1633)
4(1522 1643 1644 1523)
4(1632 1633 1644 1643)
4(1513 1524 1645 1634)
4(1523 1644 1645 1524)
4(1633 1634 1645 1644)
4(1514 1525 1646 1635)
4(1524 1645 1646 1525)
4(1634 1635 1646 1645)
4(1515 1526 1647 1636)
4(1525 1646 1647 1526)
4(1635 1636 1647 1646)
4(1516 1527 1648 1637)
4(1526 1647 1648 1527)
4(1636 1637 1648 1647)
4(1527 1648 1649 1528)
4(1637 1638 1649 1648)
4(1517 1528 1649 1638)
4(1519 1530 1651 1640)
4(1529 1650 1651 1530)
4(1639 1640 1651 1650)
4(1518 1639 1650 1529)
4(1520 1531 1652 1641)
4(1530 1651 1652 1531)
4(1640 1641 1652 1651)
4(1521 1532 1653 1642)
4(1531 1652 1653 1532)
4(1641 1642 1653 1652)
4(1522 1533 1654 1643)
4(1532 1653 1654 1533)
4(1642 1643 1654 1653)
4(1523 1534 1655 1644)
4(1533 1654 1655 1534)
4(1643 1644 1655 1654)
4(1524 1535 1656 1645)
4(1534 1655 1656 1535)
4(1644 1645 1656 1655)
4(1525 1536 1657 1646)
4(1535 1656 1657 1536)
4(1645 1646 1657 1656)
4(1526 1537 1658 1647)
4(1536 1657 1658 1537)
4(1646 1647 1658 1657)
4(1527 1538 1659 1648)
4(1537 1658 1659 1538)
4(1647 1648 1659 1658)
4(1538 1659 1660 1539)
4(1648 1649 1660 1659)
4(1528 1539 1660 1649)
4(1530 1541 1662 1651)
4(1540 1661 1662 1541)
4(1650 1651 1662 1661)
4(1529 1650 1661 1540)
4(1531 1542 1663 1652)
4(1541 1662 1663 1542)
4(1651 1652 1663 1662)
4(1532 1543 1664 1653)
4(1542 1663 1664 1543)
4(1652 1653 1664 1663)
4(1533 1544 1665 1654)
4(1543 1664 1665 1544)
4(1653 1654 1665 1664)
4(1534 1545 1666 1655)
4(1544 1665 1666 1545)
4(1654 1655 1666 1665)
4(1535 1546 1667 1656)
4(1545 1666 1667 1546)
4(1655 1656 1667 1666)
4(1536 1547 1668 1657)
4(1546 1667 1668 1547)
4(1656 1657 1668 1667)
4(1537 1548 1669 1658)
4(1547 1668 1669 1548)
4(1657 1658 1669 1668)
4(1538 1549 1670 1659)
4(1548 1669 1670 1549)
4(1658 1659 1670 1669)
4(1549 1670 1671 1550)
4(1659 1660 1671 1670)
4(1539 1550 1671 1660)
4(1541 1552 1673 1662)
4(1551 1672 1673 1552)
4(1661 1662 1673 1672)
4(1540 1661 1672 1551)
4(1542 1553 1674 1663)
4(1552 1673 1674 1553)
4(1662 1663 1674 1673)
4(1543 1554 1675 1664)
4(1553 1674 1675 1554)
4(1663 1664 1675 1674)
4(1544 1555 1676 1665)
4(1554 1675 1676 1555)
4(1664 1665 1676 1675)
4(1545 1556 1677 1666)
4(1555 1676 1677 1556)
4(1665 1666 1677 1676)
4(1546 1557 1678 1667)
4(1556 1677 1678 1557)
4(1666 1667 1678 1677)
4(1547 1558 1679 1668)
4(1557 1678 1679 1558)
4(1667 1668 1679 1678)
4(1548 1559 1680 1669)
4(1558 1679 1680 1559)
4(1668 1669 1680 1679)
4(1549 1560 1681 1670)
4(1559 1680 1681 1560)
4(1669 1670 1681 1680)
4(1560 1681 1682 1561)
4(1670 1671 1682 1681)
4(1550 1561 1682 1671)
4(1552 1563 1684 1673)
4(1672 1673 1684 1683)
4(1551 1672 1683 1562)
4(1562 1683 1684 1563)
4(1553 1564 1685 1674)
4(1673 1674 1685 1684)
4(1563 1684 1685 1564)
4(1554 1565 1686 1675)
4(1674 1675 1686 1685)
4(1564 1685 1686 1565)
4(1555 1566 1687 1676)
4(1675 1676 1687 1686)
4(1565 1686 1687 1566)
4(1556 1567 1688 1677)
4(1676 1677 1688 1687)
4(1566 1687 1688 1567)
4(1557 1568 1689 1678)
4(1677 1678 1689 1688)
4(1567 1688 1689 1568)
4(1558 1569 1690 1679)
4(1678 1679 1690 1689)
4(1568 1689 1690 1569)
4(1559 1570 1691 1680)
4(1679 1680 1691 1690)
4(1569 1690 1691 1570)
4(1560 1571 1692 1681)
4(1680 1681 1692 1691)
4(1570 1691 1692 1571)
4(1681 1682 1693 1692)
4(1561 1572 1693 1682)
4(1571 1692 1693 1572)
4(1574 1585 1706 1695)
4(1584 1705 1706 1585)
4(1694 1695 1706 1705)
4(1573 1694 1705 1584)
4(1573 1574 1695 1694)
4(1575 1586 1707 1696)
4(1585 1706 1707 1586)
4(1695 1696 1707 1706)
4(1574 1575 1696 1695)
4(1576 1587 1708 1697)
4(1586 1707 1708 1587)
4(1696 1697 1708 1707)
4(1575 1576 1697 1696)
4(1577 1588 1709 1698)
4(1587 1708 1709 1588)
4(1697 1698 1709 1708)
4(1576 1577 1698 1697)
4(1578 1589 1710 1699)
4(1588 1709 1710 1589)
4(1698 1699 1710 1709)
4(1577 1578 1699 1698)
4(1579 1590 1711 1700)
4(1589 1710 1711 1590)
4(1699 1700 1711 1710)
4(1578 1579 1700 1699)
4(1580 1591 1712 1701)
4(1590 1711 1712 1591)
4(1700 1701 1712 1711)
4(1579 1580 1701 1700)
4(1581 1592 1713 1702)
4(1591 1712 1713 1592)
4(1701 1702 1713 1712)
4(1580 1581 1702 1701)
4(1582 1593 1714 1703)
4(1592 1713 1714 1593)
4(1702 1703 1714 1713)
4(1581 1582 1703 1702)
4(1593 1714 1715 1594)
4(1703 1704 1715 1714)
4(1582 1583 1704 1703)
4(1583 1594 1715 1704)
4(1585 1596 1717 1706)
4(1595 1716 1717 1596)
4(1705 1706 1717 1716)
4(1584 1705 1716 1595)
4(1586 1597 1718 1707)
4(1596 1717 1718 1597)
4(1706 1707 1718 1717)
4(1587 1598 1719 1708)
4(1597 1718 1719 1598)
4(1707 1708 1719 1718)
4(1588 1599 1720 1709)
4(1598 1719 1720 1599)
4(1708 1709 1720 1719)
4(1589 1600 1721 1710)
4(1599 1720 1721 1600)
4(1709 1710 1721 1720)
4(1590 1601 1722 1711)
4(1600 1721 1722 1601)
4(1710 1711 1722 1721)
4(1591 1602 1723 1712)
4(1601 1722 1723 1602)
4(1711 1712 1723 1722)
4(1592 1603 1724 1713)
4(1602 1723 1724 1603)
4(1712 1713 1724 1723)
4(1593 1604 1725 1714)
4(1603 1724 1725 1604)
4(1713 1714 1725 1724)
4(1604 1725 1726 1605)
4(1714 1715 1726 1725)
4(1594 1605 1726 1715)
4(1596 1607 1728 1717)
4(1606 1727 1728 1607)
4(1716 1717 1728 1727)
4(1595 1716 1727 1606)
4(1597 1608 1729 1718)
4(1607 1728 1729 1608)
4(1717 1718 1729 1728)
4(1598 1609 1730 1719)
4(1608 1729 1730 1609)
4(1718 1719 1730 1729)
4(1599 1610 1731 1720)
4(1609 1730 1731 1610)
4(1719 1720 1731 1730)
4(1600 1611 1732 1721)
4(1610 1731 1732 1611)
4(1720 1721 1732 1731)
4(1601 1612 1733 1722)
4(1611 1732 1733 1612)
4(1721 1722 1733 1732)
4(1602 1613 1734 1723)
4(1612 1733 1734 1613)
4(1722 1723 1734 1733)
4(1603 1614 1735 1724)
4(1613 1734 1735 1614)
4(1723 1724 1735 1734)
4(1604 1615 1736 1725)
4(1614 1735 1736 1615)
4(1724 1725 1736 1735)
4(1615 1736 1737 1616)
4(1725 1726 1737 1736)
4(1605 1616 1737 1726)
4(1607 1618 1739 1728)
4(1617 1738 1739 1618)
4(1727 1728 1739 1738)
4(1606 1727 1738 1617)
4(1608 1619 1740 1729)
4(1618 1739 1740 1619)
4(1728 1729 1740 1739)
4(1609 1620 1741 1730)
4(1619 1740 1741 1620)
4(1729 1730 1741 1740)
4(1610 1621 1742 1731)
4(1620 1741 1742 1621)
4(1730 1731 1742 1741)
4(1611 1622 1743 1732)
4(1621 1742 1743 1622)
4(1731 1732 1743 1742)
4(1612 1623 1744 1733)
4(1622 1743 1744 1623)
4(1732 1733 1744 1743)
4(1613 1624 1745 1734)
4(1623 1744 1745 1624)
4(1733 1734 1745 1744)
4(1614 1625 1746 1735)
4(1624 1745 1746 1625)
4(1734 1735 1746 1745)
4(1615 1626 1747 1736)
4(1625 1746 1747 1626)
4(1735 1736 1747 1746)
4(1626 1747 1748 1627)
4(1736 1737 1748 1747)
4(1616 1627 1748 1737)
4(1618 1629 1750 1739)
4(1628 1749 1750 1629)
4(1738 1739 1750 1749)
4(1617 1738 1749 1628)
4(1619 1630 1751 1740)
4(1629 1750 1751 1630)
4(1739 1740 1751 1750)
4(1620 1631 1752 1741)
4(1630 1751 1752 1631)
4(1740 1741 1752 1751)
4(1621 1632 1753 1742)
4(1631 1752 1753 1632)
4(1741 1742 1753 1752)
4(1622 1633 1754 1743)
4(1632 1753 1754 1633)
4(1742 1743 1754 1753)
4(1623 1634 1755 1744)
4(1633 1754 1755 1634)
4(1743 1744 1755 1754)
4(1624 1635 1756 1745)
4(1634 1755 1756 1635)
4(1744 1745 1756 1755)
4(1625 1636 1757 1746)
4(1635 1756 1757 1636)
4(1745 1746 1757 1756)
4(1626 1637 1758 1747)
4(1636 1757 1758 1637)
4(1746 1747 1758 1757)
4(1637 1758 1759 1638)
4(1747 1748 1759 1758)
4(1627 1638 1759 1748)
4(1629 1640 1761 1750)
4(1639 1760 1761 1640)
4(1749 1750 1761 1760)
4(1628 1749 1760 1639)
4(1630 1641 1762 1751)
4(1640 1761 1762 1641)
4(1750 1751 1762 1761)
4(1631 1642 1763 1752)
4(1641 1762 1763 1642)
4(1751 1752 1763 1762)
4(1632 1643 1764 1753)
4(1642 1763 1764 1643)
4(1752 1753 1764 1763)
4(1633 1644 1765 1754)
4(1643 1764 1765 1644)
4(1753 1754 1765 1764)
4(1634 1645 1766 1755)
4(1644 1765 1766 1645)
4(1754 1755 1766 1765)
4(1635 1646 1767 1756)
4(1645 1766 1767 1646)
4(1755 1756 1767 1766)
4(1636 1647 1768 1757)
4(1646 1767 1768 1647)
4(1756 1757 1768 1767)
4(1637 1648 1769 1758)
4(1647 1768 1769 1648)
4(1757 1758 1769 1768)
4(1648 1769 1770 1649)
4(1758 1759 1770 1769)
4(1638 1649 1770 1759)
4(1640 1651 1772 1761)
4(1650 1771 1772 1651)
4(1760 1761 1772 1771)
4(1639 1760 1771 1650)
4(1641 1652 1773 1762)
4(1651 1772 1773 1652)
4(1761 1762 1773 1772)
4(1642 1653 1774 1763)
4(1652 1773 1774 1653)
4(1762 1763 1774 1773)
4(1643 1654 1775 1764)
4(1653 1774 1775 1654)
4(1763 1764 1775 1774)
4(1644 1655 1776 1765)
4(1654 1775 1776 1655)
4(1764 1765 1776 1775)
4(1645 1656 1777 1766)
4(1655 1776 1777 1656)
4(1765 1766 1777 1776)
4(1646 1657 1778 1767)
4(1656 1777 1778 1657)
4(1766 1767 1778 1777)
4(1647 1658 1779 1768)
4(1657 1778 1779 1658)
4(1767 1768 1779 1778)
4(1648 1659 1780 1769)
4(1658 1779 1780 1659)
4(1768 1769 1780 1779)
4(1659 1780 1781 1660)
4(1769 1770 1781 1780)
4(1649 1660 1781 1770)
4(1651 1662 1783 1772)
4(1661 1782 1783 1662)
4(1771 1772 1783 1782)
4(1650 1771 1782 1661)
4(1652 1663 1784 1773)
4(1662 1783 1784 1663)
4(1772 1773 1784 1783)
4(1653 1664 1785 1774)
4(1663 1784 1785 1664)
4(1773 1774 1785 1784)
4(1654 1665 1786 1775)
4(1664 1785 1786 1665)
4(1774 1775 1786 1785)
4(1655 1666 1787 1776)
4(1665 1786 1787 1666)
4(1775 1776 1787 1786)
4(1656 1667 1788 1777)
4(1666 1787 1788 1667)
4(1776 1777 1788 1787)
4(1657 1668 1789 1778)
4(1667 1788 1789 1668)
4(1777 1778 1789 1788)
4(1658 1669 1790 1779)
4(1668 1789 1790 1669)
4(1778 1779 1790 1789)
4(1659 1670 1791 1780)
4(1669 1790 1791 1670)
4(1779 1780 1791 1790)
4(1670 1791 1792 1671)
4(1780 1781 1792 1791)
4(1660 1671 1792 1781)
4(1662 1673 1794 1783)
4(1672 1793 1794 1673)
4(1782 1783 1794 1793)
4(1661 1782 1793 1672)
4(1663 1674 1795 1784)
4(1673 1794 1795 1674)
4(1783 1784 1795 1794)
4(1664 1675 1796 1785)
4(1674 1795 1796 1675)
4(1784 1785 1796 1795)
4(1665 1676 1797 1786)
4(1675 1796 1797 1676)
4(1785 1786 1797 1796)
4(1666 1677 1798 1787)
4(1676 1797 1798 1677)
4(1786 1787 1798 1797)
4(1667 1678 1799 1788)
4(1677 1798 1799 1678)
4(1787 1788 1799 1798)
4(1668 1679 1800 1789)
4(1678 1799 1800 1679)
4(1788 1789 1800 1799)
4(1669 1680 1801 1790)
4(1679 1800 1801 1680)
4(1789 1790 1801 1800)
4(1670 1681 1802 1791)
4(1680 1801 1802 1681)
4(1790 1791 1802 1801)
4(1681 1802 1803 1682)
4(1791 1792 1803 1802)
4(1671 1682 1803 1792)
4(1673 1684 1805 1794)
4(1793 1794 1805 1804)
4(1672 1793 1804 1683)
4(1683 1804 1805 1684)
4(1674 1685 1806 1795)
4(1794 1795 1806 1805)
4(1684 1805 1806 1685)
4(1675 1686 1807 1796)
4(1795 1796 1807 1806)
4(1685 1806 1807 1686)
4(1676 1687 1808 1797)
4(1796 1797 1808 1807)
4(1686 1807 1808 1687)
4(1677 1688 1809 1798)
4(1797 1798 1809 1808)
4(1687 1808 1809 1688)
4(1678 1689 1810 1799)
4(1798 1799 1810 1809)
4(1688 1809 1810 1689)
4(1679 1690 1811 1800)
4(1799 1800 1811 1810)
4(1689 1810 1811 1690)
4(1680 1691 1812 1801)
4(1800 1801 1812 1811)
4(1690 1811 1812 1691)
4(1681 1692 1813 1802)
4(1801 1802 1813 1812)
4(1691 1812 1813 1692)
4(1802 1803 1814 1813)
4(1682 1693 1814 1803)
4(1692 1813 1814 1693)
4(1695 1706 1827 1816)
4(1705 1826 1827 1706)
4(1815 1816 1827 1826)
4(1694 1815 1826 1705)
4(1694 1695 1816 1815)
4(1696 1707 1828 1817)
4(1706 1827 1828 1707)
4(1816 1817 1828 1827)
4(1695 1696 1817 1816)
4(1697 1708 1829 1818)
4(1707 1828 1829 1708)
4(1817 1818 1829 1828)
4(1696 1697 1818 1817)
4(1698 1709 1830 1819)
4(1708 1829 1830 1709)
4(1818 1819 1830 1829)
4(1697 1698 1819 1818)
4(1699 1710 1831 1820)
4(1709 1830 1831 1710)
4(1819 1820 1831 1830)
4(1698 1699 1820 1819)
4(1700 1711 1832 1821)
4(1710 1831 1832 1711)
4(1820 1821 1832 1831)
4(1699 1700 1821 1820)
4(1701 1712 1833 1822)
4(1711 1832 1833 1712)
4(1821 1822 1833 1832)
4(1700 1701 1822 1821)
4(1702 1713 1834 1823)
4(1712 1833 1834 1713)
4(1822 1823 1834 1833)
4(1701 1702 1823 1822)
4(1703 1714 1835 1824)
4(1713 1834 1835 1714)
4(1823 1824 1835 1834)
4(1702 1703 1824 1823)
4(1714 1835 1836 1715)
4(1824 1825 1836 1835)
4(1703 1704 1825 1824)
4(1704 1715 1836 1825)
4(1706 1717 1838 1827)
4(1716 1837 1838 1717)
4(1826 1827 1838 1837)
4(1705 1826 1837 1716)
4(1707 1718 1839 1828)
4(1717 1838 1839 1718)
4(1827 1828 1839 1838)
4(1708 1719 1840 1829)
4(1718 1839 1840 1719)
4(1828 1829 1840 1839)
4(1709 1720 1841 1830)
4(1719 1840 1841 1720)
4(1829 1830 1841 1840)
4(1710 1721 1842 1831)
4(1720 1841 1842 1721)
4(1830 1831 1842 1841)
4(1711 1722 1843 1832)
4(1721 1842 1843 1722)
4(1831 1832 1843 1842)
4(1712 1723 1844 1833)
4(1722 1843 1844 1723)
4(1832 1833 1844 1843)
4(1713 1724 1845 1834)
4(1723 1844 1845 1724)
4(1833 1834 1845 1844)
4(1714 1725 1846 1835)
4(1724 1845 1846 1725)
4(1834 1835 1846 1845)
4(1725 1846 1847 1726)
4(1835 1836 1847 1846)
4(1715 1726 1847 1836)
4(1717 1728 1849 1838)
4(1727 1848 1849 1728)
4(1837 1838 1849 1848)
4(1716 1837 1848 1727)
4(1718 1729 1850 1839)
4(1728 1849 1850 1729)
4(1838 1839 1850 1849)
4(1719 1730 1851 1840)
4(1729 1850 1851 1730)
4(1839 1840 1851 1850)
4(1720 1731 1852 1841)
4(1730 1851 1852 1731)
4(1840 1841 1852 1851)
4(1721 1732 1853 1842)
4(1731 1852 1853 1732)
4(1841 1842 1853 1852)
4(1722 1733 1854 1843)
4(1732 1853 1854 1733)
4(1842 1843 1854 1853)
4(1723 1734 1855 1844)
4(1733 1854 1855 1734)
4(1843 1844 1855 1854)
4(1724 1735 1856 1845)
4(1734 1855 1856 1735)
4(1844 1845 1856 1855)
4(1725 1736 1857 1846)
4(1735 1856 1857 1736)
4(1845 1846 1857 1856)
4(1736 1857 1858 1737)
4(1846 1847 1858 1857)
4(1726 1737 1858 1847)
4(1728 1739 1860 1849)
4(1738 1859 1860 1739)
4(1848 1849 1860 1859)
4(1727 1848 1859 1738)
4(1729 1740 1861 1850)
4(1739 1860 1861 1740)
4(1849 1850 1861 1860)
4(1730 1741 1862 1851)
4(1740 1861 1862 1741)
4(1850 1851 1862 1861)
4(1731 1742 1863 1852)
4(1741 1862 1863 1742)
4(1851 1852 1863 1862)
4(1732 1743 1864 1853)
4(1742 1863 1864 1743)
4(1852 1853 1864 1863)
4(1733 1744 1865 1854)
4(1743 1864 1865 1744)
4(1853 1854 1865 1864)
4(1734 1745 1866 1855)
4(1744 1865 1866 1745)
4(1854 1855 1866 1865)
4(1735 1746 1867 1856)
4(1745 1866 1867 1746)
4(1855 1856 1867 1866)
4(1736 1747 1868 1857)
4(1746 1867 1868 1747)
4(1856 1857 1868 1867)
4(1747 1868 1869 1748)
4(1857 1858 1869 1868)
4(1737 1748 1869 1858)
4(1739 1750 1871 1860)
4(1749 1870 1871 1750)
4(1859 1860 1871 1870)
4(1738 1859 1870 1749)
4(1740 1751 1872 1861)
4(1750 1871 1872 1751)
4(1860 1861 1872 1871)
4(1741 1752 1873 1862)
4(1751 1872 1873 1752)
4(1861 1862 1873 1872)
4(1742 1753 1874 1863)
4(1752 1873 1874 1753)
4(1862 1863 1874 1873)
4(1743 1754 1875 1864)
4(1753 1874 1875 1754)
4(1863 1864 1875 1874)
4(1744 1755 1876 1865)
4(1754 1875 1876 1755)
4(1864 1865 1876 1875)
4(1745 1756 1877 1866)
4(1755 1876 1877 1756)
4(1865 1866 1877 1876)
4(1746 1757 1878 1867)
4(1756 1877 1878 1757)
4(1866 1867 1878 1877)
4(1747 1758 1879 1868)
4(1757 1878 1879 1758)
4(1867 1868 1879 1878)
4(1758 1879 1880 1759)
4(1868 1869 1880 1879)
4(1748 1759 1880 1869)
4(1750 1761 1882 1871)
4(1760 1881 1882 1761)
4(1870 1871 1882 1881)
4(1749 1870 1881 1760)
4(1751 1762 1883 1872)
4(1761 1882 1883 1762)
4(1871 1872 1883 1882)
4(1752 1763 1884 1873)
4(1762 1883 1884 1763)
4(1872 1873 1884 1883)
4(1753 1764 1885 1874)
4(1763 1884 1885 1764)
4(1873 1874 1885 1884)
4(1754 1765 1886 1875)
4(1764 1885 1886 1765)
4(1874 1875 1886 1885)
4(1755 1766 1887 1876)
4(1765 1886 1887 1766)
4(1875 1876 1887 1886)
4(1756 1767 1888 1877)
4(1766 1887 1888 1767)
4(1876 1877 1888 1887)
4(1757 1768 1889 1878)
4(1767 1888 1889 1768)
4(1877 1878 1889 1888)
4(1758 1769 1890 1879)
4(1768 1889 1890 1769)
4(1878 1879 1890 1889)
4(1769 1890 1891 1770)
4(1879 1880 1891 1890)
4(1759 1770 1891 1880)
4(1761 1772 1893 1882)
4(1771 1892 1893 1772)
4(1881 1882 1893 1892)
4(1760 1881 1892 1771)
4(1762 1773 1894 1883)
4(1772 1893 1894 1773)
4(1882 1883 1894 1893)
4(1763 1774 1895 1884)
4(1773 1894 1895 1774)
4(1883 1884 1895 1894)
4(1764 1775 1896 1885)
4(1774 1895 1896 1775)
4(1884 1885 1896 1895)
4(1765 1776 1897 1886)
4(1775 1896 1897 1776)
4(1885 1886 1897 1896)
4(1766 1777 1898 1887)
4(1776 1897 1898 1777)
4(1886 1887 1898 1897)
4(1767 1778 1899 1888)
4(1777 1898 1899 1778)
4(1887 1888 1899 1898)
4(1768 1779 1900 1889)
4(1778 1899 1900 1779)
4(1888 1889 1900 1899)
4(1769 1780 1901 1890)
4(1779 1900 1901 1780)
4(1889 1890 1901 1900)
4(1780 1901 1902 1781)
4(1890 1891 1902 1901)
4(1770 1781 1902 1891)
4(1772 1783 1904 1893)
4(1782 1903 1904 1783)
4(1892 1893 1904 1903)
4(1771 1892 1903 1782)
4(1773 1784 1905 1894)
4(1783 1904 1905 1784)
4(1893 1894 1905 1904)
4(1774 1785 1906 1895)
4(1784 1905 1906 1785)
4(1894 1895 1906 1905)
4(1775 1786 1907 1896)
4(1785 1906 1907 1786)
4(1895 1896 1907 1906)
4(1776 1787 1908 1897)
4(1786 1907 1908 1787)
4(1896 1897 1908 1907)
4(1777 1788 1909 1898)
4(1787 1908 1909 1788)
4(1897 1898 1909 1908)
4(1778 1789 1910 1899)
4(1788 1909 1910 1789)
4(1898 1899 1910 1909)
4(1779 1790 1911 1900)
4(1789 1910 1911 1790)
4(1899 1900 1911 1910)
4(1780 1791 1912 1901)
4(1790 1911 1912 1791)
4(1900 1901 1912 1911)
4(1791 1912 1913 1792)
4(1901 1902 1913 1912)
4(1781 1792 1913 1902)
4(1783 1794 1915 1904)
4(1793 1914 1915 1794)
4(1903 1904 1915 1914)
4(1782 1903 1914 1793)
4(1784 1795 1916 1905)
4(1794 1915 1916 1795)
4(1904 1905 1916 1915)
4(1785 1796 1917 1906)
4(1795 1916 1917 1796)
4(1905 1906 1917 1916)
4(1786 1797 1918 1907)
4(1796 1917 1918 1797)
4(1906 1907 1918 1917)
4(1787 1798 1919 1908)
4(1797 1918 1919 1798)
4(1907 1908 1919 1918)
4(1788 1799 1920 1909)
4(1798 1919 1920 1799)
4(1908 1909 1920 1919)
4(1789 1800 1921 1910)
4(1799 1920 1921 1800)
4(1909 1910 1921 1920)
4(1790 1801 1922 1911)
4(1800 1921 1922 1801)
4(1910 1911 1922 1921)
4(1791 1802 1923 1912)
4(1801 1922 1923 1802)
4(1911 1912 1923 1922)
4(1802 1923 1924 1803)
4(1912 1913 1924 1923)
4(1792 1803 1924 1913)
4(1794 1805 1926 1915)
4(1914 1915 1926 1925)
4(1793 1914 1925 1804)
4(1804 1925 1926 1805)
4(1795 1806 1927 1916)
4(1915 1916 1927 1926)
4(1805 1926 1927 1806)
4(1796 1807 1928 1917)
4(1916 1917 1928 1927)
4(1806 1927 1928 1807)
4(1797 1808 1929 1918)
4(1917 1918 1929 1928)
4(1807 1928 1929 1808)
4(1798 1809 1930 1919)
4(1918 1919 1930 1929)
4(1808 1929 1930 1809)
4(1799 1810 1931 1920)
4(1919 1920 1931 1930)
4(1809 1930 1931 1810)
4(1800 1811 1932 1921)
4(1920 1921 1932 1931)
4(1810 1931 1932 1811)
4(1801 1812 1933 1922)
4(1921 1922 1933 1932)
4(1811 1932 1933 1812)
4(1802 1813 1934 1923)
4(1922 1923 1934 1933)
4(1812 1933 1934 1813)
4(1923 1924 1935 1934)
4(1803 1814 1935 1924)
4(1813 1934 1935 1814)
4(1816 1827 1948 1937)
4(1826 1947 1948 1827)
4(1936 1937 1948 1947)
4(1815 1936 1947 1826)
4(1815 1816 1937 1936)
4(1817 1828 1949 1938)
4(1827 1948 1949 1828)
4(1937 1938 1949 1948)
4(1816 1817 1938 1937)
4(1818 1829 1950 1939)
4(1828 1949 1950 1829)
4(1938 1939 1950 1949)
4(1817 1818 1939 1938)
4(1819 1830 1951 1940)
4(1829 1950 1951 1830)
4(1939 1940 1951 1950)
4(1818 1819 1940 1939)
4(1820 1831 1952 1941)
4(1830 1951 1952 1831)
4(1940 1941 1952 1951)
4(1819 1820 1941 1940)
4(1821 1832 1953 1942)
4(1831 1952 1953 1832)
4(1941 1942 1953 1952)
4(1820 1821 1942 1941)
4(1822 1833 1954 1943)
4(1832 1953 1954 1833)
4(1942 1943 1954 1953)
4(1821 1822 1943 1942)
4(1823 1834 1955 1944)
4(1833 1954 1955 1834)
4(1943 1944 1955 1954)
4(1822 1823 1944 1943)
4(1824 1835 1956 1945)
4(1834 1955 1956 1835)
4(1944 1945 1956 1955)
4(1823 1824 1945 1944)
4(1835 1956 1957 1836)
4(1945 1946 1957 1956)
4(1824 1825 1946 1945)
4(1825 1836 1957 1946)
4(1827 1838 1959 1948)
4(1837 1958 1959 1838)
4(1947 1948 1959 1958)
4(1826 1947 1958 1837)
4(1828 1839 1960 1949)
4(1838 1959 1960 1839)
4(1948 1949 1960 1959)
4(1829 1840 1961 1950)
4(1839 1960 1961 1840)
4(1949 1950 1961 1960)
4(1830 1841 1962 1951)
4(1840 1961 1962 1841)
4(1950 1951 1962 1961)
4(1831 1842 1963 1952)
4(1841 1962 1963 1842)
4(1951 1952 1963 1962)
4(1832 1843 1964 1953)
4(1842 1963 1964 1843)
4(1952 1953 1964 1963)
4(1833 1844 1965 1954)
4(1843 1964 1965 1844)
4(1953 1954 1965 1964)
4(1834 1845 1966 1955)
4(1844 1965 1966 1845)
4(1954 1955 1966 1965)
4(1835 1846 1967 1956)
4(1845 1966 1967 1846)
4(1955 1956 1967 1966)
4(1846 1967 1968 1847)
4(1956 1957 1968 1967)
4(1836 1847 1968 1957)
4(1838 1849 1970 1959)
4(1848 1969 1970 1849)
4(1958 1959 1970 1969)
4(1837 1958 1969 1848)
4(1839 1850 1971 1960)
4(1849 1970 1971 1850)
4(1959 1960 1971 1970)
4(1840 1851 1972 1961)
4(1850 1971 1972 1851)
4(1960 1961 1972 1971)
4(1841 1852 1973 1962)
4(1851 1972 1973 1852)
4(1961 1962 1973 1972)
4(1842 1853 1974 1963)
4(1852 1973 1974 1853)
4(1962 1963 1974 1973)
4(1843 1854 1975 1964)
4(1853 1974 1975 1854)
4(1963 1964 1975 1974)
4(1844 1855 1976 1965)
4(1854 1975 1976 1855)
4(1964 1965 1976 1975)
4(1845 1856 1977 1966)
4(1855 1976 1977 1856)
4(1965 1966 1977 1976)
4(1846 1857 1978 1967)
4(1856 1977 1978 1857)
4(1966 1967 1978 1977)
4(1857 1978 1979 1858)
4(1967 1968 1979 1978)
4(1847 1858 1979 1968)
4(1849 1860 1981 1970)
4(1859 1980 1981 1860)
4(1969 1970 1981 1980)
4(1848 1969 1980 1859)
4(1850 1861 1982 1971)
4(1860 1981 1982 1861)
4(1970 1971 1982 1981)
4(1851 1862 1983 1972)
4(1861 1982 1983 1862)
4(1971 1972 1983 1982)
4(1852 1863 1984 1973)
4(1862 1983 1984 1863)
4(1972 1973 1984 1983)
4(1853 1864 1985 1974)
4(1863 1984 1985 1864)
4(1973 1974 1985 1984)
4(1854 1865 1986 1975)
4(1864 1985 1986 1865)
4(1974 1975 1986 1985)
4(1855 1866 1987 1976)
4(1865 1986 1987 1866)
4(1975 1976 1987 1986)
4(1856 1867 1988 1977)
4(1866 1987 1988 1867)
4(1976 1977 1988 1987)
4(1857 1868 1989 1978)
4(1867 1988 1989 1868)
4(1977 1978 1989 1988)
4(1868 1989 1990 1869)
4(1978 1979 1990 1989)
4(1858 1869 1990 1979)
4(1860 1871 1992 1981)
4(1870 1991 1992 1871)
4(1980 1981 1992 1991)
4(1859 1980 1991 1870)
4(1861 1872 1993 1982)
4(1871 1992 1993 1872)
4(1981 1982 1993 1992)
4(1862 1873 1994 1983)
4(1872 1993 1994 1873)
4(1982 1983 1994 1993)
4(1863 1874 1995 1984)
4(1873 1994 1995 1874)
4(1983 1984 1995 1994)
4(1864 1875 1996 1985)
4(1874 1995 1996 1875)
4(1984 1985 1996 1995)
4(1865 1876 1997 1986)
4(1875 1996 1997 1876)
4(1985 1986 1997 1996)
4(1866 1877 1998 1987)
4(1876 1997 1998 1877)
4(1986 1987 1998 1997)
4(1867 1878 1999 1988)
4(1877 1998 1999 1878)
4(1987 1988 1999 1998)
4(1868 1879 2000 1989)
4(1878 1999 2000 1879)
4(1988 1989 2000 1999)
4(1879 2000 2001 1880)
4(1989 1990 2001 2000)
4(1869 1880 2001 1990)
4(1871 1882 2003 1992)
4(1881 2002 2003 1882)
4(1991 1992 2003 2002)
4(1870 1991 2002 1881)
4(1872 1883 2004 1993)
4(1882 2003 2004 1883)
4(1992 1993 2004 2003)
4(1873 1884 2005 1994)
4(1883 2004 2005 1884)
4(1993 1994 2005 2004)
4(1874 1885 2006 1995)
4(1884 2005 2006 1885)
4(1994 1995 2006 2005)
4(1875 1886 2007 1996)
4(1885 2006 2007 1886)
4(1995 1996 2007 2006)
4(1876 1887 2008 1997)
4(1886 2007 2008 1887)
4(1996 1997 2008 2007)
4(1877 1888 2009 1998)
4(1887 2008 2009 1888)
4(1997 1998 2009 2008)
4(1878 1889 2010 1999)
4(1888 2009 2010 1889)
4(1998 1999 2010 2009)
4(1879 1890 2011 2000)
4(1889 2010 2011 1890)
4(1999 2000 2011 2010)
4(1890 2011 2012 1891)
4(2000 2001 2012 2011)
4(1880 1891 2012 2001)
4(1882 1893 2014 2003)
4(1892 2013 2014 1893)
4(2002 2003 2014 2013)
4(1881 2002 2013 1892)
4(1883 1894 2015 2004)
4(1893 2014 2015 1894)
4(2003 2004 2015 2014)
4(1884 1895 2016 2005)
4(1894 2015 2016 1895)
4(2004 2005 2016 2015)
4(1885 1896 2017 2006)
4(1895 2016 2017 1896)
4(2005 2006 2017 2016)
4(1886 1897 2018 2007)
4(1896 2017 2018 1897)
4(2006 2007 2018 2017)
4(1887 1898 2019 2008)
4(1897 2018 2019 1898)
4(2007 2008 2019 2018)
4(1888 1899 2020 2009)
4(1898 2019 2020 1899)
4(2008 2009 2020 2019)
4(1889 1900 2021 2010)
4(1899 2020 2021 1900)
4(2009 2010 2021 2020)
4(1890 1901 2022 2011)
4(1900 2021 2022 1901)
4(2010 2011 2022 2021)
4(1901 2022 2023 1902)
4(2011 2012 2023 2022)
4(1891 1902 2023 2012)
4(1893 1904 2025 2014)
4(1903 2024 2025 1904)
4(2013 2014 2025 2024)
4(1892 2013 2024 1903)
4(1894 1905 2026 2015)
4(1904 2025 2026 1905)
4(2014 2015 2026 2025)
4(1895 1906 2027 2016)
4(1905 2026 2027 1906)
4(2015 2016 2027 2026)
4(1896 1907 2028 2017)
4(1906 2027 2028 1907)
4(2016 2017 2028 2027)
4(1897 1908 2029 2018)
4(1907 2028 2029 1908)
4(2017 2018 2029 2028)
4(1898 1909 2030 2019)
4(1908 2029 2030 1909)
4(2018 2019 2030 2029)
4(1899 1910 2031 2020)
4(1909 2030 2031 1910)
4(2019 2020 2031 2030)
4(1900 1911 2032 2021)
4(1910 2031 2032 1911)
4(2020 2021 2032 2031)
4(1901 1912 2033 2022)
4(1911 2032 2033 1912)
4(2021 2022 2033 2032)
4(1912 2033 2034 1913)
4(2022 2023 2034 2033)
4(1902 1913 2034 2023)
4(1904 1915 2036 2025)
4(1914 2035 2036 1915)
4(2024 2025 2036 2035)
4(1903 2024 2035 1914)
4(1905 1916 2037 2026)
4(1915 2036 2037 1916)
4(2025 2026 2037 2036)
4(1906 1917 2038 2027)
4(1916 2037 2038 1917)
4(2026 2027 2038 2037)
4(1907 1918 2039 2028)
4(1917 2038 2039 1918)
4(2027 2028 2039 2038)
4(1908 1919 2040 2029)
4(1918 2039 2040 1919)
4(2028 2029 2040 2039)
4(1909 1920 2041 2030)
4(1919 2040 2041 1920)
4(2029 2030 2041 2040)
4(1910 1921 2042 2031)
4(1920 2041 2042 1921)
4(2030 2031 2042 2041)
4(1911 1922 2043 2032)
4(1921 2042 2043 1922)
4(2031 2032 2043 2042)
4(1912 1923 2044 2033)
4(1922 2043 2044 1923)
4(2032 2033 2044 2043)
4(1923 2044 2045 1924)
4(2033 2034 2045 2044)
4(1913 1924 2045 2034)
4(1915 1926 2047 2036)
4(2035 2036 2047 2046)
4(1914 2035 2046 1925)
4(1925 2046 2047 1926)
4(1916 1927 2048 2037)
4(2036 2037 2048 2047)
4(1926 2047 2048 1927)
4(1917 1928 2049 2038)
4(2037 2038 2049 2048)
4(1927 2048 2049 1928)
4(1918 1929 2050 2039)
4(2038 2039 2050 2049)
4(1928 2049 2050 1929)
4(1919 1930 2051 2040)
4(2039 2040 2051 2050)
4(1929 2050 2051 1930)
4(1920 1931 2052 2041)
4(2040 2041 2052 2051)
4(1930 2051 2052 1931)
4(1921 1932 2053 2042)
4(2041 2042 2053 2052)
4(1931 2052 2053 1932)
4(1922 1933 2054 2043)
4(2042 2043 2054 2053)
4(1932 2053 2054 1933)
4(1923 1934 2055 2044)
4(2043 2044 2055 2054)
4(1933 2054 2055 1934)
4(2044 2045 2056 2055)
4(1924 1935 2056 2045)
4(1934 2055 2056 1935)
4(1937 1948 2069 2058)
4(1947 2068 2069 1948)
4(2057 2058 2069 2068)
4(1936 2057 2068 1947)
4(1936 1937 2058 2057)
4(1938 1949 2070 2059)
4(1948 2069 2070 1949)
4(2058 2059 2070 2069)
4(1937 1938 2059 2058)
4(1939 1950 2071 2060)
4(1949 2070 2071 1950)
4(2059 2060 2071 2070)
4(1938 1939 2060 2059)
4(1940 1951 2072 2061)
4(1950 2071 2072 1951)
4(2060 2061 2072 2071)
4(1939 1940 2061 2060)
4(1941 1952 2073 2062)
4(1951 2072 2073 1952)
4(2061 2062 2073 2072)
4(1940 1941 2062 2061)
4(1942 1953 2074 2063)
4(1952 2073 2074 1953)
4(2062 2063 2074 2073)
4(1941 1942 2063 2062)
4(1943 1954 2075 2064)
4(1953 2074 2075 1954)
4(2063 2064 2075 2074)
4(1942 1943 2064 2063)
4(1944 1955 2076 2065)
4(1954 2075 2076 1955)
4(2064 2065 2076 2075)
4(1943 1944 2065 2064)
4(1945 1956 2077 2066)
4(1955 2076 2077 1956)
4(2065 2066 2077 2076)
4(1944 1945 2066 2065)
4(1956 2077 2078 1957)
4(2066 2067 2078 2077)
4(1945 1946 2067 2066)
4(1946 1957 2078 2067)
4(1948 1959 2080 2069)
4(1958 2079 2080 1959)
4(2068 2069 2080 2079)
4(1947 2068 2079 1958)
4(1949 1960 2081 2070)
4(1959 2080 2081 1960)
4(2069 2070 2081 2080)
4(1950 1961 2082 2071)
4(1960 2081 2082 1961)
4(2070 2071 2082 2081)
4(1951 1962 2083 2072)
4(1961 2082 2083 1962)
4(2071 2072 2083 2082)
4(1952 1963 2084 2073)
4(1962 2083 2084 1963)
4(2072 2073 2084 2083)
4(1953 1964 2085 2074)
4(1963 2084 2085 1964)
4(2073 2074 2085 2084)
4(1954 1965 2086 2075)
4(1964 2085 2086 1965)
4(2074 2075 2086 2085)
4(1955 1966 2087 2076)
4(1965 2086 2087 1966)
4(2075 2076 2087 2086)
4(1956 1967 2088 2077)
4(1966 2087 2088 1967)
4(2076 2077 2088 2087)
4(1967 2088 2089 1968)
4(2077 2078 2089 2088)
4(1957 1968 2089 2078)
4(1959 1970 2091 2080)
4(1969 2090 2091 1970)
4(2079 2080 2091 2090)
4(1958 2079 2090 1969)
4(1960 1971 2092 2081)
4(1970 2091 2092 1971)
4(2080 2081 2092 2091)
4(1961 1972 2093 2082)
4(1971 2092 2093 1972)
4(2081 2082 2093 2092)
4(1962 1973 2094 2083)
4(1972 2093 2094 1973)
4(2082 2083 2094 2093)
4(1963 1974 2095 2084)
4(1973 2094 2095 1974)
4(2083 2084 2095 2094)
4(1964 1975 2096 2085)
4(1974 2095 2096 1975)
4(2084 2085 2096 2095)
4(1965 1976 2097 2086)
4(1975 2096 2097 1976)
4(2085 2086 2097 2096)
4(1966 1977 2098 2087)
4(1976 2097 2098 1977)
4(2086 2087 2098 2097)
4(1967 1978 2099 2088)
4(1977 2098 2099 1978)
4(2087 2088 2099 2098)
4(1978 2099 2100 1979)
4(2088 2089 2100 2099)
4(1968 1979 2100 2089)
4(1970 1981 2102 2091)
4(1980 2101 2102 1981)
4(2090 2091 2102 2101)
4(1969 2090 2101 1980)
4(1971 1982 2103 2092)
4(1981 2102 2103 1982)
4(2091 2092 2103 2102)
4(1972 1983 2104 2093)
4(1982 2103 2104 1983)
4(2092 2093 2104 2103)
4(1973 1984 2105 2094)
4(1983 2104 2105 1984)
4(2093 2094 2105 2104)
4(1974 1985 2106 2095)
4(1984 2105 2106 1985)
4(2094 2095 2106 2105)
4(1975 1986 2107 2096)
4(1985 2106 2107 1986)
4(2095 2096 2107 2106)
4(1976 1987 2108 2097)
4(1986 2107 2108 1987)
4(2096 2097 2108 2107)
4(1977 1988 2109 2098)
4(1987 2108 2109 1988)
4(2097 2098 2109 2108)
4(1978 1989 2110 2099)
4(1988 2109 2110 1989)
4(2098 2099 2110 2109)
4(1989 2110 2111 1990)
4(2099 2100 2111 2110)
4(1979 1990 2111 2100)
4(1981 1992 2113 2102)
4(1991 2112 2113 1992)
4(2101 2102 2113 2112)
4(1980 2101 2112 1991)
4(1982 1993 2114 2103)
4(1992 2113 2114 1993)
4(2102 2103 2114 2113)
4(1983 1994 2115 2104)
4(1993 2114 2115 1994)
4(2103 2104 2115 2114)
4(1984 1995 2116 2105)
4(1994 2115 2116 1995)
4(2104 2105 2116 2115)
4(1985 1996 2117 2106)
4(1995 2116 2117 1996)
4(2105 2106 2117 2116)
4(1986 1997 2118 2107)
4(1996 2117 2118 1997)
4(2106 2107 2118 2117)
4(1987 1998 2119 2108)
4(1997 2118 2119 1998)
4(2107 2108 2119 2118)
4(1988 1999 2120 2109)
4(1998 2119 2120 1999)
4(2108 2109 2120 2119)
4(1989 2000 2121 2110)
4(1999 2120 2121 2000)
4(2109 2110 2121 2120)
4(2000 2121 2122 2001)
4(2110 2111 2122 2121)
4(1990 2001 2122 2111)
4(1992 2003 2124 2113)
4(2002 2123 2124 2003)
4(2112 2113 2124 2123)
4(1991 2112 2123 2002)
4(1993 2004 2125 2114)
4(2003 2124 2125 2004)
4(2113 2114 2125 2124)
4(1994 2005 2126 2115)
4(2004 2125 2126 2005)
4(2114 2115 2126 2125)
4(1995 2006 2127 2116)
4(2005 2126 2127 2006)
4(2115 2116 2127 2126)
4(1996 2007 2128 2117)
4(2006 2127 2128 2007)
4(2116 2117 2128 2127)
4(1997 2008 2129 2118)
4(2007 2128 2129 2008)
4(2117 2118 2129 2128)
4(1998 2009 2130 2119)
4(2008 2129 2130 2009)
4(2118 2119 2130 2129)
4(1999 2010 2131 2120)
4(2009 2130 2131 2010)
4(2119 2120 2131 2130)
4(2000 2011 2132 2121)
4(2010 2131 2132 2011)
4(2120 2121 2132 2131)
4(2011 2132 2133 2012)
4(2121 2122 2133 2132)
4(2001 2012 2133 2122)
4(2003 2014 2135 2124)
4(2013 2134 2135 2014)
4(2123 2124 2135 2134)
4(2002 2123 2134 2013)
4(2004 2015 2136 2125)
4(2014 2135 2136 2015)
4(2124 2125 2136 2135)
4(2005 2016 2137 2126)
4(2015 2136 2137 2016)
4(2125 2126 2137 2136)
4(2006 2017 2138 2127)
4(2016 2137 2138 2017)
4(2126 2127 2138 2137)
4(2007 2018 2139 2128)
4(2017 2138 2139 2018)
4(2127 2128 2139 2138)
4(2008 2019 2140 2129)
4(2018 2139 2140 2019)
4(2128 2129 2140 2139)
4(2009 2020 2141 2130)
4(2019 2140 2141 2020)
4(2129 2130 2141 2140)
4(2010 2021 2142 2131)
4(2020 2141 2142 2021)
4(2130 2131 2142 2141)
4(2011 2022 2143 2132)
4(2021 2142 2143 2022)
4(2131 2132 2143 2142)
4(2022 2143 2144 2023)
4(2132 2133 2144 2143)
4(2012 2023 2144 2133)
4(2014 2025 2146 2135)
4(2024 2145 2146 2025)
4(2134 2135 2146 2145)
4(2013 2134 2145 2024)
4(2015 2026 2147 2136)
4(2025 2146 2147 2026)
4(2135 2136 2147 2146)
4(2016 2027 2148 2137)
4(2026 2147 2148 2027)
4(2136 2137 2148 2147)
4(2017 2028 2149 2138)
4(2027 2148 2149 2028)
4(2137 2138 2149 2148)
4(2018 2029 2150 2139)
4(2028 2149 2150 2029)
4(2138 2139 2150 2149)
4(2019 2030 2151 2140)
4(2029 2150 2151 2030)
4(2139 2140 2151 2150)
4(2020 2031 2152 2141)
4(2030 2151 2152 2031)
4(2140 2141 2152 2151)
4(2021 2032 2153 2142)
4(2031 2152 2153 2032)
4(2141 2142 2153 2152)
4(2022 2033 2154 2143)
4(2032 2153 2154 2033)
4(2142 2143 2154 2153)
4(2033 2154 2155 2034)
4(2143 2144 2155 2154)
4(2023 2034 2155 2144)
4(2025 2036 2157 2146)
4(2035 2156 2157 2036)
4(2145 2146 2157 2156)
4(2024 2145 2156 2035)
4(2026 2037 2158 2147)
4(2036 2157 2158 2037)
4(2146 2147 2158 2157)
4(2027 2038 2159 2148)
4(2037 2158 2159 2038)
4(2147 2148 2159 2158)
4(2028 2039 2160 2149)
4(2038 2159 2160 2039)
4(2148 2149 2160 2159)
4(2029 2040 2161 2150)
4(2039 2160 2161 2040)
4(2149 2150 2161 2160)
4(2030 2041 2162 2151)
4(2040 2161 2162 2041)
4(2150 2151 2162 2161)
4(2031 2042 2163 2152)
4(2041 2162 2163 2042)
4(2151 2152 2163 2162)
4(2032 2043 2164 2153)
4(2042 2163 2164 2043)
4(2152 2153 2164 2163)
4(2033 2044 2165 2154)
4(2043 2164 2165 2044)
4(2153 2154 2165 2164)
4(2044 2165 2166 2045)
4(2154 2155 2166 2165)
4(2034 2045 2166 2155)
4(2036 2047 2168 2157)
4(2156 2157 2168 2167)
4(2035 2156 2167 2046)
4(2046 2167 2168 2047)
4(2037 2048 2169 2158)
4(2157 2158 2169 2168)
4(2047 2168 2169 2048)
4(2038 2049 2170 2159)
4(2158 2159 2170 2169)
4(2048 2169 2170 2049)
4(2039 2050 2171 2160)
4(2159 2160 2171 2170)
4(2049 2170 2171 2050)
4(2040 2051 2172 2161)
4(2160 2161 2172 2171)
4(2050 2171 2172 2051)
4(2041 2052 2173 2162)
4(2161 2162 2173 2172)
4(2051 2172 2173 2052)
4(2042 2053 2174 2163)
4(2162 2163 2174 2173)
4(2052 2173 2174 2053)
4(2043 2054 2175 2164)
4(2163 2164 2175 2174)
4(2053 2174 2175 2054)
4(2044 2055 2176 2165)
4(2164 2165 2176 2175)
4(2054 2175 2176 2055)
4(2165 2166 2177 2176)
4(2045 2056 2177 2166)
4(2055 2176 2177 2056)
4(2058 2069 2190 2179)
4(2068 2189 2190 2069)
4(2178 2179 2190 2189)
4(2057 2178 2189 2068)
4(2057 2058 2179 2178)
4(2059 2070 2191 2180)
4(2069 2190 2191 2070)
4(2179 2180 2191 2190)
4(2058 2059 2180 2179)
4(2060 2071 2192 2181)
4(2070 2191 2192 2071)
4(2180 2181 2192 2191)
4(2059 2060 2181 2180)
4(2061 2072 2193 2182)
4(2071 2192 2193 2072)
4(2181 2182 2193 2192)
4(2060 2061 2182 2181)
4(2062 2073 2194 2183)
4(2072 2193 2194 2073)
4(2182 2183 2194 2193)
4(2061 2062 2183 2182)
4(2063 2074 2195 2184)
4(2073 2194 2195 2074)
4(2183 2184 2195 2194)
4(2062 2063 2184 2183)
4(2064 2075 2196 2185)
4(2074 2195 2196 2075)
4(2184 2185 2196 2195)
4(2063 2064 2185 2184)
4(2065 2076 2197 2186)
4(2075 2196 2197 2076)
4(2185 2186 2197 2196)
4(2064 2065 2186 2185)
4(2066 2077 2198 2187)
4(2076 2197 2198 2077)
4(2186 2187 2198 2197)
4(2065 2066 2187 2186)
4(2077 2198 2199 2078)
4(2187 2188 2199 2198)
4(2066 2067 2188 2187)
4(2067 2078 2199 2188)
4(2069 2080 2201 2190)
4(2079 2200 2201 2080)
4(2189 2190 2201 2200)
4(2068 2189 2200 2079)
4(2070 2081 2202 2191)
4(2080 2201 2202 2081)
4(2190 2191 2202 2201)
4(2071 2082 2203 2192)
4(2081 2202 2203 2082)
4(2191 2192 2203 2202)
4(2072 2083 2204 2193)
4(2082 2203 2204 2083)
4(2192 2193 2204 2203)
4(2073 2084 2205 2194)
4(2083 2204 2205 2084)
4(2193 2194 2205 2204)
4(2074 2085 2206 2195)
4(2084 2205 2206 2085)
4(2194 2195 2206 2205)
4(2075 2086 2207 2196)
4(2085 2206 2207 2086)
4(2195 2196 2207 2206)
4(2076 2087 2208 2197)
4(2086 2207 2208 2087)
4(2196 2197 2208 2207)
4(2077 2088 2209 2198)
4(2087 2208 2209 2088)
4(2197 2198 2209 2208)
4(2088 2209 2210 2089)
4(2198 2199 2210 2209)
4(2078 2089 2210 2199)
4(2080 2091 2212 2201)
4(2090 2211 2212 2091)
4(2200 2201 2212 2211)
4(2079 2200 2211 2090)
4(2081 2092 2213 2202)
4(2091 2212 2213 2092)
4(2201 2202 2213 2212)
4(2082 2093 2214 2203)
4(2092 2213 2214 2093)
4(2202 2203 2214 2213)
4(2083 2094 2215 2204)
4(2093 2214 2215 2094)
4(2203 2204 2215 2214)
4(2084 2095 2216 2205)
4(2094 2215 2216 2095)
4(2204 2205 2216 2215)
4(2085 2096 2217 2206)
4(2095 2216 2217 2096)
4(2205 2206 2217 2216)
4(2086 2097 2218 2207)
4(2096 2217 2218 2097)
4(2206 2207 2218 2217)
4(2087 2098 2219 2208)
4(2097 2218 2219 2098)
4(2207 2208 2219 2218)
4(2088 2099 2220 2209)
4(2098 2219 2220 2099)
4(2208 2209 2220 2219)
4(2099 2220 2221 2100)
4(2209 2210 2221 2220)
4(2089 2100 2221 2210)
4(2091 2102 2223 2212)
4(2101 2222 2223 2102)
4(2211 2212 2223 2222)
4(2090 2211 2222 2101)
4(2092 2103 2224 2213)
4(2102 2223 2224 2103)
4(2212 2213 2224 2223)
4(2093 2104 2225 2214)
4(2103 2224 2225 2104)
4(2213 2214 2225 2224)
4(2094 2105 2226 2215)
4(2104 2225 2226 2105)
4(2214 2215 2226 2225)
4(2095 2106 2227 2216)
4(2105 2226 2227 2106)
4(2215 2216 2227 2226)
4(2096 2107 2228 2217)
4(2106 2227 2228 2107)
4(2216 2217 2228 2227)
4(2097 2108 2229 2218)
4(2107 2228 2229 2108)
4(2217 2218 2229 2228)
4(2098 2109 2230 2219)
4(2108 2229 2230 2109)
4(2218 2219 2230 2229)
4(2099 2110 2231 2220)
4(2109 2230 2231 2110)
4(2219 2220 2231 2230)
4(2110 2231 2232 2111)
4(2220 2221 2232 2231)
4(2100 2111 2232 2221)
4(2102 2113 2234 2223)
4(2112 2233 2234 2113)
4(2222 2223 2234 2233)
4(2101 2222 2233 2112)
4(2103 2114 2235 2224)
4(2113 2234 2235 2114)
4(2223 2224 2235 2234)
4(2104 2115 2236 2225)
4(2114 2235 2236 2115)
4(2224 2225 2236 2235)
4(2105 2116 2237 2226)
4(2115 2236 2237 2116)
4(2225 2226 2237 2236)
4(2106 2117 2238 2227)
4(2116 2237 2238 2117)
4(2226 2227 2238 2237)
4(2107 2118 2239 2228)
4(2117 2238 2239 2118)
4(2227 2228 2239 2238)
4(2108 2119 2240 2229)
4(2118 2239 2240 2119)
4(2228 2229 2240 2239)
4(2109 2120 2241 2230)
4(2119 2240 2241 2120)
4(2229 2230 2241 2240)
4(2110 2121 2242 2231)
4(2120 2241 2242 2121)
4(2230 2231 2242 2241)
4(2121 2242 2243 2122)
4(2231 2232 2243 2242)
4(2111 2122 2243 2232)
4(2113 2124 2245 2234)
4(2123 2244 2245 2124)
4(2233 2234 2245 2244)
4(2112 2233 2244 2123)
4(2114 2125 2246 2235)
4(2124 2245 2246 2125)
4(2234 2235 2246 2245)
4(2115 2126 2247 2236)
4(2125 2246 2247 2126)
4(2235 2236 2247 2246)
4(2116 2127 2248 2237)
4(2126 2247 2248 2127)
4(2236 2237 2248 2247)
4(2117 2128 2249 2238)
4(2127 2248 2249 2128)
4(2237 2238 2249 2248)
4(2118 2129 2250 2239)
4(2128 2249 2250 2129)
4(2238 2239 2250 2249)
4(2119 2130 2251 2240)
4(2129 2250 2251 2130)
4(2239 2240 2251 2250)
4(2120 2131 2252 2241)
4(2130 2251 2252 2131)
4(2240 2241 2252 2251)
4(2121 2132 2253 2242)
4(2131 2252 2253 2132)
4(2241 2242 2253 2252)
4(2132 2253 2254 2133)
4(2242 2243 2254 2253)
4(2122 2133 2254 2243)
4(2124 2135 2256 2245)
4(2134 2255 2256 2135)
4(2244 2245 2256 2255)
4(2123 2244 2255 2134)
4(2125 2136 2257 2246)
4(2135 2256 2257 2136)
4(2245 2246 2257 2256)
4(2126 2137 2258 2247)
4(2136 2257 2258 2137)
4(2246 2247 2258 2257)
4(2127 2138 2259 2248)
4(2137 2258 2259 2138)
4(2247 2248 2259 2258)
4(2128 2139 2260 2249)
4(2138 2259 2260 2139)
4(2248 2249 2260 2259)
4(2129 2140 2261 2250)
4(2139 2260 2261 2140)
4(2249 2250 2261 2260)
4(2130 2141 2262 2251)
4(2140 2261 2262 2141)
4(2250 2251 2262 2261)
4(2131 2142 2263 2252)
4(2141 2262 2263 2142)
4(2251 2252 2263 2262)
4(2132 2143 2264 2253)
4(2142 2263 2264 2143)
4(2252 2253 2264 2263)
4(2143 2264 2265 2144)
4(2253 2254 2265 2264)
4(2133 2144 2265 2254)
4(2135 2146 2267 2256)
4(2145 2266 2267 2146)
4(2255 2256 2267 2266)
4(2134 2255 2266 2145)
4(2136 2147 2268 2257)
4(2146 2267 2268 2147)
4(2256 2257 2268 2267)
4(2137 2148 2269 2258)
4(2147 2268 2269 2148)
4(2257 2258 2269 2268)
4(2138 2149 2270 2259)
4(2148 2269 2270 2149)
4(2258 2259 2270 2269)
4(2139 2150 2271 2260)
4(2149 2270 2271 2150)
4(2259 2260 2271 2270)
4(2140 2151 2272 2261)
4(2150 2271 2272 2151)
4(2260 2261 2272 2271)
4(2141 2152 2273 2262)
4(2151 2272 2273 2152)
4(2261 2262 2273 2272)
4(2142 2153 2274 2263)
4(2152 2273 2274 2153)
4(2262 2263 2274 2273)
4(2143 2154 2275 2264)
4(2153 2274 2275 2154)
4(2263 2264 2275 2274)
4(2154 2275 2276 2155)
4(2264 2265 2276 2275)
4(2144 2155 2276 2265)
4(2146 2157 2278 2267)
4(2156 2277 2278 2157)
4(2266 2267 2278 2277)
4(2145 2266 2277 2156)
4(2147 2158 2279 2268)
4(2157 2278 2279 2158)
4(2267 2268 2279 2278)
4(2148 2159 2280 2269)
4(2158 2279 2280 2159)
4(2268 2269 2280 2279)
4(2149 2160 2281 2270)
4(2159 2280 2281 2160)
4(2269 2270 2281 2280)
4(2150 2161 2282 2271)
4(2160 2281 2282 2161)
4(2270 2271 2282 2281)
4(2151 2162 2283 2272)
4(2161 2282 2283 2162)
4(2271 2272 2283 2282)
4(2152 2163 2284 2273)
4(2162 2283 2284 2163)
4(2272 2273 2284 2283)
4(2153 2164 2285 2274)
4(2163 2284 2285 2164)
4(2273 2274 2285 2284)
4(2154 2165 2286 2275)
4(2164 2285 2286 2165)
4(2274 2275 2286 2285)
4(2165 2286 2287 2166)
4(2275 2276 2287 2286)
4(2155 2166 2287 2276)
4(2157 2168 2289 2278)
4(2277 2278 2289 2288)
4(2156 2277 2288 2167)
4(2167 2288 2289 2168)
4(2158 2169 2290 2279)
4(2278 2279 2290 2289)
4(2168 2289 2290 2169)
4(2159 2170 2291 2280)
4(2279 2280 2291 2290)
4(2169 2290 2291 2170)
4(2160 2171 2292 2281)
4(2280 2281 2292 2291)
4(2170 2291 2292 2171)
4(2161 2172 2293 2282)
4(2281 2282 2293 2292)
4(2171 2292 2293 2172)
4(2162 2173 2294 2283)
4(2282 2283 2294 2293)
4(2172 2293 2294 2173)
4(2163 2174 2295 2284)
4(2283 2284 2295 2294)
4(2173 2294 2295 2174)
4(2164 2175 2296 2285)
4(2284 2285 2296 2295)
4(2174 2295 2296 2175)
4(2165 2176 2297 2286)
4(2285 2286 2297 2296)
4(2175 2296 2297 2176)
4(2286 2287 2298 2297)
4(2166 2177 2298 2287)
4(2176 2297 2298 2177)
4(2179 2190 2311 2300)
4(2189 2310 2311 2190)
4(2299 2300 2311 2310)
4(2178 2299 2310 2189)
4(2178 2179 2300 2299)
4(2180 2191 2312 2301)
4(2190 2311 2312 2191)
4(2300 2301 2312 2311)
4(2179 2180 2301 2300)
4(2181 2192 2313 2302)
4(2191 2312 2313 2192)
4(2301 2302 2313 2312)
4(2180 2181 2302 2301)
4(2182 2193 2314 2303)
4(2192 2313 2314 2193)
4(2302 2303 2314 2313)
4(2181 2182 2303 2302)
4(2183 2194 2315 2304)
4(2193 2314 2315 2194)
4(2303 2304 2315 2314)
4(2182 2183 2304 2303)
4(2184 2195 2316 2305)
4(2194 2315 2316 2195)
4(2304 2305 2316 2315)
4(2183 2184 2305 2304)
4(2185 2196 2317 2306)
4(2195 2316 2317 2196)
4(2305 2306 2317 2316)
4(2184 2185 2306 2305)
4(2186 2197 2318 2307)
4(2196 2317 2318 2197)
4(2306 2307 2318 2317)
4(2185 2186 2307 2306)
4(2187 2198 2319 2308)
4(2197 2318 2319 2198)
4(2307 2308 2319 2318)
4(2186 2187 2308 2307)
4(2198 2319 2320 2199)
4(2308 2309 2320 2319)
4(2187 2188 2309 2308)
4(2188 2199 2320 2309)
4(2190 2201 2322 2311)
4(2200 2321 2322 2201)
4(2310 2311 2322 2321)
4(2189 2310 2321 2200)
4(2191 2202 2323 2312)
4(2201 2322 2323 2202)
4(2311 2312 2323 2322)
4(2192 2203 2324 2313)
4(2202 2323 2324 2203)
4(2312 2313 2324 2323)
4(2193 2204 2325 2314)
4(2203 2324 2325 2204)
4(2313 2314 2325 2324)
4(2194 2205 2326 2315)
4(2204 2325 2326 2205)
4(2314 2315 2326 2325)
4(2195 2206 2327 2316)
4(2205 2326 2327 2206)
4(2315 2316 2327 2326)
4(2196 2207 2328 2317)
4(2206 2327 2328 2207)
4(2316 2317 2328 2327)
4(2197 2208 2329 2318)
4(2207 2328 2329 2208)
4(2317 2318 2329 2328)
4(2198 2209 2330 2319)
4(2208 2329 2330 2209)
4(2318 2319 2330 2329)
4(2209 2330 2331 2210)
4(2319 2320 2331 2330)
4(2199 2210 2331 2320)
4(2201 2212 2333 2322)
4(2211 2332 2333 2212)
4(2321 2322 2333 2332)
4(2200 2321 2332 2211)
4(2202 2213 2334 2323)
4(2212 2333 2334 2213)
4(2322 2323 2334 2333)
4(2203 2214 2335 2324)
4(2213 2334 2335 2214)
4(2323 2324 2335 2334)
4(2204 2215 2336 2325)
4(2214 2335 2336 2215)
4(2324 2325 2336 2335)
4(2205 2216 2337 2326)
4(2215 2336 2337 2216)
4(2325 2326 2337 2336)
4(2206 2217 2338 2327)
4(2216 2337 2338 2217)
4(2326 2327 2338 2337)
4(2207 2218 2339 2328)
4(2217 2338 2339 2218)
4(2327 2328 2339 2338)
4(2208 2219 2340 2329)
4(2218 2339 2340 2219)
4(2328 2329 2340 2339)
4(2209 2220 2341 2330)
4(2219 2340 2341 2220)
4(2329 2330 2341 2340)
4(2220 2341 2342 2221)
4(2330 2331 2342 2341)
4(2210 2221 2342 2331)
4(2212 2223 2344 2333)
4(2222 2343 2344 2223)
4(2332 2333 2344 2343)
4(2211 2332 2343 2222)
4(2213 2224 2345 2334)
4(2223 2344 2345 2224)
4(2333 2334 2345 2344)
4(2214 2225 2346 2335)
4(2224 2345 2346 2225)
4(2334 2335 2346 2345)
4(2215 2226 2347 2336)
4(2225 2346 2347 2226)
4(2335 2336 2347 2346)
4(2216 2227 2348 2337)
4(2226 2347 2348 2227)
4(2336 2337 2348 2347)
4(2217 2228 2349 2338)
4(2227 2348 2349 2228)
4(2337 2338 2349 2348)
4(2218 2229 2350 2339)
4(2228 2349 2350 2229)
4(2338 2339 2350 2349)
4(2219 2230 2351 2340)
4(2229 2350 2351 2230)
4(2339 2340 2351 2350)
4(2220 2231 2352 2341)
4(2230 2351 2352 2231)
4(2340 2341 2352 2351)
4(2231 2352 2353 2232)
4(2341 2342 2353 2352)
4(2221 2232 2353 2342)
4(2223 2234 2355 2344)
4(2233 2354 2355 2234)
4(2343 2344 2355 2354)
4(2222 2343 2354 2233)
4(2224 2235 2356 2345)
4(2234 2355 2356 2235)
4(2344 2345 2356 2355)
4(2225 2236 2357 2346)
4(2235 2356 2357 2236)
4(2345 2346 2357 2356)
4(2226 2237 2358 2347)
4(2236 2357 2358 2237)
4(2346 2347 2358 2357)
4(2227 2238 2359 2348)
4(2237 2358 2359 2238)
4(2347 2348 2359 2358)
4(2228 2239 2360 2349)
4(2238 2359 2360 2239)
4(2348 2349 2360 2359)
4(2229 2240 2361 2350)
4(2239 2360 2361 2240)
4(2349 2350 2361 2360)
4(2230 2241 2362 2351)
4(2240 2361 2362 2241)
4(2350 2351 2362 2361)
4(2231 2242 2363 2352)
4(2241 2362 2363 2242)
4(2351 2352 2363 2362)
4(2242 2363 2364 2243)
4(2352 2353 2364 2363)
4(2232 2243 2364 2353)
4(2234 2245 2366 2355)
4(2244 2365 2366 2245)
4(2354 2355 2366 2365)
4(2233 2354 2365 2244)
4(2235 2246 2367 2356)
4(2245 2366 2367 2246)
4(2355 2356 2367 2366)
4(2236 2247 2368 2357)
4(2246 2367 2368 2247)
4(2356 2357 2368 2367)
4(2237 2248 2369 2358)
4(2247 2368 2369 2248)
4(2357 2358 2369 2368)
4(2238 2249 2370 2359)
4(2248 2369 2370 2249)
4(2358 2359 2370 2369)
4(2239 2250 2371 2360)
4(2249 2370 2371 2250)
4(2359 2360 2371 2370)
4(2240 2251 2372 2361)
4(2250 2371 2372 2251)
4(2360 2361 2372 2371)
4(2241 2252 2373 2362)
4(2251 2372 2373 2252)
4(2361 2362 2373 2372)
4(2242 2253 2374 2363)
4(2252 2373 2374 2253)
4(2362 2363 2374 2373)
4(2253 2374 2375 2254)
4(2363 2364 2375 2374)
4(2243 2254 2375 2364)
4(2245 2256 2377 2366)
4(2255 2376 2377 2256)
4(2365 2366 2377 2376)
4(2244 2365 2376 2255)
4(2246 2257 2378 2367)
4(2256 2377 2378 2257)
4(2366 2367 2378 2377)
4(2247 2258 2379 2368)
4(2257 2378 2379 2258)
4(2367 2368 2379 2378)
4(2248 2259 2380 2369)
4(2258 2379 2380 2259)
4(2368 2369 2380 2379)
4(2249 2260 2381 2370)
4(2259 2380 2381 2260)
4(2369 2370 2381 2380)
4(2250 2261 2382 2371)
4(2260 2381 2382 2261)
4(2370 2371 2382 2381)
4(2251 2262 2383 2372)
4(2261 2382 2383 2262)
4(2371 2372 2383 2382)
4(2252 2263 2384 2373)
4(2262 2383 2384 2263)
4(2372 2373 2384 2383)
4(2253 2264 2385 2374)
4(2263 2384 2385 2264)
4(2373 2374 2385 2384)
4(2264 2385 2386 2265)
4(2374 2375 2386 2385)
4(2254 2265 2386 2375)
4(2256 2267 2388 2377)
4(2266 2387 2388 2267)
4(2376 2377 2388 2387)
4(2255 2376 2387 2266)
4(2257 2268 2389 2378)
4(2267 2388 2389 2268)
4(2377 2378 2389 2388)
4(2258 2269 2390 2379)
4(2268 2389 2390 2269)
4(2378 2379 2390 2389)
4(2259 2270 2391 2380)
4(2269 2390 2391 2270)
4(2379 2380 2391 2390)
4(2260 2271 2392 2381)
4(2270 2391 2392 2271)
4(2380 2381 2392 2391)
4(2261 2272 2393 2382)
4(2271 2392 2393 2272)
4(2381 2382 2393 2392)
4(2262 2273 2394 2383)
4(2272 2393 2394 2273)
4(2382 2383 2394 2393)
4(2263 2274 2395 2384)
4(2273 2394 2395 2274)
4(2383 2384 2395 2394)
4(2264 2275 2396 2385)
4(2274 2395 2396 2275)
4(2384 2385 2396 2395)
4(2275 2396 2397 2276)
4(2385 2386 2397 2396)
4(2265 2276 2397 2386)
4(2267 2278 2399 2388)
4(2277 2398 2399 2278)
4(2387 2388 2399 2398)
4(2266 2387 2398 2277)
4(2268 2279 2400 2389)
4(2278 2399 2400 2279)
4(2388 2389 2400 2399)
4(2269 2280 2401 2390)
4(2279 2400 2401 2280)
4(2389 2390 2401 2400)
4(2270 2281 2402 2391)
4(2280 2401 2402 2281)
4(2390 2391 2402 2401)
4(2271 2282 2403 2392)
4(2281 2402 2403 2282)
4(2391 2392 2403 2402)
4(2272 2283 2404 2393)
4(2282 2403 2404 2283)
4(2392 2393 2404 2403)
4(2273 2284 2405 2394)
4(2283 2404 2405 2284)
4(2393 2394 2405 2404)
4(2274 2285 2406 2395)
4(2284 2405 2406 2285)
4(2394 2395 2406 2405)
4(2275 2286 2407 2396)
4(2285 2406 2407 2286)
4(2395 2396 2407 2406)
4(2286 2407 2408 2287)
4(2396 2397 2408 2407)
4(2276 2287 2408 2397)
4(2278 2289 2410 2399)
4(2398 2399 2410 2409)
4(2277 2398 2409 2288)
4(2288 2409 2410 2289)
4(2279 2290 2411 2400)
4(2399 2400 2411 2410)
4(2289 2410 2411 2290)
4(2280 2291 2412 2401)
4(2400 2401 2412 2411)
4(2290 2411 2412 2291)
4(2281 2292 2413 2402)
4(2401 2402 2413 2412)
4(2291 2412 2413 2292)
4(2282 2293 2414 2403)
4(2402 2403 2414 2413)
4(2292 2413 2414 2293)
4(2283 2294 2415 2404)
4(2403 2404 2415 2414)
4(2293 2414 2415 2294)
4(2284 2295 2416 2405)
4(2404 2405 2416 2415)
4(2294 2415 2416 2295)
4(2285 2296 2417 2406)
4(2405 2406 2417 2416)
4(2295 2416 2417 2296)
4(2286 2297 2418 2407)
4(2406 2407 2418 2417)
4(2296 2417 2418 2297)
4(2407 2408 2419 2418)
4(2287 2298 2419 2408)
4(2297 2418 2419 2298)
4(2300 2311 2432 2421)
4(2310 2431 2432 2311)
4(2420 2421 2432 2431)
4(2299 2420 2431 2310)
4(2299 2300 2421 2420)
4(2301 2312 2433 2422)
4(2311 2432 2433 2312)
4(2421 2422 2433 2432)
4(2300 2301 2422 2421)
4(2302 2313 2434 2423)
4(2312 2433 2434 2313)
4(2422 2423 2434 2433)
4(2301 2302 2423 2422)
4(2303 2314 2435 2424)
4(2313 2434 2435 2314)
4(2423 2424 2435 2434)
4(2302 2303 2424 2423)
4(2304 2315 2436 2425)
4(2314 2435 2436 2315)
4(2424 2425 2436 2435)
4(2303 2304 2425 2424)
4(2305 2316 2437 2426)
4(2315 2436 2437 2316)
4(2425 2426 2437 2436)
4(2304 2305 2426 2425)
4(2306 2317 2438 2427)
4(2316 2437 2438 2317)
4(2426 2427 2438 2437)
4(2305 2306 2427 2426)
4(2307 2318 2439 2428)
4(2317 2438 2439 2318)
4(2427 2428 2439 2438)
4(2306 2307 2428 2427)
4(2308 2319 2440 2429)
4(2318 2439 2440 2319)
4(2428 2429 2440 2439)
4(2307 2308 2429 2428)
4(2319 2440 2441 2320)
4(2429 2430 2441 2440)
4(2308 2309 2430 2429)
4(2309 2320 2441 2430)
4(2311 2322 2443 2432)
4(2321 2442 2443 2322)
4(2431 2432 2443 2442)
4(2310 2431 2442 2321)
4(2312 2323 2444 2433)
4(2322 2443 2444 2323)
4(2432 2433 2444 2443)
4(2313 2324 2445 2434)
4(2323 2444 2445 2324)
4(2433 2434 2445 2444)
4(2314 2325 2446 2435)
4(2324 2445 2446 2325)
4(2434 2435 2446 2445)
4(2315 2326 2447 2436)
4(2325 2446 2447 2326)
4(2435 2436 2447 2446)
4(2316 2327 2448 2437)
4(2326 2447 2448 2327)
4(2436 2437 2448 2447)
4(2317 2328 2449 2438)
4(2327 2448 2449 2328)
4(2437 2438 2449 2448)
4(2318 2329 2450 2439)
4(2328 2449 2450 2329)
4(2438 2439 2450 2449)
4(2319 2330 2451 2440)
4(2329 2450 2451 2330)
4(2439 2440 2451 2450)
4(2330 2451 2452 2331)
4(2440 2441 2452 2451)
4(2320 2331 2452 2441)
4(2322 2333 2454 2443)
4(2332 2453 2454 2333)
4(2442 2443 2454 2453)
4(2321 2442 2453 2332)
4(2323 2334 2455 2444)
4(2333 2454 2455 2334)
4(2443 2444 2455 2454)
4(2324 2335 2456 2445)
4(2334 2455 2456 2335)
4(2444 2445 2456 2455)
4(2325 2336 2457 2446)
4(2335 2456 2457 2336)
4(2445 2446 2457 2456)
4(2326 2337 2458 2447)
4(2336 2457 2458 2337)
4(2446 2447 2458 2457)
4(2327 2338 2459 2448)
4(2337 2458 2459 2338)
4(2447 2448 2459 2458)
4(2328 2339 2460 2449)
4(2338 2459 2460 2339)
4(2448 2449 2460 2459)
4(2329 2340 2461 2450)
4(2339 2460 2461 2340)
4(2449 2450 2461 2460)
4(2330 2341 2462 2451)
4(2340 2461 2462 2341)
4(2450 2451 2462 2461)
4(2341 2462 2463 2342)
4(2451 2452 2463 2462)
4(2331 2342 2463 2452)
4(2333 2344 2465 2454)
4(2343 2464 2465 2344)
4(2453 2454 2465 2464)
4(2332 2453 2464 2343)
4(2334 2345 2466 2455)
4(2344 2465 2466 2345)
4(2454 2455 2466 2465)
4(2335 2346 2467 2456)
4(2345 2466 2467 2346)
4(2455 2456 2467 2466)
4(2336 2347 2468 2457)
4(2346 2467 2468 2347)
4(2456 2457 2468 2467)
4(2337 2348 2469 2458)
4(2347 2468 2469 2348)
4(2457 2458 2469 2468)
4(2338 2349 2470 2459)
4(2348 2469 2470 2349)
4(2458 2459 2470 2469)
4(2339 2350 2471 2460)
4(2349 2470 2471 2350)
4(2459 2460 2471 2470)
4(2340 2351 2472 2461)
4(2350 2471 2472 2351)
4(2460 2461 2472 2471)
4(2341 2352 2473 2462)
4(2351 2472 2473 2352)
4(2461 2462 2473 2472)
4(2352 2473 2474 2353)
4(2462 2463 2474 2473)
4(2342 2353 2474 2463)
4(2344 2355 2476 2465)
4(2354 2475 2476 2355)
4(2464 2465 2476 2475)
4(2343 2464 2475 2354)
4(2345 2356 2477 2466)
4(2355 2476 2477 2356)
4(2465 2466 2477 2476)
4(2346 2357 2478 2467)
4(2356 2477 2478 2357)
4(2466 2467 2478 2477)
4(2347 2358 2479 2468)
4(2357 2478 2479 2358)
4(2467 2468 2479 2478)
4(2348 2359 2480 2469)
4(2358 2479 2480 2359)
4(2468 2469 2480 2479)
4(2349 2360 2481 2470)
4(2359 2480 2481 2360)
4(2469 2470 2481 2480)
4(2350 2361 2482 2471)
4(2360 2481 2482 2361)
4(2470 2471 2482 2481)
4(2351 2362 2483 2472)
4(2361 2482 2483 2362)
4(2471 2472 2483 2482)
4(2352 2363 2484 2473)
4(2362 2483 2484 2363)
4(2472 2473 2484 2483)
4(2363 2484 2485 2364)
4(2473 2474 2485 2484)
4(2353 2364 2485 2474)
4(2355 2366 2487 2476)
4(2365 2486 2487 2366)
4(2475 2476 2487 2486)
4(2354 2475 2486 2365)
4(2356 2367 2488 2477)
4(2366 2487 2488 2367)
4(2476 2477 2488 2487)
4(2357 2368 2489 2478)
4(2367 2488 2489 2368)
4(2477 2478 2489 2488)
4(2358 2369 2490 2479)
4(2368 2489 2490 2369)
4(2478 2479 2490 2489)
4(2359 2370 2491 2480)
4(2369 2490 2491 2370)
4(2479 2480 2491 2490)
4(2360 2371 2492 2481)
4(2370 2491 2492 2371)
4(2480 2481 2492 2491)
4(2361 2372 2493 2482)
4(2371 2492 2493 2372)
4(2481 2482 2493 2492)
4(2362 2373 2494 2483)
4(2372 2493 2494 2373)
4(2482 2483 2494 2493)
4(2363 2374 2495 2484)
4(2373 2494 2495 2374)
4(2483 2484 2495 2494)
4(2374 2495 2496 2375)
4(2484 2485 2496 2495)
4(2364 2375 2496 2485)
4(2366 2377 2498 2487)
4(2376 2497 2498 2377)
4(2486 2487 2498 2497)
4(2365 2486 2497 2376)
4(2367 2378 2499 2488)
4(2377 2498 2499 2378)
4(2487 2488 2499 2498)
4(2368 2379 2500 2489)
4(2378 2499 2500 2379)
4(2488 2489 2500 2499)
4(2369 2380 2501 2490)
4(2379 2500 2501 2380)
4(2489 2490 2501 2500)
4(2370 2381 2502 2491)
4(2380 2501 2502 2381)
4(2490 2491 2502 2501)
4(2371 2382 2503 2492)
4(2381 2502 2503 2382)
4(2491 2492 2503 2502)
4(2372 2383 2504 2493)
4(2382 2503 2504 2383)
4(2492 2493 2504 2503)
4(2373 2384 2505 2494)
4(2383 2504 2505 2384)
4(2493 2494 2505 2504)
4(2374 2385 2506 2495)
4(2384 2505 2506 2385)
4(2494 2495 2506 2505)
4(2385 2506 2507 2386)
4(2495 2496 2507 2506)
4(2375 2386 2507 2496)
4(2377 2388 2509 2498)
4(2387 2508 2509 2388)
4(2497 2498 2509 2508)
4(2376 2497 2508 2387)
4(2378 2389 2510 2499)
4(2388 2509 2510 2389)
4(2498 2499 2510 2509)
4(2379 2390 2511 2500)
4(2389 2510 2511 2390)
4(2499 2500 2511 2510)
4(2380 2391 2512 2501)
4(2390 2511 2512 2391)
4(2500 2501 2512 2511)
4(2381 2392 2513 2502)
4(2391 2512 2513 2392)
4(2501 2502 2513 2512)
4(2382 2393 2514 2503)
4(2392 2513 2514 2393)
4(2502 2503 2514 2513)
4(2383 2394 2515 2504)
4(2393 2514 2515 2394)
4(2503 2504 2515 2514)
4(2384 2395 2516 2505)
4(2394 2515 2516 2395)
4(2504 2505 2516 2515)
4(2385 2396 2517 2506)
4(2395 2516 2517 2396)
4(2505 2506 2517 2516)
4(2396 2517 2518 2397)
4(2506 2507 2518 2517)
4(2386 2397 2518 2507)
4(2388 2399 2520 2509)
4(2398 2519 2520 2399)
4(2508 2509 2520 2519)
4(2387 2508 2519 2398)
4(2389 2400 2521 2510)
4(2399 2520 2521 2400)
4(2509 2510 2521 2520)
4(2390 2401 2522 2511)
4(2400 2521 2522 2401)
4(2510 2511 2522 2521)
4(2391 2402 2523 2512)
4(2401 2522 2523 2402)
4(2511 2512 2523 2522)
4(2392 2403 2524 2513)
4(2402 2523 2524 2403)
4(2512 2513 2524 2523)
4(2393 2404 2525 2514)
4(2403 2524 2525 2404)
4(2513 2514 2525 2524)
4(2394 2405 2526 2515)
4(2404 2525 2526 2405)
4(2514 2515 2526 2525)
4(2395 2406 2527 2516)
4(2405 2526 2527 2406)
4(2515 2516 2527 2526)
4(2396 2407 2528 2517)
4(2406 2527 2528 2407)
4(2516 2517 2528 2527)
4(2407 2528 2529 2408)
4(2517 2518 2529 2528)
4(2397 2408 2529 2518)
4(2399 2410 2531 2520)
4(2519 2520 2531 2530)
4(2398 2519 2530 2409)
4(2409 2530 2531 2410)
4(2400 2411 2532 2521)
4(2520 2521 2532 2531)
4(2410 2531 2532 2411)
4(2401 2412 2533 2522)
4(2521 2522 2533 2532)
4(2411 2532 2533 2412)
4(2402 2413 2534 2523)
4(2522 2523 2534 2533)
4(2412 2533 2534 2413)
4(2403 2414 2535 2524)
4(2523 2524 2535 2534)
4(2413 2534 2535 2414)
4(2404 2415 2536 2525)
4(2524 2525 2536 2535)
4(2414 2535 2536 2415)
4(2405 2416 2537 2526)
4(2525 2526 2537 2536)
4(2415 2536 2537 2416)
4(2406 2417 2538 2527)
4(2526 2527 2538 2537)
4(2416 2537 2538 2417)
4(2407 2418 2539 2528)
4(2527 2528 2539 2538)
4(2417 2538 2539 2418)
4(2528 2529 2540 2539)
4(2408 2419 2540 2529)
4(2418 2539 2540 2419)
4(2421 2432 2553 2542)
4(2431 2552 2553 2432)
4(2420 2541 2552 2431)
4(2420 2421 2542 2541)
4(2422 2433 2554 2543)
4(2432 2553 2554 2433)
4(2421 2422 2543 2542)
4(2423 2434 2555 2544)
4(2433 2554 2555 2434)
4(2422 2423 2544 2543)
4(2424 2435 2556 2545)
4(2434 2555 2556 2435)
4(2423 2424 2545 2544)
4(2425 2436 2557 2546)
4(2435 2556 2557 2436)
4(2424 2425 2546 2545)
4(2426 2437 2558 2547)
4(2436 2557 2558 2437)
4(2425 2426 2547 2546)
4(2427 2438 2559 2548)
4(2437 2558 2559 2438)
4(2426 2427 2548 2547)
4(2428 2439 2560 2549)
4(2438 2559 2560 2439)
4(2427 2428 2549 2548)
4(2429 2440 2561 2550)
4(2439 2560 2561 2440)
4(2428 2429 2550 2549)
4(2440 2561 2562 2441)
4(2429 2430 2551 2550)
4(2430 2441 2562 2551)
4(2432 2443 2564 2553)
4(2442 2563 2564 2443)
4(2431 2552 2563 2442)
4(2433 2444 2565 2554)
4(2443 2564 2565 2444)
4(2434 2445 2566 2555)
4(2444 2565 2566 2445)
4(2435 2446 2567 2556)
4(2445 2566 2567 2446)
4(2436 2447 2568 2557)
4(2446 2567 2568 2447)
4(2437 2448 2569 2558)
4(2447 2568 2569 2448)
4(2438 2449 2570 2559)
4(2448 2569 2570 2449)
4(2439 2450 2571 2560)
4(2449 2570 2571 2450)
4(2440 2451 2572 2561)
4(2450 2571 2572 2451)
4(2451 2572 2573 2452)
4(2441 2452 2573 2562)
4(2443 2454 2575 2564)
4(2453 2574 2575 2454)
4(2442 2563 2574 2453)
4(2444 2455 2576 2565)
4(2454 2575 2576 2455)
4(2445 2456 2577 2566)
4(2455 2576 2577 2456)
4(2446 2457 2578 2567)
4(2456 2577 2578 2457)
4(2447 2458 2579 2568)
4(2457 2578 2579 2458)
4(2448 2459 2580 2569)
4(2458 2579 2580 2459)
4(2449 2460 2581 2570)
4(2459 2580 2581 2460)
4(2450 2461 2582 2571)
4(2460 2581 2582 2461)
4(2451 2462 2583 2572)
4(2461 2582 2583 2462)
4(2462 2583 2584 2463)
4(2452 2463 2584 2573)
4(2454 2465 2586 2575)
4(2464 2585 2586 2465)
4(2453 2574 2585 2464)
4(2455 2466 2587 2576)
4(2465 2586 2587 2466)
4(2456 2467 2588 2577)
4(2466 2587 2588 2467)
4(2457 2468 2589 2578)
4(2467 2588 2589 2468)
4(2458 2469 2590 2579)
4(2468 2589 2590 2469)
4(2459 2470 2591 2580)
4(2469 2590 2591 2470)
4(2460 2471 2592 2581)
4(2470 2591 2592 2471)
4(2461 2472 2593 2582)
4(2471 2592 2593 2472)
4(2462 2473 2594 2583)
4(2472 2593 2594 2473)
4(2473 2594 2595 2474)
4(2463 2474 2595 2584)
4(2465 2476 2597 2586)
4(2475 2596 2597 2476)
4(2464 2585 2596 2475)
4(2466 2477 2598 2587)
4(2476 2597 2598 2477)
4(2467 2478 2599 2588)
4(2477 2598 2599 2478)
4(2468 2479 2600 2589)
4(2478 2599 2600 2479)
4(2469 2480 2601 2590)
4(2479 2600 2601 2480)
4(2470 2481 2602 2591)
4(2480 2601 2602 2481)
4(2471 2482 2603 2592)
4(2481 2602 2603 2482)
4(2472 2483 2604 2593)
4(2482 2603 2604 2483)
4(2473 2484 2605 2594)
4(2483 2604 2605 2484)
4(2484 2605 2606 2485)
4(2474 2485 2606 2595)
4(2476 2487 2608 2597)
4(2486 2607 2608 2487)
4(2475 2596 2607 2486)
4(2477 2488 2609 2598)
4(2487 2608 2609 2488)
4(2478 2489 2610 2599)
4(2488 2609 2610 2489)
4(2479 2490 2611 2600)
4(2489 2610 2611 2490)
4(2480 2491 2612 2601)
4(2490 2611 2612 2491)
4(2481 2492 2613 2602)
4(2491 2612 2613 2492)
4(2482 2493 2614 2603)
4(2492 2613 2614 2493)
4(2483 2494 2615 2604)
4(2493 2614 2615 2494)
4(2484 2495 2616 2605)
4(2494 2615 2616 2495)
4(2495 2616 2617 2496)
4(2485 2496 2617 2606)
4(2487 2498 2619 2608)
4(2497 2618 2619 2498)
4(2486 2607 2618 2497)
4(2488 2499 2620 2609)
4(2498 2619 2620 2499)
4(2489 2500 2621 2610)
4(2499 2620 2621 2500)
4(2490 2501 2622 2611)
4(2500 2621 2622 2501)
4(2491 2502 2623 2612)
4(2501 2622 2623 2502)
4(2492 2503 2624 2613)
4(2502 2623 2624 2503)
4(2493 2504 2625 2614)
4(2503 2624 2625 2504)
4(2494 2505 2626 2615)
4(2504 2625 2626 2505)
4(2495 2506 2627 2616)
4(2505 2626 2627 2506)
4(2506 2627 2628 2507)
4(2496 2507 2628 2617)
4(2498 2509 2630 2619)
4(2508 2629 2630 2509)
4(2497 2618 2629 2508)
4(2499 2510 2631 2620)
4(2509 2630 2631 2510)
4(2500 2511 2632 2621)
4(2510 2631 2632 2511)
4(2501 2512 2633 2622)
4(2511 2632 2633 2512)
4(2502 2513 2634 2623)
4(2512 2633 2634 2513)
4(2503 2514 2635 2624)
4(2513 2634 2635 2514)
4(2504 2515 2636 2625)
4(2514 2635 2636 2515)
4(2505 2516 2637 2626)
4(2515 2636 2637 2516)
4(2506 2517 2638 2627)
4(2516 2637 2638 2517)
4(2517 2638 2639 2518)
4(2507 2518 2639 2628)
4(2509 2520 2641 2630)
4(2519 2640 2641 2520)
4(2508 2629 2640 2519)
4(2510 2521 2642 2631)
4(2520 2641 2642 2521)
4(2511 2522 2643 2632)
4(2521 2642 2643 2522)
4(2512 2523 2644 2633)
4(2522 2643 2644 2523)
4(2513 2524 2645 2634)
4(2523 2644 2645 2524)
4(2514 2525 2646 2635)
4(2524 2645 2646 2525)
4(2515 2526 2647 2636)
4(2525 2646 2647 2526)
4(2516 2527 2648 2637)
4(2526 2647 2648 2527)
4(2517 2528 2649 2638)
4(2527 2648 2649 2528)
4(2528 2649 2650 2529)
4(2518 2529 2650 2639)
4(2520 2531 2652 2641)
4(2519 2640 2651 2530)
4(2530 2651 2652 2531)
4(2521 2532 2653 2642)
4(2531 2652 2653 2532)
4(2522 2533 2654 2643)
4(2532 2653 2654 2533)
4(2523 2534 2655 2644)
4(2533 2654 2655 2534)
4(2524 2535 2656 2645)
4(2534 2655 2656 2535)
4(2525 2536 2657 2646)
4(2535 2656 2657 2536)
4(2526 2537 2658 2647)
4(2536 2657 2658 2537)
4(2527 2538 2659 2648)
4(2537 2658 2659 2538)
4(2528 2539 2660 2649)
4(2538 2659 2660 2539)
4(2529 2540 2661 2650)
4(2539 2660 2661 2540)
4(2663 2673 2783 2773)
4(2672 2782 2783 2673)
4(2772 2773 2783 2782)
4(2662 2663 2773 2772)
4(2662 2772 2782 2672)
4(2664 2674 2784 2774)
4(2673 2783 2784 2674)
4(2773 2774 2784 2783)
4(2663 2664 2774 2773)
4(2665 2675 2785 2775)
4(2674 2784 2785 2675)
4(2774 2775 2785 2784)
4(2664 2665 2775 2774)
4(2666 2676 2786 2776)
4(2675 2785 2786 2676)
4(2775 2776 2786 2785)
4(2665 2666 2776 2775)
4(2667 2677 2787 2777)
4(2676 2786 2787 2677)
4(2776 2777 2787 2786)
4(2666 2667 2777 2776)
4(2668 2678 2788 2778)
4(2677 2787 2788 2678)
4(2777 2778 2788 2787)
4(2667 2668 2778 2777)
4(2669 2679 2789 2779)
4(2678 2788 2789 2679)
4(2778 2779 2789 2788)
4(2668 2669 2779 2778)
4(2670 2680 2790 2780)
4(2679 2789 2790 2680)
4(2779 2780 2790 2789)
4(2669 2670 2780 2779)
4(2671 2681 2791 2781)
4(2680 2790 2791 2681)
4(2780 2781 2791 2790)
4(2670 2671 2781 2780)
4(2681 2791 1463 1342)
4(2781 1452 1463 2791)
4(2671 1331 1452 2781)
4(2673 2683 2793 2783)
4(2682 2792 2793 2683)
4(2782 2783 2793 2792)
4(2672 2782 2792 2682)
4(2674 2684 2794 2784)
4(2683 2793 2794 2684)
4(2783 2784 2794 2793)
4(2675 2685 2795 2785)
4(2684 2794 2795 2685)
4(2784 2785 2795 2794)
4(2676 2686 2796 2786)
4(2685 2795 2796 2686)
4(2785 2786 2796 2795)
4(2677 2687 2797 2787)
4(2686 2796 2797 2687)
4(2786 2787 2797 2796)
4(2678 2688 2798 2788)
4(2687 2797 2798 2688)
4(2787 2788 2798 2797)
4(2679 2689 2799 2789)
4(2688 2798 2799 2689)
4(2788 2789 2799 2798)
4(2680 2690 2800 2790)
4(2689 2799 2800 2690)
4(2789 2790 2800 2799)
4(2681 2691 2801 2791)
4(2690 2800 2801 2691)
4(2790 2791 2801 2800)
4(2691 2801 1474 1353)
4(2791 1463 1474 2801)
4(2683 2693 2803 2793)
4(2692 2802 2803 2693)
4(2792 2793 2803 2802)
4(2682 2792 2802 2692)
4(2684 2694 2804 2794)
4(2693 2803 2804 2694)
4(2793 2794 2804 2803)
4(2685 2695 2805 2795)
4(2694 2804 2805 2695)
4(2794 2795 2805 2804)
4(2686 2696 2806 2796)
4(2695 2805 2806 2696)
4(2795 2796 2806 2805)
4(2687 2697 2807 2797)
4(2696 2806 2807 2697)
4(2796 2797 2807 2806)
4(2688 2698 2808 2798)
4(2697 2807 2808 2698)
4(2797 2798 2808 2807)
4(2689 2699 2809 2799)
4(2698 2808 2809 2699)
4(2798 2799 2809 2808)
4(2690 2700 2810 2800)
4(2699 2809 2810 2700)
4(2799 2800 2810 2809)
4(2691 2701 2811 2801)
4(2700 2810 2811 2701)
4(2800 2801 2811 2810)
4(2701 2811 1485 1364)
4(2801 1474 1485 2811)
4(2693 2703 2813 2803)
4(2702 2812 2813 2703)
4(2802 2803 2813 2812)
4(2692 2802 2812 2702)
4(2694 2704 2814 2804)
4(2703 2813 2814 2704)
4(2803 2804 2814 2813)
4(2695 2705 2815 2805)
4(2704 2814 2815 2705)
4(2804 2805 2815 2814)
4(2696 2706 2816 2806)
4(2705 2815 2816 2706)
4(2805 2806 2816 2815)
4(2697 2707 2817 2807)
4(2706 2816 2817 2707)
4(2806 2807 2817 2816)
4(2698 2708 2818 2808)
4(2707 2817 2818 2708)
4(2807 2808 2818 2817)
4(2699 2709 2819 2809)
4(2708 2818 2819 2709)
4(2808 2809 2819 2818)
4(2700 2710 2820 2810)
4(2709 2819 2820 2710)
4(2809 2810 2820 2819)
4(2701 2711 2821 2811)
4(2710 2820 2821 2711)
4(2810 2811 2821 2820)
4(2711 2821 1496 1375)
4(2811 1485 1496 2821)
4(2703 2713 2823 2813)
4(2712 2822 2823 2713)
4(2812 2813 2823 2822)
4(2702 2812 2822 2712)
4(2704 2714 2824 2814)
4(2713 2823 2824 2714)
4(2813 2814 2824 2823)
4(2705 2715 2825 2815)
4(2714 2824 2825 2715)
4(2814 2815 2825 2824)
4(2706 2716 2826 2816)
4(2715 2825 2826 2716)
4(2815 2816 2826 2825)
4(2707 2717 2827 2817)
4(2716 2826 2827 2717)
4(2816 2817 2827 2826)
4(2708 2718 2828 2818)
4(2717 2827 2828 2718)
4(2817 2818 2828 2827)
4(2709 2719 2829 2819)
4(2718 2828 2829 2719)
4(2818 2819 2829 2828)
4(2710 2720 2830 2820)
4(2719 2829 2830 2720)
4(2819 2820 2830 2829)
4(2711 2721 2831 2821)
4(2720 2830 2831 2721)
4(2820 2821 2831 2830)
4(2721 2831 1507 1386)
4(2821 1496 1507 2831)
4(2713 2723 2833 2823)
4(2722 2832 2833 2723)
4(2822 2823 2833 2832)
4(2712 2822 2832 2722)
4(2714 2724 2834 2824)
4(2723 2833 2834 2724)
4(2823 2824 2834 2833)
4(2715 2725 2835 2825)
4(2724 2834 2835 2725)
4(2824 2825 2835 2834)
4(2716 2726 2836 2826)
4(2725 2835 2836 2726)
4(2825 2826 2836 2835)
4(2717 2727 2837 2827)
4(2726 2836 2837 2727)
4(2826 2827 2837 2836)
4(2718 2728 2838 2828)
4(2727 2837 2838 2728)
4(2827 2828 2838 2837)
4(2719 2729 2839 2829)
4(2728 2838 2839 2729)
4(2828 2829 2839 2838)
4(2720 2730 2840 2830)
4(2729 2839 2840 2730)
4(2829 2830 2840 2839)
4(2721 2731 2841 2831)
4(2730 2840 2841 2731)
4(2830 2831 2841 2840)
4(2731 2841 1518 1397)
4(2831 1507 1518 2841)
4(2723 2733 2843 2833)
4(2732 2842 2843 2733)
4(2832 2833 2843 2842)
4(2722 2832 2842 2732)
4(2724 2734 2844 2834)
4(2733 2843 2844 2734)
4(2833 2834 2844 2843)
4(2725 2735 2845 2835)
4(2734 2844 2845 2735)
4(2834 2835 2845 2844)
4(2726 2736 2846 2836)
4(2735 2845 2846 2736)
4(2835 2836 2846 2845)
4(2727 2737 2847 2837)
4(2736 2846 2847 2737)
4(2836 2837 2847 2846)
4(2728 2738 2848 2838)
4(2737 2847 2848 2738)
4(2837 2838 2848 2847)
4(2729 2739 2849 2839)
4(2738 2848 2849 2739)
4(2838 2839 2849 2848)
4(2730 2740 2850 2840)
4(2739 2849 2850 2740)
4(2839 2840 2850 2849)
4(2731 2741 2851 2841)
4(2740 2850 2851 2741)
4(2840 2841 2851 2850)
4(2741 2851 1529 1408)
4(2841 1518 1529 2851)
4(2733 2743 2853 2843)
4(2742 2852 2853 2743)
4(2842 2843 2853 2852)
4(2732 2842 2852 2742)
4(2734 2744 2854 2844)
4(2743 2853 2854 2744)
4(2843 2844 2854 2853)
4(2735 2745 2855 2845)
4(2744 2854 2855 2745)
4(2844 2845 2855 2854)
4(2736 2746 2856 2846)
4(2745 2855 2856 2746)
4(2845 2846 2856 2855)
4(2737 2747 2857 2847)
4(2746 2856 2857 2747)
4(2846 2847 2857 2856)
4(2738 2748 2858 2848)
4(2747 2857 2858 2748)
4(2847 2848 2858 2857)
4(2739 2749 2859 2849)
4(2748 2858 2859 2749)
4(2848 2849 2859 2858)
4(2740 2750 2860 2850)
4(2749 2859 2860 2750)
4(2849 2850 2860 2859)
4(2741 2751 2861 2851)
4(2750 2860 2861 2751)
4(2850 2851 2861 2860)
4(2751 2861 1540 1419)
4(2851 1529 1540 2861)
4(2743 2753 2863 2853)
4(2752 2862 2863 2753)
4(2852 2853 2863 2862)
4(2742 2852 2862 2752)
4(2744 2754 2864 2854)
4(2753 2863 2864 2754)
4(2853 2854 2864 2863)
4(2745 2755 2865 2855)
4(2754 2864 2865 2755)
4(2854 2855 2865 2864)
4(2746 2756 2866 2856)
4(2755 2865 2866 2756)
4(2855 2856 2866 2865)
4(2747 2757 2867 2857)
4(2756 2866 2867 2757)
4(2856 2857 2867 2866)
4(2748 2758 2868 2858)
4(2757 2867 2868 2758)
4(2857 2858 2868 2867)
4(2749 2759 2869 2859)
4(2758 2868 2869 2759)
4(2858 2859 2869 2868)
4(2750 2760 2870 2860)
4(2759 2869 2870 2760)
4(2859 2860 2870 2869)
4(2751 2761 2871 2861)
4(2760 2870 2871 2761)
4(2860 2861 2871 2870)
4(2761 2871 1551 1430)
4(2861 1540 1551 2871)
4(2753 2763 2873 2863)
4(2862 2863 2873 2872)
4(2762 2872 2873 2763)
4(2752 2862 2872 2762)
4(2754 2764 2874 2864)
4(2863 2864 2874 2873)
4(2763 2873 2874 2764)
4(2755 2765 2875 2865)
4(2864 2865 2875 2874)
4(2764 2874 2875 2765)
4(2756 2766 2876 2866)
4(2865 2866 2876 2875)
4(2765 2875 2876 2766)
4(2757 2767 2877 2867)
4(2866 2867 2877 2876)
4(2766 2876 2877 2767)
4(2758 2768 2878 2868)
4(2867 2868 2878 2877)
4(2767 2877 2878 2768)
4(2759 2769 2879 2869)
4(2868 2869 2879 2878)
4(2768 2878 2879 2769)
4(2760 2770 2880 2870)
4(2869 2870 2880 2879)
4(2769 2879 2880 2770)
4(2761 2771 2881 2871)
4(2870 2871 2881 2880)
4(2770 2880 2881 2771)
4(2871 1551 1562 2881)
4(2771 2881 1562 1441)
4(2773 2783 2893 2883)
4(2782 2892 2893 2783)
4(2882 2883 2893 2892)
4(2772 2773 2883 2882)
4(2772 2882 2892 2782)
4(2774 2784 2894 2884)
4(2783 2893 2894 2784)
4(2883 2884 2894 2893)
4(2773 2774 2884 2883)
4(2775 2785 2895 2885)
4(2784 2894 2895 2785)
4(2884 2885 2895 2894)
4(2774 2775 2885 2884)
4(2776 2786 2896 2886)
4(2785 2895 2896 2786)
4(2885 2886 2896 2895)
4(2775 2776 2886 2885)
4(2777 2787 2897 2887)
4(2786 2896 2897 2787)
4(2886 2887 2897 2896)
4(2776 2777 2887 2886)
4(2778 2788 2898 2888)
4(2787 2897 2898 2788)
4(2887 2888 2898 2897)
4(2777 2778 2888 2887)
4(2779 2789 2899 2889)
4(2788 2898 2899 2789)
4(2888 2889 2899 2898)
4(2778 2779 2889 2888)
4(2780 2790 2900 2890)
4(2789 2899 2900 2790)
4(2889 2890 2900 2899)
4(2779 2780 2890 2889)
4(2781 2791 2901 2891)
4(2790 2900 2901 2791)
4(2890 2891 2901 2900)
4(2780 2781 2891 2890)
4(2791 2901 1584 1463)
4(2891 1573 1584 2901)
4(2781 1452 1573 2891)
4(2783 2793 2903 2893)
4(2792 2902 2903 2793)
4(2892 2893 2903 2902)
4(2782 2892 2902 2792)
4(2784 2794 2904 2894)
4(2793 2903 2904 2794)
4(2893 2894 2904 2903)
4(2785 2795 2905 2895)
4(2794 2904 2905 2795)
4(2894 2895 2905 2904)
4(2786 2796 2906 2896)
4(2795 2905 2906 2796)
4(2895 2896 2906 2905)
4(2787 2797 2907 2897)
4(2796 2906 2907 2797)
4(2896 2897 2907 2906)
4(2788 2798 2908 2898)
4(2797 2907 2908 2798)
4(2897 2898 2908 2907)
4(2789 2799 2909 2899)
4(2798 2908 2909 2799)
4(2898 2899 2909 2908)
4(2790 2800 2910 2900)
4(2799 2909 2910 2800)
4(2899 2900 2910 2909)
4(2791 2801 2911 2901)
4(2800 2910 2911 2801)
4(2900 2901 2911 2910)
4(2801 2911 1595 1474)
4(2901 1584 1595 2911)
4(2793 2803 2913 2903)
4(2802 2912 2913 2803)
4(2902 2903 2913 2912)
4(2792 2902 2912 2802)
4(2794 2804 2914 2904)
4(2803 2913 2914 2804)
4(2903 2904 2914 2913)
4(2795 2805 2915 2905)
4(2804 2914 2915 2805)
4(2904 2905 2915 2914)
4(2796 2806 2916 2906)
4(2805 2915 2916 2806)
4(2905 2906 2916 2915)
4(2797 2807 2917 2907)
4(2806 2916 2917 2807)
4(2906 2907 2917 2916)
4(2798 2808 2918 2908)
4(2807 2917 2918 2808)
4(2907 2908 2918 2917)
4(2799 2809 2919 2909)
4(2808 2918 2919 2809)
4(2908 2909 2919 2918)
4(2800 2810 2920 2910)
4(2809 2919 2920 2810)
4(2909 2910 2920 2919)
4(2801 2811 2921 2911)
4(2810 2920 2921 2811)
4(2910 2911 2921 2920)
4(2811 2921 1606 1485)
4(2911 1595 1606 2921)
4(2803 2813 2923 2913)
4(2812 2922 2923 2813)
4(2912 2913 2923 2922)
4(2802 2912 2922 2812)
4(2804 2814 2924 2914)
4(2813 2923 2924 2814)
4(2913 2914 2924 2923)
4(2805 2815 2925 2915)
4(2814 2924 2925 2815)
4(2914 2915 2925 2924)
4(2806 2816 2926 2916)
4(2815 2925 2926 2816)
4(2915 2916 2926 2925)
4(2807 2817 2927 2917)
4(2816 2926 2927 2817)
4(2916 2917 2927 2926)
4(2808 2818 2928 2918)
4(2817 2927 2928 2818)
4(2917 2918 2928 2927)
4(2809 2819 2929 2919)
4(2818 2928 2929 2819)
4(2918 2919 2929 2928)
4(2810 2820 2930 2920)
4(2819 2929 2930 2820)
4(2919 2920 2930 2929)
4(2811 2821 2931 2921)
4(2820 2930 2931 2821)
4(2920 2921 2931 2930)
4(2821 2931 1617 1496)
4(2921 1606 1617 2931)
4(2813 2823 2933 2923)
4(2822 2932 2933 2823)
4(2922 2923 2933 2932)
4(2812 2922 2932 2822)
4(2814 2824 2934 2924)
4(2823 2933 2934 2824)
4(2923 2924 2934 2933)
4(2815 2825 2935 2925)
4(2824 2934 2935 2825)
4(2924 2925 2935 2934)
4(2816 2826 2936 2926)
4(2825 2935 2936 2826)
4(2925 2926 2936 2935)
4(2817 2827 2937 2927)
4(2826 2936 2937 2827)
4(2926 2927 2937 2936)
4(2818 2828 2938 2928)
4(2827 2937 2938 2828)
4(2927 2928 2938 2937)
4(2819 2829 2939 2929)
4(2828 2938 2939 2829)
4(2928 2929 2939 2938)
4(2820 2830 2940 2930)
4(2829 2939 2940 2830)
4(2929 2930 2940 2939)
4(2821 2831 2941 2931)
4(2830 2940 2941 2831)
4(2930 2931 2941 2940)
4(2831 2941 1628 1507)
4(2931 1617 1628 2941)
4(2823 2833 2943 2933)
4(2832 2942 2943 2833)
4(2932 2933 2943 2942)
4(2822 2932 2942 2832)
4(2824 2834 2944 2934)
4(2833 2943 2944 2834)
4(2933 2934 2944 2943)
4(2825 2835 2945 2935)
4(2834 2944 2945 2835)
4(2934 2935 2945 2944)
4(2826 2836 2946 2936)
4(2835 2945 2946 2836)
4(2935 2936 2946 2945)
4(2827 2837 2947 2937)
4(2836 2946 2947 2837)
4(2936 2937 2947 2946)
4(2828 2838 2948 2938)
4(2837 2947 2948 2838)
4(2937 2938 2948 2947)
4(2829 2839 2949 2939)
4(2838 2948 2949 2839)
4(2938 2939 2949 2948)
4(2830 2840 2950 2940)
4(2839 2949 2950 2840)
4(2939 2940 2950 2949)
4(2831 2841 2951 2941)
4(2840 2950 2951 2841)
4(2940 2941 2951 2950)
4(2841 2951 1639 1518)
4(2941 1628 1639 2951)
4(2833 2843 2953 2943)
4(2842 2952 2953 2843)
4(2942 2943 2953 2952)
4(2832 2942 2952 2842)
4(2834 2844 2954 2944)
4(2843 2953 2954 2844)
4(2943 2944 2954 2953)
4(2835 2845 2955 2945)
4(2844 2954 2955 2845)
4(2944 2945 2955 2954)
4(2836 2846 2956 2946)
4(2845 2955 2956 2846)
4(2945 2946 2956 2955)
4(2837 2847 2957 2947)
4(2846 2956 2957 2847)
4(2946 2947 2957 2956)
4(2838 2848 2958 2948)
4(2847 2957 2958 2848)
4(2947 2948 2958 2957)
4(2839 2849 2959 2949)
4(2848 2958 2959 2849)
4(2948 2949 2959 2958)
4(2840 2850 2960 2950)
4(2849 2959 2960 2850)
4(2949 2950 2960 2959)
4(2841 2851 2961 2951)
4(2850 2960 2961 2851)
4(2950 2951 2961 2960)
4(2851 2961 1650 1529)
4(2951 1639 1650 2961)
4(2843 2853 2963 2953)
4(2852 2962 2963 2853)
4(2952 2953 2963 2962)
4(2842 2952 2962 2852)
4(2844 2854 2964 2954)
4(2853 2963 2964 2854)
4(2953 2954 2964 2963)
4(2845 2855 2965 2955)
4(2854 2964 2965 2855)
4(2954 2955 2965 2964)
4(2846 2856 2966 2956)
4(2855 2965 2966 2856)
4(2955 2956 2966 2965)
4(2847 2857 2967 2957)
4(2856 2966 2967 2857)
4(2956 2957 2967 2966)
4(2848 2858 2968 2958)
4(2857 2967 2968 2858)
4(2957 2958 2968 2967)
4(2849 2859 2969 2959)
4(2858 2968 2969 2859)
4(2958 2959 2969 2968)
4(2850 2860 2970 2960)
4(2859 2969 2970 2860)
4(2959 2960 2970 2969)
4(2851 2861 2971 2961)
4(2860 2970 2971 2861)
4(2960 2961 2971 2970)
4(2861 2971 1661 1540)
4(2961 1650 1661 2971)
4(2853 2863 2973 2963)
4(2862 2972 2973 2863)
4(2962 2963 2973 2972)
4(2852 2962 2972 2862)
4(2854 2864 2974 2964)
4(2863 2973 2974 2864)
4(2963 2964 2974 2973)
4(2855 2865 2975 2965)
4(2864 2974 2975 2865)
4(2964 2965 2975 2974)
4(2856 2866 2976 2966)
4(2865 2975 2976 2866)
4(2965 2966 2976 2975)
4(2857 2867 2977 2967)
4(2866 2976 2977 2867)
4(2966 2967 2977 2976)
4(2858 2868 2978 2968)
4(2867 2977 2978 2868)
4(2967 2968 2978 2977)
4(2859 2869 2979 2969)
4(2868 2978 2979 2869)
4(2968 2969 2979 2978)
4(2860 2870 2980 2970)
4(2869 2979 2980 2870)
4(2969 2970 2980 2979)
4(2861 2871 2981 2971)
4(2870 2980 2981 2871)
4(2970 2971 2981 2980)
4(2871 2981 1672 1551)
4(2971 1661 1672 2981)
4(2863 2873 2983 2973)
4(2972 2973 2983 2982)
4(2872 2982 2983 2873)
4(2862 2972 2982 2872)
4(2864 2874 2984 2974)
4(2973 2974 2984 2983)
4(2873 2983 2984 2874)
4(2865 2875 2985 2975)
4(2974 2975 2985 2984)
4(2874 2984 2985 2875)
4(2866 2876 2986 2976)
4(2975 2976 2986 2985)
4(2875 2985 2986 2876)
4(2867 2877 2987 2977)
4(2976 2977 2987 2986)
4(2876 2986 2987 2877)
4(2868 2878 2988 2978)
4(2977 2978 2988 2987)
4(2877 2987 2988 2878)
4(2869 2879 2989 2979)
4(2978 2979 2989 2988)
4(2878 2988 2989 2879)
4(2870 2880 2990 2980)
4(2979 2980 2990 2989)
4(2879 2989 2990 2880)
4(2871 2881 2991 2981)
4(2980 2981 2991 2990)
4(2880 2990 2991 2881)
4(2981 1672 1683 2991)
4(2881 2991 1683 1562)
4(2883 2893 3003 2993)
4(2892 3002 3003 2893)
4(2992 2993 3003 3002)
4(2882 2883 2993 2992)
4(2882 2992 3002 2892)
4(2884 2894 3004 2994)
4(2893 3003 3004 2894)
4(2993 2994 3004 3003)
4(2883 2884 2994 2993)
4(2885 2895 3005 2995)
4(2894 3004 3005 2895)
4(2994 2995 3005 3004)
4(2884 2885 2995 2994)
4(2886 2896 3006 2996)
4(2895 3005 3006 2896)
4(2995 2996 3006 3005)
4(2885 2886 2996 2995)
4(2887 2897 3007 2997)
4(2896 3006 3007 2897)
4(2996 2997 3007 3006)
4(2886 2887 2997 2996)
4(2888 2898 3008 2998)
4(2897 3007 3008 2898)
4(2997 2998 3008 3007)
4(2887 2888 2998 2997)
4(2889 2899 3009 2999)
4(2898 3008 3009 2899)
4(2998 2999 3009 3008)
4(2888 2889 2999 2998)
4(2890 2900 3010 3000)
4(2899 3009 3010 2900)
4(2999 3000 3010 3009)
4(2889 2890 3000 2999)
4(2891 2901 3011 3001)
4(2900 3010 3011 2901)
4(3000 3001 3011 3010)
4(2890 2891 3001 3000)
4(2901 3011 1705 1584)
4(3001 1694 1705 3011)
4(2891 1573 1694 3001)
4(2893 2903 3013 3003)
4(2902 3012 3013 2903)
4(3002 3003 3013 3012)
4(2892 3002 3012 2902)
4(2894 2904 3014 3004)
4(2903 3013 3014 2904)
4(3003 3004 3014 3013)
4(2895 2905 3015 3005)
4(2904 3014 3015 2905)
4(3004 3005 3015 3014)
4(2896 2906 3016 3006)
4(2905 3015 3016 2906)
4(3005 3006 3016 3015)
4(2897 2907 3017 3007)
4(2906 3016 3017 2907)
4(3006 3007 3017 3016)
4(2898 2908 3018 3008)
4(2907 3017 3018 2908)
4(3007 3008 3018 3017)
4(2899 2909 3019 3009)
4(2908 3018 3019 2909)
4(3008 3009 3019 3018)
4(2900 2910 3020 3010)
4(2909 3019 3020 2910)
4(3009 3010 3020 3019)
4(2901 2911 3021 3011)
4(2910 3020 3021 2911)
4(3010 3011 3021 3020)
4(2911 3021 1716 1595)
4(3011 1705 1716 3021)
4(2903 2913 3023 3013)
4(2912 3022 3023 2913)
4(3012 3013 3023 3022)
4(2902 3012 3022 2912)
4(2904 2914 3024 3014)
4(2913 3023 3024 2914)
4(3013 3014 3024 3023)
4(2905 2915 3025 3015)
4(2914 3024 3025 2915)
4(3014 3015 3025 3024)
4(2906 2916 3026 3016)
4(2915 3025 3026 2916)
4(3015 3016 3026 3025)
4(2907 2917 3027 3017)
4(2916 3026 3027 2917)
4(3016 3017 3027 3026)
4(2908 2918 3028 3018)
4(2917 3027 3028 2918)
4(3017 3018 3028 3027)
4(2909 2919 3029 3019)
4(2918 3028 3029 2919)
4(3018 3019 3029 3028)
4(2910 2920 3030 3020)
4(2919 3029 3030 2920)
4(3019 3020 3030 3029)
4(2911 2921 3031 3021)
4(2920 3030 3031 2921)
4(3020 3021 3031 3030)
4(2921 3031 1727 1606)
4(3021 1716 1727 3031)
4(2913 2923 3033 3023)
4(2922 3032 3033 2923)
4(3022 3023 3033 3032)
4(2912 3022 3032 2922)
4(2914 2924 3034 3024)
4(2923 3033 3034 2924)
4(3023 3024 3034 3033)
4(2915 2925 3035 3025)
4(2924 3034 3035 2925)
4(3024 3025 3035 3034)
4(2916 2926 3036 3026)
4(2925 3035 3036 2926)
4(3025 3026 3036 3035)
4(2917 2927 3037 3027)
4(2926 3036 3037 2927)
4(3026 3027 3037 3036)
4(2918 2928 3038 3028)
4(2927 3037 3038 2928)
4(3027 3028 3038 3037)
4(2919 2929 3039 3029)
4(2928 3038 3039 2929)
4(3028 3029 3039 3038)
4(2920 2930 3040 3030)
4(2929 3039 3040 2930)
4(3029 3030 3040 3039)
4(2921 2931 3041 3031)
4(2930 3040 3041 2931)
4(3030 3031 3041 3040)
4(2931 3041 1738 1617)
4(3031 1727 1738 3041)
4(2923 2933 3043 3033)
4(2932 3042 3043 2933)
4(3032 3033 3043 3042)
4(2922 3032 3042 2932)
4(2924 2934 3044 3034)
4(2933 3043 3044 2934)
4(3033 3034 3044 3043)
4(2925 2935 3045 3035)
4(2934 3044 3045 2935)
4(3034 3035 3045 3044)
4(2926 2936 3046 3036)
4(2935 3045 3046 2936)
4(3035 3036 3046 3045)
4(2927 2937 3047 3037)
4(2936 3046 3047 2937)
4(3036 3037 3047 3046)
4(2928 2938 3048 3038)
4(2937 3047 3048 2938)
4(3037 3038 3048 3047)
4(2929 2939 3049 3039)
4(2938 3048 3049 2939)
4(3038 3039 3049 3048)
4(2930 2940 3050 3040)
4(2939 3049 3050 2940)
4(3039 3040 3050 3049)
4(2931 2941 3051 3041)
4(2940 3050 3051 2941)
4(3040 3041 3051 3050)
4(2941 3051 1749 1628)
4(3041 1738 1749 3051)
4(2933 2943 3053 3043)
4(2942 3052 3053 2943)
4(3042 3043 3053 3052)
4(2932 3042 3052 2942)
4(2934 2944 3054 3044)
4(2943 3053 3054 2944)
4(3043 3044 3054 3053)
4(2935 2945 3055 3045)
4(2944 3054 3055 2945)
4(3044 3045 3055 3054)
4(2936 2946 3056 3046)
4(2945 3055 3056 2946)
4(3045 3046 3056 3055)
4(2937 2947 3057 3047)
4(2946 3056 3057 2947)
4(3046 3047 3057 3056)
4(2938 2948 3058 3048)
4(2947 3057 3058 2948)
4(3047 3048 3058 3057)
4(2939 2949 3059 3049)
4(2948 3058 3059 2949)
4(3048 3049 3059 3058)
4(2940 2950 3060 3050)
4(2949 3059 3060 2950)
4(3049 3050 3060 3059)
4(2941 2951 3061 3051)
4(2950 3060 3061 2951)
4(3050 3051 3061 3060)
4(2951 3061 1760 1639)
4(3051 1749 1760 3061)
4(2943 2953 3063 3053)
4(2952 3062 3063 2953)
4(3052 3053 3063 3062)
4(2942 3052 3062 2952)
4(2944 2954 3064 3054)
4(2953 3063 3064 2954)
4(3053 3054 3064 3063)
4(2945 2955 3065 3055)
4(2954 3064 3065 2955)
4(3054 3055 3065 3064)
4(2946 2956 3066 3056)
4(2955 3065 3066 2956)
4(3055 3056 3066 3065)
4(2947 2957 3067 3057)
4(2956 3066 3067 2957)
4(3056 3057 3067 3066)
4(2948 2958 3068 3058)
4(2957 3067 3068 2958)
4(3057 3058 3068 3067)
4(2949 2959 3069 3059)
4(2958 3068 3069 2959)
4(3058 3059 3069 3068)
4(2950 2960 3070 3060)
4(2959 3069 3070 2960)
4(3059 3060 3070 3069)
4(2951 2961 3071 3061)
4(2960 3070 3071 2961)
4(3060 3061 3071 3070)
4(2961 3071 1771 1650)
4(3061 1760 1771 3071)
4(2953 2963 3073 3063)
4(2962 3072 3073 2963)
4(3062 3063 3073 3072)
4(2952 3062 3072 2962)
4(2954 2964 3074 3064)
4(2963 3073 3074 2964)
4(3063 3064 3074 3073)
4(2955 2965 3075 3065)
4(2964 3074 3075 2965)
4(3064 3065 3075 3074)
4(2956 2966 3076 3066)
4(2965 3075 3076 2966)
4(3065 3066 3076 3075)
4(2957 2967 3077 3067)
4(2966 3076 3077 2967)
4(3066 3067 3077 3076)
4(2958 2968 3078 3068)
4(2967 3077 3078 2968)
4(3067 3068 3078 3077)
4(2959 2969 3079 3069)
4(2968 3078 3079 2969)
4(3068 3069 3079 3078)
4(2960 2970 3080 3070)
4(2969 3079 3080 2970)
4(3069 3070 3080 3079)
4(2961 2971 3081 3071)
4(2970 3080 3081 2971)
4(3070 3071 3081 3080)
4(2971 3081 1782 1661)
4(3071 1771 1782 3081)
4(2963 2973 3083 3073)
4(2972 3082 3083 2973)
4(3072 3073 3083 3082)
4(2962 3072 3082 2972)
4(2964 2974 3084 3074)
4(2973 3083 3084 2974)
4(3073 3074 3084 3083)
4(2965 2975 3085 3075)
4(2974 3084 3085 2975)
4(3074 3075 3085 3084)
4(2966 2976 3086 3076)
4(2975 3085 3086 2976)
4(3075 3076 3086 3085)
4(2967 2977 3087 3077)
4(2976 3086 3087 2977)
4(3076 3077 3087 3086)
4(2968 2978 3088 3078)
4(2977 3087 3088 2978)
4(3077 3078 3088 3087)
4(2969 2979 3089 3079)
4(2978 3088 3089 2979)
4(3078 3079 3089 3088)
4(2970 2980 3090 3080)
4(2979 3089 3090 2980)
4(3079 3080 3090 3089)
4(2971 2981 3091 3081)
4(2980 3090 3091 2981)
4(3080 3081 3091 3090)
4(2981 3091 1793 1672)
4(3081 1782 1793 3091)
4(2973 2983 3093 3083)
4(3082 3083 3093 3092)
4(2982 3092 3093 2983)
4(2972 3082 3092 2982)
4(2974 2984 3094 3084)
4(3083 3084 3094 3093)
4(2983 3093 3094 2984)
4(2975 2985 3095 3085)
4(3084 3085 3095 3094)
4(2984 3094 3095 2985)
4(2976 2986 3096 3086)
4(3085 3086 3096 3095)
4(2985 3095 3096 2986)
4(2977 2987 3097 3087)
4(3086 3087 3097 3096)
4(2986 3096 3097 2987)
4(2978 2988 3098 3088)
4(3087 3088 3098 3097)
4(2987 3097 3098 2988)
4(2979 2989 3099 3089)
4(3088 3089 3099 3098)
4(2988 3098 3099 2989)
4(2980 2990 3100 3090)
4(3089 3090 3100 3099)
4(2989 3099 3100 2990)
4(2981 2991 3101 3091)
4(3090 3091 3101 3100)
4(2990 3100 3101 2991)
4(3091 1793 1804 3101)
4(2991 3101 1804 1683)
4(2993 3003 3113 3103)
4(3002 3112 3113 3003)
4(3102 3103 3113 3112)
4(2992 2993 3103 3102)
4(2992 3102 3112 3002)
4(2994 3004 3114 3104)
4(3003 3113 3114 3004)
4(3103 3104 3114 3113)
4(2993 2994 3104 3103)
4(2995 3005 3115 3105)
4(3004 3114 3115 3005)
4(3104 3105 3115 3114)
4(2994 2995 3105 3104)
4(2996 3006 3116 3106)
4(3005 3115 3116 3006)
4(3105 3106 3116 3115)
4(2995 2996 3106 3105)
4(2997 3007 3117 3107)
4(3006 3116 3117 3007)
4(3106 3107 3117 3116)
4(2996 2997 3107 3106)
4(2998 3008 3118 3108)
4(3007 3117 3118 3008)
4(3107 3108 3118 3117)
4(2997 2998 3108 3107)
4(2999 3009 3119 3109)
4(3008 3118 3119 3009)
4(3108 3109 3119 3118)
4(2998 2999 3109 3108)
4(3000 3010 3120 3110)
4(3009 3119 3120 3010)
4(3109 3110 3120 3119)
4(2999 3000 3110 3109)
4(3001 3011 3121 3111)
4(3010 3120 3121 3011)
4(3110 3111 3121 3120)
4(3000 3001 3111 3110)
4(3011 3121 1826 1705)
4(3111 1815 1826 3121)
4(3001 1694 1815 3111)
4(3003 3013 3123 3113)
4(3012 3122 3123 3013)
4(3112 3113 3123 3122)
4(3002 3112 3122 3012)
4(3004 3014 3124 3114)
4(3013 3123 3124 3014)
4(3113 3114 3124 3123)
4(3005 3015 3125 3115)
4(3014 3124 3125 3015)
4(3114 3115 3125 3124)
4(3006 3016 3126 3116)
4(3015 3125 3126 3016)
4(3115 3116 3126 3125)
4(3007 3017 3127 3117)
4(3016 3126 3127 3017)
4(3116 3117 3127 3126)
4(3008 3018 3128 3118)
4(3017 3127 3128 3018)
4(3117 3118 3128 3127)
4(3009 3019 3129 3119)
4(3018 3128 3129 3019)
4(3118 3119 3129 3128)
4(3010 3020 3130 3120)
4(3019 3129 3130 3020)
4(3119 3120 3130 3129)
4(3011 3021 3131 3121)
4(3020 3130 3131 3021)
4(3120 3121 3131 3130)
4(3021 3131 1837 1716)
4(3121 1826 1837 3131)
4(3013 3023 3133 3123)
4(3022 3132 3133 3023)
4(3122 3123 3133 3132)
4(3012 3122 3132 3022)
4(3014 3024 3134 3124)
4(3023 3133 3134 3024)
4(3123 3124 3134 3133)
4(3015 3025 3135 3125)
4(3024 3134 3135 3025)
4(3124 3125 3135 3134)
4(3016 3026 3136 3126)
4(3025 3135 3136 3026)
4(3125 3126 3136 3135)
4(3017 3027 3137 3127)
4(3026 3136 3137 3027)
4(3126 3127 3137 3136)
4(3018 3028 3138 3128)
4(3027 3137 3138 3028)
4(3127 3128 3138 3137)
4(3019 3029 3139 3129)
4(3028 3138 3139 3029)
4(3128 3129 3139 3138)
4(3020 3030 3140 3130)
4(3029 3139 3140 3030)
4(3129 3130 3140 3139)
4(3021 3031 3141 3131)
4(3030 3140 3141 3031)
4(3130 3131 3141 3140)
4(3031 3141 1848 1727)
4(3131 1837 1848 3141)
4(3023 3033 3143 3133)
4(3032 3142 3143 3033)
4(3132 3133 3143 3142)
4(3022 3132 3142 3032)
4(3024 3034 3144 3134)
4(3033 3143 3144 3034)
4(3133 3134 3144 3143)
4(3025 3035 3145 3135)
4(3034 3144 3145 3035)
4(3134 3135 3145 3144)
4(3026 3036 3146 3136)
4(3035 3145 3146 3036)
4(3135 3136 3146 3145)
4(3027 3037 3147 3137)
4(3036 3146 3147 3037)
4(3136 3137 3147 3146)
4(3028 3038 3148 3138)
4(3037 3147 3148 3038)
4(3137 3138 3148 3147)
4(3029 3039 3149 3139)
4(3038 3148 3149 3039)
4(3138 3139 3149 3148)
4(3030 3040 3150 3140)
4(3039 3149 3150 3040)
4(3139 3140 3150 3149)
4(3031 3041 3151 3141)
4(3040 3150 3151 3041)
4(3140 3141 3151 3150)
4(3041 3151 1859 1738)
4(3141 1848 1859 3151)
4(3033 3043 3153 3143)
4(3042 3152 3153 3043)
4(3142 3143 3153 3152)
4(3032 3142 3152 3042)
4(3034 3044 3154 3144)
4(3043 3153 3154 3044)
4(3143 3144 3154 3153)
4(3035 3045 3155 3145)
4(3044 3154 3155 3045)
4(3144 3145 3155 3154)
4(3036 3046 3156 3146)
4(3045 3155 3156 3046)
4(3145 3146 3156 3155)
4(3037 3047 3157 3147)
4(3046 3156 3157 3047)
4(3146 3147 3157 3156)
4(3038 3048 3158 3148)
4(3047 3157 3158 3048)
4(3147 3148 3158 3157)
4(3039 3049 3159 3149)
4(3048 3158 3159 3049)
4(3148 3149 3159 3158)
4(3040 3050 3160 3150)
4(3049 3159 3160 3050)
4(3149 3150 3160 3159)
4(3041 3051 3161 3151)
4(3050 3160 3161 3051)
4(3150 3151 3161 3160)
4(3051 3161 1870 1749)
4(3151 1859 1870 3161)
4(3043 3053 3163 3153)
4(3052 3162 3163 3053)
4(3152 3153 3163 3162)
4(3042 3152 3162 3052)
4(3044 3054 3164 3154)
4(3053 3163 3164 3054)
4(3153 3154 3164 3163)
4(3045 3055 3165 3155)
4(3054 3164 3165 3055)
4(3154 3155 3165 3164)
4(3046 3056 3166 3156)
4(3055 3165 3166 3056)
4(3155 3156 3166 3165)
4(3047 3057 3167 3157)
4(3056 3166 3167 3057)
4(3156 3157 3167 3166)
4(3048 3058 3168 3158)
4(3057 3167 3168 3058)
4(3157 3158 3168 3167)
4(3049 3059 3169 3159)
4(3058 3168 3169 3059)
4(3158 3159 3169 3168)
4(3050 3060 3170 3160)
4(3059 3169 3170 3060)
4(3159 3160 3170 3169)
4(3051 3061 3171 3161)
4(3060 3170 3171 3061)
4(3160 3161 3171 3170)
4(3061 3171 1881 1760)
4(3161 1870 1881 3171)
4(3053 3063 3173 3163)
4(3062 3172 3173 3063)
4(3162 3163 3173 3172)
4(3052 3162 3172 3062)
4(3054 3064 3174 3164)
4(3063 3173 3174 3064)
4(3163 3164 3174 3173)
4(3055 3065 3175 3165)
4(3064 3174 3175 3065)
4(3164 3165 3175 3174)
4(3056 3066 3176 3166)
4(3065 3175 3176 3066)
4(3165 3166 3176 3175)
4(3057 3067 3177 3167)
4(3066 3176 3177 3067)
4(3166 3167 3177 3176)
4(3058 3068 3178 3168)
4(3067 3177 3178 3068)
4(3167 3168 3178 3177)
4(3059 3069 3179 3169)
4(3068 3178 3179 3069)
4(3168 3169 3179 3178)
4(3060 3070 3180 3170)
4(3069 3179 3180 3070)
4(3169 3170 3180 3179)
4(3061 3071 3181 3171)
4(3070 3180 3181 3071)
4(3170 3171 3181 3180)
4(3071 3181 1892 1771)
4(3171 1881 1892 3181)
4(3063 3073 3183 3173)
4(3072 3182 3183 3073)
4(3172 3173 3183 3182)
4(3062 3172 3182 3072)
4(3064 3074 3184 3174)
4(3073 3183 3184 3074)
4(3173 3174 3184 3183)
4(3065 3075 3185 3175)
4(3074 3184 3185 3075)
4(3174 3175 3185 3184)
4(3066 3076 3186 3176)
4(3075 3185 3186 3076)
4(3175 3176 3186 3185)
4(3067 3077 3187 3177)
4(3076 3186 3187 3077)
4(3176 3177 3187 3186)
4(3068 3078 3188 3178)
4(3077 3187 3188 3078)
4(3177 3178 3188 3187)
4(3069 3079 3189 3179)
4(3078 3188 3189 3079)
4(3178 3179 3189 3188)
4(3070 3080 3190 3180)
4(3079 3189 3190 3080)
4(3179 3180 3190 3189)
4(3071 3081 3191 3181)
4(3080 3190 3191 3081)
4(3180 3181 3191 3190)
4(3081 3191 1903 1782)
4(3181 1892 1903 3191)
4(3073 3083 3193 3183)
4(3082 3192 3193 3083)
4(3182 3183 3193 3192)
4(3072 3182 3192 3082)
4(3074 3084 3194 3184)
4(3083 3193 3194 3084)
4(3183 3184 3194 3193)
4(3075 3085 3195 3185)
4(3084 3194 3195 3085)
4(3184 3185 3195 3194)
4(3076 3086 3196 3186)
4(3085 3195 3196 3086)
4(3185 3186 3196 3195)
4(3077 3087 3197 3187)
4(3086 3196 3197 3087)
4(3186 3187 3197 3196)
4(3078 3088 3198 3188)
4(3087 3197 3198 3088)
4(3187 3188 3198 3197)
4(3079 3089 3199 3189)
4(3088 3198 3199 3089)
4(3188 3189 3199 3198)
4(3080 3090 3200 3190)
4(3089 3199 3200 3090)
4(3189 3190 3200 3199)
4(3081 3091 3201 3191)
4(3090 3200 3201 3091)
4(3190 3191 3201 3200)
4(3091 3201 1914 1793)
4(3191 1903 1914 3201)
4(3083 3093 3203 3193)
4(3192 3193 3203 3202)
4(3092 3202 3203 3093)
4(3082 3192 3202 3092)
4(3084 3094 3204 3194)
4(3193 3194 3204 3203)
4(3093 3203 3204 3094)
4(3085 3095 3205 3195)
4(3194 3195 3205 3204)
4(3094 3204 3205 3095)
4(3086 3096 3206 3196)
4(3195 3196 3206 3205)
4(3095 3205 3206 3096)
4(3087 3097 3207 3197)
4(3196 3197 3207 3206)
4(3096 3206 3207 3097)
4(3088 3098 3208 3198)
4(3197 3198 3208 3207)
4(3097 3207 3208 3098)
4(3089 3099 3209 3199)
4(3198 3199 3209 3208)
4(3098 3208 3209 3099)
4(3090 3100 3210 3200)
4(3199 3200 3210 3209)
4(3099 3209 3210 3100)
4(3091 3101 3211 3201)
4(3200 3201 3211 3210)
4(3100 3210 3211 3101)
4(3201 1914 1925 3211)
4(3101 3211 1925 1804)
4(3103 3113 3223 3213)
4(3112 3222 3223 3113)
4(3212 3213 3223 3222)
4(3102 3103 3213 3212)
4(3102 3212 3222 3112)
4(3104 3114 3224 3214)
4(3113 3223 3224 3114)
4(3213 3214 3224 3223)
4(3103 3104 3214 3213)
4(3105 3115 3225 3215)
4(3114 3224 3225 3115)
4(3214 3215 3225 3224)
4(3104 3105 3215 3214)
4(3106 3116 3226 3216)
4(3115 3225 3226 3116)
4(3215 3216 3226 3225)
4(3105 3106 3216 3215)
4(3107 3117 3227 3217)
4(3116 3226 3227 3117)
4(3216 3217 3227 3226)
4(3106 3107 3217 3216)
4(3108 3118 3228 3218)
4(3117 3227 3228 3118)
4(3217 3218 3228 3227)
4(3107 3108 3218 3217)
4(3109 3119 3229 3219)
4(3118 3228 3229 3119)
4(3218 3219 3229 3228)
4(3108 3109 3219 3218)
4(3110 3120 3230 3220)
4(3119 3229 3230 3120)
4(3219 3220 3230 3229)
4(3109 3110 3220 3219)
4(3111 3121 3231 3221)
4(3120 3230 3231 3121)
4(3220 3221 3231 3230)
4(3110 3111 3221 3220)
4(3121 3231 1947 1826)
4(3221 1936 1947 3231)
4(3111 1815 1936 3221)
4(3113 3123 3233 3223)
4(3122 3232 3233 3123)
4(3222 3223 3233 3232)
4(3112 3222 3232 3122)
4(3114 3124 3234 3224)
4(3123 3233 3234 3124)
4(3223 3224 3234 3233)
4(3115 3125 3235 3225)
4(3124 3234 3235 3125)
4(3224 3225 3235 3234)
4(3116 3126 3236 3226)
4(3125 3235 3236 3126)
4(3225 3226 3236 3235)
4(3117 3127 3237 3227)
4(3126 3236 3237 3127)
4(3226 3227 3237 3236)
4(3118 3128 3238 3228)
4(3127 3237 3238 3128)
4(3227 3228 3238 3237)
4(3119 3129 3239 3229)
4(3128 3238 3239 3129)
4(3228 3229 3239 3238)
4(3120 3130 3240 3230)
4(3129 3239 3240 3130)
4(3229 3230 3240 3239)
4(3121 3131 3241 3231)
4(3130 3240 3241 3131)
4(3230 3231 3241 3240)
4(3131 3241 1958 1837)
4(3231 1947 1958 3241)
4(3123 3133 3243 3233)
4(3132 3242 3243 3133)
4(3232 3233 3243 3242)
4(3122 3232 3242 3132)
4(3124 3134 3244 3234)
4(3133 3243 3244 3134)
4(3233 3234 3244 3243)
4(3125 3135 3245 3235)
4(3134 3244 3245 3135)
4(3234 3235 3245 3244)
4(3126 3136 3246 3236)
4(3135 3245 3246 3136)
4(3235 3236 3246 3245)
4(3127 3137 3247 3237)
4(3136 3246 3247 3137)
4(3236 3237 3247 3246)
4(3128 3138 3248 3238)
4(3137 3247 3248 3138)
4(3237 3238 3248 3247)
4(3129 3139 3249 3239)
4(3138 3248 3249 3139)
4(3238 3239 3249 3248)
4(3130 3140 3250 3240)
4(3139 3249 3250 3140)
4(3239 3240 3250 3249)
4(3131 3141 3251 3241)
4(3140 3250 3251 3141)
4(3240 3241 3251 3250)
4(3141 3251 1969 1848)
4(3241 1958 1969 3251)
4(3133 3143 3253 3243)
4(3142 3252 3253 3143)
4(3242 3243 3253 3252)
4(3132 3242 3252 3142)
4(3134 3144 3254 3244)
4(3143 3253 3254 3144)
4(3243 3244 3254 3253)
4(3135 3145 3255 3245)
4(3144 3254 3255 3145)
4(3244 3245 3255 3254)
4(3136 3146 3256 3246)
4(3145 3255 3256 3146)
4(3245 3246 3256 3255)
4(3137 3147 3257 3247)
4(3146 3256 3257 3147)
4(3246 3247 3257 3256)
4(3138 3148 3258 3248)
4(3147 3257 3258 3148)
4(3247 3248 3258 3257)
4(3139 3149 3259 3249)
4(3148 3258 3259 3149)
4(3248 3249 3259 3258)
4(3140 3150 3260 3250)
4(3149 3259 3260 3150)
4(3249 3250 3260 3259)
4(3141 3151 3261 3251)
4(3150 3260 3261 3151)
4(3250 3251 3261 3260)
4(3151 3261 1980 1859)
4(3251 1969 1980 3261)
4(3143 3153 3263 3253)
4(3152 3262 3263 3153)
4(3252 3253 3263 3262)
4(3142 3252 3262 3152)
4(3144 3154 3264 3254)
4(3153 3263 3264 3154)
4(3253 3254 3264 3263)
4(3145 3155 3265 3255)
4(3154 3264 3265 3155)
4(3254 3255 3265 3264)
4(3146 3156 3266 3256)
4(3155 3265 3266 3156)
4(3255 3256 3266 3265)
4(3147 3157 3267 3257)
4(3156 3266 3267 3157)
4(3256 3257 3267 3266)
4(3148 3158 3268 3258)
4(3157 3267 3268 3158)
4(3257 3258 3268 3267)
4(3149 3159 3269 3259)
4(3158 3268 3269 3159)
4(3258 3259 3269 3268)
4(3150 3160 3270 3260)
4(3159 3269 3270 3160)
4(3259 3260 3270 3269)
4(3151 3161 3271 3261)
4(3160 3270 3271 3161)
4(3260 3261 3271 3270)
4(3161 3271 1991 1870)
4(3261 1980 1991 3271)
4(3153 3163 3273 3263)
4(3162 3272 3273 3163)
4(3262 3263 3273 3272)
4(3152 3262 3272 3162)
4(3154 3164 3274 3264)
4(3163 3273 3274 3164)
4(3263 3264 3274 3273)
4(3155 3165 3275 3265)
4(3164 3274 3275 3165)
4(3264 3265 3275 3274)
4(3156 3166 3276 3266)
4(3165 3275 3276 3166)
4(3265 3266 3276 3275)
4(3157 3167 3277 3267)
4(3166 3276 3277 3167)
4(3266 3267 3277 3276)
4(3158 3168 3278 3268)
4(3167 3277 3278 3168)
4(3267 3268 3278 3277)
4(3159 3169 3279 3269)
4(3168 3278 3279 3169)
4(3268 3269 3279 3278)
4(3160 3170 3280 3270)
4(3169 3279 3280 3170)
4(3269 3270 3280 3279)
4(3161 3171 3281 3271)
4(3170 3280 3281 3171)
4(3270 3271 3281 3280)
4(3171 3281 2002 1881)
4(3271 1991 2002 3281)
4(3163 3173 3283 3273)
4(3172 3282 3283 3173)
4(3272 3273 3283 3282)
4(3162 3272 3282 3172)
4(3164 3174 3284 3274)
4(3173 3283 3284 3174)
4(3273 3274 3284 3283)
4(3165 3175 3285 3275)
4(3174 3284 3285 3175)
4(3274 3275 3285 3284)
4(3166 3176 3286 3276)
4(3175 3285 3286 3176)
4(3275 3276 3286 3285)
4(3167 3177 3287 3277)
4(3176 3286 3287 3177)
4(3276 3277 3287 3286)
4(3168 3178 3288 3278)
4(3177 3287 3288 3178)
4(3277 3278 3288 3287)
4(3169 3179 3289 3279)
4(3178 3288 3289 3179)
4(3278 3279 3289 3288)
4(3170 3180 3290 3280)
4(3179 3289 3290 3180)
4(3279 3280 3290 3289)
4(3171 3181 3291 3281)
4(3180 3290 3291 3181)
4(3280 3281 3291 3290)
4(3181 3291 2013 1892)
4(3281 2002 2013 3291)
4(3173 3183 3293 3283)
4(3182 3292 3293 3183)
4(3282 3283 3293 3292)
4(3172 3282 3292 3182)
4(3174 3184 3294 3284)
4(3183 3293 3294 3184)
4(3283 3284 3294 3293)
4(3175 3185 3295 3285)
4(3184 3294 3295 3185)
4(3284 3285 3295 3294)
4(3176 3186 3296 3286)
4(3185 3295 3296 3186)
4(3285 3286 3296 3295)
4(3177 3187 3297 3287)
4(3186 3296 3297 3187)
4(3286 3287 3297 3296)
4(3178 3188 3298 3288)
4(3187 3297 3298 3188)
4(3287 3288 3298 3297)
4(3179 3189 3299 3289)
4(3188 3298 3299 3189)
4(3288 3289 3299 3298)
4(3180 3190 3300 3290)
4(3189 3299 3300 3190)
4(3289 3290 3300 3299)
4(3181 3191 3301 3291)
4(3190 3300 3301 3191)
4(3290 3291 3301 3300)
4(3191 3301 2024 1903)
4(3291 2013 2024 3301)
4(3183 3193 3303 3293)
4(3192 3302 3303 3193)
4(3292 3293 3303 3302)
4(3182 3292 3302 3192)
4(3184 3194 3304 3294)
4(3193 3303 3304 3194)
4(3293 3294 3304 3303)
4(3185 3195 3305 3295)
4(3194 3304 3305 3195)
4(3294 3295 3305 3304)
4(3186 3196 3306 3296)
4(3195 3305 3306 3196)
4(3295 3296 3306 3305)
4(3187 3197 3307 3297)
4(3196 3306 3307 3197)
4(3296 3297 3307 3306)
4(3188 3198 3308 3298)
4(3197 3307 3308 3198)
4(3297 3298 3308 3307)
4(3189 3199 3309 3299)
4(3198 3308 3309 3199)
4(3298 3299 3309 3308)
4(3190 3200 3310 3300)
4(3199 3309 3310 3200)
4(3299 3300 3310 3309)
4(3191 3201 3311 3301)
4(3200 3310 3311 3201)
4(3300 3301 3311 3310)
4(3201 3311 2035 1914)
4(3301 2024 2035 3311)
4(3193 3203 3313 3303)
4(3302 3303 3313 3312)
4(3202 3312 3313 3203)
4(3192 3302 3312 3202)
4(3194 3204 3314 3304)
4(3303 3304 3314 3313)
4(3203 3313 3314 3204)
4(3195 3205 3315 3305)
4(3304 3305 3315 3314)
4(3204 3314 3315 3205)
4(3196 3206 3316 3306)
4(3305 3306 3316 3315)
4(3205 3315 3316 3206)
4(3197 3207 3317 3307)
4(3306 3307 3317 3316)
4(3206 3316 3317 3207)
4(3198 3208 3318 3308)
4(3307 3308 3318 3317)
4(3207 3317 3318 3208)
4(3199 3209 3319 3309)
4(3308 3309 3319 3318)
4(3208 3318 3319 3209)
4(3200 3210 3320 3310)
4(3309 3310 3320 3319)
4(3209 3319 3320 3210)
4(3201 3211 3321 3311)
4(3310 3311 3321 3320)
4(3210 3320 3321 3211)
4(3311 2035 2046 3321)
4(3211 3321 2046 1925)
4(3213 3223 3333 3323)
4(3222 3332 3333 3223)
4(3322 3323 3333 3332)
4(3212 3213 3323 3322)
4(3212 3322 3332 3222)
4(3214 3224 3334 3324)
4(3223 3333 3334 3224)
4(3323 3324 3334 3333)
4(3213 3214 3324 3323)
4(3215 3225 3335 3325)
4(3224 3334 3335 3225)
4(3324 3325 3335 3334)
4(3214 3215 3325 3324)
4(3216 3226 3336 3326)
4(3225 3335 3336 3226)
4(3325 3326 3336 3335)
4(3215 3216 3326 3325)
4(3217 3227 3337 3327)
4(3226 3336 3337 3227)
4(3326 3327 3337 3336)
4(3216 3217 3327 3326)
4(3218 3228 3338 3328)
4(3227 3337 3338 3228)
4(3327 3328 3338 3337)
4(3217 3218 3328 3327)
4(3219 3229 3339 3329)
4(3228 3338 3339 3229)
4(3328 3329 3339 3338)
4(3218 3219 3329 3328)
4(3220 3230 3340 3330)
4(3229 3339 3340 3230)
4(3329 3330 3340 3339)
4(3219 3220 3330 3329)
4(3221 3231 3341 3331)
4(3230 3340 3341 3231)
4(3330 3331 3341 3340)
4(3220 3221 3331 3330)
4(3231 3341 2068 1947)
4(3331 2057 2068 3341)
4(3221 1936 2057 3331)
4(3223 3233 3343 3333)
4(3232 3342 3343 3233)
4(3332 3333 3343 3342)
4(3222 3332 3342 3232)
4(3224 3234 3344 3334)
4(3233 3343 3344 3234)
4(3333 3334 3344 3343)
4(3225 3235 3345 3335)
4(3234 3344 3345 3235)
4(3334 3335 3345 3344)
4(3226 3236 3346 3336)
4(3235 3345 3346 3236)
4(3335 3336 3346 3345)
4(3227 3237 3347 3337)
4(3236 3346 3347 3237)
4(3336 3337 3347 3346)
4(3228 3238 3348 3338)
4(3237 3347 3348 3238)
4(3337 3338 3348 3347)
4(3229 3239 3349 3339)
4(3238 3348 3349 3239)
4(3338 3339 3349 3348)
4(3230 3240 3350 3340)
4(3239 3349 3350 3240)
4(3339 3340 3350 3349)
4(3231 3241 3351 3341)
4(3240 3350 3351 3241)
4(3340 3341 3351 3350)
4(3241 3351 2079 1958)
4(3341 2068 2079 3351)
4(3233 3243 3353 3343)
4(3242 3352 3353 3243)
4(3342 3343 3353 3352)
4(3232 3342 3352 3242)
4(3234 3244 3354 3344)
4(3243 3353 3354 3244)
4(3343 3344 3354 3353)
4(3235 3245 3355 3345)
4(3244 3354 3355 3245)
4(3344 3345 3355 3354)
4(3236 3246 3356 3346)
4(3245 3355 3356 3246)
4(3345 3346 3356 3355)
4(3237 3247 3357 3347)
4(3246 3356 3357 3247)
4(3346 3347 3357 3356)
4(3238 3248 3358 3348)
4(3247 3357 3358 3248)
4(3347 3348 3358 3357)
4(3239 3249 3359 3349)
4(3248 3358 3359 3249)
4(3348 3349 3359 3358)
4(3240 3250 3360 3350)
4(3249 3359 3360 3250)
4(3349 3350 3360 3359)
4(3241 3251 3361 3351)
4(3250 3360 3361 3251)
4(3350 3351 3361 3360)
4(3251 3361 2090 1969)
4(3351 2079 2090 3361)
4(3243 3253 3363 3353)
4(3252 3362 3363 3253)
4(3352 3353 3363 3362)
4(3242 3352 3362 3252)
4(3244 3254 3364 3354)
4(3253 3363 3364 3254)
4(3353 3354 3364 3363)
4(3245 3255 3365 3355)
4(3254 3364 3365 3255)
4(3354 3355 3365 3364)
4(3246 3256 3366 3356)
4(3255 3365 3366 3256)
4(3355 3356 3366 3365)
4(3247 3257 3367 3357)
4(3256 3366 3367 3257)
4(3356 3357 3367 3366)
4(3248 3258 3368 3358)
4(3257 3367 3368 3258)
4(3357 3358 3368 3367)
4(3249 3259 3369 3359)
4(3258 3368 3369 3259)
4(3358 3359 3369 3368)
4(3250 3260 3370 3360)
4(3259 3369 3370 3260)
4(3359 3360 3370 3369)
4(3251 3261 3371 3361)
4(3260 3370 3371 3261)
4(3360 3361 3371 3370)
4(3261 3371 2101 1980)
4(3361 2090 2101 3371)
4(3253 3263 3373 3363)
4(3262 3372 3373 3263)
4(3362 3363 3373 3372)
4(3252 3362 3372 3262)
4(3254 3264 3374 3364)
4(3263 3373 3374 3264)
4(3363 3364 3374 3373)
4(3255 3265 3375 3365)
4(3264 3374 3375 3265)
4(3364 3365 3375 3374)
4(3256 3266 3376 3366)
4(3265 3375 3376 3266)
4(3365 3366 3376 3375)
4(3257 3267 3377 3367)
4(3266 3376 3377 3267)
4(3366 3367 3377 3376)
4(3258 3268 3378 3368)
4(3267 3377 3378 3268)
4(3367 3368 3378 3377)
4(3259 3269 3379 3369)
4(3268 3378 3379 3269)
4(3368 3369 3379 3378)
4(3260 3270 3380 3370)
4(3269 3379 3380 3270)
4(3369 3370 3380 3379)
4(3261 3271 3381 3371)
4(3270 3380 3381 3271)
4(3370 3371 3381 3380)
4(3271 3381 2112 1991)
4(3371 2101 2112 3381)
4(3263 3273 3383 3373)
4(3272 3382 3383 3273)
4(3372 3373 3383 3382)
4(3262 3372 3382 3272)
4(3264 3274 3384 3374)
4(3273 3383 3384 3274)
4(3373 3374 3384 3383)
4(3265 3275 3385 3375)
4(3274 3384 3385 3275)
4(3374 3375 3385 3384)
4(3266 3276 3386 3376)
4(3275 3385 3386 3276)
4(3375 3376 3386 3385)
4(3267 3277 3387 3377)
4(3276 3386 3387 3277)
4(3376 3377 3387 3386)
4(3268 3278 3388 3378)
4(3277 3387 3388 3278)
4(3377 3378 3388 3387)
4(3269 3279 3389 3379)
4(3278 3388 3389 3279)
4(3378 3379 3389 3388)
4(3270 3280 3390 3380)
4(3279 3389 3390 3280)
4(3379 3380 3390 3389)
4(3271 3281 3391 3381)
4(3280 3390 3391 3281)
4(3380 3381 3391 3390)
4(3281 3391 2123 2002)
4(3381 2112 2123 3391)
4(3273 3283 3393 3383)
4(3282 3392 3393 3283)
4(3382 3383 3393 3392)
4(3272 3382 3392 3282)
4(3274 3284 3394 3384)
4(3283 3393 3394 3284)
4(3383 3384 3394 3393)
4(3275 3285 3395 3385)
4(3284 3394 3395 3285)
4(3384 3385 3395 3394)
4(3276 3286 3396 3386)
4(3285 3395 3396 3286)
4(3385 3386 3396 3395)
4(3277 3287 3397 3387)
4(3286 3396 3397 3287)
4(3386 3387 3397 3396)
4(3278 3288 3398 3388)
4(3287 3397 3398 3288)
4(3387 3388 3398 3397)
4(3279 3289 3399 3389)
4(3288 3398 3399 3289)
4(3388 3389 3399 3398)
4(3280 3290 3400 3390)
4(3289 3399 3400 3290)
4(3389 3390 3400 3399)
4(3281 3291 3401 3391)
4(3290 3400 3401 3291)
4(3390 3391 3401 3400)
4(3291 3401 2134 2013)
4(3391 2123 2134 3401)
4(3283 3293 3403 3393)
4(3292 3402 3403 3293)
4(3392 3393 3403 3402)
4(3282 3392 3402 3292)
4(3284 3294 3404 3394)
4(3293 3403 3404 3294)
4(3393 3394 3404 3403)
4(3285 3295 3405 3395)
4(3294 3404 3405 3295)
4(3394 3395 3405 3404)
4(3286 3296 3406 3396)
4(3295 3405 3406 3296)
4(3395 3396 3406 3405)
4(3287 3297 3407 3397)
4(3296 3406 3407 3297)
4(3396 3397 3407 3406)
4(3288 3298 3408 3398)
4(3297 3407 3408 3298)
4(3397 3398 3408 3407)
4(3289 3299 3409 3399)
4(3298 3408 3409 3299)
4(3398 3399 3409 3408)
4(3290 3300 3410 3400)
4(3299 3409 3410 3300)
4(3399 3400 3410 3409)
4(3291 3301 3411 3401)
4(3300 3410 3411 3301)
4(3400 3401 3411 3410)
4(3301 3411 2145 2024)
4(3401 2134 2145 3411)
4(3293 3303 3413 3403)
4(3302 3412 3413 3303)
4(3402 3403 3413 3412)
4(3292 3402 3412 3302)
4(3294 3304 3414 3404)
4(3303 3413 3414 3304)
4(3403 3404 3414 3413)
4(3295 3305 3415 3405)
4(3304 3414 3415 3305)
4(3404 3405 3415 3414)
4(3296 3306 3416 3406)
4(3305 3415 3416 3306)
4(3405 3406 3416 3415)
4(3297 3307 3417 3407)
4(3306 3416 3417 3307)
4(3406 3407 3417 3416)
4(3298 3308 3418 3408)
4(3307 3417 3418 3308)
4(3407 3408 3418 3417)
4(3299 3309 3419 3409)
4(3308 3418 3419 3309)
4(3408 3409 3419 3418)
4(3300 3310 3420 3410)
4(3309 3419 3420 3310)
4(3409 3410 3420 3419)
4(3301 3311 3421 3411)
4(3310 3420 3421 3311)
4(3410 3411 3421 3420)
4(3311 3421 2156 2035)
4(3411 2145 2156 3421)
4(3303 3313 3423 3413)
4(3412 3413 3423 3422)
4(3312 3422 3423 3313)
4(3302 3412 3422 3312)
4(3304 3314 3424 3414)
4(3413 3414 3424 3423)
4(3313 3423 3424 3314)
4(3305 3315 3425 3415)
4(3414 3415 3425 3424)
4(3314 3424 3425 3315)
4(3306 3316 3426 3416)
4(3415 3416 3426 3425)
4(3315 3425 3426 3316)
4(3307 3317 3427 3417)
4(3416 3417 3427 3426)
4(3316 3426 3427 3317)
4(3308 3318 3428 3418)
4(3417 3418 3428 3427)
4(3317 3427 3428 3318)
4(3309 3319 3429 3419)
4(3418 3419 3429 3428)
4(3318 3428 3429 3319)
4(3310 3320 3430 3420)
4(3419 3420 3430 3429)
4(3319 3429 3430 3320)
4(3311 3321 3431 3421)
4(3420 3421 3431 3430)
4(3320 3430 3431 3321)
4(3421 2156 2167 3431)
4(3321 3431 2167 2046)
4(3323 3333 3443 3433)
4(3332 3442 3443 3333)
4(3432 3433 3443 3442)
4(3322 3323 3433 3432)
4(3322 3432 3442 3332)
4(3324 3334 3444 3434)
4(3333 3443 3444 3334)
4(3433 3434 3444 3443)
4(3323 3324 3434 3433)
4(3325 3335 3445 3435)
4(3334 3444 3445 3335)
4(3434 3435 3445 3444)
4(3324 3325 3435 3434)
4(3326 3336 3446 3436)
4(3335 3445 3446 3336)
4(3435 3436 3446 3445)
4(3325 3326 3436 3435)
4(3327 3337 3447 3437)
4(3336 3446 3447 3337)
4(3436 3437 3447 3446)
4(3326 3327 3437 3436)
4(3328 3338 3448 3438)
4(3337 3447 3448 3338)
4(3437 3438 3448 3447)
4(3327 3328 3438 3437)
4(3329 3339 3449 3439)
4(3338 3448 3449 3339)
4(3438 3439 3449 3448)
4(3328 3329 3439 3438)
4(3330 3340 3450 3440)
4(3339 3449 3450 3340)
4(3439 3440 3450 3449)
4(3329 3330 3440 3439)
4(3331 3341 3451 3441)
4(3340 3450 3451 3341)
4(3440 3441 3451 3450)
4(3330 3331 3441 3440)
4(3341 3451 2189 2068)
4(3441 2178 2189 3451)
4(3331 2057 2178 3441)
4(3333 3343 3453 3443)
4(3342 3452 3453 3343)
4(3442 3443 3453 3452)
4(3332 3442 3452 3342)
4(3334 3344 3454 3444)
4(3343 3453 3454 3344)
4(3443 3444 3454 3453)
4(3335 3345 3455 3445)
4(3344 3454 3455 3345)
4(3444 3445 3455 3454)
4(3336 3346 3456 3446)
4(3345 3455 3456 3346)
4(3445 3446 3456 3455)
4(3337 3347 3457 3447)
4(3346 3456 3457 3347)
4(3446 3447 3457 3456)
4(3338 3348 3458 3448)
4(3347 3457 3458 3348)
4(3447 3448 3458 3457)
4(3339 3349 3459 3449)
4(3348 3458 3459 3349)
4(3448 3449 3459 3458)
4(3340 3350 3460 3450)
4(3349 3459 3460 3350)
4(3449 3450 3460 3459)
4(3341 3351 3461 3451)
4(3350 3460 3461 3351)
4(3450 3451 3461 3460)
4(3351 3461 2200 2079)
4(3451 2189 2200 3461)
4(3343 3353 3463 3453)
4(3352 3462 3463 3353)
4(3452 3453 3463 3462)
4(3342 3452 3462 3352)
4(3344 3354 3464 3454)
4(3353 3463 3464 3354)
4(3453 3454 3464 3463)
4(3345 3355 3465 3455)
4(3354 3464 3465 3355)
4(3454 3455 3465 3464)
4(3346 3356 3466 3456)
4(3355 3465 3466 3356)
4(3455 3456 3466 3465)
4(3347 3357 3467 3457)
4(3356 3466 3467 3357)
4(3456 3457 3467 3466)
4(3348 3358 3468 3458)
4(3357 3467 3468 3358)
4(3457 3458 3468 3467)
4(3349 3359 3469 3459)
4(3358 3468 3469 3359)
4(3458 3459 3469 3468)
4(3350 3360 3470 3460)
4(3359 3469 3470 3360)
4(3459 3460 3470 3469)
4(3351 3361 3471 3461)
4(3360 3470 3471 3361)
4(3460 3461 3471 3470)
4(3361 3471 2211 2090)
4(3461 2200 2211 3471)
4(3353 3363 3473 3463)
4(3362 3472 3473 3363)
4(3462 3463 3473 3472)
4(3352 3462 3472 3362)
4(3354 3364 3474 3464)
4(3363 3473 3474 3364)
4(3463 3464 3474 3473)
4(3355 3365 3475 3465)
4(3364 3474 3475 3365)
4(3464 3465 3475 3474)
4(3356 3366 3476 3466)
4(3365 3475 3476 3366)
4(3465 3466 3476 3475)
4(3357 3367 3477 3467)
4(3366 3476 3477 3367)
4(3466 3467 3477 3476)
4(3358 3368 3478 3468)
4(3367 3477 3478 3368)
4(3467 3468 3478 3477)
4(3359 3369 3479 3469)
4(3368 3478 3479 3369)
4(3468 3469 3479 3478)
4(3360 3370 3480 3470)
4(3369 3479 3480 3370)
4(3469 3470 3480 3479)
4(3361 3371 3481 3471)
4(3370 3480 3481 3371)
4(3470 3471 3481 3480)
4(3371 3481 2222 2101)
4(3471 2211 2222 3481)
4(3363 3373 3483 3473)
4(3372 3482 3483 3373)
4(3472 3473 3483 3482)
4(3362 3472 3482 3372)
4(3364 3374 3484 3474)
4(3373 3483 3484 3374)
4(3473 3474 3484 3483)
4(3365 3375 3485 3475)
4(3374 3484 3485 3375)
4(3474 3475 3485 3484)
4(3366 3376 3486 3476)
4(3375 3485 3486 3376)
4(3475 3476 3486 3485)
4(3367 3377 3487 3477)
4(3376 3486 3487 3377)
4(3476 3477 3487 3486)
4(3368 3378 3488 3478)
4(3377 3487 3488 3378)
4(3477 3478 3488 3487)
4(3369 3379 3489 3479)
4(3378 3488 3489 3379)
4(3478 3479 3489 3488)
4(3370 3380 3490 3480)
4(3379 3489 3490 3380)
4(3479 3480 3490 3489)
4(3371 3381 3491 3481)
4(3380 3490 3491 3381)
4(3480 3481 3491 3490)
4(3381 3491 2233 2112)
4(3481 2222 2233 3491)
4(3373 3383 3493 3483)
4(3382 3492 3493 3383)
4(3482 3483 3493 3492)
4(3372 3482 3492 3382)
4(3374 3384 3494 3484)
4(3383 3493 3494 3384)
4(3483 3484 3494 3493)
4(3375 3385 3495 3485)
4(3384 3494 3495 3385)
4(3484 3485 3495 3494)
4(3376 3386 3496 3486)
4(3385 3495 3496 3386)
4(3485 3486 3496 3495)
4(3377 3387 3497 3487)
4(3386 3496 3497 3387)
4(3486 3487 3497 3496)
4(3378 3388 3498 3488)
4(3387 3497 3498 3388)
4(3487 3488 3498 3497)
4(3379 3389 3499 3489)
4(3388 3498 3499 3389)
4(3488 3489 3499 3498)
4(3380 3390 3500 3490)
4(3389 3499 3500 3390)
4(3489 3490 3500 3499)
4(3381 3391 3501 3491)
4(3390 3500 3501 3391)
4(3490 3491 3501 3500)
4(3391 3501 2244 2123)
4(3491 2233 2244 3501)
4(3383 3393 3503 3493)
4(3392 3502 3503 3393)
4(3492 3493 3503 3502)
4(3382 3492 3502 3392)
4(3384 3394 3504 3494)
4(3393 3503 3504 3394)
4(3493 3494 3504 3503)
4(3385 3395 3505 3495)
4(3394 3504 3505 3395)
4(3494 3495 3505 3504)
4(3386 3396 3506 3496)
4(3395 3505 3506 3396)
4(3495 3496 3506 3505)
4(3387 3397 3507 3497)
4(3396 3506 3507 3397)
4(3496 3497 3507 3506)
4(3388 3398 3508 3498)
4(3397 3507 3508 3398)
4(3497 3498 3508 3507)
4(3389 3399 3509 3499)
4(3398 3508 3509 3399)
4(3498 3499 3509 3508)
4(3390 3400 3510 3500)
4(3399 3509 3510 3400)
4(3499 3500 3510 3509)
4(3391 3401 3511 3501)
4(3400 3510 3511 3401)
4(3500 3501 3511 3510)
4(3401 3511 2255 2134)
4(3501 2244 2255 3511)
4(3393 3403 3513 3503)
4(3402 3512 3513 3403)
4(3502 3503 3513 3512)
4(3392 3502 3512 3402)
4(3394 3404 3514 3504)
4(3403 3513 3514 3404)
4(3503 3504 3514 3513)
4(3395 3405 3515 3505)
4(3404 3514 3515 3405)
4(3504 3505 3515 3514)
4(3396 3406 3516 3506)
4(3405 3515 3516 3406)
4(3505 3506 3516 3515)
4(3397 3407 3517 3507)
4(3406 3516 3517 3407)
4(3506 3507 3517 3516)
4(3398 3408 3518 3508)
4(3407 3517 3518 3408)
4(3507 3508 3518 3517)
4(3399 3409 3519 3509)
4(3408 3518 3519 3409)
4(3508 3509 3519 3518)
4(3400 3410 3520 3510)
4(3409 3519 3520 3410)
4(3509 3510 3520 3519)
4(3401 3411 3521 3511)
4(3410 3520 3521 3411)
4(3510 3511 3521 3520)
4(3411 3521 2266 2145)
4(3511 2255 2266 3521)
4(3403 3413 3523 3513)
4(3412 3522 3523 3413)
4(3512 3513 3523 3522)
4(3402 3512 3522 3412)
4(3404 3414 3524 3514)
4(3413 3523 3524 3414)
4(3513 3514 3524 3523)
4(3405 3415 3525 3515)
4(3414 3524 3525 3415)
4(3514 3515 3525 3524)
4(3406 3416 3526 3516)
4(3415 3525 3526 3416)
4(3515 3516 3526 3525)
4(3407 3417 3527 3517)
4(3416 3526 3527 3417)
4(3516 3517 3527 3526)
4(3408 3418 3528 3518)
4(3417 3527 3528 3418)
4(3517 3518 3528 3527)
4(3409 3419 3529 3519)
4(3418 3528 3529 3419)
4(3518 3519 3529 3528)
4(3410 3420 3530 3520)
4(3419 3529 3530 3420)
4(3519 3520 3530 3529)
4(3411 3421 3531 3521)
4(3420 3530 3531 3421)
4(3520 3521 3531 3530)
4(3421 3531 2277 2156)
4(3521 2266 2277 3531)
4(3413 3423 3533 3523)
4(3522 3523 3533 3532)
4(3422 3532 3533 3423)
4(3412 3522 3532 3422)
4(3414 3424 3534 3524)
4(3523 3524 3534 3533)
4(3423 3533 3534 3424)
4(3415 3425 3535 3525)
4(3524 3525 3535 3534)
4(3424 3534 3535 3425)
4(3416 3426 3536 3526)
4(3525 3526 3536 3535)
4(3425 3535 3536 3426)
4(3417 3427 3537 3527)
4(3526 3527 3537 3536)
4(3426 3536 3537 3427)
4(3418 3428 3538 3528)
4(3527 3528 3538 3537)
4(3427 3537 3538 3428)
4(3419 3429 3539 3529)
4(3528 3529 3539 3538)
4(3428 3538 3539 3429)
4(3420 3430 3540 3530)
4(3529 3530 3540 3539)
4(3429 3539 3540 3430)
4(3421 3431 3541 3531)
4(3530 3531 3541 3540)
4(3430 3540 3541 3431)
4(3531 2277 2288 3541)
4(3431 3541 2288 2167)
4(3433 3443 3553 3543)
4(3442 3552 3553 3443)
4(3542 3543 3553 3552)
4(3432 3433 3543 3542)
4(3432 3542 3552 3442)
4(3434 3444 3554 3544)
4(3443 3553 3554 3444)
4(3543 3544 3554 3553)
4(3433 3434 3544 3543)
4(3435 3445 3555 3545)
4(3444 3554 3555 3445)
4(3544 3545 3555 3554)
4(3434 3435 3545 3544)
4(3436 3446 3556 3546)
4(3445 3555 3556 3446)
4(3545 3546 3556 3555)
4(3435 3436 3546 3545)
4(3437 3447 3557 3547)
4(3446 3556 3557 3447)
4(3546 3547 3557 3556)
4(3436 3437 3547 3546)
4(3438 3448 3558 3548)
4(3447 3557 3558 3448)
4(3547 3548 3558 3557)
4(3437 3438 3548 3547)
4(3439 3449 3559 3549)
4(3448 3558 3559 3449)
4(3548 3549 3559 3558)
4(3438 3439 3549 3548)
4(3440 3450 3560 3550)
4(3449 3559 3560 3450)
4(3549 3550 3560 3559)
4(3439 3440 3550 3549)
4(3441 3451 3561 3551)
4(3450 3560 3561 3451)
4(3550 3551 3561 3560)
4(3440 3441 3551 3550)
4(3451 3561 2310 2189)
4(3551 2299 2310 3561)
4(3441 2178 2299 3551)
4(3443 3453 3563 3553)
4(3452 3562 3563 3453)
4(3552 3553 3563 3562)
4(3442 3552 3562 3452)
4(3444 3454 3564 3554)
4(3453 3563 3564 3454)
4(3553 3554 3564 3563)
4(3445 3455 3565 3555)
4(3454 3564 3565 3455)
4(3554 3555 3565 3564)
4(3446 3456 3566 3556)
4(3455 3565 3566 3456)
4(3555 3556 3566 3565)
4(3447 3457 3567 3557)
4(3456 3566 3567 3457)
4(3556 3557 3567 3566)
4(3448 3458 3568 3558)
4(3457 3567 3568 3458)
4(3557 3558 3568 3567)
4(3449 3459 3569 3559)
4(3458 3568 3569 3459)
4(3558 3559 3569 3568)
4(3450 3460 3570 3560)
4(3459 3569 3570 3460)
4(3559 3560 3570 3569)
4(3451 3461 3571 3561)
4(3460 3570 3571 3461)
4(3560 3561 3571 3570)
4(3461 3571 2321 2200)
4(3561 2310 2321 3571)
4(3453 3463 3573 3563)
4(3462 3572 3573 3463)
4(3562 3563 3573 3572)
4(3452 3562 3572 3462)
4(3454 3464 3574 3564)
4(3463 3573 3574 3464)
4(3563 3564 3574 3573)
4(3455 3465 3575 3565)
4(3464 3574 3575 3465)
4(3564 3565 3575 3574)
4(3456 3466 3576 3566)
4(3465 3575 3576 3466)
4(3565 3566 3576 3575)
4(3457 3467 3577 3567)
4(3466 3576 3577 3467)
4(3566 3567 3577 3576)
4(3458 3468 3578 3568)
4(3467 3577 3578 3468)
4(3567 3568 3578 3577)
4(3459 3469 3579 3569)
4(3468 3578 3579 3469)
4(3568 3569 3579 3578)
4(3460 3470 3580 3570)
4(3469 3579 3580 3470)
4(3569 3570 3580 3579)
4(3461 3471 3581 3571)
4(3470 3580 3581 3471)
4(3570 3571 3581 3580)
4(3471 3581 2332 2211)
4(3571 2321 2332 3581)
4(3463 3473 3583 3573)
4(3472 3582 3583 3473)
4(3572 3573 3583 3582)
4(3462 3572 3582 3472)
4(3464 3474 3584 3574)
4(3473 3583 3584 3474)
4(3573 3574 3584 3583)
4(3465 3475 3585 3575)
4(3474 3584 3585 3475)
4(3574 3575 3585 3584)
4(3466 3476 3586 3576)
4(3475 3585 3586 3476)
4(3575 3576 3586 3585)
4(3467 3477 3587 3577)
4(3476 3586 3587 3477)
4(3576 3577 3587 3586)
4(3468 3478 3588 3578)
4(3477 3587 3588 3478)
4(3577 3578 3588 3587)
4(3469 3479 3589 3579)
4(3478 3588 3589 3479)
4(3578 3579 3589 3588)
4(3470 3480 3590 3580)
4(3479 3589 3590 3480)
4(3579 3580 3590 3589)
4(3471 3481 3591 3581)
4(3480 3590 3591 3481)
4(3580 3581 3591 3590)
4(3481 3591 2343 2222)
4(3581 2332 2343 3591)
4(3473 3483 3593 3583)
4(3482 3592 3593 3483)
4(3582 3583 3593 3592)
4(3472 3582 3592 3482)
4(3474 3484 3594 3584)
4(3483 3593 3594 3484)
4(3583 3584 3594 3593)
4(3475 3485 3595 3585)
4(3484 3594 3595 3485)
4(3584 3585 3595 3594)
4(3476 3486 3596 3586)
4(3485 3595 3596 3486)
4(3585 3586 3596 3595)
4(3477 3487 3597 3587)
4(3486 3596 3597 3487)
4(3586 3587 3597 3596)
4(3478 3488 3598 3588)
4(3487 3597 3598 3488)
4(3587 3588 3598 3597)
4(3479 3489 3599 3589)
4(3488 3598 3599 3489)
4(3588 3589 3599 3598)
4(3480 3490 3600 3590)
4(3489 3599 3600 3490)
4(3589 3590 3600 3599)
4(3481 3491 3601 3591)
4(3490 3600 3601 3491)
4(3590 3591 3601 3600)
4(3491 3601 2354 2233)
4(3591 2343 2354 3601)
4(3483 3493 3603 3593)
4(3492 3602 3603 3493)
4(3592 3593 3603 3602)
4(3482 3592 3602 3492)
4(3484 3494 3604 3594)
4(3493 3603 3604 3494)
4(3593 3594 3604 3603)
4(3485 3495 3605 3595)
4(3494 3604 3605 3495)
4(3594 3595 3605 3604)
4(3486 3496 3606 3596)
4(3495 3605 3606 3496)
4(3595 3596 3606 3605)
4(3487 3497 3607 3597)
4(3496 3606 3607 3497)
4(3596 3597 3607 3606)
4(3488 3498 3608 3598)
4(3497 3607 3608 3498)
4(3597 3598 3608 3607)
4(3489 3499 3609 3599)
4(3498 3608 3609 3499)
4(3598 3599 3609 3608)
4(3490 3500 3610 3600)
4(3499 3609 3610 3500)
4(3599 3600 3610 3609)
4(3491 3501 3611 3601)
4(3500 3610 3611 3501)
4(3600 3601 3611 3610)
4(3501 3611 2365 2244)
4(3601 2354 2365 3611)
4(3493 3503 3613 3603)
4(3502 3612 3613 3503)
4(3602 3603 3613 3612)
4(3492 3602 3612 3502)
4(3494 3504 3614 3604)
4(3503 3613 3614 3504)
4(3603 3604 3614 3613)
4(3495 3505 3615 3605)
4(3504 3614 3615 3505)
4(3604 3605 3615 3614)
4(3496 3506 3616 3606)
4(3505 3615 3616 3506)
4(3605 3606 3616 3615)
4(3497 3507 3617 3607)
4(3506 3616 3617 3507)
4(3606 3607 3617 3616)
4(3498 3508 3618 3608)
4(3507 3617 3618 3508)
4(3607 3608 3618 3617)
4(3499 3509 3619 3609)
4(3508 3618 3619 3509)
4(3608 3609 3619 3618)
4(3500 3510 3620 3610)
4(3509 3619 3620 3510)
4(3609 3610 3620 3619)
4(3501 3511 3621 3611)
4(3510 3620 3621 3511)
4(3610 3611 3621 3620)
4(3511 3621 2376 2255)
4(3611 2365 2376 3621)
4(3503 3513 3623 3613)
4(3512 3622 3623 3513)
4(3612 3613 3623 3622)
4(3502 3612 3622 3512)
4(3504 3514 3624 3614)
4(3513 3623 3624 3514)
4(3613 3614 3624 3623)
4(3505 3515 3625 3615)
4(3514 3624 3625 3515)
4(3614 3615 3625 3624)
4(3506 3516 3626 3616)
4(3515 3625 3626 3516)
4(3615 3616 3626 3625)
4(3507 3517 3627 3617)
4(3516 3626 3627 3517)
4(3616 3617 3627 3626)
4(3508 3518 3628 3618)
4(3517 3627 3628 3518)
4(3617 3618 3628 3627)
4(3509 3519 3629 3619)
4(3518 3628 3629 3519)
4(3618 3619 3629 3628)
4(3510 3520 3630 3620)
4(3519 3629 3630 3520)
4(3619 3620 3630 3629)
4(3511 3521 3631 3621)
4(3520 3630 3631 3521)
4(3620 3621 3631 3630)
4(3521 3631 2387 2266)
4(3621 2376 2387 3631)
4(3513 3523 3633 3623)
4(3522 3632 3633 3523)
4(3622 3623 3633 3632)
4(3512 3622 3632 3522)
4(3514 3524 3634 3624)
4(3523 3633 3634 3524)
4(3623 3624 3634 3633)
4(3515 3525 3635 3625)
4(3524 3634 3635 3525)
4(3624 3625 3635 3634)
4(3516 3526 3636 3626)
4(3525 3635 3636 3526)
4(3625 3626 3636 3635)
4(3517 3527 3637 3627)
4(3526 3636 3637 3527)
4(3626 3627 3637 3636)
4(3518 3528 3638 3628)
4(3527 3637 3638 3528)
4(3627 3628 3638 3637)
4(3519 3529 3639 3629)
4(3528 3638 3639 3529)
4(3628 3629 3639 3638)
4(3520 3530 3640 3630)
4(3529 3639 3640 3530)
4(3629 3630 3640 3639)
4(3521 3531 3641 3631)
4(3530 3640 3641 3531)
4(3630 3631 3641 3640)
4(3531 3641 2398 2277)
4(3631 2387 2398 3641)
4(3523 3533 3643 3633)
4(3632 3633 3643 3642)
4(3532 3642 3643 3533)
4(3522 3632 3642 3532)
4(3524 3534 3644 3634)
4(3633 3634 3644 3643)
4(3533 3643 3644 3534)
4(3525 3535 3645 3635)
4(3634 3635 3645 3644)
4(3534 3644 3645 3535)
4(3526 3536 3646 3636)
4(3635 3636 3646 3645)
4(3535 3645 3646 3536)
4(3527 3537 3647 3637)
4(3636 3637 3647 3646)
4(3536 3646 3647 3537)
4(3528 3538 3648 3638)
4(3637 3638 3648 3647)
4(3537 3647 3648 3538)
4(3529 3539 3649 3639)
4(3638 3639 3649 3648)
4(3538 3648 3649 3539)
4(3530 3540 3650 3640)
4(3639 3640 3650 3649)
4(3539 3649 3650 3540)
4(3531 3541 3651 3641)
4(3640 3641 3651 3650)
4(3540 3650 3651 3541)
4(3641 2398 2409 3651)
4(3541 3651 2409 2288)
4(3543 3553 3663 3653)
4(3552 3662 3663 3553)
4(3652 3653 3663 3662)
4(3542 3543 3653 3652)
4(3542 3652 3662 3552)
4(3544 3554 3664 3654)
4(3553 3663 3664 3554)
4(3653 3654 3664 3663)
4(3543 3544 3654 3653)
4(3545 3555 3665 3655)
4(3554 3664 3665 3555)
4(3654 3655 3665 3664)
4(3544 3545 3655 3654)
4(3546 3556 3666 3656)
4(3555 3665 3666 3556)
4(3655 3656 3666 3665)
4(3545 3546 3656 3655)
4(3547 3557 3667 3657)
4(3556 3666 3667 3557)
4(3656 3657 3667 3666)
4(3546 3547 3657 3656)
4(3548 3558 3668 3658)
4(3557 3667 3668 3558)
4(3657 3658 3668 3667)
4(3547 3548 3658 3657)
4(3549 3559 3669 3659)
4(3558 3668 3669 3559)
4(3658 3659 3669 3668)
4(3548 3549 3659 3658)
4(3550 3560 3670 3660)
4(3559 3669 3670 3560)
4(3659 3660 3670 3669)
4(3549 3550 3660 3659)
4(3551 3561 3671 3661)
4(3560 3670 3671 3561)
4(3660 3661 3671 3670)
4(3550 3551 3661 3660)
4(3561 3671 2431 2310)
4(3661 2420 2431 3671)
4(3551 2299 2420 3661)
4(3553 3563 3673 3663)
4(3562 3672 3673 3563)
4(3662 3663 3673 3672)
4(3552 3662 3672 3562)
4(3554 3564 3674 3664)
4(3563 3673 3674 3564)
4(3663 3664 3674 3673)
4(3555 3565 3675 3665)
4(3564 3674 3675 3565)
4(3664 3665 3675 3674)
4(3556 3566 3676 3666)
4(3565 3675 3676 3566)
4(3665 3666 3676 3675)
4(3557 3567 3677 3667)
4(3566 3676 3677 3567)
4(3666 3667 3677 3676)
4(3558 3568 3678 3668)
4(3567 3677 3678 3568)
4(3667 3668 3678 3677)
4(3559 3569 3679 3669)
4(3568 3678 3679 3569)
4(3668 3669 3679 3678)
4(3560 3570 3680 3670)
4(3569 3679 3680 3570)
4(3669 3670 3680 3679)
4(3561 3571 3681 3671)
4(3570 3680 3681 3571)
4(3670 3671 3681 3680)
4(3571 3681 2442 2321)
4(3671 2431 2442 3681)
4(3563 3573 3683 3673)
4(3572 3682 3683 3573)
4(3672 3673 3683 3682)
4(3562 3672 3682 3572)
4(3564 3574 3684 3674)
4(3573 3683 3684 3574)
4(3673 3674 3684 3683)
4(3565 3575 3685 3675)
4(3574 3684 3685 3575)
4(3674 3675 3685 3684)
4(3566 3576 3686 3676)
4(3575 3685 3686 3576)
4(3675 3676 3686 3685)
4(3567 3577 3687 3677)
4(3576 3686 3687 3577)
4(3676 3677 3687 3686)
4(3568 3578 3688 3678)
4(3577 3687 3688 3578)
4(3677 3678 3688 3687)
4(3569 3579 3689 3679)
4(3578 3688 3689 3579)
4(3678 3679 3689 3688)
4(3570 3580 3690 3680)
4(3579 3689 3690 3580)
4(3679 3680 3690 3689)
4(3571 3581 3691 3681)
4(3580 3690 3691 3581)
4(3680 3681 3691 3690)
4(3581 3691 2453 2332)
4(3681 2442 2453 3691)
4(3573 3583 3693 3683)
4(3582 3692 3693 3583)
4(3682 3683 3693 3692)
4(3572 3682 3692 3582)
4(3574 3584 3694 3684)
4(3583 3693 3694 3584)
4(3683 3684 3694 3693)
4(3575 3585 3695 3685)
4(3584 3694 3695 3585)
4(3684 3685 3695 3694)
4(3576 3586 3696 3686)
4(3585 3695 3696 3586)
4(3685 3686 3696 3695)
4(3577 3587 3697 3687)
4(3586 3696 3697 3587)
4(3686 3687 3697 3696)
4(3578 3588 3698 3688)
4(3587 3697 3698 3588)
4(3687 3688 3698 3697)
4(3579 3589 3699 3689)
4(3588 3698 3699 3589)
4(3688 3689 3699 3698)
4(3580 3590 3700 3690)
4(3589 3699 3700 3590)
4(3689 3690 3700 3699)
4(3581 3591 3701 3691)
4(3590 3700 3701 3591)
4(3690 3691 3701 3700)
4(3591 3701 2464 2343)
4(3691 2453 2464 3701)
4(3583 3593 3703 3693)
4(3592 3702 3703 3593)
4(3692 3693 3703 3702)
4(3582 3692 3702 3592)
4(3584 3594 3704 3694)
4(3593 3703 3704 3594)
4(3693 3694 3704 3703)
4(3585 3595 3705 3695)
4(3594 3704 3705 3595)
4(3694 3695 3705 3704)
4(3586 3596 3706 3696)
4(3595 3705 3706 3596)
4(3695 3696 3706 3705)
4(3587 3597 3707 3697)
4(3596 3706 3707 3597)
4(3696 3697 3707 3706)
4(3588 3598 3708 3698)
4(3597 3707 3708 3598)
4(3697 3698 3708 3707)
4(3589 3599 3709 3699)
4(3598 3708 3709 3599)
4(3698 3699 3709 3708)
4(3590 3600 3710 3700)
4(3599 3709 3710 3600)
4(3699 3700 3710 3709)
4(3591 3601 3711 3701)
4(3600 3710 3711 3601)
4(3700 3701 3711 3710)
4(3601 3711 2475 2354)
4(3701 2464 2475 3711)
4(3593 3603 3713 3703)
4(3602 3712 3713 3603)
4(3702 3703 3713 3712)
4(3592 3702 3712 3602)
4(3594 3604 3714 3704)
4(3603 3713 3714 3604)
4(3703 3704 3714 3713)
4(3595 3605 3715 3705)
4(3604 3714 3715 3605)
4(3704 3705 3715 3714)
4(3596 3606 3716 3706)
4(3605 3715 3716 3606)
4(3705 3706 3716 3715)
4(3597 3607 3717 3707)
4(3606 3716 3717 3607)
4(3706 3707 3717 3716)
4(3598 3608 3718 3708)
4(3607 3717 3718 3608)
4(3707 3708 3718 3717)
4(3599 3609 3719 3709)
4(3608 3718 3719 3609)
4(3708 3709 3719 3718)
4(3600 3610 3720 3710)
4(3609 3719 3720 3610)
4(3709 3710 3720 3719)
4(3601 3611 3721 3711)
4(3610 3720 3721 3611)
4(3710 3711 3721 3720)
4(3611 3721 2486 2365)
4(3711 2475 2486 3721)
4(3603 3613 3723 3713)
4(3612 3722 3723 3613)
4(3712 3713 3723 3722)
4(3602 3712 3722 3612)
4(3604 3614 3724 3714)
4(3613 3723 3724 3614)
4(3713 3714 3724 3723)
4(3605 3615 3725 3715)
4(3614 3724 3725 3615)
4(3714 3715 3725 3724)
4(3606 3616 3726 3716)
4(3615 3725 3726 3616)
4(3715 3716 3726 3725)
4(3607 3617 3727 3717)
4(3616 3726 3727 3617)
4(3716 3717 3727 3726)
4(3608 3618 3728 3718)
4(3617 3727 3728 3618)
4(3717 3718 3728 3727)
4(3609 3619 3729 3719)
4(3618 3728 3729 3619)
4(3718 3719 3729 3728)
4(3610 3620 3730 3720)
4(3619 3729 3730 3620)
4(3719 3720 3730 3729)
4(3611 3621 3731 3721)
4(3620 3730 3731 3621)
4(3720 3721 3731 3730)
4(3621 3731 2497 2376)
4(3721 2486 2497 3731)
4(3613 3623 3733 3723)
4(3622 3732 3733 3623)
4(3722 3723 3733 3732)
4(3612 3722 3732 3622)
4(3614 3624 3734 3724)
4(3623 3733 3734 3624)
4(3723 3724 3734 3733)
4(3615 3625 3735 3725)
4(3624 3734 3735 3625)
4(3724 3725 3735 3734)
4(3616 3626 3736 3726)
4(3625 3735 3736 3626)
4(3725 3726 3736 3735)
4(3617 3627 3737 3727)
4(3626 3736 3737 3627)
4(3726 3727 3737 3736)
4(3618 3628 3738 3728)
4(3627 3737 3738 3628)
4(3727 3728 3738 3737)
4(3619 3629 3739 3729)
4(3628 3738 3739 3629)
4(3728 3729 3739 3738)
4(3620 3630 3740 3730)
4(3629 3739 3740 3630)
4(3729 3730 3740 3739)
4(3621 3631 3741 3731)
4(3630 3740 3741 3631)
4(3730 3731 3741 3740)
4(3631 3741 2508 2387)
4(3731 2497 2508 3741)
4(3623 3633 3743 3733)
4(3632 3742 3743 3633)
4(3732 3733 3743 3742)
4(3622 3732 3742 3632)
4(3624 3634 3744 3734)
4(3633 3743 3744 3634)
4(3733 3734 3744 3743)
4(3625 3635 3745 3735)
4(3634 3744 3745 3635)
4(3734 3735 3745 3744)
4(3626 3636 3746 3736)
4(3635 3745 3746 3636)
4(3735 3736 3746 3745)
4(3627 3637 3747 3737)
4(3636 3746 3747 3637)
4(3736 3737 3747 3746)
4(3628 3638 3748 3738)
4(3637 3747 3748 3638)
4(3737 3738 3748 3747)
4(3629 3639 3749 3739)
4(3638 3748 3749 3639)
4(3738 3739 3749 3748)
4(3630 3640 3750 3740)
4(3639 3749 3750 3640)
4(3739 3740 3750 3749)
4(3631 3641 3751 3741)
4(3640 3750 3751 3641)
4(3740 3741 3751 3750)
4(3641 3751 2519 2398)
4(3741 2508 2519 3751)
4(3633 3643 3753 3743)
4(3742 3743 3753 3752)
4(3642 3752 3753 3643)
4(3632 3742 3752 3642)
4(3634 3644 3754 3744)
4(3743 3744 3754 3753)
4(3643 3753 3754 3644)
4(3635 3645 3755 3745)
4(3744 3745 3755 3754)
4(3644 3754 3755 3645)
4(3636 3646 3756 3746)
4(3745 3746 3756 3755)
4(3645 3755 3756 3646)
4(3637 3647 3757 3747)
4(3746 3747 3757 3756)
4(3646 3756 3757 3647)
4(3638 3648 3758 3748)
4(3747 3748 3758 3757)
4(3647 3757 3758 3648)
4(3639 3649 3759 3749)
4(3748 3749 3759 3758)
4(3648 3758 3759 3649)
4(3640 3650 3760 3750)
4(3749 3750 3760 3759)
4(3649 3759 3760 3650)
4(3641 3651 3761 3751)
4(3750 3751 3761 3760)
4(3650 3760 3761 3651)
4(3751 2519 2530 3761)
4(3651 3761 2530 2409)
4(3653 3663 3773 3763)
4(3662 3772 3773 3663)
4(3652 3653 3763 3762)
4(3652 3762 3772 3662)
4(3654 3664 3774 3764)
4(3663 3773 3774 3664)
4(3653 3654 3764 3763)
4(3655 3665 3775 3765)
4(3664 3774 3775 3665)
4(3654 3655 3765 3764)
4(3656 3666 3776 3766)
4(3665 3775 3776 3666)
4(3655 3656 3766 3765)
4(3657 3667 3777 3767)
4(3666 3776 3777 3667)
4(3656 3657 3767 3766)
4(3658 3668 3778 3768)
4(3667 3777 3778 3668)
4(3657 3658 3768 3767)
4(3659 3669 3779 3769)
4(3668 3778 3779 3669)
4(3658 3659 3769 3768)
4(3660 3670 3780 3770)
4(3669 3779 3780 3670)
4(3659 3660 3770 3769)
4(3661 3671 3781 3771)
4(3670 3780 3781 3671)
4(3660 3661 3771 3770)
4(3671 3781 2552 2431)
4(3661 2420 2541 3771)
4(3663 3673 3783 3773)
4(3672 3782 3783 3673)
4(3662 3772 3782 3672)
4(3664 3674 3784 3774)
4(3673 3783 3784 3674)
4(3665 3675 3785 3775)
4(3674 3784 3785 3675)
4(3666 3676 3786 3776)
4(3675 3785 3786 3676)
4(3667 3677 3787 3777)
4(3676 3786 3787 3677)
4(3668 3678 3788 3778)
4(3677 3787 3788 3678)
4(3669 3679 3789 3779)
4(3678 3788 3789 3679)
4(3670 3680 3790 3780)
4(3679 3789 3790 3680)
4(3671 3681 3791 3781)
4(3680 3790 3791 3681)
4(3681 3791 2563 2442)
4(3673 3683 3793 3783)
4(3682 3792 3793 3683)
4(3672 3782 3792 3682)
4(3674 3684 3794 3784)
4(3683 3793 3794 3684)
4(3675 3685 3795 3785)
4(3684 3794 3795 3685)
4(3676 3686 3796 3786)
4(3685 3795 3796 3686)
4(3677 3687 3797 3787)
4(3686 3796 3797 3687)
4(3678 3688 3798 3788)
4(3687 3797 3798 3688)
4(3679 3689 3799 3789)
4(3688 3798 3799 3689)
4(3680 3690 3800 3790)
4(3689 3799 3800 3690)
4(3681 3691 3801 3791)
4(3690 3800 3801 3691)
4(3691 3801 2574 2453)
4(3683 3693 3803 3793)
4(3692 3802 3803 3693)
4(3682 3792 3802 3692)
4(3684 3694 3804 3794)
4(3693 3803 3804 3694)
4(3685 3695 3805 3795)
4(3694 3804 3805 3695)
4(3686 3696 3806 3796)
4(3695 3805 3806 3696)
4(3687 3697 3807 3797)
4(3696 3806 3807 3697)
4(3688 3698 3808 3798)
4(3697 3807 3808 3698)
4(3689 3699 3809 3799)
4(3698 3808 3809 3699)
4(3690 3700 3810 3800)
4(3699 3809 3810 3700)
4(3691 3701 3811 3801)
4(3700 3810 3811 3701)
4(3701 3811 2585 2464)
4(3693 3703 3813 3803)
4(3702 3812 3813 3703)
4(3692 3802 3812 3702)
4(3694 3704 3814 3804)
4(3703 3813 3814 3704)
4(3695 3705 3815 3805)
4(3704 3814 3815 3705)
4(3696 3706 3816 3806)
4(3705 3815 3816 3706)
4(3697 3707 3817 3807)
4(3706 3816 3817 3707)
4(3698 3708 3818 3808)
4(3707 3817 3818 3708)
4(3699 3709 3819 3809)
4(3708 3818 3819 3709)
4(3700 3710 3820 3810)
4(3709 3819 3820 3710)
4(3701 3711 3821 3811)
4(3710 3820 3821 3711)
4(3711 3821 2596 2475)
4(3703 3713 3823 3813)
4(3712 3822 3823 3713)
4(3702 3812 3822 3712)
4(3704 3714 3824 3814)
4(3713 3823 3824 3714)
4(3705 3715 3825 3815)
4(3714 3824 3825 3715)
4(3706 3716 3826 3816)
4(3715 3825 3826 3716)
4(3707 3717 3827 3817)
4(3716 3826 3827 3717)
4(3708 3718 3828 3818)
4(3717 3827 3828 3718)
4(3709 3719 3829 3819)
4(3718 3828 3829 3719)
4(3710 3720 3830 3820)
4(3719 3829 3830 3720)
4(3711 3721 3831 3821)
4(3720 3830 3831 3721)
4(3721 3831 2607 2486)
4(3713 3723 3833 3823)
4(3722 3832 3833 3723)
4(3712 3822 3832 3722)
4(3714 3724 3834 3824)
4(3723 3833 3834 3724)
4(3715 3725 3835 3825)
4(3724 3834 3835 3725)
4(3716 3726 3836 3826)
4(3725 3835 3836 3726)
4(3717 3727 3837 3827)
4(3726 3836 3837 3727)
4(3718 3728 3838 3828)
4(3727 3837 3838 3728)
4(3719 3729 3839 3829)
4(3728 3838 3839 3729)
4(3720 3730 3840 3830)
4(3729 3839 3840 3730)
4(3721 3731 3841 3831)
4(3730 3840 3841 3731)
4(3731 3841 2618 2497)
4(3723 3733 3843 3833)
4(3732 3842 3843 3733)
4(3722 3832 3842 3732)
4(3724 3734 3844 3834)
4(3733 3843 3844 3734)
4(3725 3735 3845 3835)
4(3734 3844 3845 3735)
4(3726 3736 3846 3836)
4(3735 3845 3846 3736)
4(3727 3737 3847 3837)
4(3736 3846 3847 3737)
4(3728 3738 3848 3838)
4(3737 3847 3848 3738)
4(3729 3739 3849 3839)
4(3738 3848 3849 3739)
4(3730 3740 3850 3840)
4(3739 3849 3850 3740)
4(3731 3741 3851 3841)
4(3740 3850 3851 3741)
4(3741 3851 2629 2508)
4(3733 3743 3853 3843)
4(3742 3852 3853 3743)
4(3732 3842 3852 3742)
4(3734 3744 3854 3844)
4(3743 3853 3854 3744)
4(3735 3745 3855 3845)
4(3744 3854 3855 3745)
4(3736 3746 3856 3846)
4(3745 3855 3856 3746)
4(3737 3747 3857 3847)
4(3746 3856 3857 3747)
4(3738 3748 3858 3848)
4(3747 3857 3858 3748)
4(3739 3749 3859 3849)
4(3748 3858 3859 3749)
4(3740 3750 3860 3850)
4(3749 3859 3860 3750)
4(3741 3751 3861 3851)
4(3750 3860 3861 3751)
4(3751 3861 2640 2519)
4(3743 3753 3863 3853)
4(3752 3862 3863 3753)
4(3742 3852 3862 3752)
4(3744 3754 3864 3854)
4(3753 3863 3864 3754)
4(3745 3755 3865 3855)
4(3754 3864 3865 3755)
4(3746 3756 3866 3856)
4(3755 3865 3866 3756)
4(3747 3757 3867 3857)
4(3756 3866 3867 3757)
4(3748 3758 3868 3858)
4(3757 3867 3868 3758)
4(3749 3759 3869 3859)
4(3758 3868 3869 3759)
4(3750 3760 3870 3860)
4(3759 3869 3870 3760)
4(3751 3761 3871 3861)
4(3760 3870 3871 3761)
4(3761 3871 2651 2530)
4(3873 3884 3994 3983)
4(3883 3993 3994 3884)
4(3982 3983 3994 3993)
4(3872 3982 3993 3883)
4(3872 3873 3983 3982)
4(3874 3885 3995 3984)
4(3884 3994 3995 3885)
4(3983 3984 3995 3994)
4(3873 3874 3984 3983)
4(3875 3886 3996 3985)
4(3885 3995 3996 3886)
4(3984 3985 3996 3995)
4(3874 3875 3985 3984)
4(3876 3887 3997 3986)
4(3886 3996 3997 3887)
4(3985 3986 3997 3996)
4(3875 3876 3986 3985)
4(3877 3888 3998 3987)
4(3887 3997 3998 3888)
4(3986 3987 3998 3997)
4(3876 3877 3987 3986)
4(3878 3889 3999 3988)
4(3888 3998 3999 3889)
4(3987 3988 3999 3998)
4(3877 3878 3988 3987)
4(3879 3890 4000 3989)
4(3889 3999 4000 3890)
4(3988 3989 4000 3999)
4(3878 3879 3989 3988)
4(3880 3891 4001 3990)
4(3890 4000 4001 3891)
4(3989 3990 4001 4000)
4(3879 3880 3990 3989)
4(3881 3892 4002 3991)
4(3891 4001 4002 3892)
4(3990 3991 4002 4001)
4(3880 3881 3991 3990)
4(3892 4002 4003 3893)
4(3991 3992 4003 4002)
4(3882 3893 4003 3992)
4(3881 3882 3992 3991)
4(3884 3895 4005 3994)
4(3894 4004 4005 3895)
4(3993 3994 4005 4004)
4(3883 3993 4004 3894)
4(3885 3896 4006 3995)
4(3895 4005 4006 3896)
4(3994 3995 4006 4005)
4(3886 3897 4007 3996)
4(3896 4006 4007 3897)
4(3995 3996 4007 4006)
4(3887 3898 4008 3997)
4(3897 4007 4008 3898)
4(3996 3997 4008 4007)
4(3888 3899 4009 3998)
4(3898 4008 4009 3899)
4(3997 3998 4009 4008)
4(3889 3900 4010 3999)
4(3899 4009 4010 3900)
4(3998 3999 4010 4009)
4(3890 3901 4011 4000)
4(3900 4010 4011 3901)
4(3999 4000 4011 4010)
4(3891 3902 4012 4001)
4(3901 4011 4012 3902)
4(4000 4001 4012 4011)
4(3892 3903 4013 4002)
4(3902 4012 4013 3903)
4(4001 4002 4013 4012)
4(3903 4013 4014 3904)
4(4002 4003 4014 4013)
4(3893 3904 4014 4003)
4(3895 3906 4016 4005)
4(3905 4015 4016 3906)
4(4004 4005 4016 4015)
4(3894 4004 4015 3905)
4(3896 3907 4017 4006)
4(3906 4016 4017 3907)
4(4005 4006 4017 4016)
4(3897 3908 4018 4007)
4(3907 4017 4018 3908)
4(4006 4007 4018 4017)
4(3898 3909 4019 4008)
4(3908 4018 4019 3909)
4(4007 4008 4019 4018)
4(3899 3910 4020 4009)
4(3909 4019 4020 3910)
4(4008 4009 4020 4019)
4(3900 3911 4021 4010)
4(3910 4020 4021 3911)
4(4009 4010 4021 4020)
4(3901 3912 4022 4011)
4(3911 4021 4022 3912)
4(4010 4011 4022 4021)
4(3902 3913 4023 4012)
4(3912 4022 4023 3913)
4(4011 4012 4023 4022)
4(3903 3914 4024 4013)
4(3913 4023 4024 3914)
4(4012 4013 4024 4023)
4(3914 4024 4025 3915)
4(4013 4014 4025 4024)
4(3904 3915 4025 4014)
4(3906 3917 4027 4016)
4(3916 4026 4027 3917)
4(4015 4016 4027 4026)
4(3905 4015 4026 3916)
4(3907 3918 4028 4017)
4(3917 4027 4028 3918)
4(4016 4017 4028 4027)
4(3908 3919 4029 4018)
4(3918 4028 4029 3919)
4(4017 4018 4029 4028)
4(3909 3920 4030 4019)
4(3919 4029 4030 3920)
4(4018 4019 4030 4029)
4(3910 3921 4031 4020)
4(3920 4030 4031 3921)
4(4019 4020 4031 4030)
4(3911 3922 4032 4021)
4(3921 4031 4032 3922)
4(4020 4021 4032 4031)
4(3912 3923 4033 4022)
4(3922 4032 4033 3923)
4(4021 4022 4033 4032)
4(3913 3924 4034 4023)
4(3923 4033 4034 3924)
4(4022 4023 4034 4033)
4(3914 3925 4035 4024)
4(3924 4034 4035 3925)
4(4023 4024 4035 4034)
4(3925 4035 4036 3926)
4(4024 4025 4036 4035)
4(3915 3926 4036 4025)
4(3917 3928 4038 4027)
4(3927 4037 4038 3928)
4(4026 4027 4038 4037)
4(3916 4026 4037 3927)
4(3918 3929 4039 4028)
4(3928 4038 4039 3929)
4(4027 4028 4039 4038)
4(3919 3930 4040 4029)
4(3929 4039 4040 3930)
4(4028 4029 4040 4039)
4(3920 3931 4041 4030)
4(3930 4040 4041 3931)
4(4029 4030 4041 4040)
4(3921 3932 4042 4031)
4(3931 4041 4042 3932)
4(4030 4031 4042 4041)
4(3922 3933 4043 4032)
4(3932 4042 4043 3933)
4(4031 4032 4043 4042)
4(3923 3934 4044 4033)
4(3933 4043 4044 3934)
4(4032 4033 4044 4043)
4(3924 3935 4045 4034)
4(3934 4044 4045 3935)
4(4033 4034 4045 4044)
4(3925 3936 4046 4035)
4(3935 4045 4046 3936)
4(4034 4035 4046 4045)
4(3936 4046 4047 3937)
4(4035 4036 4047 4046)
4(3926 3937 4047 4036)
4(3928 3939 4049 4038)
4(3938 4048 4049 3939)
4(4037 4038 4049 4048)
4(3927 4037 4048 3938)
4(3929 3940 4050 4039)
4(3939 4049 4050 3940)
4(4038 4039 4050 4049)
4(3930 3941 4051 4040)
4(3940 4050 4051 3941)
4(4039 4040 4051 4050)
4(3931 3942 4052 4041)
4(3941 4051 4052 3942)
4(4040 4041 4052 4051)
4(3932 3943 4053 4042)
4(3942 4052 4053 3943)
4(4041 4042 4053 4052)
4(3933 3944 4054 4043)
4(3943 4053 4054 3944)
4(4042 4043 4054 4053)
4(3934 3945 4055 4044)
4(3944 4054 4055 3945)
4(4043 4044 4055 4054)
4(3935 3946 4056 4045)
4(3945 4055 4056 3946)
4(4044 4045 4056 4055)
4(3936 3947 4057 4046)
4(3946 4056 4057 3947)
4(4045 4046 4057 4056)
4(3947 4057 4058 3948)
4(4046 4047 4058 4057)
4(3937 3948 4058 4047)
4(3939 3950 4060 4049)
4(3949 4059 4060 3950)
4(4048 4049 4060 4059)
4(3938 4048 4059 3949)
4(3940 3951 4061 4050)
4(3950 4060 4061 3951)
4(4049 4050 4061 4060)
4(3941 3952 4062 4051)
4(3951 4061 4062 3952)
4(4050 4051 4062 4061)
4(3942 3953 4063 4052)
4(3952 4062 4063 3953)
4(4051 4052 4063 4062)
4(3943 3954 4064 4053)
4(3953 4063 4064 3954)
4(4052 4053 4064 4063)
4(3944 3955 4065 4054)
4(3954 4064 4065 3955)
4(4053 4054 4065 4064)
4(3945 3956 4066 4055)
4(3955 4065 4066 3956)
4(4054 4055 4066 4065)
4(3946 3957 4067 4056)
4(3956 4066 4067 3957)
4(4055 4056 4067 4066)
4(3947 3958 4068 4057)
4(3957 4067 4068 3958)
4(4056 4057 4068 4067)
4(3958 4068 4069 3959)
4(4057 4058 4069 4068)
4(3948 3959 4069 4058)
4(3950 3961 4071 4060)
4(3960 4070 4071 3961)
4(4059 4060 4071 4070)
4(3949 4059 4070 3960)
4(3951 3962 4072 4061)
4(3961 4071 4072 3962)
4(4060 4061 4072 4071)
4(3952 3963 4073 4062)
4(3962 4072 4073 3963)
4(4061 4062 4073 4072)
4(3953 3964 4074 4063)
4(3963 4073 4074 3964)
4(4062 4063 4074 4073)
4(3954 3965 4075 4064)
4(3964 4074 4075 3965)
4(4063 4064 4075 4074)
4(3955 3966 4076 4065)
4(3965 4075 4076 3966)
4(4064 4065 4076 4075)
4(3956 3967 4077 4066)
4(3966 4076 4077 3967)
4(4065 4066 4077 4076)
4(3957 3968 4078 4067)
4(3967 4077 4078 3968)
4(4066 4067 4078 4077)
4(3958 3969 4079 4068)
4(3968 4078 4079 3969)
4(4067 4068 4079 4078)
4(3969 4079 4080 3970)
4(4068 4069 4080 4079)
4(3959 3970 4080 4069)
4(3961 3972 4082 4071)
4(3971 4081 4082 3972)
4(4070 4071 4082 4081)
4(3960 4070 4081 3971)
4(3962 3973 4083 4072)
4(3972 4082 4083 3973)
4(4071 4072 4083 4082)
4(3963 3974 4084 4073)
4(3973 4083 4084 3974)
4(4072 4073 4084 4083)
4(3964 3975 4085 4074)
4(3974 4084 4085 3975)
4(4073 4074 4085 4084)
4(3965 3976 4086 4075)
4(3975 4085 4086 3976)
4(4074 4075 4086 4085)
4(3966 3977 4087 4076)
4(3976 4086 4087 3977)
4(4075 4076 4087 4086)
4(3967 3978 4088 4077)
4(3977 4087 4088 3978)
4(4076 4077 4088 4087)
4(3968 3979 4089 4078)
4(3978 4088 4089 3979)
4(4077 4078 4089 4088)
4(3969 3980 4090 4079)
4(3979 4089 4090 3980)
4(4078 4079 4090 4089)
4(3980 4090 4091 3981)
4(4079 4080 4091 4090)
4(3970 3981 4091 4080)
4(3972 2663 2773 4082)
4(4081 4082 2773 2772)
4(3971 4081 2772 2662)
4(3973 2664 2774 4083)
4(4082 4083 2774 2773)
4(3974 2665 2775 4084)
4(4083 4084 2775 2774)
4(3975 2666 2776 4085)
4(4084 4085 2776 2775)
4(3976 2667 2777 4086)
4(4085 4086 2777 2776)
4(3977 2668 2778 4087)
4(4086 4087 2778 2777)
4(3978 2669 2779 4088)
4(4087 4088 2779 2778)
4(3979 2670 2780 4089)
4(4088 4089 2780 2779)
4(3980 2671 2781 4090)
4(4089 4090 2781 2780)
4(4090 4091 1452 2781)
4(3981 1331 1452 4091)
4(3983 3994 4104 4093)
4(3993 4103 4104 3994)
4(4092 4093 4104 4103)
4(3982 4092 4103 3993)
4(3982 3983 4093 4092)
4(3984 3995 4105 4094)
4(3994 4104 4105 3995)
4(4093 4094 4105 4104)
4(3983 3984 4094 4093)
4(3985 3996 4106 4095)
4(3995 4105 4106 3996)
4(4094 4095 4106 4105)
4(3984 3985 4095 4094)
4(3986 3997 4107 4096)
4(3996 4106 4107 3997)
4(4095 4096 4107 4106)
4(3985 3986 4096 4095)
4(3987 3998 4108 4097)
4(3997 4107 4108 3998)
4(4096 4097 4108 4107)
4(3986 3987 4097 4096)
4(3988 3999 4109 4098)
4(3998 4108 4109 3999)
4(4097 4098 4109 4108)
4(3987 3988 4098 4097)
4(3989 4000 4110 4099)
4(3999 4109 4110 4000)
4(4098 4099 4110 4109)
4(3988 3989 4099 4098)
4(3990 4001 4111 4100)
4(4000 4110 4111 4001)
4(4099 4100 4111 4110)
4(3989 3990 4100 4099)
4(3991 4002 4112 4101)
4(4001 4111 4112 4002)
4(4100 4101 4112 4111)
4(3990 3991 4101 4100)
4(4002 4112 4113 4003)
4(4101 4102 4113 4112)
4(3992 4003 4113 4102)
4(3991 3992 4102 4101)
4(3994 4005 4115 4104)
4(4004 4114 4115 4005)
4(4103 4104 4115 4114)
4(3993 4103 4114 4004)
4(3995 4006 4116 4105)
4(4005 4115 4116 4006)
4(4104 4105 4116 4115)
4(3996 4007 4117 4106)
4(4006 4116 4117 4007)
4(4105 4106 4117 4116)
4(3997 4008 4118 4107)
4(4007 4117 4118 4008)
4(4106 4107 4118 4117)
4(3998 4009 4119 4108)
4(4008 4118 4119 4009)
4(4107 4108 4119 4118)
4(3999 4010 4120 4109)
4(4009 4119 4120 4010)
4(4108 4109 4120 4119)
4(4000 4011 4121 4110)
4(4010 4120 4121 4011)
4(4109 4110 4121 4120)
4(4001 4012 4122 4111)
4(4011 4121 4122 4012)
4(4110 4111 4122 4121)
4(4002 4013 4123 4112)
4(4012 4122 4123 4013)
4(4111 4112 4123 4122)
4(4013 4123 4124 4014)
4(4112 4113 4124 4123)
4(4003 4014 4124 4113)
4(4005 4016 4126 4115)
4(4015 4125 4126 4016)
4(4114 4115 4126 4125)
4(4004 4114 4125 4015)
4(4006 4017 4127 4116)
4(4016 4126 4127 4017)
4(4115 4116 4127 4126)
4(4007 4018 4128 4117)
4(4017 4127 4128 4018)
4(4116 4117 4128 4127)
4(4008 4019 4129 4118)
4(4018 4128 4129 4019)
4(4117 4118 4129 4128)
4(4009 4020 4130 4119)
4(4019 4129 4130 4020)
4(4118 4119 4130 4129)
4(4010 4021 4131 4120)
4(4020 4130 4131 4021)
4(4119 4120 4131 4130)
4(4011 4022 4132 4121)
4(4021 4131 4132 4022)
4(4120 4121 4132 4131)
4(4012 4023 4133 4122)
4(4022 4132 4133 4023)
4(4121 4122 4133 4132)
4(4013 4024 4134 4123)
4(4023 4133 4134 4024)
4(4122 4123 4134 4133)
4(4024 4134 4135 4025)
4(4123 4124 4135 4134)
4(4014 4025 4135 4124)
4(4016 4027 4137 4126)
4(4026 4136 4137 4027)
4(4125 4126 4137 4136)
4(4015 4125 4136 4026)
4(4017 4028 4138 4127)
4(4027 4137 4138 4028)
4(4126 4127 4138 4137)
4(4018 4029 4139 4128)
4(4028 4138 4139 4029)
4(4127 4128 4139 4138)
4(4019 4030 4140 4129)
4(4029 4139 4140 4030)
4(4128 4129 4140 4139)
4(4020 4031 4141 4130)
4(4030 4140 4141 4031)
4(4129 4130 4141 4140)
4(4021 4032 4142 4131)
4(4031 4141 4142 4032)
4(4130 4131 4142 4141)
4(4022 4033 4143 4132)
4(4032 4142 4143 4033)
4(4131 4132 4143 4142)
4(4023 4034 4144 4133)
4(4033 4143 4144 4034)
4(4132 4133 4144 4143)
4(4024 4035 4145 4134)
4(4034 4144 4145 4035)
4(4133 4134 4145 4144)
4(4035 4145 4146 4036)
4(4134 4135 4146 4145)
4(4025 4036 4146 4135)
4(4027 4038 4148 4137)
4(4037 4147 4148 4038)
4(4136 4137 4148 4147)
4(4026 4136 4147 4037)
4(4028 4039 4149 4138)
4(4038 4148 4149 4039)
4(4137 4138 4149 4148)
4(4029 4040 4150 4139)
4(4039 4149 4150 4040)
4(4138 4139 4150 4149)
4(4030 4041 4151 4140)
4(4040 4150 4151 4041)
4(4139 4140 4151 4150)
4(4031 4042 4152 4141)
4(4041 4151 4152 4042)
4(4140 4141 4152 4151)
4(4032 4043 4153 4142)
4(4042 4152 4153 4043)
4(4141 4142 4153 4152)
4(4033 4044 4154 4143)
4(4043 4153 4154 4044)
4(4142 4143 4154 4153)
4(4034 4045 4155 4144)
4(4044 4154 4155 4045)
4(4143 4144 4155 4154)
4(4035 4046 4156 4145)
4(4045 4155 4156 4046)
4(4144 4145 4156 4155)
4(4046 4156 4157 4047)
4(4145 4146 4157 4156)
4(4036 4047 4157 4146)
4(4038 4049 4159 4148)
4(4048 4158 4159 4049)
4(4147 4148 4159 4158)
4(4037 4147 4158 4048)
4(4039 4050 4160 4149)
4(4049 4159 4160 4050)
4(4148 4149 4160 4159)
4(4040 4051 4161 4150)
4(4050 4160 4161 4051)
4(4149 4150 4161 4160)
4(4041 4052 4162 4151)
4(4051 4161 4162 4052)
4(4150 4151 4162 4161)
4(4042 4053 4163 4152)
4(4052 4162 4163 4053)
4(4151 4152 4163 4162)
4(4043 4054 4164 4153)
4(4053 4163 4164 4054)
4(4152 4153 4164 4163)
4(4044 4055 4165 4154)
4(4054 4164 4165 4055)
4(4153 4154 4165 4164)
4(4045 4056 4166 4155)
4(4055 4165 4166 4056)
4(4154 4155 4166 4165)
4(4046 4057 4167 4156)
4(4056 4166 4167 4057)
4(4155 4156 4167 4166)
4(4057 4167 4168 4058)
4(4156 4157 4168 4167)
4(4047 4058 4168 4157)
4(4049 4060 4170 4159)
4(4059 4169 4170 4060)
4(4158 4159 4170 4169)
4(4048 4158 4169 4059)
4(4050 4061 4171 4160)
4(4060 4170 4171 4061)
4(4159 4160 4171 4170)
4(4051 4062 4172 4161)
4(4061 4171 4172 4062)
4(4160 4161 4172 4171)
4(4052 4063 4173 4162)
4(4062 4172 4173 4063)
4(4161 4162 4173 4172)
4(4053 4064 4174 4163)
4(4063 4173 4174 4064)
4(4162 4163 4174 4173)
4(4054 4065 4175 4164)
4(4064 4174 4175 4065)
4(4163 4164 4175 4174)
4(4055 4066 4176 4165)
4(4065 4175 4176 4066)
4(4164 4165 4176 4175)
4(4056 4067 4177 4166)
4(4066 4176 4177 4067)
4(4165 4166 4177 4176)
4(4057 4068 4178 4167)
4(4067 4177 4178 4068)
4(4166 4167 4178 4177)
4(4068 4178 4179 4069)
4(4167 4168 4179 4178)
4(4058 4069 4179 4168)
4(4060 4071 4181 4170)
4(4070 4180 4181 4071)
4(4169 4170 4181 4180)
4(4059 4169 4180 4070)
4(4061 4072 4182 4171)
4(4071 4181 4182 4072)
4(4170 4171 4182 4181)
4(4062 4073 4183 4172)
4(4072 4182 4183 4073)
4(4171 4172 4183 4182)
4(4063 4074 4184 4173)
4(4073 4183 4184 4074)
4(4172 4173 4184 4183)
4(4064 4075 4185 4174)
4(4074 4184 4185 4075)
4(4173 4174 4185 4184)
4(4065 4076 4186 4175)
4(4075 4185 4186 4076)
4(4174 4175 4186 4185)
4(4066 4077 4187 4176)
4(4076 4186 4187 4077)
4(4175 4176 4187 4186)
4(4067 4078 4188 4177)
4(4077 4187 4188 4078)
4(4176 4177 4188 4187)
4(4068 4079 4189 4178)
4(4078 4188 4189 4079)
4(4177 4178 4189 4188)
4(4079 4189 4190 4080)
4(4178 4179 4190 4189)
4(4069 4080 4190 4179)
4(4071 4082 4192 4181)
4(4081 4191 4192 4082)
4(4180 4181 4192 4191)
4(4070 4180 4191 4081)
4(4072 4083 4193 4182)
4(4082 4192 4193 4083)
4(4181 4182 4193 4192)
4(4073 4084 4194 4183)
4(4083 4193 4194 4084)
4(4182 4183 4194 4193)
4(4074 4085 4195 4184)
4(4084 4194 4195 4085)
4(4183 4184 4195 4194)
4(4075 4086 4196 4185)
4(4085 4195 4196 4086)
4(4184 4185 4196 4195)
4(4076 4087 4197 4186)
4(4086 4196 4197 4087)
4(4185 4186 4197 4196)
4(4077 4088 4198 4187)
4(4087 4197 4198 4088)
4(4186 4187 4198 4197)
4(4078 4089 4199 4188)
4(4088 4198 4199 4089)
4(4187 4188 4199 4198)
4(4079 4090 4200 4189)
4(4089 4199 4200 4090)
4(4188 4189 4200 4199)
4(4090 4200 4201 4091)
4(4189 4190 4201 4200)
4(4080 4091 4201 4190)
4(4082 2773 2883 4192)
4(4191 4192 2883 2882)
4(4081 4191 2882 2772)
4(4083 2774 2884 4193)
4(4192 4193 2884 2883)
4(4084 2775 2885 4194)
4(4193 4194 2885 2884)
4(4085 2776 2886 4195)
4(4194 4195 2886 2885)
4(4086 2777 2887 4196)
4(4195 4196 2887 2886)
4(4087 2778 2888 4197)
4(4196 4197 2888 2887)
4(4088 2779 2889 4198)
4(4197 4198 2889 2888)
4(4089 2780 2890 4199)
4(4198 4199 2890 2889)
4(4090 2781 2891 4200)
4(4199 4200 2891 2890)
4(4200 4201 1573 2891)
4(4091 1452 1573 4201)
4(4093 4104 4214 4203)
4(4103 4213 4214 4104)
4(4202 4203 4214 4213)
4(4092 4202 4213 4103)
4(4092 4093 4203 4202)
4(4094 4105 4215 4204)
4(4104 4214 4215 4105)
4(4203 4204 4215 4214)
4(4093 4094 4204 4203)
4(4095 4106 4216 4205)
4(4105 4215 4216 4106)
4(4204 4205 4216 4215)
4(4094 4095 4205 4204)
4(4096 4107 4217 4206)
4(4106 4216 4217 4107)
4(4205 4206 4217 4216)
4(4095 4096 4206 4205)
4(4097 4108 4218 4207)
4(4107 4217 4218 4108)
4(4206 4207 4218 4217)
4(4096 4097 4207 4206)
4(4098 4109 4219 4208)
4(4108 4218 4219 4109)
4(4207 4208 4219 4218)
4(4097 4098 4208 4207)
4(4099 4110 4220 4209)
4(4109 4219 4220 4110)
4(4208 4209 4220 4219)
4(4098 4099 4209 4208)
4(4100 4111 4221 4210)
4(4110 4220 4221 4111)
4(4209 4210 4221 4220)
4(4099 4100 4210 4209)
4(4101 4112 4222 4211)
4(4111 4221 4222 4112)
4(4210 4211 4222 4221)
4(4100 4101 4211 4210)
4(4112 4222 4223 4113)
4(4211 4212 4223 4222)
4(4102 4113 4223 4212)
4(4101 4102 4212 4211)
4(4104 4115 4225 4214)
4(4114 4224 4225 4115)
4(4213 4214 4225 4224)
4(4103 4213 4224 4114)
4(4105 4116 4226 4215)
4(4115 4225 4226 4116)
4(4214 4215 4226 4225)
4(4106 4117 4227 4216)
4(4116 4226 4227 4117)
4(4215 4216 4227 4226)
4(4107 4118 4228 4217)
4(4117 4227 4228 4118)
4(4216 4217 4228 4227)
4(4108 4119 4229 4218)
4(4118 4228 4229 4119)
4(4217 4218 4229 4228)
4(4109 4120 4230 4219)
4(4119 4229 4230 4120)
4(4218 4219 4230 4229)
4(4110 4121 4231 4220)
4(4120 4230 4231 4121)
4(4219 4220 4231 4230)
4(4111 4122 4232 4221)
4(4121 4231 4232 4122)
4(4220 4221 4232 4231)
4(4112 4123 4233 4222)
4(4122 4232 4233 4123)
4(4221 4222 4233 4232)
4(4123 4233 4234 4124)
4(4222 4223 4234 4233)
4(4113 4124 4234 4223)
4(4115 4126 4236 4225)
4(4125 4235 4236 4126)
4(4224 4225 4236 4235)
4(4114 4224 4235 4125)
4(4116 4127 4237 4226)
4(4126 4236 4237 4127)
4(4225 4226 4237 4236)
4(4117 4128 4238 4227)
4(4127 4237 4238 4128)
4(4226 4227 4238 4237)
4(4118 4129 4239 4228)
4(4128 4238 4239 4129)
4(4227 4228 4239 4238)
4(4119 4130 4240 4229)
4(4129 4239 4240 4130)
4(4228 4229 4240 4239)
4(4120 4131 4241 4230)
4(4130 4240 4241 4131)
4(4229 4230 4241 4240)
4(4121 4132 4242 4231)
4(4131 4241 4242 4132)
4(4230 4231 4242 4241)
4(4122 4133 4243 4232)
4(4132 4242 4243 4133)
4(4231 4232 4243 4242)
4(4123 4134 4244 4233)
4(4133 4243 4244 4134)
4(4232 4233 4244 4243)
4(4134 4244 4245 4135)
4(4233 4234 4245 4244)
4(4124 4135 4245 4234)
4(4126 4137 4247 4236)
4(4136 4246 4247 4137)
4(4235 4236 4247 4246)
4(4125 4235 4246 4136)
4(4127 4138 4248 4237)
4(4137 4247 4248 4138)
4(4236 4237 4248 4247)
4(4128 4139 4249 4238)
4(4138 4248 4249 4139)
4(4237 4238 4249 4248)
4(4129 4140 4250 4239)
4(4139 4249 4250 4140)
4(4238 4239 4250 4249)
4(4130 4141 4251 4240)
4(4140 4250 4251 4141)
4(4239 4240 4251 4250)
4(4131 4142 4252 4241)
4(4141 4251 4252 4142)
4(4240 4241 4252 4251)
4(4132 4143 4253 4242)
4(4142 4252 4253 4143)
4(4241 4242 4253 4252)
4(4133 4144 4254 4243)
4(4143 4253 4254 4144)
4(4242 4243 4254 4253)
4(4134 4145 4255 4244)
4(4144 4254 4255 4145)
4(4243 4244 4255 4254)
4(4145 4255 4256 4146)
4(4244 4245 4256 4255)
4(4135 4146 4256 4245)
4(4137 4148 4258 4247)
4(4147 4257 4258 4148)
4(4246 4247 4258 4257)
4(4136 4246 4257 4147)
4(4138 4149 4259 4248)
4(4148 4258 4259 4149)
4(4247 4248 4259 4258)
4(4139 4150 4260 4249)
4(4149 4259 4260 4150)
4(4248 4249 4260 4259)
4(4140 4151 4261 4250)
4(4150 4260 4261 4151)
4(4249 4250 4261 4260)
4(4141 4152 4262 4251)
4(4151 4261 4262 4152)
4(4250 4251 4262 4261)
4(4142 4153 4263 4252)
4(4152 4262 4263 4153)
4(4251 4252 4263 4262)
4(4143 4154 4264 4253)
4(4153 4263 4264 4154)
4(4252 4253 4264 4263)
4(4144 4155 4265 4254)
4(4154 4264 4265 4155)
4(4253 4254 4265 4264)
4(4145 4156 4266 4255)
4(4155 4265 4266 4156)
4(4254 4255 4266 4265)
4(4156 4266 4267 4157)
4(4255 4256 4267 4266)
4(4146 4157 4267 4256)
4(4148 4159 4269 4258)
4(4158 4268 4269 4159)
4(4257 4258 4269 4268)
4(4147 4257 4268 4158)
4(4149 4160 4270 4259)
4(4159 4269 4270 4160)
4(4258 4259 4270 4269)
4(4150 4161 4271 4260)
4(4160 4270 4271 4161)
4(4259 4260 4271 4270)
4(4151 4162 4272 4261)
4(4161 4271 4272 4162)
4(4260 4261 4272 4271)
4(4152 4163 4273 4262)
4(4162 4272 4273 4163)
4(4261 4262 4273 4272)
4(4153 4164 4274 4263)
4(4163 4273 4274 4164)
4(4262 4263 4274 4273)
4(4154 4165 4275 4264)
4(4164 4274 4275 4165)
4(4263 4264 4275 4274)
4(4155 4166 4276 4265)
4(4165 4275 4276 4166)
4(4264 4265 4276 4275)
4(4156 4167 4277 4266)
4(4166 4276 4277 4167)
4(4265 4266 4277 4276)
4(4167 4277 4278 4168)
4(4266 4267 4278 4277)
4(4157 4168 4278 4267)
4(4159 4170 4280 4269)
4(4169 4279 4280 4170)
4(4268 4269 4280 4279)
4(4158 4268 4279 4169)
4(4160 4171 4281 4270)
4(4170 4280 4281 4171)
4(4269 4270 4281 4280)
4(4161 4172 4282 4271)
4(4171 4281 4282 4172)
4(4270 4271 4282 4281)
4(4162 4173 4283 4272)
4(4172 4282 4283 4173)
4(4271 4272 4283 4282)
4(4163 4174 4284 4273)
4(4173 4283 4284 4174)
4(4272 4273 4284 4283)
4(4164 4175 4285 4274)
4(4174 4284 4285 4175)
4(4273 4274 4285 4284)
4(4165 4176 4286 4275)
4(4175 4285 4286 4176)
4(4274 4275 4286 4285)
4(4166 4177 4287 4276)
4(4176 4286 4287 4177)
4(4275 4276 4287 4286)
4(4167 4178 4288 4277)
4(4177 4287 4288 4178)
4(4276 4277 4288 4287)
4(4178 4288 4289 4179)
4(4277 4278 4289 4288)
4(4168 4179 4289 4278)
4(4170 4181 4291 4280)
4(4180 4290 4291 4181)
4(4279 4280 4291 4290)
4(4169 4279 4290 4180)
4(4171 4182 4292 4281)
4(4181 4291 4292 4182)
4(4280 4281 4292 4291)
4(4172 4183 4293 4282)
4(4182 4292 4293 4183)
4(4281 4282 4293 4292)
4(4173 4184 4294 4283)
4(4183 4293 4294 4184)
4(4282 4283 4294 4293)
4(4174 4185 4295 4284)
4(4184 4294 4295 4185)
4(4283 4284 4295 4294)
4(4175 4186 4296 4285)
4(4185 4295 4296 4186)
4(4284 4285 4296 4295)
4(4176 4187 4297 4286)
4(4186 4296 4297 4187)
4(4285 4286 4297 4296)
4(4177 4188 4298 4287)
4(4187 4297 4298 4188)
4(4286 4287 4298 4297)
4(4178 4189 4299 4288)
4(4188 4298 4299 4189)
4(4287 4288 4299 4298)
4(4189 4299 4300 4190)
4(4288 4289 4300 4299)
4(4179 4190 4300 4289)
4(4181 4192 4302 4291)
4(4191 4301 4302 4192)
4(4290 4291 4302 4301)
4(4180 4290 4301 4191)
4(4182 4193 4303 4292)
4(4192 4302 4303 4193)
4(4291 4292 4303 4302)
4(4183 4194 4304 4293)
4(4193 4303 4304 4194)
4(4292 4293 4304 4303)
4(4184 4195 4305 4294)
4(4194 4304 4305 4195)
4(4293 4294 4305 4304)
4(4185 4196 4306 4295)
4(4195 4305 4306 4196)
4(4294 4295 4306 4305)
4(4186 4197 4307 4296)
4(4196 4306 4307 4197)
4(4295 4296 4307 4306)
4(4187 4198 4308 4297)
4(4197 4307 4308 4198)
4(4296 4297 4308 4307)
4(4188 4199 4309 4298)
4(4198 4308 4309 4199)
4(4297 4298 4309 4308)
4(4189 4200 4310 4299)
4(4199 4309 4310 4200)
4(4298 4299 4310 4309)
4(4200 4310 4311 4201)
4(4299 4300 4311 4310)
4(4190 4201 4311 4300)
4(4192 2883 2993 4302)
4(4301 4302 2993 2992)
4(4191 4301 2992 2882)
4(4193 2884 2994 4303)
4(4302 4303 2994 2993)
4(4194 2885 2995 4304)
4(4303 4304 2995 2994)
4(4195 2886 2996 4305)
4(4304 4305 2996 2995)
4(4196 2887 2997 4306)
4(4305 4306 2997 2996)
4(4197 2888 2998 4307)
4(4306 4307 2998 2997)
4(4198 2889 2999 4308)
4(4307 4308 2999 2998)
4(4199 2890 3000 4309)
4(4308 4309 3000 2999)
4(4200 2891 3001 4310)
4(4309 4310 3001 3000)
4(4310 4311 1694 3001)
4(4201 1573 1694 4311)
4(4203 4214 4324 4313)
4(4213 4323 4324 4214)
4(4312 4313 4324 4323)
4(4202 4312 4323 4213)
4(4202 4203 4313 4312)
4(4204 4215 4325 4314)
4(4214 4324 4325 4215)
4(4313 4314 4325 4324)
4(4203 4204 4314 4313)
4(4205 4216 4326 4315)
4(4215 4325 4326 4216)
4(4314 4315 4326 4325)
4(4204 4205 4315 4314)
4(4206 4217 4327 4316)
4(4216 4326 4327 4217)
4(4315 4316 4327 4326)
4(4205 4206 4316 4315)
4(4207 4218 4328 4317)
4(4217 4327 4328 4218)
4(4316 4317 4328 4327)
4(4206 4207 4317 4316)
4(4208 4219 4329 4318)
4(4218 4328 4329 4219)
4(4317 4318 4329 4328)
4(4207 4208 4318 4317)
4(4209 4220 4330 4319)
4(4219 4329 4330 4220)
4(4318 4319 4330 4329)
4(4208 4209 4319 4318)
4(4210 4221 4331 4320)
4(4220 4330 4331 4221)
4(4319 4320 4331 4330)
4(4209 4210 4320 4319)
4(4211 4222 4332 4321)
4(4221 4331 4332 4222)
4(4320 4321 4332 4331)
4(4210 4211 4321 4320)
4(4222 4332 4333 4223)
4(4321 4322 4333 4332)
4(4212 4223 4333 4322)
4(4211 4212 4322 4321)
4(4214 4225 4335 4324)
4(4224 4334 4335 4225)
4(4323 4324 4335 4334)
4(4213 4323 4334 4224)
4(4215 4226 4336 4325)
4(4225 4335 4336 4226)
4(4324 4325 4336 4335)
4(4216 4227 4337 4326)
4(4226 4336 4337 4227)
4(4325 4326 4337 4336)
4(4217 4228 4338 4327)
4(4227 4337 4338 4228)
4(4326 4327 4338 4337)
4(4218 4229 4339 4328)
4(4228 4338 4339 4229)
4(4327 4328 4339 4338)
4(4219 4230 4340 4329)
4(4229 4339 4340 4230)
4(4328 4329 4340 4339)
4(4220 4231 4341 4330)
4(4230 4340 4341 4231)
4(4329 4330 4341 4340)
4(4221 4232 4342 4331)
4(4231 4341 4342 4232)
4(4330 4331 4342 4341)
4(4222 4233 4343 4332)
4(4232 4342 4343 4233)
4(4331 4332 4343 4342)
4(4233 4343 4344 4234)
4(4332 4333 4344 4343)
4(4223 4234 4344 4333)
4(4225 4236 4346 4335)
4(4235 4345 4346 4236)
4(4334 4335 4346 4345)
4(4224 4334 4345 4235)
4(4226 4237 4347 4336)
4(4236 4346 4347 4237)
4(4335 4336 4347 4346)
4(4227 4238 4348 4337)
4(4237 4347 4348 4238)
4(4336 4337 4348 4347)
4(4228 4239 4349 4338)
4(4238 4348 4349 4239)
4(4337 4338 4349 4348)
4(4229 4240 4350 4339)
4(4239 4349 4350 4240)
4(4338 4339 4350 4349)
4(4230 4241 4351 4340)
4(4240 4350 4351 4241)
4(4339 4340 4351 4350)
4(4231 4242 4352 4341)
4(4241 4351 4352 4242)
4(4340 4341 4352 4351)
4(4232 4243 4353 4342)
4(4242 4352 4353 4243)
4(4341 4342 4353 4352)
4(4233 4244 4354 4343)
4(4243 4353 4354 4244)
4(4342 4343 4354 4353)
4(4244 4354 4355 4245)
4(4343 4344 4355 4354)
4(4234 4245 4355 4344)
4(4236 4247 4357 4346)
4(4246 4356 4357 4247)
4(4345 4346 4357 4356)
4(4235 4345 4356 4246)
4(4237 4248 4358 4347)
4(4247 4357 4358 4248)
4(4346 4347 4358 4357)
4(4238 4249 4359 4348)
4(4248 4358 4359 4249)
4(4347 4348 4359 4358)
4(4239 4250 4360 4349)
4(4249 4359 4360 4250)
4(4348 4349 4360 4359)
4(4240 4251 4361 4350)
4(4250 4360 4361 4251)
4(4349 4350 4361 4360)
4(4241 4252 4362 4351)
4(4251 4361 4362 4252)
4(4350 4351 4362 4361)
4(4242 4253 4363 4352)
4(4252 4362 4363 4253)
4(4351 4352 4363 4362)
4(4243 4254 4364 4353)
4(4253 4363 4364 4254)
4(4352 4353 4364 4363)
4(4244 4255 4365 4354)
4(4254 4364 4365 4255)
4(4353 4354 4365 4364)
4(4255 4365 4366 4256)
4(4354 4355 4366 4365)
4(4245 4256 4366 4355)
4(4247 4258 4368 4357)
4(4257 4367 4368 4258)
4(4356 4357 4368 4367)
4(4246 4356 4367 4257)
4(4248 4259 4369 4358)
4(4258 4368 4369 4259)
4(4357 4358 4369 4368)
4(4249 4260 4370 4359)
4(4259 4369 4370 4260)
4(4358 4359 4370 4369)
4(4250 4261 4371 4360)
4(4260 4370 4371 4261)
4(4359 4360 4371 4370)
4(4251 4262 4372 4361)
4(4261 4371 4372 4262)
4(4360 4361 4372 4371)
4(4252 4263 4373 4362)
4(4262 4372 4373 4263)
4(4361 4362 4373 4372)
4(4253 4264 4374 4363)
4(4263 4373 4374 4264)
4(4362 4363 4374 4373)
4(4254 4265 4375 4364)
4(4264 4374 4375 4265)
4(4363 4364 4375 4374)
4(4255 4266 4376 4365)
4(4265 4375 4376 4266)
4(4364 4365 4376 4375)
4(4266 4376 4377 4267)
4(4365 4366 4377 4376)
4(4256 4267 4377 4366)
4(4258 4269 4379 4368)
4(4268 4378 4379 4269)
4(4367 4368 4379 4378)
4(4257 4367 4378 4268)
4(4259 4270 4380 4369)
4(4269 4379 4380 4270)
4(4368 4369 4380 4379)
4(4260 4271 4381 4370)
4(4270 4380 4381 4271)
4(4369 4370 4381 4380)
4(4261 4272 4382 4371)
4(4271 4381 4382 4272)
4(4370 4371 4382 4381)
4(4262 4273 4383 4372)
4(4272 4382 4383 4273)
4(4371 4372 4383 4382)
4(4263 4274 4384 4373)
4(4273 4383 4384 4274)
4(4372 4373 4384 4383)
4(4264 4275 4385 4374)
4(4274 4384 4385 4275)
4(4373 4374 4385 4384)
4(4265 4276 4386 4375)
4(4275 4385 4386 4276)
4(4374 4375 4386 4385)
4(4266 4277 4387 4376)
4(4276 4386 4387 4277)
4(4375 4376 4387 4386)
4(4277 4387 4388 4278)
4(4376 4377 4388 4387)
4(4267 4278 4388 4377)
4(4269 4280 4390 4379)
4(4279 4389 4390 4280)
4(4378 4379 4390 4389)
4(4268 4378 4389 4279)
4(4270 4281 4391 4380)
4(4280 4390 4391 4281)
4(4379 4380 4391 4390)
4(4271 4282 4392 4381)
4(4281 4391 4392 4282)
4(4380 4381 4392 4391)
4(4272 4283 4393 4382)
4(4282 4392 4393 4283)
4(4381 4382 4393 4392)
4(4273 4284 4394 4383)
4(4283 4393 4394 4284)
4(4382 4383 4394 4393)
4(4274 4285 4395 4384)
4(4284 4394 4395 4285)
4(4383 4384 4395 4394)
4(4275 4286 4396 4385)
4(4285 4395 4396 4286)
4(4384 4385 4396 4395)
4(4276 4287 4397 4386)
4(4286 4396 4397 4287)
4(4385 4386 4397 4396)
4(4277 4288 4398 4387)
4(4287 4397 4398 4288)
4(4386 4387 4398 4397)
4(4288 4398 4399 4289)
4(4387 4388 4399 4398)
4(4278 4289 4399 4388)
4(4280 4291 4401 4390)
4(4290 4400 4401 4291)
4(4389 4390 4401 4400)
4(4279 4389 4400 4290)
4(4281 4292 4402 4391)
4(4291 4401 4402 4292)
4(4390 4391 4402 4401)
4(4282 4293 4403 4392)
4(4292 4402 4403 4293)
4(4391 4392 4403 4402)
4(4283 4294 4404 4393)
4(4293 4403 4404 4294)
4(4392 4393 4404 4403)
4(4284 4295 4405 4394)
4(4294 4404 4405 4295)
4(4393 4394 4405 4404)
4(4285 4296 4406 4395)
4(4295 4405 4406 4296)
4(4394 4395 4406 4405)
4(4286 4297 4407 4396)
4(4296 4406 4407 4297)
4(4395 4396 4407 4406)
4(4287 4298 4408 4397)
4(4297 4407 4408 4298)
4(4396 4397 4408 4407)
4(4288 4299 4409 4398)
4(4298 4408 4409 4299)
4(4397 4398 4409 4408)
4(4299 4409 4410 4300)
4(4398 4399 4410 4409)
4(4289 4300 4410 4399)
4(4291 4302 4412 4401)
4(4301 4411 4412 4302)
4(4400 4401 4412 4411)
4(4290 4400 4411 4301)
4(4292 4303 4413 4402)
4(4302 4412 4413 4303)
4(4401 4402 4413 4412)
4(4293 4304 4414 4403)
4(4303 4413 4414 4304)
4(4402 4403 4414 4413)
4(4294 4305 4415 4404)
4(4304 4414 4415 4305)
4(4403 4404 4415 4414)
4(4295 4306 4416 4405)
4(4305 4415 4416 4306)
4(4404 4405 4416 4415)
4(4296 4307 4417 4406)
4(4306 4416 4417 4307)
4(4405 4406 4417 4416)
4(4297 4308 4418 4407)
4(4307 4417 4418 4308)
4(4406 4407 4418 4417)
4(4298 4309 4419 4408)
4(4308 4418 4419 4309)
4(4407 4408 4419 4418)
4(4299 4310 4420 4409)
4(4309 4419 4420 4310)
4(4408 4409 4420 4419)
4(4310 4420 4421 4311)
4(4409 4410 4421 4420)
4(4300 4311 4421 4410)
4(4302 2993 3103 4412)
4(4411 4412 3103 3102)
4(4301 4411 3102 2992)
4(4303 2994 3104 4413)
4(4412 4413 3104 3103)
4(4304 2995 3105 4414)
4(4413 4414 3105 3104)
4(4305 2996 3106 4415)
4(4414 4415 3106 3105)
4(4306 2997 3107 4416)
4(4415 4416 3107 3106)
4(4307 2998 3108 4417)
4(4416 4417 3108 3107)
4(4308 2999 3109 4418)
4(4417 4418 3109 3108)
4(4309 3000 3110 4419)
4(4418 4419 3110 3109)
4(4310 3001 3111 4420)
4(4419 4420 3111 3110)
4(4420 4421 1815 3111)
4(4311 1694 1815 4421)
4(4313 4324 4434 4423)
4(4323 4433 4434 4324)
4(4422 4423 4434 4433)
4(4312 4422 4433 4323)
4(4312 4313 4423 4422)
4(4314 4325 4435 4424)
4(4324 4434 4435 4325)
4(4423 4424 4435 4434)
4(4313 4314 4424 4423)
4(4315 4326 4436 4425)
4(4325 4435 4436 4326)
4(4424 4425 4436 4435)
4(4314 4315 4425 4424)
4(4316 4327 4437 4426)
4(4326 4436 4437 4327)
4(4425 4426 4437 4436)
4(4315 4316 4426 4425)
4(4317 4328 4438 4427)
4(4327 4437 4438 4328)
4(4426 4427 4438 4437)
4(4316 4317 4427 4426)
4(4318 4329 4439 4428)
4(4328 4438 4439 4329)
4(4427 4428 4439 4438)
4(4317 4318 4428 4427)
4(4319 4330 4440 4429)
4(4329 4439 4440 4330)
4(4428 4429 4440 4439)
4(4318 4319 4429 4428)
4(4320 4331 4441 4430)
4(4330 4440 4441 4331)
4(4429 4430 4441 4440)
4(4319 4320 4430 4429)
4(4321 4332 4442 4431)
4(4331 4441 4442 4332)
4(4430 4431 4442 4441)
4(4320 4321 4431 4430)
4(4332 4442 4443 4333)
4(4431 4432 4443 4442)
4(4322 4333 4443 4432)
4(4321 4322 4432 4431)
4(4324 4335 4445 4434)
4(4334 4444 4445 4335)
4(4433 4434 4445 4444)
4(4323 4433 4444 4334)
4(4325 4336 4446 4435)
4(4335 4445 4446 4336)
4(4434 4435 4446 4445)
4(4326 4337 4447 4436)
4(4336 4446 4447 4337)
4(4435 4436 4447 4446)
4(4327 4338 4448 4437)
4(4337 4447 4448 4338)
4(4436 4437 4448 4447)
4(4328 4339 4449 4438)
4(4338 4448 4449 4339)
4(4437 4438 4449 4448)
4(4329 4340 4450 4439)
4(4339 4449 4450 4340)
4(4438 4439 4450 4449)
4(4330 4341 4451 4440)
4(4340 4450 4451 4341)
4(4439 4440 4451 4450)
4(4331 4342 4452 4441)
4(4341 4451 4452 4342)
4(4440 4441 4452 4451)
4(4332 4343 4453 4442)
4(4342 4452 4453 4343)
4(4441 4442 4453 4452)
4(4343 4453 4454 4344)
4(4442 4443 4454 4453)
4(4333 4344 4454 4443)
4(4335 4346 4456 4445)
4(4345 4455 4456 4346)
4(4444 4445 4456 4455)
4(4334 4444 4455 4345)
4(4336 4347 4457 4446)
4(4346 4456 4457 4347)
4(4445 4446 4457 4456)
4(4337 4348 4458 4447)
4(4347 4457 4458 4348)
4(4446 4447 4458 4457)
4(4338 4349 4459 4448)
4(4348 4458 4459 4349)
4(4447 4448 4459 4458)
4(4339 4350 4460 4449)
4(4349 4459 4460 4350)
4(4448 4449 4460 4459)
4(4340 4351 4461 4450)
4(4350 4460 4461 4351)
4(4449 4450 4461 4460)
4(4341 4352 4462 4451)
4(4351 4461 4462 4352)
4(4450 4451 4462 4461)
4(4342 4353 4463 4452)
4(4352 4462 4463 4353)
4(4451 4452 4463 4462)
4(4343 4354 4464 4453)
4(4353 4463 4464 4354)
4(4452 4453 4464 4463)
4(4354 4464 4465 4355)
4(4453 4454 4465 4464)
4(4344 4355 4465 4454)
4(4346 4357 4467 4456)
4(4356 4466 4467 4357)
4(4455 4456 4467 4466)
4(4345 4455 4466 4356)
4(4347 4358 4468 4457)
4(4357 4467 4468 4358)
4(4456 4457 4468 4467)
4(4348 4359 4469 4458)
4(4358 4468 4469 4359)
4(4457 4458 4469 4468)
4(4349 4360 4470 4459)
4(4359 4469 4470 4360)
4(4458 4459 4470 4469)
4(4350 4361 4471 4460)
4(4360 4470 4471 4361)
4(4459 4460 4471 4470)
4(4351 4362 4472 4461)
4(4361 4471 4472 4362)
4(4460 4461 4472 4471)
4(4352 4363 4473 4462)
4(4362 4472 4473 4363)
4(4461 4462 4473 4472)
4(4353 4364 4474 4463)
4(4363 4473 4474 4364)
4(4462 4463 4474 4473)
4(4354 4365 4475 4464)
4(4364 4474 4475 4365)
4(4463 4464 4475 4474)
4(4365 4475 4476 4366)
4(4464 4465 4476 4475)
4(4355 4366 4476 4465)
4(4357 4368 4478 4467)
4(4367 4477 4478 4368)
4(4466 4467 4478 4477)
4(4356 4466 4477 4367)
4(4358 4369 4479 4468)
4(4368 4478 4479 4369)
4(4467 4468 4479 4478)
4(4359 4370 4480 4469)
4(4369 4479 4480 4370)
4(4468 4469 4480 4479)
4(4360 4371 4481 4470)
4(4370 4480 4481 4371)
4(4469 4470 4481 4480)
4(4361 4372 4482 4471)
4(4371 4481 4482 4372)
4(4470 4471 4482 4481)
4(4362 4373 4483 4472)
4(4372 4482 4483 4373)
4(4471 4472 4483 4482)
4(4363 4374 4484 4473)
4(4373 4483 4484 4374)
4(4472 4473 4484 4483)
4(4364 4375 4485 4474)
4(4374 4484 4485 4375)
4(4473 4474 4485 4484)
4(4365 4376 4486 4475)
4(4375 4485 4486 4376)
4(4474 4475 4486 4485)
4(4376 4486 4487 4377)
4(4475 4476 4487 4486)
4(4366 4377 4487 4476)
4(4368 4379 4489 4478)
4(4378 4488 4489 4379)
4(4477 4478 4489 4488)
4(4367 4477 4488 4378)
4(4369 4380 4490 4479)
4(4379 4489 4490 4380)
4(4478 4479 4490 4489)
4(4370 4381 4491 4480)
4(4380 4490 4491 4381)
4(4479 4480 4491 4490)
4(4371 4382 4492 4481)
4(4381 4491 4492 4382)
4(4480 4481 4492 4491)
4(4372 4383 4493 4482)
4(4382 4492 4493 4383)
4(4481 4482 4493 4492)
4(4373 4384 4494 4483)
4(4383 4493 4494 4384)
4(4482 4483 4494 4493)
4(4374 4385 4495 4484)
4(4384 4494 4495 4385)
4(4483 4484 4495 4494)
4(4375 4386 4496 4485)
4(4385 4495 4496 4386)
4(4484 4485 4496 4495)
4(4376 4387 4497 4486)
4(4386 4496 4497 4387)
4(4485 4486 4497 4496)
4(4387 4497 4498 4388)
4(4486 4487 4498 4497)
4(4377 4388 4498 4487)
4(4379 4390 4500 4489)
4(4389 4499 4500 4390)
4(4488 4489 4500 4499)
4(4378 4488 4499 4389)
4(4380 4391 4501 4490)
4(4390 4500 4501 4391)
4(4489 4490 4501 4500)
4(4381 4392 4502 4491)
4(4391 4501 4502 4392)
4(4490 4491 4502 4501)
4(4382 4393 4503 4492)
4(4392 4502 4503 4393)
4(4491 4492 4503 4502)
4(4383 4394 4504 4493)
4(4393 4503 4504 4394)
4(4492 4493 4504 4503)
4(4384 4395 4505 4494)
4(4394 4504 4505 4395)
4(4493 4494 4505 4504)
4(4385 4396 4506 4495)
4(4395 4505 4506 4396)
4(4494 4495 4506 4505)
4(4386 4397 4507 4496)
4(4396 4506 4507 4397)
4(4495 4496 4507 4506)
4(4387 4398 4508 4497)
4(4397 4507 4508 4398)
4(4496 4497 4508 4507)
4(4398 4508 4509 4399)
4(4497 4498 4509 4508)
4(4388 4399 4509 4498)
4(4390 4401 4511 4500)
4(4400 4510 4511 4401)
4(4499 4500 4511 4510)
4(4389 4499 4510 4400)
4(4391 4402 4512 4501)
4(4401 4511 4512 4402)
4(4500 4501 4512 4511)
4(4392 4403 4513 4502)
4(4402 4512 4513 4403)
4(4501 4502 4513 4512)
4(4393 4404 4514 4503)
4(4403 4513 4514 4404)
4(4502 4503 4514 4513)
4(4394 4405 4515 4504)
4(4404 4514 4515 4405)
4(4503 4504 4515 4514)
4(4395 4406 4516 4505)
4(4405 4515 4516 4406)
4(4504 4505 4516 4515)
4(4396 4407 4517 4506)
4(4406 4516 4517 4407)
4(4505 4506 4517 4516)
4(4397 4408 4518 4507)
4(4407 4517 4518 4408)
4(4506 4507 4518 4517)
4(4398 4409 4519 4508)
4(4408 4518 4519 4409)
4(4507 4508 4519 4518)
4(4409 4519 4520 4410)
4(4508 4509 4520 4519)
4(4399 4410 4520 4509)
4(4401 4412 4522 4511)
4(4411 4521 4522 4412)
4(4510 4511 4522 4521)
4(4400 4510 4521 4411)
4(4402 4413 4523 4512)
4(4412 4522 4523 4413)
4(4511 4512 4523 4522)
4(4403 4414 4524 4513)
4(4413 4523 4524 4414)
4(4512 4513 4524 4523)
4(4404 4415 4525 4514)
4(4414 4524 4525 4415)
4(4513 4514 4525 4524)
4(4405 4416 4526 4515)
4(4415 4525 4526 4416)
4(4514 4515 4526 4525)
4(4406 4417 4527 4516)
4(4416 4526 4527 4417)
4(4515 4516 4527 4526)
4(4407 4418 4528 4517)
4(4417 4527 4528 4418)
4(4516 4517 4528 4527)
4(4408 4419 4529 4518)
4(4418 4528 4529 4419)
4(4517 4518 4529 4528)
4(4409 4420 4530 4519)
4(4419 4529 4530 4420)
4(4518 4519 4530 4529)
4(4420 4530 4531 4421)
4(4519 4520 4531 4530)
4(4410 4421 4531 4520)
4(4412 3103 3213 4522)
4(4521 4522 3213 3212)
4(4411 4521 3212 3102)
4(4413 3104 3214 4523)
4(4522 4523 3214 3213)
4(4414 3105 3215 4524)
4(4523 4524 3215 3214)
4(4415 3106 3216 4525)
4(4524 4525 3216 3215)
4(4416 3107 3217 4526)
4(4525 4526 3217 3216)
4(4417 3108 3218 4527)
4(4526 4527 3218 3217)
4(4418 3109 3219 4528)
4(4527 4528 3219 3218)
4(4419 3110 3220 4529)
4(4528 4529 3220 3219)
4(4420 3111 3221 4530)
4(4529 4530 3221 3220)
4(4530 4531 1936 3221)
4(4421 1815 1936 4531)
4(4423 4434 4544 4533)
4(4433 4543 4544 4434)
4(4532 4533 4544 4543)
4(4422 4532 4543 4433)
4(4422 4423 4533 4532)
4(4424 4435 4545 4534)
4(4434 4544 4545 4435)
4(4533 4534 4545 4544)
4(4423 4424 4534 4533)
4(4425 4436 4546 4535)
4(4435 4545 4546 4436)
4(4534 4535 4546 4545)
4(4424 4425 4535 4534)
4(4426 4437 4547 4536)
4(4436 4546 4547 4437)
4(4535 4536 4547 4546)
4(4425 4426 4536 4535)
4(4427 4438 4548 4537)
4(4437 4547 4548 4438)
4(4536 4537 4548 4547)
4(4426 4427 4537 4536)
4(4428 4439 4549 4538)
4(4438 4548 4549 4439)
4(4537 4538 4549 4548)
4(4427 4428 4538 4537)
4(4429 4440 4550 4539)
4(4439 4549 4550 4440)
4(4538 4539 4550 4549)
4(4428 4429 4539 4538)
4(4430 4441 4551 4540)
4(4440 4550 4551 4441)
4(4539 4540 4551 4550)
4(4429 4430 4540 4539)
4(4431 4442 4552 4541)
4(4441 4551 4552 4442)
4(4540 4541 4552 4551)
4(4430 4431 4541 4540)
4(4442 4552 4553 4443)
4(4541 4542 4553 4552)
4(4432 4443 4553 4542)
4(4431 4432 4542 4541)
4(4434 4445 4555 4544)
4(4444 4554 4555 4445)
4(4543 4544 4555 4554)
4(4433 4543 4554 4444)
4(4435 4446 4556 4545)
4(4445 4555 4556 4446)
4(4544 4545 4556 4555)
4(4436 4447 4557 4546)
4(4446 4556 4557 4447)
4(4545 4546 4557 4556)
4(4437 4448 4558 4547)
4(4447 4557 4558 4448)
4(4546 4547 4558 4557)
4(4438 4449 4559 4548)
4(4448 4558 4559 4449)
4(4547 4548 4559 4558)
4(4439 4450 4560 4549)
4(4449 4559 4560 4450)
4(4548 4549 4560 4559)
4(4440 4451 4561 4550)
4(4450 4560 4561 4451)
4(4549 4550 4561 4560)
4(4441 4452 4562 4551)
4(4451 4561 4562 4452)
4(4550 4551 4562 4561)
4(4442 4453 4563 4552)
4(4452 4562 4563 4453)
4(4551 4552 4563 4562)
4(4453 4563 4564 4454)
4(4552 4553 4564 4563)
4(4443 4454 4564 4553)
4(4445 4456 4566 4555)
4(4455 4565 4566 4456)
4(4554 4555 4566 4565)
4(4444 4554 4565 4455)
4(4446 4457 4567 4556)
4(4456 4566 4567 4457)
4(4555 4556 4567 4566)
4(4447 4458 4568 4557)
4(4457 4567 4568 4458)
4(4556 4557 4568 4567)
4(4448 4459 4569 4558)
4(4458 4568 4569 4459)
4(4557 4558 4569 4568)
4(4449 4460 4570 4559)
4(4459 4569 4570 4460)
4(4558 4559 4570 4569)
4(4450 4461 4571 4560)
4(4460 4570 4571 4461)
4(4559 4560 4571 4570)
4(4451 4462 4572 4561)
4(4461 4571 4572 4462)
4(4560 4561 4572 4571)
4(4452 4463 4573 4562)
4(4462 4572 4573 4463)
4(4561 4562 4573 4572)
4(4453 4464 4574 4563)
4(4463 4573 4574 4464)
4(4562 4563 4574 4573)
4(4464 4574 4575 4465)
4(4563 4564 4575 4574)
4(4454 4465 4575 4564)
4(4456 4467 4577 4566)
4(4466 4576 4577 4467)
4(4565 4566 4577 4576)
4(4455 4565 4576 4466)
4(4457 4468 4578 4567)
4(4467 4577 4578 4468)
4(4566 4567 4578 4577)
4(4458 4469 4579 4568)
4(4468 4578 4579 4469)
4(4567 4568 4579 4578)
4(4459 4470 4580 4569)
4(4469 4579 4580 4470)
4(4568 4569 4580 4579)
4(4460 4471 4581 4570)
4(4470 4580 4581 4471)
4(4569 4570 4581 4580)
4(4461 4472 4582 4571)
4(4471 4581 4582 4472)
4(4570 4571 4582 4581)
4(4462 4473 4583 4572)
4(4472 4582 4583 4473)
4(4571 4572 4583 4582)
4(4463 4474 4584 4573)
4(4473 4583 4584 4474)
4(4572 4573 4584 4583)
4(4464 4475 4585 4574)
4(4474 4584 4585 4475)
4(4573 4574 4585 4584)
4(4475 4585 4586 4476)
4(4574 4575 4586 4585)
4(4465 4476 4586 4575)
4(4467 4478 4588 4577)
4(4477 4587 4588 4478)
4(4576 4577 4588 4587)
4(4466 4576 4587 4477)
4(4468 4479 4589 4578)
4(4478 4588 4589 4479)
4(4577 4578 4589 4588)
4(4469 4480 4590 4579)
4(4479 4589 4590 4480)
4(4578 4579 4590 4589)
4(4470 4481 4591 4580)
4(4480 4590 4591 4481)
4(4579 4580 4591 4590)
4(4471 4482 4592 4581)
4(4481 4591 4592 4482)
4(4580 4581 4592 4591)
4(4472 4483 4593 4582)
4(4482 4592 4593 4483)
4(4581 4582 4593 4592)
4(4473 4484 4594 4583)
4(4483 4593 4594 4484)
4(4582 4583 4594 4593)
4(4474 4485 4595 4584)
4(4484 4594 4595 4485)
4(4583 4584 4595 4594)
4(4475 4486 4596 4585)
4(4485 4595 4596 4486)
4(4584 4585 4596 4595)
4(4486 4596 4597 4487)
4(4585 4586 4597 4596)
4(4476 4487 4597 4586)
4(4478 4489 4599 4588)
4(4488 4598 4599 4489)
4(4587 4588 4599 4598)
4(4477 4587 4598 4488)
4(4479 4490 4600 4589)
4(4489 4599 4600 4490)
4(4588 4589 4600 4599)
4(4480 4491 4601 4590)
4(4490 4600 4601 4491)
4(4589 4590 4601 4600)
4(4481 4492 4602 4591)
4(4491 4601 4602 4492)
4(4590 4591 4602 4601)
4(4482 4493 4603 4592)
4(4492 4602 4603 4493)
4(4591 4592 4603 4602)
4(4483 4494 4604 4593)
4(4493 4603 4604 4494)
4(4592 4593 4604 4603)
4(4484 4495 4605 4594)
4(4494 4604 4605 4495)
4(4593 4594 4605 4604)
4(4485 4496 4606 4595)
4(4495 4605 4606 4496)
4(4594 4595 4606 4605)
4(4486 4497 4607 4596)
4(4496 4606 4607 4497)
4(4595 4596 4607 4606)
4(4497 4607 4608 4498)
4(4596 4597 4608 4607)
4(4487 4498 4608 4597)
4(4489 4500 4610 4599)
4(4499 4609 4610 4500)
4(4598 4599 4610 4609)
4(4488 4598 4609 4499)
4(4490 4501 4611 4600)
4(4500 4610 4611 4501)
4(4599 4600 4611 4610)
4(4491 4502 4612 4601)
4(4501 4611 4612 4502)
4(4600 4601 4612 4611)
4(4492 4503 4613 4602)
4(4502 4612 4613 4503)
4(4601 4602 4613 4612)
4(4493 4504 4614 4603)
4(4503 4613 4614 4504)
4(4602 4603 4614 4613)
4(4494 4505 4615 4604)
4(4504 4614 4615 4505)
4(4603 4604 4615 4614)
4(4495 4506 4616 4605)
4(4505 4615 4616 4506)
4(4604 4605 4616 4615)
4(4496 4507 4617 4606)
4(4506 4616 4617 4507)
4(4605 4606 4617 4616)
4(4497 4508 4618 4607)
4(4507 4617 4618 4508)
4(4606 4607 4618 4617)
4(4508 4618 4619 4509)
4(4607 4608 4619 4618)
4(4498 4509 4619 4608)
4(4500 4511 4621 4610)
4(4510 4620 4621 4511)
4(4609 4610 4621 4620)
4(4499 4609 4620 4510)
4(4501 4512 4622 4611)
4(4511 4621 4622 4512)
4(4610 4611 4622 4621)
4(4502 4513 4623 4612)
4(4512 4622 4623 4513)
4(4611 4612 4623 4622)
4(4503 4514 4624 4613)
4(4513 4623 4624 4514)
4(4612 4613 4624 4623)
4(4504 4515 4625 4614)
4(4514 4624 4625 4515)
4(4613 4614 4625 4624)
4(4505 4516 4626 4615)
4(4515 4625 4626 4516)
4(4614 4615 4626 4625)
4(4506 4517 4627 4616)
4(4516 4626 4627 4517)
4(4615 4616 4627 4626)
4(4507 4518 4628 4617)
4(4517 4627 4628 4518)
4(4616 4617 4628 4627)
4(4508 4519 4629 4618)
4(4518 4628 4629 4519)
4(4617 4618 4629 4628)
4(4519 4629 4630 4520)
4(4618 4619 4630 4629)
4(4509 4520 4630 4619)
4(4511 4522 4632 4621)
4(4521 4631 4632 4522)
4(4620 4621 4632 4631)
4(4510 4620 4631 4521)
4(4512 4523 4633 4622)
4(4522 4632 4633 4523)
4(4621 4622 4633 4632)
4(4513 4524 4634 4623)
4(4523 4633 4634 4524)
4(4622 4623 4634 4633)
4(4514 4525 4635 4624)
4(4524 4634 4635 4525)
4(4623 4624 4635 4634)
4(4515 4526 4636 4625)
4(4525 4635 4636 4526)
4(4624 4625 4636 4635)
4(4516 4527 4637 4626)
4(4526 4636 4637 4527)
4(4625 4626 4637 4636)
4(4517 4528 4638 4627)
4(4527 4637 4638 4528)
4(4626 4627 4638 4637)
4(4518 4529 4639 4628)
4(4528 4638 4639 4529)
4(4627 4628 4639 4638)
4(4519 4530 4640 4629)
4(4529 4639 4640 4530)
4(4628 4629 4640 4639)
4(4530 4640 4641 4531)
4(4629 4630 4641 4640)
4(4520 4531 4641 4630)
4(4522 3213 3323 4632)
4(4631 4632 3323 3322)
4(4521 4631 3322 3212)
4(4523 3214 3324 4633)
4(4632 4633 3324 3323)
4(4524 3215 3325 4634)
4(4633 4634 3325 3324)
4(4525 3216 3326 4635)
4(4634 4635 3326 3325)
4(4526 3217 3327 4636)
4(4635 4636 3327 3326)
4(4527 3218 3328 4637)
4(4636 4637 3328 3327)
4(4528 3219 3329 4638)
4(4637 4638 3329 3328)
4(4529 3220 3330 4639)
4(4638 4639 3330 3329)
4(4530 3221 3331 4640)
4(4639 4640 3331 3330)
4(4640 4641 2057 3331)
4(4531 1936 2057 4641)
4(4533 4544 4654 4643)
4(4543 4653 4654 4544)
4(4642 4643 4654 4653)
4(4532 4642 4653 4543)
4(4532 4533 4643 4642)
4(4534 4545 4655 4644)
4(4544 4654 4655 4545)
4(4643 4644 4655 4654)
4(4533 4534 4644 4643)
4(4535 4546 4656 4645)
4(4545 4655 4656 4546)
4(4644 4645 4656 4655)
4(4534 4535 4645 4644)
4(4536 4547 4657 4646)
4(4546 4656 4657 4547)
4(4645 4646 4657 4656)
4(4535 4536 4646 4645)
4(4537 4548 4658 4647)
4(4547 4657 4658 4548)
4(4646 4647 4658 4657)
4(4536 4537 4647 4646)
4(4538 4549 4659 4648)
4(4548 4658 4659 4549)
4(4647 4648 4659 4658)
4(4537 4538 4648 4647)
4(4539 4550 4660 4649)
4(4549 4659 4660 4550)
4(4648 4649 4660 4659)
4(4538 4539 4649 4648)
4(4540 4551 4661 4650)
4(4550 4660 4661 4551)
4(4649 4650 4661 4660)
4(4539 4540 4650 4649)
4(4541 4552 4662 4651)
4(4551 4661 4662 4552)
4(4650 4651 4662 4661)
4(4540 4541 4651 4650)
4(4552 4662 4663 4553)
4(4651 4652 4663 4662)
4(4542 4553 4663 4652)
4(4541 4542 4652 4651)
4(4544 4555 4665 4654)
4(4554 4664 4665 4555)
4(4653 4654 4665 4664)
4(4543 4653 4664 4554)
4(4545 4556 4666 4655)
4(4555 4665 4666 4556)
4(4654 4655 4666 4665)
4(4546 4557 4667 4656)
4(4556 4666 4667 4557)
4(4655 4656 4667 4666)
4(4547 4558 4668 4657)
4(4557 4667 4668 4558)
4(4656 4657 4668 4667)
4(4548 4559 4669 4658)
4(4558 4668 4669 4559)
4(4657 4658 4669 4668)
4(4549 4560 4670 4659)
4(4559 4669 4670 4560)
4(4658 4659 4670 4669)
4(4550 4561 4671 4660)
4(4560 4670 4671 4561)
4(4659 4660 4671 4670)
4(4551 4562 4672 4661)
4(4561 4671 4672 4562)
4(4660 4661 4672 4671)
4(4552 4563 4673 4662)
4(4562 4672 4673 4563)
4(4661 4662 4673 4672)
4(4563 4673 4674 4564)
4(4662 4663 4674 4673)
4(4553 4564 4674 4663)
4(4555 4566 4676 4665)
4(4565 4675 4676 4566)
4(4664 4665 4676 4675)
4(4554 4664 4675 4565)
4(4556 4567 4677 4666)
4(4566 4676 4677 4567)
4(4665 4666 4677 4676)
4(4557 4568 4678 4667)
4(4567 4677 4678 4568)
4(4666 4667 4678 4677)
4(4558 4569 4679 4668)
4(4568 4678 4679 4569)
4(4667 4668 4679 4678)
4(4559 4570 4680 4669)
4(4569 4679 4680 4570)
4(4668 4669 4680 4679)
4(4560 4571 4681 4670)
4(4570 4680 4681 4571)
4(4669 4670 4681 4680)
4(4561 4572 4682 4671)
4(4571 4681 4682 4572)
4(4670 4671 4682 4681)
4(4562 4573 4683 4672)
4(4572 4682 4683 4573)
4(4671 4672 4683 4682)
4(4563 4574 4684 4673)
4(4573 4683 4684 4574)
4(4672 4673 4684 4683)
4(4574 4684 4685 4575)
4(4673 4674 4685 4684)
4(4564 4575 4685 4674)
4(4566 4577 4687 4676)
4(4576 4686 4687 4577)
4(4675 4676 4687 4686)
4(4565 4675 4686 4576)
4(4567 4578 4688 4677)
4(4577 4687 4688 4578)
4(4676 4677 4688 4687)
4(4568 4579 4689 4678)
4(4578 4688 4689 4579)
4(4677 4678 4689 4688)
4(4569 4580 4690 4679)
4(4579 4689 4690 4580)
4(4678 4679 4690 4689)
4(4570 4581 4691 4680)
4(4580 4690 4691 4581)
4(4679 4680 4691 4690)
4(4571 4582 4692 4681)
4(4581 4691 4692 4582)
4(4680 4681 4692 4691)
4(4572 4583 4693 4682)
4(4582 4692 4693 4583)
4(4681 4682 4693 4692)
4(4573 4584 4694 4683)
4(4583 4693 4694 4584)
4(4682 4683 4694 4693)
4(4574 4585 4695 4684)
4(4584 4694 4695 4585)
4(4683 4684 4695 4694)
4(4585 4695 4696 4586)
4(4684 4685 4696 4695)
4(4575 4586 4696 4685)
4(4577 4588 4698 4687)
4(4587 4697 4698 4588)
4(4686 4687 4698 4697)
4(4576 4686 4697 4587)
4(4578 4589 4699 4688)
4(4588 4698 4699 4589)
4(4687 4688 4699 4698)
4(4579 4590 4700 4689)
4(4589 4699 4700 4590)
4(4688 4689 4700 4699)
4(4580 4591 4701 4690)
4(4590 4700 4701 4591)
4(4689 4690 4701 4700)
4(4581 4592 4702 4691)
4(4591 4701 4702 4592)
4(4690 4691 4702 4701)
4(4582 4593 4703 4692)
4(4592 4702 4703 4593)
4(4691 4692 4703 4702)
4(4583 4594 4704 4693)
4(4593 4703 4704 4594)
4(4692 4693 4704 4703)
4(4584 4595 4705 4694)
4(4594 4704 4705 4595)
4(4693 4694 4705 4704)
4(4585 4596 4706 4695)
4(4595 4705 4706 4596)
4(4694 4695 4706 4705)
4(4596 4706 4707 4597)
4(4695 4696 4707 4706)
4(4586 4597 4707 4696)
4(4588 4599 4709 4698)
4(4598 4708 4709 4599)
4(4697 4698 4709 4708)
4(4587 4697 4708 4598)
4(4589 4600 4710 4699)
4(4599 4709 4710 4600)
4(4698 4699 4710 4709)
4(4590 4601 4711 4700)
4(4600 4710 4711 4601)
4(4699 4700 4711 4710)
4(4591 4602 4712 4701)
4(4601 4711 4712 4602)
4(4700 4701 4712 4711)
4(4592 4603 4713 4702)
4(4602 4712 4713 4603)
4(4701 4702 4713 4712)
4(4593 4604 4714 4703)
4(4603 4713 4714 4604)
4(4702 4703 4714 4713)
4(4594 4605 4715 4704)
4(4604 4714 4715 4605)
4(4703 4704 4715 4714)
4(4595 4606 4716 4705)
4(4605 4715 4716 4606)
4(4704 4705 4716 4715)
4(4596 4607 4717 4706)
4(4606 4716 4717 4607)
4(4705 4706 4717 4716)
4(4607 4717 4718 4608)
4(4706 4707 4718 4717)
4(4597 4608 4718 4707)
4(4599 4610 4720 4709)
4(4609 4719 4720 4610)
4(4708 4709 4720 4719)
4(4598 4708 4719 4609)
4(4600 4611 4721 4710)
4(4610 4720 4721 4611)
4(4709 4710 4721 4720)
4(4601 4612 4722 4711)
4(4611 4721 4722 4612)
4(4710 4711 4722 4721)
4(4602 4613 4723 4712)
4(4612 4722 4723 4613)
4(4711 4712 4723 4722)
4(4603 4614 4724 4713)
4(4613 4723 4724 4614)
4(4712 4713 4724 4723)
4(4604 4615 4725 4714)
4(4614 4724 4725 4615)
4(4713 4714 4725 4724)
4(4605 4616 4726 4715)
4(4615 4725 4726 4616)
4(4714 4715 4726 4725)
4(4606 4617 4727 4716)
4(4616 4726 4727 4617)
4(4715 4716 4727 4726)
4(4607 4618 4728 4717)
4(4617 4727 4728 4618)
4(4716 4717 4728 4727)
4(4618 4728 4729 4619)
4(4717 4718 4729 4728)
4(4608 4619 4729 4718)
4(4610 4621 4731 4720)
4(4620 4730 4731 4621)
4(4719 4720 4731 4730)
4(4609 4719 4730 4620)
4(4611 4622 4732 4721)
4(4621 4731 4732 4622)
4(4720 4721 4732 4731)
4(4612 4623 4733 4722)
4(4622 4732 4733 4623)
4(4721 4722 4733 4732)
4(4613 4624 4734 4723)
4(4623 4733 4734 4624)
4(4722 4723 4734 4733)
4(4614 4625 4735 4724)
4(4624 4734 4735 4625)
4(4723 4724 4735 4734)
4(4615 4626 4736 4725)
4(4625 4735 4736 4626)
4(4724 4725 4736 4735)
4(4616 4627 4737 4726)
4(4626 4736 4737 4627)
4(4725 4726 4737 4736)
4(4617 4628 4738 4727)
4(4627 4737 4738 4628)
4(4726 4727 4738 4737)
4(4618 4629 4739 4728)
4(4628 4738 4739 4629)
4(4727 4728 4739 4738)
4(4629 4739 4740 4630)
4(4728 4729 4740 4739)
4(4619 4630 4740 4729)
4(4621 4632 4742 4731)
4(4631 4741 4742 4632)
4(4730 4731 4742 4741)
4(4620 4730 4741 4631)
4(4622 4633 4743 4732)
4(4632 4742 4743 4633)
4(4731 4732 4743 4742)
4(4623 4634 4744 4733)
4(4633 4743 4744 4634)
4(4732 4733 4744 4743)
4(4624 4635 4745 4734)
4(4634 4744 4745 4635)
4(4733 4734 4745 4744)
4(4625 4636 4746 4735)
4(4635 4745 4746 4636)
4(4734 4735 4746 4745)
4(4626 4637 4747 4736)
4(4636 4746 4747 4637)
4(4735 4736 4747 4746)
4(4627 4638 4748 4737)
4(4637 4747 4748 4638)
4(4736 4737 4748 4747)
4(4628 4639 4749 4738)
4(4638 4748 4749 4639)
4(4737 4738 4749 4748)
4(4629 4640 4750 4739)
4(4639 4749 4750 4640)
4(4738 4739 4750 4749)
4(4640 4750 4751 4641)
4(4739 4740 4751 4750)
4(4630 4641 4751 4740)
4(4632 3323 3433 4742)
4(4741 4742 3433 3432)
4(4631 4741 3432 3322)
4(4633 3324 3434 4743)
4(4742 4743 3434 3433)
4(4634 3325 3435 4744)
4(4743 4744 3435 3434)
4(4635 3326 3436 4745)
4(4744 4745 3436 3435)
4(4636 3327 3437 4746)
4(4745 4746 3437 3436)
4(4637 3328 3438 4747)
4(4746 4747 3438 3437)
4(4638 3329 3439 4748)
4(4747 4748 3439 3438)
4(4639 3330 3440 4749)
4(4748 4749 3440 3439)
4(4640 3331 3441 4750)
4(4749 4750 3441 3440)
4(4750 4751 2178 3441)
4(4641 2057 2178 4751)
4(4643 4654 4764 4753)
4(4653 4763 4764 4654)
4(4752 4753 4764 4763)
4(4642 4752 4763 4653)
4(4642 4643 4753 4752)
4(4644 4655 4765 4754)
4(4654 4764 4765 4655)
4(4753 4754 4765 4764)
4(4643 4644 4754 4753)
4(4645 4656 4766 4755)
4(4655 4765 4766 4656)
4(4754 4755 4766 4765)
4(4644 4645 4755 4754)
4(4646 4657 4767 4756)
4(4656 4766 4767 4657)
4(4755 4756 4767 4766)
4(4645 4646 4756 4755)
4(4647 4658 4768 4757)
4(4657 4767 4768 4658)
4(4756 4757 4768 4767)
4(4646 4647 4757 4756)
4(4648 4659 4769 4758)
4(4658 4768 4769 4659)
4(4757 4758 4769 4768)
4(4647 4648 4758 4757)
4(4649 4660 4770 4759)
4(4659 4769 4770 4660)
4(4758 4759 4770 4769)
4(4648 4649 4759 4758)
4(4650 4661 4771 4760)
4(4660 4770 4771 4661)
4(4759 4760 4771 4770)
4(4649 4650 4760 4759)
4(4651 4662 4772 4761)
4(4661 4771 4772 4662)
4(4760 4761 4772 4771)
4(4650 4651 4761 4760)
4(4662 4772 4773 4663)
4(4761 4762 4773 4772)
4(4652 4663 4773 4762)
4(4651 4652 4762 4761)
4(4654 4665 4775 4764)
4(4664 4774 4775 4665)
4(4763 4764 4775 4774)
4(4653 4763 4774 4664)
4(4655 4666 4776 4765)
4(4665 4775 4776 4666)
4(4764 4765 4776 4775)
4(4656 4667 4777 4766)
4(4666 4776 4777 4667)
4(4765 4766 4777 4776)
4(4657 4668 4778 4767)
4(4667 4777 4778 4668)
4(4766 4767 4778 4777)
4(4658 4669 4779 4768)
4(4668 4778 4779 4669)
4(4767 4768 4779 4778)
4(4659 4670 4780 4769)
4(4669 4779 4780 4670)
4(4768 4769 4780 4779)
4(4660 4671 4781 4770)
4(4670 4780 4781 4671)
4(4769 4770 4781 4780)
4(4661 4672 4782 4771)
4(4671 4781 4782 4672)
4(4770 4771 4782 4781)
4(4662 4673 4783 4772)
4(4672 4782 4783 4673)
4(4771 4772 4783 4782)
4(4673 4783 4784 4674)
4(4772 4773 4784 4783)
4(4663 4674 4784 4773)
4(4665 4676 4786 4775)
4(4675 4785 4786 4676)
4(4774 4775 4786 4785)
4(4664 4774 4785 4675)
4(4666 4677 4787 4776)
4(4676 4786 4787 4677)
4(4775 4776 4787 4786)
4(4667 4678 4788 4777)
4(4677 4787 4788 4678)
4(4776 4777 4788 4787)
4(4668 4679 4789 4778)
4(4678 4788 4789 4679)
4(4777 4778 4789 4788)
4(4669 4680 4790 4779)
4(4679 4789 4790 4680)
4(4778 4779 4790 4789)
4(4670 4681 4791 4780)
4(4680 4790 4791 4681)
4(4779 4780 4791 4790)
4(4671 4682 4792 4781)
4(4681 4791 4792 4682)
4(4780 4781 4792 4791)
4(4672 4683 4793 4782)
4(4682 4792 4793 4683)
4(4781 4782 4793 4792)
4(4673 4684 4794 4783)
4(4683 4793 4794 4684)
4(4782 4783 4794 4793)
4(4684 4794 4795 4685)
4(4783 4784 4795 4794)
4(4674 4685 4795 4784)
4(4676 4687 4797 4786)
4(4686 4796 4797 4687)
4(4785 4786 4797 4796)
4(4675 4785 4796 4686)
4(4677 4688 4798 4787)
4(4687 4797 4798 4688)
4(4786 4787 4798 4797)
4(4678 4689 4799 4788)
4(4688 4798 4799 4689)
4(4787 4788 4799 4798)
4(4679 4690 4800 4789)
4(4689 4799 4800 4690)
4(4788 4789 4800 4799)
4(4680 4691 4801 4790)
4(4690 4800 4801 4691)
4(4789 4790 4801 4800)
4(4681 4692 4802 4791)
4(4691 4801 4802 4692)
4(4790 4791 4802 4801)
4(4682 4693 4803 4792)
4(4692 4802 4803 4693)
4(4791 4792 4803 4802)
4(4683 4694 4804 4793)
4(4693 4803 4804 4694)
4(4792 4793 4804 4803)
4(4684 4695 4805 4794)
4(4694 4804 4805 4695)
4(4793 4794 4805 4804)
4(4695 4805 4806 4696)
4(4794 4795 4806 4805)
4(4685 4696 4806 4795)
4(4687 4698 4808 4797)
4(4697 4807 4808 4698)
4(4796 4797 4808 4807)
4(4686 4796 4807 4697)
4(4688 4699 4809 4798)
4(4698 4808 4809 4699)
4(4797 4798 4809 4808)
4(4689 4700 4810 4799)
4(4699 4809 4810 4700)
4(4798 4799 4810 4809)
4(4690 4701 4811 4800)
4(4700 4810 4811 4701)
4(4799 4800 4811 4810)
4(4691 4702 4812 4801)
4(4701 4811 4812 4702)
4(4800 4801 4812 4811)
4(4692 4703 4813 4802)
4(4702 4812 4813 4703)
4(4801 4802 4813 4812)
4(4693 4704 4814 4803)
4(4703 4813 4814 4704)
4(4802 4803 4814 4813)
4(4694 4705 4815 4804)
4(4704 4814 4815 4705)
4(4803 4804 4815 4814)
4(4695 4706 4816 4805)
4(4705 4815 4816 4706)
4(4804 4805 4816 4815)
4(4706 4816 4817 4707)
4(4805 4806 4817 4816)
4(4696 4707 4817 4806)
4(4698 4709 4819 4808)
4(4708 4818 4819 4709)
4(4807 4808 4819 4818)
4(4697 4807 4818 4708)
4(4699 4710 4820 4809)
4(4709 4819 4820 4710)
4(4808 4809 4820 4819)
4(4700 4711 4821 4810)
4(4710 4820 4821 4711)
4(4809 4810 4821 4820)
4(4701 4712 4822 4811)
4(4711 4821 4822 4712)
4(4810 4811 4822 4821)
4(4702 4713 4823 4812)
4(4712 4822 4823 4713)
4(4811 4812 4823 4822)
4(4703 4714 4824 4813)
4(4713 4823 4824 4714)
4(4812 4813 4824 4823)
4(4704 4715 4825 4814)
4(4714 4824 4825 4715)
4(4813 4814 4825 4824)
4(4705 4716 4826 4815)
4(4715 4825 4826 4716)
4(4814 4815 4826 4825)
4(4706 4717 4827 4816)
4(4716 4826 4827 4717)
4(4815 4816 4827 4826)
4(4717 4827 4828 4718)
4(4816 4817 4828 4827)
4(4707 4718 4828 4817)
4(4709 4720 4830 4819)
4(4719 4829 4830 4720)
4(4818 4819 4830 4829)
4(4708 4818 4829 4719)
4(4710 4721 4831 4820)
4(4720 4830 4831 4721)
4(4819 4820 4831 4830)
4(4711 4722 4832 4821)
4(4721 4831 4832 4722)
4(4820 4821 4832 4831)
4(4712 4723 4833 4822)
4(4722 4832 4833 4723)
4(4821 4822 4833 4832)
4(4713 4724 4834 4823)
4(4723 4833 4834 4724)
4(4822 4823 4834 4833)
4(4714 4725 4835 4824)
4(4724 4834 4835 4725)
4(4823 4824 4835 4834)
4(4715 4726 4836 4825)
4(4725 4835 4836 4726)
4(4824 4825 4836 4835)
4(4716 4727 4837 4826)
4(4726 4836 4837 4727)
4(4825 4826 4837 4836)
4(4717 4728 4838 4827)
4(4727 4837 4838 4728)
4(4826 4827 4838 4837)
4(4728 4838 4839 4729)
4(4827 4828 4839 4838)
4(4718 4729 4839 4828)
4(4720 4731 4841 4830)
4(4730 4840 4841 4731)
4(4829 4830 4841 4840)
4(4719 4829 4840 4730)
4(4721 4732 4842 4831)
4(4731 4841 4842 4732)
4(4830 4831 4842 4841)
4(4722 4733 4843 4832)
4(4732 4842 4843 4733)
4(4831 4832 4843 4842)
4(4723 4734 4844 4833)
4(4733 4843 4844 4734)
4(4832 4833 4844 4843)
4(4724 4735 4845 4834)
4(4734 4844 4845 4735)
4(4833 4834 4845 4844)
4(4725 4736 4846 4835)
4(4735 4845 4846 4736)
4(4834 4835 4846 4845)
4(4726 4737 4847 4836)
4(4736 4846 4847 4737)
4(4835 4836 4847 4846)
4(4727 4738 4848 4837)
4(4737 4847 4848 4738)
4(4836 4837 4848 4847)
4(4728 4739 4849 4838)
4(4738 4848 4849 4739)
4(4837 4838 4849 4848)
4(4739 4849 4850 4740)
4(4838 4839 4850 4849)
4(4729 4740 4850 4839)
4(4731 4742 4852 4841)
4(4741 4851 4852 4742)
4(4840 4841 4852 4851)
4(4730 4840 4851 4741)
4(4732 4743 4853 4842)
4(4742 4852 4853 4743)
4(4841 4842 4853 4852)
4(4733 4744 4854 4843)
4(4743 4853 4854 4744)
4(4842 4843 4854 4853)
4(4734 4745 4855 4844)
4(4744 4854 4855 4745)
4(4843 4844 4855 4854)
4(4735 4746 4856 4845)
4(4745 4855 4856 4746)
4(4844 4845 4856 4855)
4(4736 4747 4857 4846)
4(4746 4856 4857 4747)
4(4845 4846 4857 4856)
4(4737 4748 4858 4847)
4(4747 4857 4858 4748)
4(4846 4847 4858 4857)
4(4738 4749 4859 4848)
4(4748 4858 4859 4749)
4(4847 4848 4859 4858)
4(4739 4750 4860 4849)
4(4749 4859 4860 4750)
4(4848 4849 4860 4859)
4(4750 4860 4861 4751)
4(4849 4850 4861 4860)
4(4740 4751 4861 4850)
4(4742 3433 3543 4852)
4(4851 4852 3543 3542)
4(4741 4851 3542 3432)
4(4743 3434 3544 4853)
4(4852 4853 3544 3543)
4(4744 3435 3545 4854)
4(4853 4854 3545 3544)
4(4745 3436 3546 4855)
4(4854 4855 3546 3545)
4(4746 3437 3547 4856)
4(4855 4856 3547 3546)
4(4747 3438 3548 4857)
4(4856 4857 3548 3547)
4(4748 3439 3549 4858)
4(4857 4858 3549 3548)
4(4749 3440 3550 4859)
4(4858 4859 3550 3549)
4(4750 3441 3551 4860)
4(4859 4860 3551 3550)
4(4860 4861 2299 3551)
4(4751 2178 2299 4861)
4(4753 4764 4874 4863)
4(4763 4873 4874 4764)
4(4862 4863 4874 4873)
4(4752 4862 4873 4763)
4(4752 4753 4863 4862)
4(4754 4765 4875 4864)
4(4764 4874 4875 4765)
4(4863 4864 4875 4874)
4(4753 4754 4864 4863)
4(4755 4766 4876 4865)
4(4765 4875 4876 4766)
4(4864 4865 4876 4875)
4(4754 4755 4865 4864)
4(4756 4767 4877 4866)
4(4766 4876 4877 4767)
4(4865 4866 4877 4876)
4(4755 4756 4866 4865)
4(4757 4768 4878 4867)
4(4767 4877 4878 4768)
4(4866 4867 4878 4877)
4(4756 4757 4867 4866)
4(4758 4769 4879 4868)
4(4768 4878 4879 4769)
4(4867 4868 4879 4878)
4(4757 4758 4868 4867)
4(4759 4770 4880 4869)
4(4769 4879 4880 4770)
4(4868 4869 4880 4879)
4(4758 4759 4869 4868)
4(4760 4771 4881 4870)
4(4770 4880 4881 4771)
4(4869 4870 4881 4880)
4(4759 4760 4870 4869)
4(4761 4772 4882 4871)
4(4771 4881 4882 4772)
4(4870 4871 4882 4881)
4(4760 4761 4871 4870)
4(4772 4882 4883 4773)
4(4871 4872 4883 4882)
4(4762 4773 4883 4872)
4(4761 4762 4872 4871)
4(4764 4775 4885 4874)
4(4774 4884 4885 4775)
4(4873 4874 4885 4884)
4(4763 4873 4884 4774)
4(4765 4776 4886 4875)
4(4775 4885 4886 4776)
4(4874 4875 4886 4885)
4(4766 4777 4887 4876)
4(4776 4886 4887 4777)
4(4875 4876 4887 4886)
4(4767 4778 4888 4877)
4(4777 4887 4888 4778)
4(4876 4877 4888 4887)
4(4768 4779 4889 4878)
4(4778 4888 4889 4779)
4(4877 4878 4889 4888)
4(4769 4780 4890 4879)
4(4779 4889 4890 4780)
4(4878 4879 4890 4889)
4(4770 4781 4891 4880)
4(4780 4890 4891 4781)
4(4879 4880 4891 4890)
4(4771 4782 4892 4881)
4(4781 4891 4892 4782)
4(4880 4881 4892 4891)
4(4772 4783 4893 4882)
4(4782 4892 4893 4783)
4(4881 4882 4893 4892)
4(4783 4893 4894 4784)
4(4882 4883 4894 4893)
4(4773 4784 4894 4883)
4(4775 4786 4896 4885)
4(4785 4895 4896 4786)
4(4884 4885 4896 4895)
4(4774 4884 4895 4785)
4(4776 4787 4897 4886)
4(4786 4896 4897 4787)
4(4885 4886 4897 4896)
4(4777 4788 4898 4887)
4(4787 4897 4898 4788)
4(4886 4887 4898 4897)
4(4778 4789 4899 4888)
4(4788 4898 4899 4789)
4(4887 4888 4899 4898)
4(4779 4790 4900 4889)
4(4789 4899 4900 4790)
4(4888 4889 4900 4899)
4(4780 4791 4901 4890)
4(4790 4900 4901 4791)
4(4889 4890 4901 4900)
4(4781 4792 4902 4891)
4(4791 4901 4902 4792)
4(4890 4891 4902 4901)
4(4782 4793 4903 4892)
4(4792 4902 4903 4793)
4(4891 4892 4903 4902)
4(4783 4794 4904 4893)
4(4793 4903 4904 4794)
4(4892 4893 4904 4903)
4(4794 4904 4905 4795)
4(4893 4894 4905 4904)
4(4784 4795 4905 4894)
4(4786 4797 4907 4896)
4(4796 4906 4907 4797)
4(4895 4896 4907 4906)
4(4785 4895 4906 4796)
4(4787 4798 4908 4897)
4(4797 4907 4908 4798)
4(4896 4897 4908 4907)
4(4788 4799 4909 4898)
4(4798 4908 4909 4799)
4(4897 4898 4909 4908)
4(4789 4800 4910 4899)
4(4799 4909 4910 4800)
4(4898 4899 4910 4909)
4(4790 4801 4911 4900)
4(4800 4910 4911 4801)
4(4899 4900 4911 4910)
4(4791 4802 4912 4901)
4(4801 4911 4912 4802)
4(4900 4901 4912 4911)
4(4792 4803 4913 4902)
4(4802 4912 4913 4803)
4(4901 4902 4913 4912)
4(4793 4804 4914 4903)
4(4803 4913 4914 4804)
4(4902 4903 4914 4913)
4(4794 4805 4915 4904)
4(4804 4914 4915 4805)
4(4903 4904 4915 4914)
4(4805 4915 4916 4806)
4(4904 4905 4916 4915)
4(4795 4806 4916 4905)
4(4797 4808 4918 4907)
4(4807 4917 4918 4808)
4(4906 4907 4918 4917)
4(4796 4906 4917 4807)
4(4798 4809 4919 4908)
4(4808 4918 4919 4809)
4(4907 4908 4919 4918)
4(4799 4810 4920 4909)
4(4809 4919 4920 4810)
4(4908 4909 4920 4919)
4(4800 4811 4921 4910)
4(4810 4920 4921 4811)
4(4909 4910 4921 4920)
4(4801 4812 4922 4911)
4(4811 4921 4922 4812)
4(4910 4911 4922 4921)
4(4802 4813 4923 4912)
4(4812 4922 4923 4813)
4(4911 4912 4923 4922)
4(4803 4814 4924 4913)
4(4813 4923 4924 4814)
4(4912 4913 4924 4923)
4(4804 4815 4925 4914)
4(4814 4924 4925 4815)
4(4913 4914 4925 4924)
4(4805 4816 4926 4915)
4(4815 4925 4926 4816)
4(4914 4915 4926 4925)
4(4816 4926 4927 4817)
4(4915 4916 4927 4926)
4(4806 4817 4927 4916)
4(4808 4819 4929 4918)
4(4818 4928 4929 4819)
4(4917 4918 4929 4928)
4(4807 4917 4928 4818)
4(4809 4820 4930 4919)
4(4819 4929 4930 4820)
4(4918 4919 4930 4929)
4(4810 4821 4931 4920)
4(4820 4930 4931 4821)
4(4919 4920 4931 4930)
4(4811 4822 4932 4921)
4(4821 4931 4932 4822)
4(4920 4921 4932 4931)
4(4812 4823 4933 4922)
4(4822 4932 4933 4823)
4(4921 4922 4933 4932)
4(4813 4824 4934 4923)
4(4823 4933 4934 4824)
4(4922 4923 4934 4933)
4(4814 4825 4935 4924)
4(4824 4934 4935 4825)
4(4923 4924 4935 4934)
4(4815 4826 4936 4925)
4(4825 4935 4936 4826)
4(4924 4925 4936 4935)
4(4816 4827 4937 4926)
4(4826 4936 4937 4827)
4(4925 4926 4937 4936)
4(4827 4937 4938 4828)
4(4926 4927 4938 4937)
4(4817 4828 4938 4927)
4(4819 4830 4940 4929)
4(4829 4939 4940 4830)
4(4928 4929 4940 4939)
4(4818 4928 4939 4829)
4(4820 4831 4941 4930)
4(4830 4940 4941 4831)
4(4929 4930 4941 4940)
4(4821 4832 4942 4931)
4(4831 4941 4942 4832)
4(4930 4931 4942 4941)
4(4822 4833 4943 4932)
4(4832 4942 4943 4833)
4(4931 4932 4943 4942)
4(4823 4834 4944 4933)
4(4833 4943 4944 4834)
4(4932 4933 4944 4943)
4(4824 4835 4945 4934)
4(4834 4944 4945 4835)
4(4933 4934 4945 4944)
4(4825 4836 4946 4935)
4(4835 4945 4946 4836)
4(4934 4935 4946 4945)
4(4826 4837 4947 4936)
4(4836 4946 4947 4837)
4(4935 4936 4947 4946)
4(4827 4838 4948 4937)
4(4837 4947 4948 4838)
4(4936 4937 4948 4947)
4(4838 4948 4949 4839)
4(4937 4938 4949 4948)
4(4828 4839 4949 4938)
4(4830 4841 4951 4940)
4(4840 4950 4951 4841)
4(4939 4940 4951 4950)
4(4829 4939 4950 4840)
4(4831 4842 4952 4941)
4(4841 4951 4952 4842)
4(4940 4941 4952 4951)
4(4832 4843 4953 4942)
4(4842 4952 4953 4843)
4(4941 4942 4953 4952)
4(4833 4844 4954 4943)
4(4843 4953 4954 4844)
4(4942 4943 4954 4953)
4(4834 4845 4955 4944)
4(4844 4954 4955 4845)
4(4943 4944 4955 4954)
4(4835 4846 4956 4945)
4(4845 4955 4956 4846)
4(4944 4945 4956 4955)
4(4836 4847 4957 4946)
4(4846 4956 4957 4847)
4(4945 4946 4957 4956)
4(4837 4848 4958 4947)
4(4847 4957 4958 4848)
4(4946 4947 4958 4957)
4(4838 4849 4959 4948)
4(4848 4958 4959 4849)
4(4947 4948 4959 4958)
4(4849 4959 4960 4850)
4(4948 4949 4960 4959)
4(4839 4850 4960 4949)
4(4841 4852 4962 4951)
4(4851 4961 4962 4852)
4(4950 4951 4962 4961)
4(4840 4950 4961 4851)
4(4842 4853 4963 4952)
4(4852 4962 4963 4853)
4(4951 4952 4963 4962)
4(4843 4854 4964 4953)
4(4853 4963 4964 4854)
4(4952 4953 4964 4963)
4(4844 4855 4965 4954)
4(4854 4964 4965 4855)
4(4953 4954 4965 4964)
4(4845 4856 4966 4955)
4(4855 4965 4966 4856)
4(4954 4955 4966 4965)
4(4846 4857 4967 4956)
4(4856 4966 4967 4857)
4(4955 4956 4967 4966)
4(4847 4858 4968 4957)
4(4857 4967 4968 4858)
4(4956 4957 4968 4967)
4(4848 4859 4969 4958)
4(4858 4968 4969 4859)
4(4957 4958 4969 4968)
4(4849 4860 4970 4959)
4(4859 4969 4970 4860)
4(4958 4959 4970 4969)
4(4860 4970 4971 4861)
4(4959 4960 4971 4970)
4(4850 4861 4971 4960)
4(4852 3543 3653 4962)
4(4961 4962 3653 3652)
4(4851 4961 3652 3542)
4(4853 3544 3654 4963)
4(4962 4963 3654 3653)
4(4854 3545 3655 4964)
4(4963 4964 3655 3654)
4(4855 3546 3656 4965)
4(4964 4965 3656 3655)
4(4856 3547 3657 4966)
4(4965 4966 3657 3656)
4(4857 3548 3658 4967)
4(4966 4967 3658 3657)
4(4858 3549 3659 4968)
4(4967 4968 3659 3658)
4(4859 3550 3660 4969)
4(4968 4969 3660 3659)
4(4860 3551 3661 4970)
4(4969 4970 3661 3660)
4(4970 4971 2420 3661)
4(4861 2299 2420 4971)
4(4863 4874 4984 4973)
4(4873 4983 4984 4874)
4(4862 4972 4983 4873)
4(4862 4863 4973 4972)
4(4864 4875 4985 4974)
4(4874 4984 4985 4875)
4(4863 4864 4974 4973)
4(4865 4876 4986 4975)
4(4875 4985 4986 4876)
4(4864 4865 4975 4974)
4(4866 4877 4987 4976)
4(4876 4986 4987 4877)
4(4865 4866 4976 4975)
4(4867 4878 4988 4977)
4(4877 4987 4988 4878)
4(4866 4867 4977 4976)
4(4868 4879 4989 4978)
4(4878 4988 4989 4879)
4(4867 4868 4978 4977)
4(4869 4880 4990 4979)
4(4879 4989 4990 4880)
4(4868 4869 4979 4978)
4(4870 4881 4991 4980)
4(4880 4990 4991 4881)
4(4869 4870 4980 4979)
4(4871 4882 4992 4981)
4(4881 4991 4992 4882)
4(4870 4871 4981 4980)
4(4882 4992 4993 4883)
4(4872 4883 4993 4982)
4(4871 4872 4982 4981)
4(4874 4885 4995 4984)
4(4884 4994 4995 4885)
4(4873 4983 4994 4884)
4(4875 4886 4996 4985)
4(4885 4995 4996 4886)
4(4876 4887 4997 4986)
4(4886 4996 4997 4887)
4(4877 4888 4998 4987)
4(4887 4997 4998 4888)
4(4878 4889 4999 4988)
4(4888 4998 4999 4889)
4(4879 4890 5000 4989)
4(4889 4999 5000 4890)
4(4880 4891 5001 4990)
4(4890 5000 5001 4891)
4(4881 4892 5002 4991)
4(4891 5001 5002 4892)
4(4882 4893 5003 4992)
4(4892 5002 5003 4893)
4(4893 5003 5004 4894)
4(4883 4894 5004 4993)
4(4885 4896 5006 4995)
4(4895 5005 5006 4896)
4(4884 4994 5005 4895)
4(4886 4897 5007 4996)
4(4896 5006 5007 4897)
4(4887 4898 5008 4997)
4(4897 5007 5008 4898)
4(4888 4899 5009 4998)
4(4898 5008 5009 4899)
4(4889 4900 5010 4999)
4(4899 5009 5010 4900)
4(4890 4901 5011 5000)
4(4900 5010 5011 4901)
4(4891 4902 5012 5001)
4(4901 5011 5012 4902)
4(4892 4903 5013 5002)
4(4902 5012 5013 4903)
4(4893 4904 5014 5003)
4(4903 5013 5014 4904)
4(4904 5014 5015 4905)
4(4894 4905 5015 5004)
4(4896 4907 5017 5006)
4(4906 5016 5017 4907)
4(4895 5005 5016 4906)
4(4897 4908 5018 5007)
4(4907 5017 5018 4908)
4(4898 4909 5019 5008)
4(4908 5018 5019 4909)
4(4899 4910 5020 5009)
4(4909 5019 5020 4910)
4(4900 4911 5021 5010)
4(4910 5020 5021 4911)
4(4901 4912 5022 5011)
4(4911 5021 5022 4912)
4(4902 4913 5023 5012)
4(4912 5022 5023 4913)
4(4903 4914 5024 5013)
4(4913 5023 5024 4914)
4(4904 4915 5025 5014)
4(4914 5024 5025 4915)
4(4915 5025 5026 4916)
4(4905 4916 5026 5015)
4(4907 4918 5028 5017)
4(4917 5027 5028 4918)
4(4906 5016 5027 4917)
4(4908 4919 5029 5018)
4(4918 5028 5029 4919)
4(4909 4920 5030 5019)
4(4919 5029 5030 4920)
4(4910 4921 5031 5020)
4(4920 5030 5031 4921)
4(4911 4922 5032 5021)
4(4921 5031 5032 4922)
4(4912 4923 5033 5022)
4(4922 5032 5033 4923)
4(4913 4924 5034 5023)
4(4923 5033 5034 4924)
4(4914 4925 5035 5024)
4(4924 5034 5035 4925)
4(4915 4926 5036 5025)
4(4925 5035 5036 4926)
4(4926 5036 5037 4927)
4(4916 4927 5037 5026)
4(4918 4929 5039 5028)
4(4928 5038 5039 4929)
4(4917 5027 5038 4928)
4(4919 4930 5040 5029)
4(4929 5039 5040 4930)
4(4920 4931 5041 5030)
4(4930 5040 5041 4931)
4(4921 4932 5042 5031)
4(4931 5041 5042 4932)
4(4922 4933 5043 5032)
4(4932 5042 5043 4933)
4(4923 4934 5044 5033)
4(4933 5043 5044 4934)
4(4924 4935 5045 5034)
4(4934 5044 5045 4935)
4(4925 4936 5046 5035)
4(4935 5045 5046 4936)
4(4926 4937 5047 5036)
4(4936 5046 5047 4937)
4(4937 5047 5048 4938)
4(4927 4938 5048 5037)
4(4929 4940 5050 5039)
4(4939 5049 5050 4940)
4(4928 5038 5049 4939)
4(4930 4941 5051 5040)
4(4940 5050 5051 4941)
4(4931 4942 5052 5041)
4(4941 5051 5052 4942)
4(4932 4943 5053 5042)
4(4942 5052 5053 4943)
4(4933 4944 5054 5043)
4(4943 5053 5054 4944)
4(4934 4945 5055 5044)
4(4944 5054 5055 4945)
4(4935 4946 5056 5045)
4(4945 5055 5056 4946)
4(4936 4947 5057 5046)
4(4946 5056 5057 4947)
4(4937 4948 5058 5047)
4(4947 5057 5058 4948)
4(4948 5058 5059 4949)
4(4938 4949 5059 5048)
4(4940 4951 5061 5050)
4(4950 5060 5061 4951)
4(4939 5049 5060 4950)
4(4941 4952 5062 5051)
4(4951 5061 5062 4952)
4(4942 4953 5063 5052)
4(4952 5062 5063 4953)
4(4943 4954 5064 5053)
4(4953 5063 5064 4954)
4(4944 4955 5065 5054)
4(4954 5064 5065 4955)
4(4945 4956 5066 5055)
4(4955 5065 5066 4956)
4(4946 4957 5067 5056)
4(4956 5066 5067 4957)
4(4947 4958 5068 5057)
4(4957 5067 5068 4958)
4(4948 4959 5069 5058)
4(4958 5068 5069 4959)
4(4959 5069 5070 4960)
4(4949 4960 5070 5059)
4(4951 4962 5072 5061)
4(4961 5071 5072 4962)
4(4950 5060 5071 4961)
4(4952 4963 5073 5062)
4(4962 5072 5073 4963)
4(4953 4964 5074 5063)
4(4963 5073 5074 4964)
4(4954 4965 5075 5064)
4(4964 5074 5075 4965)
4(4955 4966 5076 5065)
4(4965 5075 5076 4966)
4(4956 4967 5077 5066)
4(4966 5076 5077 4967)
4(4957 4968 5078 5067)
4(4967 5077 5078 4968)
4(4958 4969 5079 5068)
4(4968 5078 5079 4969)
4(4959 4970 5080 5069)
4(4969 5079 5080 4970)
4(4970 5080 5081 4971)
4(4960 4971 5081 5070)
4(4962 3653 3763 5072)
4(4961 5071 3762 3652)
4(4963 3654 3764 5073)
4(4964 3655 3765 5074)
4(4965 3656 3766 5075)
4(4966 3657 3767 5076)
4(4967 3658 3768 5077)
4(4968 3659 3769 5078)
4(4969 3660 3770 5079)
4(4970 3661 3771 5080)
4(4971 2420 2541 5081)
4(5082 5092 5192 5182)
4(3893 4003 5192 5092)
4(3992 5182 5192 4003)
4(3882 5082 5182 3992)
4(5083 5093 5193 5183)
4(5092 5192 5193 5093)
4(5182 5183 5193 5192)
4(5082 5083 5183 5182)
4(5084 5094 5194 5184)
4(5093 5193 5194 5094)
4(5183 5184 5194 5193)
4(5083 5084 5184 5183)
4(5085 5095 5195 5185)
4(5094 5194 5195 5095)
4(5184 5185 5195 5194)
4(5084 5085 5185 5184)
4(5086 5096 5196 5186)
4(5095 5195 5196 5096)
4(5185 5186 5196 5195)
4(5085 5086 5186 5185)
4(5087 5097 5197 5187)
4(5096 5196 5197 5097)
4(5186 5187 5197 5196)
4(5086 5087 5187 5186)
4(5088 5098 5198 5188)
4(5097 5197 5198 5098)
4(5187 5188 5198 5197)
4(5087 5088 5188 5187)
4(5089 5099 5199 5189)
4(5098 5198 5199 5099)
4(5188 5189 5199 5198)
4(5088 5089 5189 5188)
4(5090 5100 5200 5190)
4(5099 5199 5200 5100)
4(5189 5190 5200 5199)
4(5089 5090 5190 5189)
4(5100 5200 5201 5101)
4(5190 5191 5201 5200)
4(5090 5091 5191 5190)
4(5091 5101 5201 5191)
4(5092 5102 5202 5192)
4(3904 4014 5202 5102)
4(4003 5192 5202 4014)
4(5093 5103 5203 5193)
4(5102 5202 5203 5103)
4(5192 5193 5203 5202)
4(5094 5104 5204 5194)
4(5103 5203 5204 5104)
4(5193 5194 5204 5203)
4(5095 5105 5205 5195)
4(5104 5204 5205 5105)
4(5194 5195 5205 5204)
4(5096 5106 5206 5196)
4(5105 5205 5206 5106)
4(5195 5196 5206 5205)
4(5097 5107 5207 5197)
4(5106 5206 5207 5107)
4(5196 5197 5207 5206)
4(5098 5108 5208 5198)
4(5107 5207 5208 5108)
4(5197 5198 5208 5207)
4(5099 5109 5209 5199)
4(5108 5208 5209 5109)
4(5198 5199 5209 5208)
4(5100 5110 5210 5200)
4(5109 5209 5210 5110)
4(5199 5200 5210 5209)
4(5110 5210 5211 5111)
4(5200 5201 5211 5210)
4(5101 5111 5211 5201)
4(5102 5112 5212 5202)
4(3915 4025 5212 5112)
4(4014 5202 5212 4025)
4(5103 5113 5213 5203)
4(5112 5212 5213 5113)
4(5202 5203 5213 5212)
4(5104 5114 5214 5204)
4(5113 5213 5214 5114)
4(5203 5204 5214 5213)
4(5105 5115 5215 5205)
4(5114 5214 5215 5115)
4(5204 5205 5215 5214)
4(5106 5116 5216 5206)
4(5115 5215 5216 5116)
4(5205 5206 5216 5215)
4(5107 5117 5217 5207)
4(5116 5216 5217 5117)
4(5206 5207 5217 5216)
4(5108 5118 5218 5208)
4(5117 5217 5218 5118)
4(5207 5208 5218 5217)
4(5109 5119 5219 5209)
4(5118 5218 5219 5119)
4(5208 5209 5219 5218)
4(5110 5120 5220 5210)
4(5119 5219 5220 5120)
4(5209 5210 5220 5219)
4(5120 5220 5221 5121)
4(5210 5211 5221 5220)
4(5111 5121 5221 5211)
4(5112 5122 5222 5212)
4(3926 4036 5222 5122)
4(4025 5212 5222 4036)
4(5113 5123 5223 5213)
4(5122 5222 5223 5123)
4(5212 5213 5223 5222)
4(5114 5124 5224 5214)
4(5123 5223 5224 5124)
4(5213 5214 5224 5223)
4(5115 5125 5225 5215)
4(5124 5224 5225 5125)
4(5214 5215 5225 5224)
4(5116 5126 5226 5216)
4(5125 5225 5226 5126)
4(5215 5216 5226 5225)
4(5117 5127 5227 5217)
4(5126 5226 5227 5127)
4(5216 5217 5227 5226)
4(5118 5128 5228 5218)
4(5127 5227 5228 5128)
4(5217 5218 5228 5227)
4(5119 5129 5229 5219)
4(5128 5228 5229 5129)
4(5218 5219 5229 5228)
4(5120 5130 5230 5220)
4(5129 5229 5230 5130)
4(5219 5220 5230 5229)
4(5130 5230 5231 5131)
4(5220 5221 5231 5230)
4(5121 5131 5231 5221)
4(5122 5132 5232 5222)
4(3937 4047 5232 5132)
4(4036 5222 5232 4047)
4(5123 5133 5233 5223)
4(5132 5232 5233 5133)
4(5222 5223 5233 5232)
4(5124 5134 5234 5224)
4(5133 5233 5234 5134)
4(5223 5224 5234 5233)
4(5125 5135 5235 5225)
4(5134 5234 5235 5135)
4(5224 5225 5235 5234)
4(5126 5136 5236 5226)
4(5135 5235 5236 5136)
4(5225 5226 5236 5235)
4(5127 5137 5237 5227)
4(5136 5236 5237 5137)
4(5226 5227 5237 5236)
4(5128 5138 5238 5228)
4(5137 5237 5238 5138)
4(5227 5228 5238 5237)
4(5129 5139 5239 5229)
4(5138 5238 5239 5139)
4(5228 5229 5239 5238)
4(5130 5140 5240 5230)
4(5139 5239 5240 5140)
4(5229 5230 5240 5239)
4(5140 5240 5241 5141)
4(5230 5231 5241 5240)
4(5131 5141 5241 5231)
4(5132 5142 5242 5232)
4(3948 4058 5242 5142)
4(4047 5232 5242 4058)
4(5133 5143 5243 5233)
4(5142 5242 5243 5143)
4(5232 5233 5243 5242)
4(5134 5144 5244 5234)
4(5143 5243 5244 5144)
4(5233 5234 5244 5243)
4(5135 5145 5245 5235)
4(5144 5244 5245 5145)
4(5234 5235 5245 5244)
4(5136 5146 5246 5236)
4(5145 5245 5246 5146)
4(5235 5236 5246 5245)
4(5137 5147 5247 5237)
4(5146 5246 5247 5147)
4(5236 5237 5247 5246)
4(5138 5148 5248 5238)
4(5147 5247 5248 5148)
4(5237 5238 5248 5247)
4(5139 5149 5249 5239)
4(5148 5248 5249 5149)
4(5238 5239 5249 5248)
4(5140 5150 5250 5240)
4(5149 5249 5250 5150)
4(5239 5240 5250 5249)
4(5150 5250 5251 5151)
4(5240 5241 5251 5250)
4(5141 5151 5251 5241)
4(5142 5152 5252 5242)
4(3959 4069 5252 5152)
4(4058 5242 5252 4069)
4(5143 5153 5253 5243)
4(5152 5252 5253 5153)
4(5242 5243 5253 5252)
4(5144 5154 5254 5244)
4(5153 5253 5254 5154)
4(5243 5244 5254 5253)
4(5145 5155 5255 5245)
4(5154 5254 5255 5155)
4(5244 5245 5255 5254)
4(5146 5156 5256 5246)
4(5155 5255 5256 5156)
4(5245 5246 5256 5255)
4(5147 5157 5257 5247)
4(5156 5256 5257 5157)
4(5246 5247 5257 5256)
4(5148 5158 5258 5248)
4(5157 5257 5258 5158)
4(5247 5248 5258 5257)
4(5149 5159 5259 5249)
4(5158 5258 5259 5159)
4(5248 5249 5259 5258)
4(5150 5160 5260 5250)
4(5159 5259 5260 5160)
4(5249 5250 5260 5259)
4(5160 5260 5261 5161)
4(5250 5251 5261 5260)
4(5151 5161 5261 5251)
4(5152 5162 5262 5252)
4(3970 4080 5262 5162)
4(4069 5252 5262 4080)
4(5153 5163 5263 5253)
4(5162 5262 5263 5163)
4(5252 5253 5263 5262)
4(5154 5164 5264 5254)
4(5163 5263 5264 5164)
4(5253 5254 5264 5263)
4(5155 5165 5265 5255)
4(5164 5264 5265 5165)
4(5254 5255 5265 5264)
4(5156 5166 5266 5256)
4(5165 5265 5266 5166)
4(5255 5256 5266 5265)
4(5157 5167 5267 5257)
4(5166 5266 5267 5167)
4(5256 5257 5267 5266)
4(5158 5168 5268 5258)
4(5167 5267 5268 5168)
4(5257 5258 5268 5267)
4(5159 5169 5269 5259)
4(5168 5268 5269 5169)
4(5258 5259 5269 5268)
4(5160 5170 5270 5260)
4(5169 5269 5270 5170)
4(5259 5260 5270 5269)
4(5170 5270 5271 5171)
4(5260 5261 5271 5270)
4(5161 5171 5271 5261)
4(5162 5172 5272 5262)
4(3981 4091 5272 5172)
4(4080 5262 5272 4091)
4(5163 5173 5273 5263)
4(5172 5272 5273 5173)
4(5262 5263 5273 5272)
4(5164 5174 5274 5264)
4(5173 5273 5274 5174)
4(5263 5264 5274 5273)
4(5165 5175 5275 5265)
4(5174 5274 5275 5175)
4(5264 5265 5275 5274)
4(5166 5176 5276 5266)
4(5175 5275 5276 5176)
4(5265 5266 5276 5275)
4(5167 5177 5277 5267)
4(5176 5276 5277 5177)
4(5266 5267 5277 5276)
4(5168 5178 5278 5268)
4(5177 5277 5278 5178)
4(5267 5268 5278 5277)
4(5169 5179 5279 5269)
4(5178 5278 5279 5179)
4(5268 5269 5279 5278)
4(5170 5180 5280 5270)
4(5179 5279 5280 5180)
4(5269 5270 5280 5279)
4(5180 5280 5281 5181)
4(5270 5271 5281 5280)
4(5171 5181 5281 5271)
4(5172 1332 1453 5272)
4(4091 5272 1453 1452)
4(5173 1333 1454 5273)
4(5272 5273 1454 1453)
4(5174 1334 1455 5274)
4(5273 5274 1455 1454)
4(5175 1335 1456 5275)
4(5274 5275 1456 1455)
4(5176 1336 1457 5276)
4(5275 5276 1457 1456)
4(5177 1337 1458 5277)
4(5276 5277 1458 1457)
4(5178 1338 1459 5278)
4(5277 5278 1459 1458)
4(5179 1339 1460 5279)
4(5278 5279 1460 1459)
4(5180 1340 1461 5280)
4(5279 5280 1461 1460)
4(5280 5281 1462 1461)
4(5181 1341 1462 5281)
4(5182 5192 5292 5282)
4(4003 4113 5292 5192)
4(4102 5282 5292 4113)
4(3992 5182 5282 4102)
4(5183 5193 5293 5283)
4(5192 5292 5293 5193)
4(5282 5283 5293 5292)
4(5182 5183 5283 5282)
4(5184 5194 5294 5284)
4(5193 5293 5294 5194)
4(5283 5284 5294 5293)
4(5183 5184 5284 5283)
4(5185 5195 5295 5285)
4(5194 5294 5295 5195)
4(5284 5285 5295 5294)
4(5184 5185 5285 5284)
4(5186 5196 5296 5286)
4(5195 5295 5296 5196)
4(5285 5286 5296 5295)
4(5185 5186 5286 5285)
4(5187 5197 5297 5287)
4(5196 5296 5297 5197)
4(5286 5287 5297 5296)
4(5186 5187 5287 5286)
4(5188 5198 5298 5288)
4(5197 5297 5298 5198)
4(5287 5288 5298 5297)
4(5187 5188 5288 5287)
4(5189 5199 5299 5289)
4(5198 5298 5299 5199)
4(5288 5289 5299 5298)
4(5188 5189 5289 5288)
4(5190 5200 5300 5290)
4(5199 5299 5300 5200)
4(5289 5290 5300 5299)
4(5189 5190 5290 5289)
4(5200 5300 5301 5201)
4(5290 5291 5301 5300)
4(5190 5191 5291 5290)
4(5191 5201 5301 5291)
4(5192 5202 5302 5292)
4(4014 4124 5302 5202)
4(4113 5292 5302 4124)
4(5193 5203 5303 5293)
4(5202 5302 5303 5203)
4(5292 5293 5303 5302)
4(5194 5204 5304 5294)
4(5203 5303 5304 5204)
4(5293 5294 5304 5303)
4(5195 5205 5305 5295)
4(5204 5304 5305 5205)
4(5294 5295 5305 5304)
4(5196 5206 5306 5296)
4(5205 5305 5306 5206)
4(5295 5296 5306 5305)
4(5197 5207 5307 5297)
4(5206 5306 5307 5207)
4(5296 5297 5307 5306)
4(5198 5208 5308 5298)
4(5207 5307 5308 5208)
4(5297 5298 5308 5307)
4(5199 5209 5309 5299)
4(5208 5308 5309 5209)
4(5298 5299 5309 5308)
4(5200 5210 5310 5300)
4(5209 5309 5310 5210)
4(5299 5300 5310 5309)
4(5210 5310 5311 5211)
4(5300 5301 5311 5310)
4(5201 5211 5311 5301)
4(5202 5212 5312 5302)
4(4025 4135 5312 5212)
4(4124 5302 5312 4135)
4(5203 5213 5313 5303)
4(5212 5312 5313 5213)
4(5302 5303 5313 5312)
4(5204 5214 5314 5304)
4(5213 5313 5314 5214)
4(5303 5304 5314 5313)
4(5205 5215 5315 5305)
4(5214 5314 5315 5215)
4(5304 5305 5315 5314)
4(5206 5216 5316 5306)
4(5215 5315 5316 5216)
4(5305 5306 5316 5315)
4(5207 5217 5317 5307)
4(5216 5316 5317 5217)
4(5306 5307 5317 5316)
4(5208 5218 5318 5308)
4(5217 5317 5318 5218)
4(5307 5308 5318 5317)
4(5209 5219 5319 5309)
4(5218 5318 5319 5219)
4(5308 5309 5319 5318)
4(5210 5220 5320 5310)
4(5219 5319 5320 5220)
4(5309 5310 5320 5319)
4(5220 5320 5321 5221)
4(5310 5311 5321 5320)
4(5211 5221 5321 5311)
4(5212 5222 5322 5312)
4(4036 4146 5322 5222)
4(4135 5312 5322 4146)
4(5213 5223 5323 5313)
4(5222 5322 5323 5223)
4(5312 5313 5323 5322)
4(5214 5224 5324 5314)
4(5223 5323 5324 5224)
4(5313 5314 5324 5323)
4(5215 5225 5325 5315)
4(5224 5324 5325 5225)
4(5314 5315 5325 5324)
4(5216 5226 5326 5316)
4(5225 5325 5326 5226)
4(5315 5316 5326 5325)
4(5217 5227 5327 5317)
4(5226 5326 5327 5227)
4(5316 5317 5327 5326)
4(5218 5228 5328 5318)
4(5227 5327 5328 5228)
4(5317 5318 5328 5327)
4(5219 5229 5329 5319)
4(5228 5328 5329 5229)
4(5318 5319 5329 5328)
4(5220 5230 5330 5320)
4(5229 5329 5330 5230)
4(5319 5320 5330 5329)
4(5230 5330 5331 5231)
4(5320 5321 5331 5330)
4(5221 5231 5331 5321)
4(5222 5232 5332 5322)
4(4047 4157 5332 5232)
4(4146 5322 5332 4157)
4(5223 5233 5333 5323)
4(5232 5332 5333 5233)
4(5322 5323 5333 5332)
4(5224 5234 5334 5324)
4(5233 5333 5334 5234)
4(5323 5324 5334 5333)
4(5225 5235 5335 5325)
4(5234 5334 5335 5235)
4(5324 5325 5335 5334)
4(5226 5236 5336 5326)
4(5235 5335 5336 5236)
4(5325 5326 5336 5335)
4(5227 5237 5337 5327)
4(5236 5336 5337 5237)
4(5326 5327 5337 5336)
4(5228 5238 5338 5328)
4(5237 5337 5338 5238)
4(5327 5328 5338 5337)
4(5229 5239 5339 5329)
4(5238 5338 5339 5239)
4(5328 5329 5339 5338)
4(5230 5240 5340 5330)
4(5239 5339 5340 5240)
4(5329 5330 5340 5339)
4(5240 5340 5341 5241)
4(5330 5331 5341 5340)
4(5231 5241 5341 5331)
4(5232 5242 5342 5332)
4(4058 4168 5342 5242)
4(4157 5332 5342 4168)
4(5233 5243 5343 5333)
4(5242 5342 5343 5243)
4(5332 5333 5343 5342)
4(5234 5244 5344 5334)
4(5243 5343 5344 5244)
4(5333 5334 5344 5343)
4(5235 5245 5345 5335)
4(5244 5344 5345 5245)
4(5334 5335 5345 5344)
4(5236 5246 5346 5336)
4(5245 5345 5346 5246)
4(5335 5336 5346 5345)
4(5237 5247 5347 5337)
4(5246 5346 5347 5247)
4(5336 5337 5347 5346)
4(5238 5248 5348 5338)
4(5247 5347 5348 5248)
4(5337 5338 5348 5347)
4(5239 5249 5349 5339)
4(5248 5348 5349 5249)
4(5338 5339 5349 5348)
4(5240 5250 5350 5340)
4(5249 5349 5350 5250)
4(5339 5340 5350 5349)
4(5250 5350 5351 5251)
4(5340 5341 5351 5350)
4(5241 5251 5351 5341)
4(5242 5252 5352 5342)
4(4069 4179 5352 5252)
4(4168 5342 5352 4179)
4(5243 5253 5353 5343)
4(5252 5352 5353 5253)
4(5342 5343 5353 5352)
4(5244 5254 5354 5344)
4(5253 5353 5354 5254)
4(5343 5344 5354 5353)
4(5245 5255 5355 5345)
4(5254 5354 5355 5255)
4(5344 5345 5355 5354)
4(5246 5256 5356 5346)
4(5255 5355 5356 5256)
4(5345 5346 5356 5355)
4(5247 5257 5357 5347)
4(5256 5356 5357 5257)
4(5346 5347 5357 5356)
4(5248 5258 5358 5348)
4(5257 5357 5358 5258)
4(5347 5348 5358 5357)
4(5249 5259 5359 5349)
4(5258 5358 5359 5259)
4(5348 5349 5359 5358)
4(5250 5260 5360 5350)
4(5259 5359 5360 5260)
4(5349 5350 5360 5359)
4(5260 5360 5361 5261)
4(5350 5351 5361 5360)
4(5251 5261 5361 5351)
4(5252 5262 5362 5352)
4(4080 4190 5362 5262)
4(4179 5352 5362 4190)
4(5253 5263 5363 5353)
4(5262 5362 5363 5263)
4(5352 5353 5363 5362)
4(5254 5264 5364 5354)
4(5263 5363 5364 5264)
4(5353 5354 5364 5363)
4(5255 5265 5365 5355)
4(5264 5364 5365 5265)
4(5354 5355 5365 5364)
4(5256 5266 5366 5356)
4(5265 5365 5366 5266)
4(5355 5356 5366 5365)
4(5257 5267 5367 5357)
4(5266 5366 5367 5267)
4(5356 5357 5367 5366)
4(5258 5268 5368 5358)
4(5267 5367 5368 5268)
4(5357 5358 5368 5367)
4(5259 5269 5369 5359)
4(5268 5368 5369 5269)
4(5358 5359 5369 5368)
4(5260 5270 5370 5360)
4(5269 5369 5370 5270)
4(5359 5360 5370 5369)
4(5270 5370 5371 5271)
4(5360 5361 5371 5370)
4(5261 5271 5371 5361)
4(5262 5272 5372 5362)
4(4091 4201 5372 5272)
4(4190 5362 5372 4201)
4(5263 5273 5373 5363)
4(5272 5372 5373 5273)
4(5362 5363 5373 5372)
4(5264 5274 5374 5364)
4(5273 5373 5374 5274)
4(5363 5364 5374 5373)
4(5265 5275 5375 5365)
4(5274 5374 5375 5275)
4(5364 5365 5375 5374)
4(5266 5276 5376 5366)
4(5275 5375 5376 5276)
4(5365 5366 5376 5375)
4(5267 5277 5377 5367)
4(5276 5376 5377 5277)
4(5366 5367 5377 5376)
4(5268 5278 5378 5368)
4(5277 5377 5378 5278)
4(5367 5368 5378 5377)
4(5269 5279 5379 5369)
4(5278 5378 5379 5279)
4(5368 5369 5379 5378)
4(5270 5280 5380 5370)
4(5279 5379 5380 5280)
4(5369 5370 5380 5379)
4(5280 5380 5381 5281)
4(5370 5371 5381 5380)
4(5271 5281 5381 5371)
4(5272 1453 1574 5372)
4(4201 5372 1574 1573)
4(5273 1454 1575 5373)
4(5372 5373 1575 1574)
4(5274 1455 1576 5374)
4(5373 5374 1576 1575)
4(5275 1456 1577 5375)
4(5374 5375 1577 1576)
4(5276 1457 1578 5376)
4(5375 5376 1578 1577)
4(5277 1458 1579 5377)
4(5376 5377 1579 1578)
4(5278 1459 1580 5378)
4(5377 5378 1580 1579)
4(5279 1460 1581 5379)
4(5378 5379 1581 1580)
4(5280 1461 1582 5380)
4(5379 5380 1582 1581)
4(5380 5381 1583 1582)
4(5281 1462 1583 5381)
4(5282 5292 5392 5382)
4(4113 4223 5392 5292)
4(4212 5382 5392 4223)
4(4102 5282 5382 4212)
4(5283 5293 5393 5383)
4(5292 5392 5393 5293)
4(5382 5383 5393 5392)
4(5282 5283 5383 5382)
4(5284 5294 5394 5384)
4(5293 5393 5394 5294)
4(5383 5384 5394 5393)
4(5283 5284 5384 5383)
4(5285 5295 5395 5385)
4(5294 5394 5395 5295)
4(5384 5385 5395 5394)
4(5284 5285 5385 5384)
4(5286 5296 5396 5386)
4(5295 5395 5396 5296)
4(5385 5386 5396 5395)
4(5285 5286 5386 5385)
4(5287 5297 5397 5387)
4(5296 5396 5397 5297)
4(5386 5387 5397 5396)
4(5286 5287 5387 5386)
4(5288 5298 5398 5388)
4(5297 5397 5398 5298)
4(5387 5388 5398 5397)
4(5287 5288 5388 5387)
4(5289 5299 5399 5389)
4(5298 5398 5399 5299)
4(5388 5389 5399 5398)
4(5288 5289 5389 5388)
4(5290 5300 5400 5390)
4(5299 5399 5400 5300)
4(5389 5390 5400 5399)
4(5289 5290 5390 5389)
4(5300 5400 5401 5301)
4(5390 5391 5401 5400)
4(5290 5291 5391 5390)
4(5291 5301 5401 5391)
4(5292 5302 5402 5392)
4(4124 4234 5402 5302)
4(4223 5392 5402 4234)
4(5293 5303 5403 5393)
4(5302 5402 5403 5303)
4(5392 5393 5403 5402)
4(5294 5304 5404 5394)
4(5303 5403 5404 5304)
4(5393 5394 5404 5403)
4(5295 5305 5405 5395)
4(5304 5404 5405 5305)
4(5394 5395 5405 5404)
4(5296 5306 5406 5396)
4(5305 5405 5406 5306)
4(5395 5396 5406 5405)
4(5297 5307 5407 5397)
4(5306 5406 5407 5307)
4(5396 5397 5407 5406)
4(5298 5308 5408 5398)
4(5307 5407 5408 5308)
4(5397 5398 5408 5407)
4(5299 5309 5409 5399)
4(5308 5408 5409 5309)
4(5398 5399 5409 5408)
4(5300 5310 5410 5400)
4(5309 5409 5410 5310)
4(5399 5400 5410 5409)
4(5310 5410 5411 5311)
4(5400 5401 5411 5410)
4(5301 5311 5411 5401)
4(5302 5312 5412 5402)
4(4135 4245 5412 5312)
4(4234 5402 5412 4245)
4(5303 5313 5413 5403)
4(5312 5412 5413 5313)
4(5402 5403 5413 5412)
4(5304 5314 5414 5404)
4(5313 5413 5414 5314)
4(5403 5404 5414 5413)
4(5305 5315 5415 5405)
4(5314 5414 5415 5315)
4(5404 5405 5415 5414)
4(5306 5316 5416 5406)
4(5315 5415 5416 5316)
4(5405 5406 5416 5415)
4(5307 5317 5417 5407)
4(5316 5416 5417 5317)
4(5406 5407 5417 5416)
4(5308 5318 5418 5408)
4(5317 5417 5418 5318)
4(5407 5408 5418 5417)
4(5309 5319 5419 5409)
4(5318 5418 5419 5319)
4(5408 5409 5419 5418)
4(5310 5320 5420 5410)
4(5319 5419 5420 5320)
4(5409 5410 5420 5419)
4(5320 5420 5421 5321)
4(5410 5411 5421 5420)
4(5311 5321 5421 5411)
4(5312 5322 5422 5412)
4(4146 4256 5422 5322)
4(4245 5412 5422 4256)
4(5313 5323 5423 5413)
4(5322 5422 5423 5323)
4(5412 5413 5423 5422)
4(5314 5324 5424 5414)
4(5323 5423 5424 5324)
4(5413 5414 5424 5423)
4(5315 5325 5425 5415)
4(5324 5424 5425 5325)
4(5414 5415 5425 5424)
4(5316 5326 5426 5416)
4(5325 5425 5426 5326)
4(5415 5416 5426 5425)
4(5317 5327 5427 5417)
4(5326 5426 5427 5327)
4(5416 5417 5427 5426)
4(5318 5328 5428 5418)
4(5327 5427 5428 5328)
4(5417 5418 5428 5427)
4(5319 5329 5429 5419)
4(5328 5428 5429 5329)
4(5418 5419 5429 5428)
4(5320 5330 5430 5420)
4(5329 5429 5430 5330)
4(5419 5420 5430 5429)
4(5330 5430 5431 5331)
4(5420 5421 5431 5430)
4(5321 5331 5431 5421)
4(5322 5332 5432 5422)
4(4157 4267 5432 5332)
4(4256 5422 5432 4267)
4(5323 5333 5433 5423)
4(5332 5432 5433 5333)
4(5422 5423 5433 5432)
4(5324 5334 5434 5424)
4(5333 5433 5434 5334)
4(5423 5424 5434 5433)
4(5325 5335 5435 5425)
4(5334 5434 5435 5335)
4(5424 5425 5435 5434)
4(5326 5336 5436 5426)
4(5335 5435 5436 5336)
4(5425 5426 5436 5435)
4(5327 5337 5437 5427)
4(5336 5436 5437 5337)
4(5426 5427 5437 5436)
4(5328 5338 5438 5428)
4(5337 5437 5438 5338)
4(5427 5428 5438 5437)
4(5329 5339 5439 5429)
4(5338 5438 5439 5339)
4(5428 5429 5439 5438)
4(5330 5340 5440 5430)
4(5339 5439 5440 5340)
4(5429 5430 5440 5439)
4(5340 5440 5441 5341)
4(5430 5431 5441 5440)
4(5331 5341 5441 5431)
4(5332 5342 5442 5432)
4(4168 4278 5442 5342)
4(4267 5432 5442 4278)
4(5333 5343 5443 5433)
4(5342 5442 5443 5343)
4(5432 5433 5443 5442)
4(5334 5344 5444 5434)
4(5343 5443 5444 5344)
4(5433 5434 5444 5443)
4(5335 5345 5445 5435)
4(5344 5444 5445 5345)
4(5434 5435 5445 5444)
4(5336 5346 5446 5436)
4(5345 5445 5446 5346)
4(5435 5436 5446 5445)
4(5337 5347 5447 5437)
4(5346 5446 5447 5347)
4(5436 5437 5447 5446)
4(5338 5348 5448 5438)
4(5347 5447 5448 5348)
4(5437 5438 5448 5447)
4(5339 5349 5449 5439)
4(5348 5448 5449 5349)
4(5438 5439 5449 5448)
4(5340 5350 5450 5440)
4(5349 5449 5450 5350)
4(5439 5440 5450 5449)
4(5350 5450 5451 5351)
4(5440 5441 5451 5450)
4(5341 5351 5451 5441)
4(5342 5352 5452 5442)
4(4179 4289 5452 5352)
4(4278 5442 5452 4289)
4(5343 5353 5453 5443)
4(5352 5452 5453 5353)
4(5442 5443 5453 5452)
4(5344 5354 5454 5444)
4(5353 5453 5454 5354)
4(5443 5444 5454 5453)
4(5345 5355 5455 5445)
4(5354 5454 5455 5355)
4(5444 5445 5455 5454)
4(5346 5356 5456 5446)
4(5355 5455 5456 5356)
4(5445 5446 5456 5455)
4(5347 5357 5457 5447)
4(5356 5456 5457 5357)
4(5446 5447 5457 5456)
4(5348 5358 5458 5448)
4(5357 5457 5458 5358)
4(5447 5448 5458 5457)
4(5349 5359 5459 5449)
4(5358 5458 5459 5359)
4(5448 5449 5459 5458)
4(5350 5360 5460 5450)
4(5359 5459 5460 5360)
4(5449 5450 5460 5459)
4(5360 5460 5461 5361)
4(5450 5451 5461 5460)
4(5351 5361 5461 5451)
4(5352 5362 5462 5452)
4(4190 4300 5462 5362)
4(4289 5452 5462 4300)
4(5353 5363 5463 5453)
4(5362 5462 5463 5363)
4(5452 5453 5463 5462)
4(5354 5364 5464 5454)
4(5363 5463 5464 5364)
4(5453 5454 5464 5463)
4(5355 5365 5465 5455)
4(5364 5464 5465 5365)
4(5454 5455 5465 5464)
4(5356 5366 5466 5456)
4(5365 5465 5466 5366)
4(5455 5456 5466 5465)
4(5357 5367 5467 5457)
4(5366 5466 5467 5367)
4(5456 5457 5467 5466)
4(5358 5368 5468 5458)
4(5367 5467 5468 5368)
4(5457 5458 5468 5467)
4(5359 5369 5469 5459)
4(5368 5468 5469 5369)
4(5458 5459 5469 5468)
4(5360 5370 5470 5460)
4(5369 5469 5470 5370)
4(5459 5460 5470 5469)
4(5370 5470 5471 5371)
4(5460 5461 5471 5470)
4(5361 5371 5471 5461)
4(5362 5372 5472 5462)
4(4201 4311 5472 5372)
4(4300 5462 5472 4311)
4(5363 5373 5473 5463)
4(5372 5472 5473 5373)
4(5462 5463 5473 5472)
4(5364 5374 5474 5464)
4(5373 5473 5474 5374)
4(5463 5464 5474 5473)
4(5365 5375 5475 5465)
4(5374 5474 5475 5375)
4(5464 5465 5475 5474)
4(5366 5376 5476 5466)
4(5375 5475 5476 5376)
4(5465 5466 5476 5475)
4(5367 5377 5477 5467)
4(5376 5476 5477 5377)
4(5466 5467 5477 5476)
4(5368 5378 5478 5468)
4(5377 5477 5478 5378)
4(5467 5468 5478 5477)
4(5369 5379 5479 5469)
4(5378 5478 5479 5379)
4(5468 5469 5479 5478)
4(5370 5380 5480 5470)
4(5379 5479 5480 5380)
4(5469 5470 5480 5479)
4(5380 5480 5481 5381)
4(5470 5471 5481 5480)
4(5371 5381 5481 5471)
4(5372 1574 1695 5472)
4(4311 5472 1695 1694)
4(5373 1575 1696 5473)
4(5472 5473 1696 1695)
4(5374 1576 1697 5474)
4(5473 5474 1697 1696)
4(5375 1577 1698 5475)
4(5474 5475 1698 1697)
4(5376 1578 1699 5476)
4(5475 5476 1699 1698)
4(5377 1579 1700 5477)
4(5476 5477 1700 1699)
4(5378 1580 1701 5478)
4(5477 5478 1701 1700)
4(5379 1581 1702 5479)
4(5478 5479 1702 1701)
4(5380 1582 1703 5480)
4(5479 5480 1703 1702)
4(5480 5481 1704 1703)
4(5381 1583 1704 5481)
4(5382 5392 5492 5482)
4(4223 4333 5492 5392)
4(4322 5482 5492 4333)
4(4212 5382 5482 4322)
4(5383 5393 5493 5483)
4(5392 5492 5493 5393)
4(5482 5483 5493 5492)
4(5382 5383 5483 5482)
4(5384 5394 5494 5484)
4(5393 5493 5494 5394)
4(5483 5484 5494 5493)
4(5383 5384 5484 5483)
4(5385 5395 5495 5485)
4(5394 5494 5495 5395)
4(5484 5485 5495 5494)
4(5384 5385 5485 5484)
4(5386 5396 5496 5486)
4(5395 5495 5496 5396)
4(5485 5486 5496 5495)
4(5385 5386 5486 5485)
4(5387 5397 5497 5487)
4(5396 5496 5497 5397)
4(5486 5487 5497 5496)
4(5386 5387 5487 5486)
4(5388 5398 5498 5488)
4(5397 5497 5498 5398)
4(5487 5488 5498 5497)
4(5387 5388 5488 5487)
4(5389 5399 5499 5489)
4(5398 5498 5499 5399)
4(5488 5489 5499 5498)
4(5388 5389 5489 5488)
4(5390 5400 5500 5490)
4(5399 5499 5500 5400)
4(5489 5490 5500 5499)
4(5389 5390 5490 5489)
4(5400 5500 5501 5401)
4(5490 5491 5501 5500)
4(5390 5391 5491 5490)
4(5391 5401 5501 5491)
4(5392 5402 5502 5492)
4(4234 4344 5502 5402)
4(4333 5492 5502 4344)
4(5393 5403 5503 5493)
4(5402 5502 5503 5403)
4(5492 5493 5503 5502)
4(5394 5404 5504 5494)
4(5403 5503 5504 5404)
4(5493 5494 5504 5503)
4(5395 5405 5505 5495)
4(5404 5504 5505 5405)
4(5494 5495 5505 5504)
4(5396 5406 5506 5496)
4(5405 5505 5506 5406)
4(5495 5496 5506 5505)
4(5397 5407 5507 5497)
4(5406 5506 5507 5407)
4(5496 5497 5507 5506)
4(5398 5408 5508 5498)
4(5407 5507 5508 5408)
4(5497 5498 5508 5507)
4(5399 5409 5509 5499)
4(5408 5508 5509 5409)
4(5498 5499 5509 5508)
4(5400 5410 5510 5500)
4(5409 5509 5510 5410)
4(5499 5500 5510 5509)
4(5410 5510 5511 5411)
4(5500 5501 5511 5510)
4(5401 5411 5511 5501)
4(5402 5412 5512 5502)
4(4245 4355 5512 5412)
4(4344 5502 5512 4355)
4(5403 5413 5513 5503)
4(5412 5512 5513 5413)
4(5502 5503 5513 5512)
4(5404 5414 5514 5504)
4(5413 5513 5514 5414)
4(5503 5504 5514 5513)
4(5405 5415 5515 5505)
4(5414 5514 5515 5415)
4(5504 5505 5515 5514)
4(5406 5416 5516 5506)
4(5415 5515 5516 5416)
4(5505 5506 5516 5515)
4(5407 5417 5517 5507)
4(5416 5516 5517 5417)
4(5506 5507 5517 5516)
4(5408 5418 5518 5508)
4(5417 5517 5518 5418)
4(5507 5508 5518 5517)
4(5409 5419 5519 5509)
4(5418 5518 5519 5419)
4(5508 5509 5519 5518)
4(5410 5420 5520 5510)
4(5419 5519 5520 5420)
4(5509 5510 5520 5519)
4(5420 5520 5521 5421)
4(5510 5511 5521 5520)
4(5411 5421 5521 5511)
4(5412 5422 5522 5512)
4(4256 4366 5522 5422)
4(4355 5512 5522 4366)
4(5413 5423 5523 5513)
4(5422 5522 5523 5423)
4(5512 5513 5523 5522)
4(5414 5424 5524 5514)
4(5423 5523 5524 5424)
4(5513 5514 5524 5523)
4(5415 5425 5525 5515)
4(5424 5524 5525 5425)
4(5514 5515 5525 5524)
4(5416 5426 5526 5516)
4(5425 5525 5526 5426)
4(5515 5516 5526 5525)
4(5417 5427 5527 5517)
4(5426 5526 5527 5427)
4(5516 5517 5527 5526)
4(5418 5428 5528 5518)
4(5427 5527 5528 5428)
4(5517 5518 5528 5527)
4(5419 5429 5529 5519)
4(5428 5528 5529 5429)
4(5518 5519 5529 5528)
4(5420 5430 5530 5520)
4(5429 5529 5530 5430)
4(5519 5520 5530 5529)
4(5430 5530 5531 5431)
4(5520 5521 5531 5530)
4(5421 5431 5531 5521)
4(5422 5432 5532 5522)
4(4267 4377 5532 5432)
4(4366 5522 5532 4377)
4(5423 5433 5533 5523)
4(5432 5532 5533 5433)
4(5522 5523 5533 5532)
4(5424 5434 5534 5524)
4(5433 5533 5534 5434)
4(5523 5524 5534 5533)
4(5425 5435 5535 5525)
4(5434 5534 5535 5435)
4(5524 5525 5535 5534)
4(5426 5436 5536 5526)
4(5435 5535 5536 5436)
4(5525 5526 5536 5535)
4(5427 5437 5537 5527)
4(5436 5536 5537 5437)
4(5526 5527 5537 5536)
4(5428 5438 5538 5528)
4(5437 5537 5538 5438)
4(5527 5528 5538 5537)
4(5429 5439 5539 5529)
4(5438 5538 5539 5439)
4(5528 5529 5539 5538)
4(5430 5440 5540 5530)
4(5439 5539 5540 5440)
4(5529 5530 5540 5539)
4(5440 5540 5541 5441)
4(5530 5531 5541 5540)
4(5431 5441 5541 5531)
4(5432 5442 5542 5532)
4(4278 4388 5542 5442)
4(4377 5532 5542 4388)
4(5433 5443 5543 5533)
4(5442 5542 5543 5443)
4(5532 5533 5543 5542)
4(5434 5444 5544 5534)
4(5443 5543 5544 5444)
4(5533 5534 5544 5543)
4(5435 5445 5545 5535)
4(5444 5544 5545 5445)
4(5534 5535 5545 5544)
4(5436 5446 5546 5536)
4(5445 5545 5546 5446)
4(5535 5536 5546 5545)
4(5437 5447 5547 5537)
4(5446 5546 5547 5447)
4(5536 5537 5547 5546)
4(5438 5448 5548 5538)
4(5447 5547 5548 5448)
4(5537 5538 5548 5547)
4(5439 5449 5549 5539)
4(5448 5548 5549 5449)
4(5538 5539 5549 5548)
4(5440 5450 5550 5540)
4(5449 5549 5550 5450)
4(5539 5540 5550 5549)
4(5450 5550 5551 5451)
4(5540 5541 5551 5550)
4(5441 5451 5551 5541)
4(5442 5452 5552 5542)
4(4289 4399 5552 5452)
4(4388 5542 5552 4399)
4(5443 5453 5553 5543)
4(5452 5552 5553 5453)
4(5542 5543 5553 5552)
4(5444 5454 5554 5544)
4(5453 5553 5554 5454)
4(5543 5544 5554 5553)
4(5445 5455 5555 5545)
4(5454 5554 5555 5455)
4(5544 5545 5555 5554)
4(5446 5456 5556 5546)
4(5455 5555 5556 5456)
4(5545 5546 5556 5555)
4(5447 5457 5557 5547)
4(5456 5556 5557 5457)
4(5546 5547 5557 5556)
4(5448 5458 5558 5548)
4(5457 5557 5558 5458)
4(5547 5548 5558 5557)
4(5449 5459 5559 5549)
4(5458 5558 5559 5459)
4(5548 5549 5559 5558)
4(5450 5460 5560 5550)
4(5459 5559 5560 5460)
4(5549 5550 5560 5559)
4(5460 5560 5561 5461)
4(5550 5551 5561 5560)
4(5451 5461 5561 5551)
4(5452 5462 5562 5552)
4(4300 4410 5562 5462)
4(4399 5552 5562 4410)
4(5453 5463 5563 5553)
4(5462 5562 5563 5463)
4(5552 5553 5563 5562)
4(5454 5464 5564 5554)
4(5463 5563 5564 5464)
4(5553 5554 5564 5563)
4(5455 5465 5565 5555)
4(5464 5564 5565 5465)
4(5554 5555 5565 5564)
4(5456 5466 5566 5556)
4(5465 5565 5566 5466)
4(5555 5556 5566 5565)
4(5457 5467 5567 5557)
4(5466 5566 5567 5467)
4(5556 5557 5567 5566)
4(5458 5468 5568 5558)
4(5467 5567 5568 5468)
4(5557 5558 5568 5567)
4(5459 5469 5569 5559)
4(5468 5568 5569 5469)
4(5558 5559 5569 5568)
4(5460 5470 5570 5560)
4(5469 5569 5570 5470)
4(5559 5560 5570 5569)
4(5470 5570 5571 5471)
4(5560 5561 5571 5570)
4(5461 5471 5571 5561)
4(5462 5472 5572 5562)
4(4311 4421 5572 5472)
4(4410 5562 5572 4421)
4(5463 5473 5573 5563)
4(5472 5572 5573 5473)
4(5562 5563 5573 5572)
4(5464 5474 5574 5564)
4(5473 5573 5574 5474)
4(5563 5564 5574 5573)
4(5465 5475 5575 5565)
4(5474 5574 5575 5475)
4(5564 5565 5575 5574)
4(5466 5476 5576 5566)
4(5475 5575 5576 5476)
4(5565 5566 5576 5575)
4(5467 5477 5577 5567)
4(5476 5576 5577 5477)
4(5566 5567 5577 5576)
4(5468 5478 5578 5568)
4(5477 5577 5578 5478)
4(5567 5568 5578 5577)
4(5469 5479 5579 5569)
4(5478 5578 5579 5479)
4(5568 5569 5579 5578)
4(5470 5480 5580 5570)
4(5479 5579 5580 5480)
4(5569 5570 5580 5579)
4(5480 5580 5581 5481)
4(5570 5571 5581 5580)
4(5471 5481 5581 5571)
4(5472 1695 1816 5572)
4(4421 5572 1816 1815)
4(5473 1696 1817 5573)
4(5572 5573 1817 1816)
4(5474 1697 1818 5574)
4(5573 5574 1818 1817)
4(5475 1698 1819 5575)
4(5574 5575 1819 1818)
4(5476 1699 1820 5576)
4(5575 5576 1820 1819)
4(5477 1700 1821 5577)
4(5576 5577 1821 1820)
4(5478 1701 1822 5578)
4(5577 5578 1822 1821)
4(5479 1702 1823 5579)
4(5578 5579 1823 1822)
4(5480 1703 1824 5580)
4(5579 5580 1824 1823)
4(5580 5581 1825 1824)
4(5481 1704 1825 5581)
4(5482 5492 5592 5582)
4(4333 4443 5592 5492)
4(4432 5582 5592 4443)
4(4322 5482 5582 4432)
4(5483 5493 5593 5583)
4(5492 5592 5593 5493)
4(5582 5583 5593 5592)
4(5482 5483 5583 5582)
4(5484 5494 5594 5584)
4(5493 5593 5594 5494)
4(5583 5584 5594 5593)
4(5483 5484 5584 5583)
4(5485 5495 5595 5585)
4(5494 5594 5595 5495)
4(5584 5585 5595 5594)
4(5484 5485 5585 5584)
4(5486 5496 5596 5586)
4(5495 5595 5596 5496)
4(5585 5586 5596 5595)
4(5485 5486 5586 5585)
4(5487 5497 5597 5587)
4(5496 5596 5597 5497)
4(5586 5587 5597 5596)
4(5486 5487 5587 5586)
4(5488 5498 5598 5588)
4(5497 5597 5598 5498)
4(5587 5588 5598 5597)
4(5487 5488 5588 5587)
4(5489 5499 5599 5589)
4(5498 5598 5599 5499)
4(5588 5589 5599 5598)
4(5488 5489 5589 5588)
4(5490 5500 5600 5590)
4(5499 5599 5600 5500)
4(5589 5590 5600 5599)
4(5489 5490 5590 5589)
4(5500 5600 5601 5501)
4(5590 5591 5601 5600)
4(5490 5491 5591 5590)
4(5491 5501 5601 5591)
4(5492 5502 5602 5592)
4(4344 4454 5602 5502)
4(4443 5592 5602 4454)
4(5493 5503 5603 5593)
4(5502 5602 5603 5503)
4(5592 5593 5603 5602)
4(5494 5504 5604 5594)
4(5503 5603 5604 5504)
4(5593 5594 5604 5603)
4(5495 5505 5605 5595)
4(5504 5604 5605 5505)
4(5594 5595 5605 5604)
4(5496 5506 5606 5596)
4(5505 5605 5606 5506)
4(5595 5596 5606 5605)
4(5497 5507 5607 5597)
4(5506 5606 5607 5507)
4(5596 5597 5607 5606)
4(5498 5508 5608 5598)
4(5507 5607 5608 5508)
4(5597 5598 5608 5607)
4(5499 5509 5609 5599)
4(5508 5608 5609 5509)
4(5598 5599 5609 5608)
4(5500 5510 5610 5600)
4(5509 5609 5610 5510)
4(5599 5600 5610 5609)
4(5510 5610 5611 5511)
4(5600 5601 5611 5610)
4(5501 5511 5611 5601)
4(5502 5512 5612 5602)
4(4355 4465 5612 5512)
4(4454 5602 5612 4465)
4(5503 5513 5613 5603)
4(5512 5612 5613 5513)
4(5602 5603 5613 5612)
4(5504 5514 5614 5604)
4(5513 5613 5614 5514)
4(5603 5604 5614 5613)
4(5505 5515 5615 5605)
4(5514 5614 5615 5515)
4(5604 5605 5615 5614)
4(5506 5516 5616 5606)
4(5515 5615 5616 5516)
4(5605 5606 5616 5615)
4(5507 5517 5617 5607)
4(5516 5616 5617 5517)
4(5606 5607 5617 5616)
4(5508 5518 5618 5608)
4(5517 5617 5618 5518)
4(5607 5608 5618 5617)
4(5509 5519 5619 5609)
4(5518 5618 5619 5519)
4(5608 5609 5619 5618)
4(5510 5520 5620 5610)
4(5519 5619 5620 5520)
4(5609 5610 5620 5619)
4(5520 5620 5621 5521)
4(5610 5611 5621 5620)
4(5511 5521 5621 5611)
4(5512 5522 5622 5612)
4(4366 4476 5622 5522)
4(4465 5612 5622 4476)
4(5513 5523 5623 5613)
4(5522 5622 5623 5523)
4(5612 5613 5623 5622)
4(5514 5524 5624 5614)
4(5523 5623 5624 5524)
4(5613 5614 5624 5623)
4(5515 5525 5625 5615)
4(5524 5624 5625 5525)
4(5614 5615 5625 5624)
4(5516 5526 5626 5616)
4(5525 5625 5626 5526)
4(5615 5616 5626 5625)
4(5517 5527 5627 5617)
4(5526 5626 5627 5527)
4(5616 5617 5627 5626)
4(5518 5528 5628 5618)
4(5527 5627 5628 5528)
4(5617 5618 5628 5627)
4(5519 5529 5629 5619)
4(5528 5628 5629 5529)
4(5618 5619 5629 5628)
4(5520 5530 5630 5620)
4(5529 5629 5630 5530)
4(5619 5620 5630 5629)
4(5530 5630 5631 5531)
4(5620 5621 5631 5630)
4(5521 5531 5631 5621)
4(5522 5532 5632 5622)
4(4377 4487 5632 5532)
4(4476 5622 5632 4487)
4(5523 5533 5633 5623)
4(5532 5632 5633 5533)
4(5622 5623 5633 5632)
4(5524 5534 5634 5624)
4(5533 5633 5634 5534)
4(5623 5624 5634 5633)
4(5525 5535 5635 5625)
4(5534 5634 5635 5535)
4(5624 5625 5635 5634)
4(5526 5536 5636 5626)
4(5535 5635 5636 5536)
4(5625 5626 5636 5635)
4(5527 5537 5637 5627)
4(5536 5636 5637 5537)
4(5626 5627 5637 5636)
4(5528 5538 5638 5628)
4(5537 5637 5638 5538)
4(5627 5628 5638 5637)
4(5529 5539 5639 5629)
4(5538 5638 5639 5539)
4(5628 5629 5639 5638)
4(5530 5540 5640 5630)
4(5539 5639 5640 5540)
4(5629 5630 5640 5639)
4(5540 5640 5641 5541)
4(5630 5631 5641 5640)
4(5531 5541 5641 5631)
4(5532 5542 5642 5632)
4(4388 4498 5642 5542)
4(4487 5632 5642 4498)
4(5533 5543 5643 5633)
4(5542 5642 5643 5543)
4(5632 5633 5643 5642)
4(5534 5544 5644 5634)
4(5543 5643 5644 5544)
4(5633 5634 5644 5643)
4(5535 5545 5645 5635)
4(5544 5644 5645 5545)
4(5634 5635 5645 5644)
4(5536 5546 5646 5636)
4(5545 5645 5646 5546)
4(5635 5636 5646 5645)
4(5537 5547 5647 5637)
4(5546 5646 5647 5547)
4(5636 5637 5647 5646)
4(5538 5548 5648 5638)
4(5547 5647 5648 5548)
4(5637 5638 5648 5647)
4(5539 5549 5649 5639)
4(5548 5648 5649 5549)
4(5638 5639 5649 5648)
4(5540 5550 5650 5640)
4(5549 5649 5650 5550)
4(5639 5640 5650 5649)
4(5550 5650 5651 5551)
4(5640 5641 5651 5650)
4(5541 5551 5651 5641)
4(5542 5552 5652 5642)
4(4399 4509 5652 5552)
4(4498 5642 5652 4509)
4(5543 5553 5653 5643)
4(5552 5652 5653 5553)
4(5642 5643 5653 5652)
4(5544 5554 5654 5644)
4(5553 5653 5654 5554)
4(5643 5644 5654 5653)
4(5545 5555 5655 5645)
4(5554 5654 5655 5555)
4(5644 5645 5655 5654)
4(5546 5556 5656 5646)
4(5555 5655 5656 5556)
4(5645 5646 5656 5655)
4(5547 5557 5657 5647)
4(5556 5656 5657 5557)
4(5646 5647 5657 5656)
4(5548 5558 5658 5648)
4(5557 5657 5658 5558)
4(5647 5648 5658 5657)
4(5549 5559 5659 5649)
4(5558 5658 5659 5559)
4(5648 5649 5659 5658)
4(5550 5560 5660 5650)
4(5559 5659 5660 5560)
4(5649 5650 5660 5659)
4(5560 5660 5661 5561)
4(5650 5651 5661 5660)
4(5551 5561 5661 5651)
4(5552 5562 5662 5652)
4(4410 4520 5662 5562)
4(4509 5652 5662 4520)
4(5553 5563 5663 5653)
4(5562 5662 5663 5563)
4(5652 5653 5663 5662)
4(5554 5564 5664 5654)
4(5563 5663 5664 5564)
4(5653 5654 5664 5663)
4(5555 5565 5665 5655)
4(5564 5664 5665 5565)
4(5654 5655 5665 5664)
4(5556 5566 5666 5656)
4(5565 5665 5666 5566)
4(5655 5656 5666 5665)
4(5557 5567 5667 5657)
4(5566 5666 5667 5567)
4(5656 5657 5667 5666)
4(5558 5568 5668 5658)
4(5567 5667 5668 5568)
4(5657 5658 5668 5667)
4(5559 5569 5669 5659)
4(5568 5668 5669 5569)
4(5658 5659 5669 5668)
4(5560 5570 5670 5660)
4(5569 5669 5670 5570)
4(5659 5660 5670 5669)
4(5570 5670 5671 5571)
4(5660 5661 5671 5670)
4(5561 5571 5671 5661)
4(5562 5572 5672 5662)
4(4421 4531 5672 5572)
4(4520 5662 5672 4531)
4(5563 5573 5673 5663)
4(5572 5672 5673 5573)
4(5662 5663 5673 5672)
4(5564 5574 5674 5664)
4(5573 5673 5674 5574)
4(5663 5664 5674 5673)
4(5565 5575 5675 5665)
4(5574 5674 5675 5575)
4(5664 5665 5675 5674)
4(5566 5576 5676 5666)
4(5575 5675 5676 5576)
4(5665 5666 5676 5675)
4(5567 5577 5677 5667)
4(5576 5676 5677 5577)
4(5666 5667 5677 5676)
4(5568 5578 5678 5668)
4(5577 5677 5678 5578)
4(5667 5668 5678 5677)
4(5569 5579 5679 5669)
4(5578 5678 5679 5579)
4(5668 5669 5679 5678)
4(5570 5580 5680 5670)
4(5579 5679 5680 5580)
4(5669 5670 5680 5679)
4(5580 5680 5681 5581)
4(5670 5671 5681 5680)
4(5571 5581 5681 5671)
4(5572 1816 1937 5672)
4(4531 5672 1937 1936)
4(5573 1817 1938 5673)
4(5672 5673 1938 1937)
4(5574 1818 1939 5674)
4(5673 5674 1939 1938)
4(5575 1819 1940 5675)
4(5674 5675 1940 1939)
4(5576 1820 1941 5676)
4(5675 5676 1941 1940)
4(5577 1821 1942 5677)
4(5676 5677 1942 1941)
4(5578 1822 1943 5678)
4(5677 5678 1943 1942)
4(5579 1823 1944 5679)
4(5678 5679 1944 1943)
4(5580 1824 1945 5680)
4(5679 5680 1945 1944)
4(5680 5681 1946 1945)
4(5581 1825 1946 5681)
4(5582 5592 5692 5682)
4(4443 4553 5692 5592)
4(4542 5682 5692 4553)
4(4432 5582 5682 4542)
4(5583 5593 5693 5683)
4(5592 5692 5693 5593)
4(5682 5683 5693 5692)
4(5582 5583 5683 5682)
4(5584 5594 5694 5684)
4(5593 5693 5694 5594)
4(5683 5684 5694 5693)
4(5583 5584 5684 5683)
4(5585 5595 5695 5685)
4(5594 5694 5695 5595)
4(5684 5685 5695 5694)
4(5584 5585 5685 5684)
4(5586 5596 5696 5686)
4(5595 5695 5696 5596)
4(5685 5686 5696 5695)
4(5585 5586 5686 5685)
4(5587 5597 5697 5687)
4(5596 5696 5697 5597)
4(5686 5687 5697 5696)
4(5586 5587 5687 5686)
4(5588 5598 5698 5688)
4(5597 5697 5698 5598)
4(5687 5688 5698 5697)
4(5587 5588 5688 5687)
4(5589 5599 5699 5689)
4(5598 5698 5699 5599)
4(5688 5689 5699 5698)
4(5588 5589 5689 5688)
4(5590 5600 5700 5690)
4(5599 5699 5700 5600)
4(5689 5690 5700 5699)
4(5589 5590 5690 5689)
4(5600 5700 5701 5601)
4(5690 5691 5701 5700)
4(5590 5591 5691 5690)
4(5591 5601 5701 5691)
4(5592 5602 5702 5692)
4(4454 4564 5702 5602)
4(4553 5692 5702 4564)
4(5593 5603 5703 5693)
4(5602 5702 5703 5603)
4(5692 5693 5703 5702)
4(5594 5604 5704 5694)
4(5603 5703 5704 5604)
4(5693 5694 5704 5703)
4(5595 5605 5705 5695)
4(5604 5704 5705 5605)
4(5694 5695 5705 5704)
4(5596 5606 5706 5696)
4(5605 5705 5706 5606)
4(5695 5696 5706 5705)
4(5597 5607 5707 5697)
4(5606 5706 5707 5607)
4(5696 5697 5707 5706)
4(5598 5608 5708 5698)
4(5607 5707 5708 5608)
4(5697 5698 5708 5707)
4(5599 5609 5709 5699)
4(5608 5708 5709 5609)
4(5698 5699 5709 5708)
4(5600 5610 5710 5700)
4(5609 5709 5710 5610)
4(5699 5700 5710 5709)
4(5610 5710 5711 5611)
4(5700 5701 5711 5710)
4(5601 5611 5711 5701)
4(5602 5612 5712 5702)
4(4465 4575 5712 5612)
4(4564 5702 5712 4575)
4(5603 5613 5713 5703)
4(5612 5712 5713 5613)
4(5702 5703 5713 5712)
4(5604 5614 5714 5704)
4(5613 5713 5714 5614)
4(5703 5704 5714 5713)
4(5605 5615 5715 5705)
4(5614 5714 5715 5615)
4(5704 5705 5715 5714)
4(5606 5616 5716 5706)
4(5615 5715 5716 5616)
4(5705 5706 5716 5715)
4(5607 5617 5717 5707)
4(5616 5716 5717 5617)
4(5706 5707 5717 5716)
4(5608 5618 5718 5708)
4(5617 5717 5718 5618)
4(5707 5708 5718 5717)
4(5609 5619 5719 5709)
4(5618 5718 5719 5619)
4(5708 5709 5719 5718)
4(5610 5620 5720 5710)
4(5619 5719 5720 5620)
4(5709 5710 5720 5719)
4(5620 5720 5721 5621)
4(5710 5711 5721 5720)
4(5611 5621 5721 5711)
4(5612 5622 5722 5712)
4(4476 4586 5722 5622)
4(4575 5712 5722 4586)
4(5613 5623 5723 5713)
4(5622 5722 5723 5623)
4(5712 5713 5723 5722)
4(5614 5624 5724 5714)
4(5623 5723 5724 5624)
4(5713 5714 5724 5723)
4(5615 5625 5725 5715)
4(5624 5724 5725 5625)
4(5714 5715 5725 5724)
4(5616 5626 5726 5716)
4(5625 5725 5726 5626)
4(5715 5716 5726 5725)
4(5617 5627 5727 5717)
4(5626 5726 5727 5627)
4(5716 5717 5727 5726)
4(5618 5628 5728 5718)
4(5627 5727 5728 5628)
4(5717 5718 5728 5727)
4(5619 5629 5729 5719)
4(5628 5728 5729 5629)
4(5718 5719 5729 5728)
4(5620 5630 5730 5720)
4(5629 5729 5730 5630)
4(5719 5720 5730 5729)
4(5630 5730 5731 5631)
4(5720 5721 5731 5730)
4(5621 5631 5731 5721)
4(5622 5632 5732 5722)
4(4487 4597 5732 5632)
4(4586 5722 5732 4597)
4(5623 5633 5733 5723)
4(5632 5732 5733 5633)
4(5722 5723 5733 5732)
4(5624 5634 5734 5724)
4(5633 5733 5734 5634)
4(5723 5724 5734 5733)
4(5625 5635 5735 5725)
4(5634 5734 5735 5635)
4(5724 5725 5735 5734)
4(5626 5636 5736 5726)
4(5635 5735 5736 5636)
4(5725 5726 5736 5735)
4(5627 5637 5737 5727)
4(5636 5736 5737 5637)
4(5726 5727 5737 5736)
4(5628 5638 5738 5728)
4(5637 5737 5738 5638)
4(5727 5728 5738 5737)
4(5629 5639 5739 5729)
4(5638 5738 5739 5639)
4(5728 5729 5739 5738)
4(5630 5640 5740 5730)
4(5639 5739 5740 5640)
4(5729 5730 5740 5739)
4(5640 5740 5741 5641)
4(5730 5731 5741 5740)
4(5631 5641 5741 5731)
4(5632 5642 5742 5732)
4(4498 4608 5742 5642)
4(4597 5732 5742 4608)
4(5633 5643 5743 5733)
4(5642 5742 5743 5643)
4(5732 5733 5743 5742)
4(5634 5644 5744 5734)
4(5643 5743 5744 5644)
4(5733 5734 5744 5743)
4(5635 5645 5745 5735)
4(5644 5744 5745 5645)
4(5734 5735 5745 5744)
4(5636 5646 5746 5736)
4(5645 5745 5746 5646)
4(5735 5736 5746 5745)
4(5637 5647 5747 5737)
4(5646 5746 5747 5647)
4(5736 5737 5747 5746)
4(5638 5648 5748 5738)
4(5647 5747 5748 5648)
4(5737 5738 5748 5747)
4(5639 5649 5749 5739)
4(5648 5748 5749 5649)
4(5738 5739 5749 5748)
4(5640 5650 5750 5740)
4(5649 5749 5750 5650)
4(5739 5740 5750 5749)
4(5650 5750 5751 5651)
4(5740 5741 5751 5750)
4(5641 5651 5751 5741)
4(5642 5652 5752 5742)
4(4509 4619 5752 5652)
4(4608 5742 5752 4619)
4(5643 5653 5753 5743)
4(5652 5752 5753 5653)
4(5742 5743 5753 5752)
4(5644 5654 5754 5744)
4(5653 5753 5754 5654)
4(5743 5744 5754 5753)
4(5645 5655 5755 5745)
4(5654 5754 5755 5655)
4(5744 5745 5755 5754)
4(5646 5656 5756 5746)
4(5655 5755 5756 5656)
4(5745 5746 5756 5755)
4(5647 5657 5757 5747)
4(5656 5756 5757 5657)
4(5746 5747 5757 5756)
4(5648 5658 5758 5748)
4(5657 5757 5758 5658)
4(5747 5748 5758 5757)
4(5649 5659 5759 5749)
4(5658 5758 5759 5659)
4(5748 5749 5759 5758)
4(5650 5660 5760 5750)
4(5659 5759 5760 5660)
4(5749 5750 5760 5759)
4(5660 5760 5761 5661)
4(5750 5751 5761 5760)
4(5651 5661 5761 5751)
4(5652 5662 5762 5752)
4(4520 4630 5762 5662)
4(4619 5752 5762 4630)
4(5653 5663 5763 5753)
4(5662 5762 5763 5663)
4(5752 5753 5763 5762)
4(5654 5664 5764 5754)
4(5663 5763 5764 5664)
4(5753 5754 5764 5763)
4(5655 5665 5765 5755)
4(5664 5764 5765 5665)
4(5754 5755 5765 5764)
4(5656 5666 5766 5756)
4(5665 5765 5766 5666)
4(5755 5756 5766 5765)
4(5657 5667 5767 5757)
4(5666 5766 5767 5667)
4(5756 5757 5767 5766)
4(5658 5668 5768 5758)
4(5667 5767 5768 5668)
4(5757 5758 5768 5767)
4(5659 5669 5769 5759)
4(5668 5768 5769 5669)
4(5758 5759 5769 5768)
4(5660 5670 5770 5760)
4(5669 5769 5770 5670)
4(5759 5760 5770 5769)
4(5670 5770 5771 5671)
4(5760 5761 5771 5770)
4(5661 5671 5771 5761)
4(5662 5672 5772 5762)
4(4531 4641 5772 5672)
4(4630 5762 5772 4641)
4(5663 5673 5773 5763)
4(5672 5772 5773 5673)
4(5762 5763 5773 5772)
4(5664 5674 5774 5764)
4(5673 5773 5774 5674)
4(5763 5764 5774 5773)
4(5665 5675 5775 5765)
4(5674 5774 5775 5675)
4(5764 5765 5775 5774)
4(5666 5676 5776 5766)
4(5675 5775 5776 5676)
4(5765 5766 5776 5775)
4(5667 5677 5777 5767)
4(5676 5776 5777 5677)
4(5766 5767 5777 5776)
4(5668 5678 5778 5768)
4(5677 5777 5778 5678)
4(5767 5768 5778 5777)
4(5669 5679 5779 5769)
4(5678 5778 5779 5679)
4(5768 5769 5779 5778)
4(5670 5680 5780 5770)
4(5679 5779 5780 5680)
4(5769 5770 5780 5779)
4(5680 5780 5781 5681)
4(5770 5771 5781 5780)
4(5671 5681 5781 5771)
4(5672 1937 2058 5772)
4(4641 5772 2058 2057)
4(5673 1938 2059 5773)
4(5772 5773 2059 2058)
4(5674 1939 2060 5774)
4(5773 5774 2060 2059)
4(5675 1940 2061 5775)
4(5774 5775 2061 2060)
4(5676 1941 2062 5776)
4(5775 5776 2062 2061)
4(5677 1942 2063 5777)
4(5776 5777 2063 2062)
4(5678 1943 2064 5778)
4(5777 5778 2064 2063)
4(5679 1944 2065 5779)
4(5778 5779 2065 2064)
4(5680 1945 2066 5780)
4(5779 5780 2066 2065)
4(5780 5781 2067 2066)
4(5681 1946 2067 5781)
4(5682 5692 5792 5782)
4(4553 4663 5792 5692)
4(4652 5782 5792 4663)
4(4542 5682 5782 4652)
4(5683 5693 5793 5783)
4(5692 5792 5793 5693)
4(5782 5783 5793 5792)
4(5682 5683 5783 5782)
4(5684 5694 5794 5784)
4(5693 5793 5794 5694)
4(5783 5784 5794 5793)
4(5683 5684 5784 5783)
4(5685 5695 5795 5785)
4(5694 5794 5795 5695)
4(5784 5785 5795 5794)
4(5684 5685 5785 5784)
4(5686 5696 5796 5786)
4(5695 5795 5796 5696)
4(5785 5786 5796 5795)
4(5685 5686 5786 5785)
4(5687 5697 5797 5787)
4(5696 5796 5797 5697)
4(5786 5787 5797 5796)
4(5686 5687 5787 5786)
4(5688 5698 5798 5788)
4(5697 5797 5798 5698)
4(5787 5788 5798 5797)
4(5687 5688 5788 5787)
4(5689 5699 5799 5789)
4(5698 5798 5799 5699)
4(5788 5789 5799 5798)
4(5688 5689 5789 5788)
4(5690 5700 5800 5790)
4(5699 5799 5800 5700)
4(5789 5790 5800 5799)
4(5689 5690 5790 5789)
4(5700 5800 5801 5701)
4(5790 5791 5801 5800)
4(5690 5691 5791 5790)
4(5691 5701 5801 5791)
4(5692 5702 5802 5792)
4(4564 4674 5802 5702)
4(4663 5792 5802 4674)
4(5693 5703 5803 5793)
4(5702 5802 5803 5703)
4(5792 5793 5803 5802)
4(5694 5704 5804 5794)
4(5703 5803 5804 5704)
4(5793 5794 5804 5803)
4(5695 5705 5805 5795)
4(5704 5804 5805 5705)
4(5794 5795 5805 5804)
4(5696 5706 5806 5796)
4(5705 5805 5806 5706)
4(5795 5796 5806 5805)
4(5697 5707 5807 5797)
4(5706 5806 5807 5707)
4(5796 5797 5807 5806)
4(5698 5708 5808 5798)
4(5707 5807 5808 5708)
4(5797 5798 5808 5807)
4(5699 5709 5809 5799)
4(5708 5808 5809 5709)
4(5798 5799 5809 5808)
4(5700 5710 5810 5800)
4(5709 5809 5810 5710)
4(5799 5800 5810 5809)
4(5710 5810 5811 5711)
4(5800 5801 5811 5810)
4(5701 5711 5811 5801)
4(5702 5712 5812 5802)
4(4575 4685 5812 5712)
4(4674 5802 5812 4685)
4(5703 5713 5813 5803)
4(5712 5812 5813 5713)
4(5802 5803 5813 5812)
4(5704 5714 5814 5804)
4(5713 5813 5814 5714)
4(5803 5804 5814 5813)
4(5705 5715 5815 5805)
4(5714 5814 5815 5715)
4(5804 5805 5815 5814)
4(5706 5716 5816 5806)
4(5715 5815 5816 5716)
4(5805 5806 5816 5815)
4(5707 5717 5817 5807)
4(5716 5816 5817 5717)
4(5806 5807 5817 5816)
4(5708 5718 5818 5808)
4(5717 5817 5818 5718)
4(5807 5808 5818 5817)
4(5709 5719 5819 5809)
4(5718 5818 5819 5719)
4(5808 5809 5819 5818)
4(5710 5720 5820 5810)
4(5719 5819 5820 5720)
4(5809 5810 5820 5819)
4(5720 5820 5821 5721)
4(5810 5811 5821 5820)
4(5711 5721 5821 5811)
4(5712 5722 5822 5812)
4(4586 4696 5822 5722)
4(4685 5812 5822 4696)
4(5713 5723 5823 5813)
4(5722 5822 5823 5723)
4(5812 5813 5823 5822)
4(5714 5724 5824 5814)
4(5723 5823 5824 5724)
4(5813 5814 5824 5823)
4(5715 5725 5825 5815)
4(5724 5824 5825 5725)
4(5814 5815 5825 5824)
4(5716 5726 5826 5816)
4(5725 5825 5826 5726)
4(5815 5816 5826 5825)
4(5717 5727 5827 5817)
4(5726 5826 5827 5727)
4(5816 5817 5827 5826)
4(5718 5728 5828 5818)
4(5727 5827 5828 5728)
4(5817 5818 5828 5827)
4(5719 5729 5829 5819)
4(5728 5828 5829 5729)
4(5818 5819 5829 5828)
4(5720 5730 5830 5820)
4(5729 5829 5830 5730)
4(5819 5820 5830 5829)
4(5730 5830 5831 5731)
4(5820 5821 5831 5830)
4(5721 5731 5831 5821)
4(5722 5732 5832 5822)
4(4597 4707 5832 5732)
4(4696 5822 5832 4707)
4(5723 5733 5833 5823)
4(5732 5832 5833 5733)
4(5822 5823 5833 5832)
4(5724 5734 5834 5824)
4(5733 5833 5834 5734)
4(5823 5824 5834 5833)
4(5725 5735 5835 5825)
4(5734 5834 5835 5735)
4(5824 5825 5835 5834)
4(5726 5736 5836 5826)
4(5735 5835 5836 5736)
4(5825 5826 5836 5835)
4(5727 5737 5837 5827)
4(5736 5836 5837 5737)
4(5826 5827 5837 5836)
4(5728 5738 5838 5828)
4(5737 5837 5838 5738)
4(5827 5828 5838 5837)
4(5729 5739 5839 5829)
4(5738 5838 5839 5739)
4(5828 5829 5839 5838)
4(5730 5740 5840 5830)
4(5739 5839 5840 5740)
4(5829 5830 5840 5839)
4(5740 5840 5841 5741)
4(5830 5831 5841 5840)
4(5731 5741 5841 5831)
4(5732 5742 5842 5832)
4(4608 4718 5842 5742)
4(4707 5832 5842 4718)
4(5733 5743 5843 5833)
4(5742 5842 5843 5743)
4(5832 5833 5843 5842)
4(5734 5744 5844 5834)
4(5743 5843 5844 5744)
4(5833 5834 5844 5843)
4(5735 5745 5845 5835)
4(5744 5844 5845 5745)
4(5834 5835 5845 5844)
4(5736 5746 5846 5836)
4(5745 5845 5846 5746)
4(5835 5836 5846 5845)
4(5737 5747 5847 5837)
4(5746 5846 5847 5747)
4(5836 5837 5847 5846)
4(5738 5748 5848 5838)
4(5747 5847 5848 5748)
4(5837 5838 5848 5847)
4(5739 5749 5849 5839)
4(5748 5848 5849 5749)
4(5838 5839 5849 5848)
4(5740 5750 5850 5840)
4(5749 5849 5850 5750)
4(5839 5840 5850 5849)
4(5750 5850 5851 5751)
4(5840 5841 5851 5850)
4(5741 5751 5851 5841)
4(5742 5752 5852 5842)
4(4619 4729 5852 5752)
4(4718 5842 5852 4729)
4(5743 5753 5853 5843)
4(5752 5852 5853 5753)
4(5842 5843 5853 5852)
4(5744 5754 5854 5844)
4(5753 5853 5854 5754)
4(5843 5844 5854 5853)
4(5745 5755 5855 5845)
4(5754 5854 5855 5755)
4(5844 5845 5855 5854)
4(5746 5756 5856 5846)
4(5755 5855 5856 5756)
4(5845 5846 5856 5855)
4(5747 5757 5857 5847)
4(5756 5856 5857 5757)
4(5846 5847 5857 5856)
4(5748 5758 5858 5848)
4(5757 5857 5858 5758)
4(5847 5848 5858 5857)
4(5749 5759 5859 5849)
4(5758 5858 5859 5759)
4(5848 5849 5859 5858)
4(5750 5760 5860 5850)
4(5759 5859 5860 5760)
4(5849 5850 5860 5859)
4(5760 5860 5861 5761)
4(5850 5851 5861 5860)
4(5751 5761 5861 5851)
4(5752 5762 5862 5852)
4(4630 4740 5862 5762)
4(4729 5852 5862 4740)
4(5753 5763 5863 5853)
4(5762 5862 5863 5763)
4(5852 5853 5863 5862)
4(5754 5764 5864 5854)
4(5763 5863 5864 5764)
4(5853 5854 5864 5863)
4(5755 5765 5865 5855)
4(5764 5864 5865 5765)
4(5854 5855 5865 5864)
4(5756 5766 5866 5856)
4(5765 5865 5866 5766)
4(5855 5856 5866 5865)
4(5757 5767 5867 5857)
4(5766 5866 5867 5767)
4(5856 5857 5867 5866)
4(5758 5768 5868 5858)
4(5767 5867 5868 5768)
4(5857 5858 5868 5867)
4(5759 5769 5869 5859)
4(5768 5868 5869 5769)
4(5858 5859 5869 5868)
4(5760 5770 5870 5860)
4(5769 5869 5870 5770)
4(5859 5860 5870 5869)
4(5770 5870 5871 5771)
4(5860 5861 5871 5870)
4(5761 5771 5871 5861)
4(5762 5772 5872 5862)
4(4641 4751 5872 5772)
4(4740 5862 5872 4751)
4(5763 5773 5873 5863)
4(5772 5872 5873 5773)
4(5862 5863 5873 5872)
4(5764 5774 5874 5864)
4(5773 5873 5874 5774)
4(5863 5864 5874 5873)
4(5765 5775 5875 5865)
4(5774 5874 5875 5775)
4(5864 5865 5875 5874)
4(5766 5776 5876 5866)
4(5775 5875 5876 5776)
4(5865 5866 5876 5875)
4(5767 5777 5877 5867)
4(5776 5876 5877 5777)
4(5866 5867 5877 5876)
4(5768 5778 5878 5868)
4(5777 5877 5878 5778)
4(5867 5868 5878 5877)
4(5769 5779 5879 5869)
4(5778 5878 5879 5779)
4(5868 5869 5879 5878)
4(5770 5780 5880 5870)
4(5779 5879 5880 5780)
4(5869 5870 5880 5879)
4(5780 5880 5881 5781)
4(5870 5871 5881 5880)
4(5771 5781 5881 5871)
4(5772 2058 2179 5872)
4(4751 5872 2179 2178)
4(5773 2059 2180 5873)
4(5872 5873 2180 2179)
4(5774 2060 2181 5874)
4(5873 5874 2181 2180)
4(5775 2061 2182 5875)
4(5874 5875 2182 2181)
4(5776 2062 2183 5876)
4(5875 5876 2183 2182)
4(5777 2063 2184 5877)
4(5876 5877 2184 2183)
4(5778 2064 2185 5878)
4(5877 5878 2185 2184)
4(5779 2065 2186 5879)
4(5878 5879 2186 2185)
4(5780 2066 2187 5880)
4(5879 5880 2187 2186)
4(5880 5881 2188 2187)
4(5781 2067 2188 5881)
4(5782 5792 5892 5882)
4(4663 4773 5892 5792)
4(4762 5882 5892 4773)
4(4652 5782 5882 4762)
4(5783 5793 5893 5883)
4(5792 5892 5893 5793)
4(5882 5883 5893 5892)
4(5782 5783 5883 5882)
4(5784 5794 5894 5884)
4(5793 5893 5894 5794)
4(5883 5884 5894 5893)
4(5783 5784 5884 5883)
4(5785 5795 5895 5885)
4(5794 5894 5895 5795)
4(5884 5885 5895 5894)
4(5784 5785 5885 5884)
4(5786 5796 5896 5886)
4(5795 5895 5896 5796)
4(5885 5886 5896 5895)
4(5785 5786 5886 5885)
4(5787 5797 5897 5887)
4(5796 5896 5897 5797)
4(5886 5887 5897 5896)
4(5786 5787 5887 5886)
4(5788 5798 5898 5888)
4(5797 5897 5898 5798)
4(5887 5888 5898 5897)
4(5787 5788 5888 5887)
4(5789 5799 5899 5889)
4(5798 5898 5899 5799)
4(5888 5889 5899 5898)
4(5788 5789 5889 5888)
4(5790 5800 5900 5890)
4(5799 5899 5900 5800)
4(5889 5890 5900 5899)
4(5789 5790 5890 5889)
4(5800 5900 5901 5801)
4(5890 5891 5901 5900)
4(5790 5791 5891 5890)
4(5791 5801 5901 5891)
4(5792 5802 5902 5892)
4(4674 4784 5902 5802)
4(4773 5892 5902 4784)
4(5793 5803 5903 5893)
4(5802 5902 5903 5803)
4(5892 5893 5903 5902)
4(5794 5804 5904 5894)
4(5803 5903 5904 5804)
4(5893 5894 5904 5903)
4(5795 5805 5905 5895)
4(5804 5904 5905 5805)
4(5894 5895 5905 5904)
4(5796 5806 5906 5896)
4(5805 5905 5906 5806)
4(5895 5896 5906 5905)
4(5797 5807 5907 5897)
4(5806 5906 5907 5807)
4(5896 5897 5907 5906)
4(5798 5808 5908 5898)
4(5807 5907 5908 5808)
4(5897 5898 5908 5907)
4(5799 5809 5909 5899)
4(5808 5908 5909 5809)
4(5898 5899 5909 5908)
4(5800 5810 5910 5900)
4(5809 5909 5910 5810)
4(5899 5900 5910 5909)
4(5810 5910 5911 5811)
4(5900 5901 5911 5910)
4(5801 5811 5911 5901)
4(5802 5812 5912 5902)
4(4685 4795 5912 5812)
4(4784 5902 5912 4795)
4(5803 5813 5913 5903)
4(5812 5912 5913 5813)
4(5902 5903 5913 5912)
4(5804 5814 5914 5904)
4(5813 5913 5914 5814)
4(5903 5904 5914 5913)
4(5805 5815 5915 5905)
4(5814 5914 5915 5815)
4(5904 5905 5915 5914)
4(5806 5816 5916 5906)
4(5815 5915 5916 5816)
4(5905 5906 5916 5915)
4(5807 5817 5917 5907)
4(5816 5916 5917 5817)
4(5906 5907 5917 5916)
4(5808 5818 5918 5908)
4(5817 5917 5918 5818)
4(5907 5908 5918 5917)
4(5809 5819 5919 5909)
4(5818 5918 5919 5819)
4(5908 5909 5919 5918)
4(5810 5820 5920 5910)
4(5819 5919 5920 5820)
4(5909 5910 5920 5919)
4(5820 5920 5921 5821)
4(5910 5911 5921 5920)
4(5811 5821 5921 5911)
4(5812 5822 5922 5912)
4(4696 4806 5922 5822)
4(4795 5912 5922 4806)
4(5813 5823 5923 5913)
4(5822 5922 5923 5823)
4(5912 5913 5923 5922)
4(5814 5824 5924 5914)
4(5823 5923 5924 5824)
4(5913 5914 5924 5923)
4(5815 5825 5925 5915)
4(5824 5924 5925 5825)
4(5914 5915 5925 5924)
4(5816 5826 5926 5916)
4(5825 5925 5926 5826)
4(5915 5916 5926 5925)
4(5817 5827 5927 5917)
4(5826 5926 5927 5827)
4(5916 5917 5927 5926)
4(5818 5828 5928 5918)
4(5827 5927 5928 5828)
4(5917 5918 5928 5927)
4(5819 5829 5929 5919)
4(5828 5928 5929 5829)
4(5918 5919 5929 5928)
4(5820 5830 5930 5920)
4(5829 5929 5930 5830)
4(5919 5920 5930 5929)
4(5830 5930 5931 5831)
4(5920 5921 5931 5930)
4(5821 5831 5931 5921)
4(5822 5832 5932 5922)
4(4707 4817 5932 5832)
4(4806 5922 5932 4817)
4(5823 5833 5933 5923)
4(5832 5932 5933 5833)
4(5922 5923 5933 5932)
4(5824 5834 5934 5924)
4(5833 5933 5934 5834)
4(5923 5924 5934 5933)
4(5825 5835 5935 5925)
4(5834 5934 5935 5835)
4(5924 5925 5935 5934)
4(5826 5836 5936 5926)
4(5835 5935 5936 5836)
4(5925 5926 5936 5935)
4(5827 5837 5937 5927)
4(5836 5936 5937 5837)
4(5926 5927 5937 5936)
4(5828 5838 5938 5928)
4(5837 5937 5938 5838)
4(5927 5928 5938 5937)
4(5829 5839 5939 5929)
4(5838 5938 5939 5839)
4(5928 5929 5939 5938)
4(5830 5840 5940 5930)
4(5839 5939 5940 5840)
4(5929 5930 5940 5939)
4(5840 5940 5941 5841)
4(5930 5931 5941 5940)
4(5831 5841 5941 5931)
4(5832 5842 5942 5932)
4(4718 4828 5942 5842)
4(4817 5932 5942 4828)
4(5833 5843 5943 5933)
4(5842 5942 5943 5843)
4(5932 5933 5943 5942)
4(5834 5844 5944 5934)
4(5843 5943 5944 5844)
4(5933 5934 5944 5943)
4(5835 5845 5945 5935)
4(5844 5944 5945 5845)
4(5934 5935 5945 5944)
4(5836 5846 5946 5936)
4(5845 5945 5946 5846)
4(5935 5936 5946 5945)
4(5837 5847 5947 5937)
4(5846 5946 5947 5847)
4(5936 5937 5947 5946)
4(5838 5848 5948 5938)
4(5847 5947 5948 5848)
4(5937 5938 5948 5947)
4(5839 5849 5949 5939)
4(5848 5948 5949 5849)
4(5938 5939 5949 5948)
4(5840 5850 5950 5940)
4(5849 5949 5950 5850)
4(5939 5940 5950 5949)
4(5850 5950 5951 5851)
4(5940 5941 5951 5950)
4(5841 5851 5951 5941)
4(5842 5852 5952 5942)
4(4729 4839 5952 5852)
4(4828 5942 5952 4839)
4(5843 5853 5953 5943)
4(5852 5952 5953 5853)
4(5942 5943 5953 5952)
4(5844 5854 5954 5944)
4(5853 5953 5954 5854)
4(5943 5944 5954 5953)
4(5845 5855 5955 5945)
4(5854 5954 5955 5855)
4(5944 5945 5955 5954)
4(5846 5856 5956 5946)
4(5855 5955 5956 5856)
4(5945 5946 5956 5955)
4(5847 5857 5957 5947)
4(5856 5956 5957 5857)
4(5946 5947 5957 5956)
4(5848 5858 5958 5948)
4(5857 5957 5958 5858)
4(5947 5948 5958 5957)
4(5849 5859 5959 5949)
4(5858 5958 5959 5859)
4(5948 5949 5959 5958)
4(5850 5860 5960 5950)
4(5859 5959 5960 5860)
4(5949 5950 5960 5959)
4(5860 5960 5961 5861)
4(5950 5951 5961 5960)
4(5851 5861 5961 5951)
4(5852 5862 5962 5952)
4(4740 4850 5962 5862)
4(4839 5952 5962 4850)
4(5853 5863 5963 5953)
4(5862 5962 5963 5863)
4(5952 5953 5963 5962)
4(5854 5864 5964 5954)
4(5863 5963 5964 5864)
4(5953 5954 5964 5963)
4(5855 5865 5965 5955)
4(5864 5964 5965 5865)
4(5954 5955 5965 5964)
4(5856 5866 5966 5956)
4(5865 5965 5966 5866)
4(5955 5956 5966 5965)
4(5857 5867 5967 5957)
4(5866 5966 5967 5867)
4(5956 5957 5967 5966)
4(5858 5868 5968 5958)
4(5867 5967 5968 5868)
4(5957 5958 5968 5967)
4(5859 5869 5969 5959)
4(5868 5968 5969 5869)
4(5958 5959 5969 5968)
4(5860 5870 5970 5960)
4(5869 5969 5970 5870)
4(5959 5960 5970 5969)
4(5870 5970 5971 5871)
4(5960 5961 5971 5970)
4(5861 5871 5971 5961)
4(5862 5872 5972 5962)
4(4751 4861 5972 5872)
4(4850 5962 5972 4861)
4(5863 5873 5973 5963)
4(5872 5972 5973 5873)
4(5962 5963 5973 5972)
4(5864 5874 5974 5964)
4(5873 5973 5974 5874)
4(5963 5964 5974 5973)
4(5865 5875 5975 5965)
4(5874 5974 5975 5875)
4(5964 5965 5975 5974)
4(5866 5876 5976 5966)
4(5875 5975 5976 5876)
4(5965 5966 5976 5975)
4(5867 5877 5977 5967)
4(5876 5976 5977 5877)
4(5966 5967 5977 5976)
4(5868 5878 5978 5968)
4(5877 5977 5978 5878)
4(5967 5968 5978 5977)
4(5869 5879 5979 5969)
4(5878 5978 5979 5879)
4(5968 5969 5979 5978)
4(5870 5880 5980 5970)
4(5879 5979 5980 5880)
4(5969 5970 5980 5979)
4(5880 5980 5981 5881)
4(5970 5971 5981 5980)
4(5871 5881 5981 5971)
4(5872 2179 2300 5972)
4(4861 5972 2300 2299)
4(5873 2180 2301 5973)
4(5972 5973 2301 2300)
4(5874 2181 2302 5974)
4(5973 5974 2302 2301)
4(5875 2182 2303 5975)
4(5974 5975 2303 2302)
4(5876 2183 2304 5976)
4(5975 5976 2304 2303)
4(5877 2184 2305 5977)
4(5976 5977 2305 2304)
4(5878 2185 2306 5978)
4(5977 5978 2306 2305)
4(5879 2186 2307 5979)
4(5978 5979 2307 2306)
4(5880 2187 2308 5980)
4(5979 5980 2308 2307)
4(5980 5981 2309 2308)
4(5881 2188 2309 5981)
4(5882 5892 5992 5982)
4(4773 4883 5992 5892)
4(4872 5982 5992 4883)
4(4762 5882 5982 4872)
4(5883 5893 5993 5983)
4(5892 5992 5993 5893)
4(5982 5983 5993 5992)
4(5882 5883 5983 5982)
4(5884 5894 5994 5984)
4(5893 5993 5994 5894)
4(5983 5984 5994 5993)
4(5883 5884 5984 5983)
4(5885 5895 5995 5985)
4(5894 5994 5995 5895)
4(5984 5985 5995 5994)
4(5884 5885 5985 5984)
4(5886 5896 5996 5986)
4(5895 5995 5996 5896)
4(5985 5986 5996 5995)
4(5885 5886 5986 5985)
4(5887 5897 5997 5987)
4(5896 5996 5997 5897)
4(5986 5987 5997 5996)
4(5886 5887 5987 5986)
4(5888 5898 5998 5988)
4(5897 5997 5998 5898)
4(5987 5988 5998 5997)
4(5887 5888 5988 5987)
4(5889 5899 5999 5989)
4(5898 5998 5999 5899)
4(5988 5989 5999 5998)
4(5888 5889 5989 5988)
4(5890 5900 6000 5990)
4(5899 5999 6000 5900)
4(5989 5990 6000 5999)
4(5889 5890 5990 5989)
4(5900 6000 6001 5901)
4(5990 5991 6001 6000)
4(5890 5891 5991 5990)
4(5891 5901 6001 5991)
4(5892 5902 6002 5992)
4(4784 4894 6002 5902)
4(4883 5992 6002 4894)
4(5893 5903 6003 5993)
4(5902 6002 6003 5903)
4(5992 5993 6003 6002)
4(5894 5904 6004 5994)
4(5903 6003 6004 5904)
4(5993 5994 6004 6003)
4(5895 5905 6005 5995)
4(5904 6004 6005 5905)
4(5994 5995 6005 6004)
4(5896 5906 6006 5996)
4(5905 6005 6006 5906)
4(5995 5996 6006 6005)
4(5897 5907 6007 5997)
4(5906 6006 6007 5907)
4(5996 5997 6007 6006)
4(5898 5908 6008 5998)
4(5907 6007 6008 5908)
4(5997 5998 6008 6007)
4(5899 5909 6009 5999)
4(5908 6008 6009 5909)
4(5998 5999 6009 6008)
4(5900 5910 6010 6000)
4(5909 6009 6010 5910)
4(5999 6000 6010 6009)
4(5910 6010 6011 5911)
4(6000 6001 6011 6010)
4(5901 5911 6011 6001)
4(5902 5912 6012 6002)
4(4795 4905 6012 5912)
4(4894 6002 6012 4905)
4(5903 5913 6013 6003)
4(5912 6012 6013 5913)
4(6002 6003 6013 6012)
4(5904 5914 6014 6004)
4(5913 6013 6014 5914)
4(6003 6004 6014 6013)
4(5905 5915 6015 6005)
4(5914 6014 6015 5915)
4(6004 6005 6015 6014)
4(5906 5916 6016 6006)
4(5915 6015 6016 5916)
4(6005 6006 6016 6015)
4(5907 5917 6017 6007)
4(5916 6016 6017 5917)
4(6006 6007 6017 6016)
4(5908 5918 6018 6008)
4(5917 6017 6018 5918)
4(6007 6008 6018 6017)
4(5909 5919 6019 6009)
4(5918 6018 6019 5919)
4(6008 6009 6019 6018)
4(5910 5920 6020 6010)
4(5919 6019 6020 5920)
4(6009 6010 6020 6019)
4(5920 6020 6021 5921)
4(6010 6011 6021 6020)
4(5911 5921 6021 6011)
4(5912 5922 6022 6012)
4(4806 4916 6022 5922)
4(4905 6012 6022 4916)
4(5913 5923 6023 6013)
4(5922 6022 6023 5923)
4(6012 6013 6023 6022)
4(5914 5924 6024 6014)
4(5923 6023 6024 5924)
4(6013 6014 6024 6023)
4(5915 5925 6025 6015)
4(5924 6024 6025 5925)
4(6014 6015 6025 6024)
4(5916 5926 6026 6016)
4(5925 6025 6026 5926)
4(6015 6016 6026 6025)
4(5917 5927 6027 6017)
4(5926 6026 6027 5927)
4(6016 6017 6027 6026)
4(5918 5928 6028 6018)
4(5927 6027 6028 5928)
4(6017 6018 6028 6027)
4(5919 5929 6029 6019)
4(5928 6028 6029 5929)
4(6018 6019 6029 6028)
4(5920 5930 6030 6020)
4(5929 6029 6030 5930)
4(6019 6020 6030 6029)
4(5930 6030 6031 5931)
4(6020 6021 6031 6030)
4(5921 5931 6031 6021)
4(5922 5932 6032 6022)
4(4817 4927 6032 5932)
4(4916 6022 6032 4927)
4(5923 5933 6033 6023)
4(5932 6032 6033 5933)
4(6022 6023 6033 6032)
4(5924 5934 6034 6024)
4(5933 6033 6034 5934)
4(6023 6024 6034 6033)
4(5925 5935 6035 6025)
4(5934 6034 6035 5935)
4(6024 6025 6035 6034)
4(5926 5936 6036 6026)
4(5935 6035 6036 5936)
4(6025 6026 6036 6035)
4(5927 5937 6037 6027)
4(5936 6036 6037 5937)
4(6026 6027 6037 6036)
4(5928 5938 6038 6028)
4(5937 6037 6038 5938)
4(6027 6028 6038 6037)
4(5929 5939 6039 6029)
4(5938 6038 6039 5939)
4(6028 6029 6039 6038)
4(5930 5940 6040 6030)
4(5939 6039 6040 5940)
4(6029 6030 6040 6039)
4(5940 6040 6041 5941)
4(6030 6031 6041 6040)
4(5931 5941 6041 6031)
4(5932 5942 6042 6032)
4(4828 4938 6042 5942)
4(4927 6032 6042 4938)
4(5933 5943 6043 6033)
4(5942 6042 6043 5943)
4(6032 6033 6043 6042)
4(5934 5944 6044 6034)
4(5943 6043 6044 5944)
4(6033 6034 6044 6043)
4(5935 5945 6045 6035)
4(5944 6044 6045 5945)
4(6034 6035 6045 6044)
4(5936 5946 6046 6036)
4(5945 6045 6046 5946)
4(6035 6036 6046 6045)
4(5937 5947 6047 6037)
4(5946 6046 6047 5947)
4(6036 6037 6047 6046)
4(5938 5948 6048 6038)
4(5947 6047 6048 5948)
4(6037 6038 6048 6047)
4(5939 5949 6049 6039)
4(5948 6048 6049 5949)
4(6038 6039 6049 6048)
4(5940 5950 6050 6040)
4(5949 6049 6050 5950)
4(6039 6040 6050 6049)
4(5950 6050 6051 5951)
4(6040 6041 6051 6050)
4(5941 5951 6051 6041)
4(5942 5952 6052 6042)
4(4839 4949 6052 5952)
4(4938 6042 6052 4949)
4(5943 5953 6053 6043)
4(5952 6052 6053 5953)
4(6042 6043 6053 6052)
4(5944 5954 6054 6044)
4(5953 6053 6054 5954)
4(6043 6044 6054 6053)
4(5945 5955 6055 6045)
4(5954 6054 6055 5955)
4(6044 6045 6055 6054)
4(5946 5956 6056 6046)
4(5955 6055 6056 5956)
4(6045 6046 6056 6055)
4(5947 5957 6057 6047)
4(5956 6056 6057 5957)
4(6046 6047 6057 6056)
4(5948 5958 6058 6048)
4(5957 6057 6058 5958)
4(6047 6048 6058 6057)
4(5949 5959 6059 6049)
4(5958 6058 6059 5959)
4(6048 6049 6059 6058)
4(5950 5960 6060 6050)
4(5959 6059 6060 5960)
4(6049 6050 6060 6059)
4(5960 6060 6061 5961)
4(6050 6051 6061 6060)
4(5951 5961 6061 6051)
4(5952 5962 6062 6052)
4(4850 4960 6062 5962)
4(4949 6052 6062 4960)
4(5953 5963 6063 6053)
4(5962 6062 6063 5963)
4(6052 6053 6063 6062)
4(5954 5964 6064 6054)
4(5963 6063 6064 5964)
4(6053 6054 6064 6063)
4(5955 5965 6065 6055)
4(5964 6064 6065 5965)
4(6054 6055 6065 6064)
4(5956 5966 6066 6056)
4(5965 6065 6066 5966)
4(6055 6056 6066 6065)
4(5957 5967 6067 6057)
4(5966 6066 6067 5967)
4(6056 6057 6067 6066)
4(5958 5968 6068 6058)
4(5967 6067 6068 5968)
4(6057 6058 6068 6067)
4(5959 5969 6069 6059)
4(5968 6068 6069 5969)
4(6058 6059 6069 6068)
4(5960 5970 6070 6060)
4(5969 6069 6070 5970)
4(6059 6060 6070 6069)
4(5970 6070 6071 5971)
4(6060 6061 6071 6070)
4(5961 5971 6071 6061)
4(5962 5972 6072 6062)
4(4861 4971 6072 5972)
4(4960 6062 6072 4971)
4(5963 5973 6073 6063)
4(5972 6072 6073 5973)
4(6062 6063 6073 6072)
4(5964 5974 6074 6064)
4(5973 6073 6074 5974)
4(6063 6064 6074 6073)
4(5965 5975 6075 6065)
4(5974 6074 6075 5975)
4(6064 6065 6075 6074)
4(5966 5976 6076 6066)
4(5975 6075 6076 5976)
4(6065 6066 6076 6075)
4(5967 5977 6077 6067)
4(5976 6076 6077 5977)
4(6066 6067 6077 6076)
4(5968 5978 6078 6068)
4(5977 6077 6078 5978)
4(6067 6068 6078 6077)
4(5969 5979 6079 6069)
4(5978 6078 6079 5979)
4(6068 6069 6079 6078)
4(5970 5980 6080 6070)
4(5979 6079 6080 5980)
4(6069 6070 6080 6079)
4(5980 6080 6081 5981)
4(6070 6071 6081 6080)
4(5971 5981 6081 6071)
4(5972 2300 2421 6072)
4(4971 6072 2421 2420)
4(5973 2301 2422 6073)
4(6072 6073 2422 2421)
4(5974 2302 2423 6074)
4(6073 6074 2423 2422)
4(5975 2303 2424 6075)
4(6074 6075 2424 2423)
4(5976 2304 2425 6076)
4(6075 6076 2425 2424)
4(5977 2305 2426 6077)
4(6076 6077 2426 2425)
4(5978 2306 2427 6078)
4(6077 6078 2427 2426)
4(5979 2307 2428 6079)
4(6078 6079 2428 2427)
4(5980 2308 2429 6080)
4(6079 6080 2429 2428)
4(6080 6081 2430 2429)
4(5981 2309 2430 6081)
4(5982 5992 6092 6082)
4(4883 4993 6092 5992)
4(4872 5982 6082 4982)
4(5983 5993 6093 6083)
4(5992 6092 6093 5993)
4(5982 5983 6083 6082)
4(5984 5994 6094 6084)
4(5993 6093 6094 5994)
4(5983 5984 6084 6083)
4(5985 5995 6095 6085)
4(5994 6094 6095 5995)
4(5984 5985 6085 6084)
4(5986 5996 6096 6086)
4(5995 6095 6096 5996)
4(5985 5986 6086 6085)
4(5987 5997 6097 6087)
4(5996 6096 6097 5997)
4(5986 5987 6087 6086)
4(5988 5998 6098 6088)
4(5997 6097 6098 5998)
4(5987 5988 6088 6087)
4(5989 5999 6099 6089)
4(5998 6098 6099 5999)
4(5988 5989 6089 6088)
4(5990 6000 6100 6090)
4(5999 6099 6100 6000)
4(5989 5990 6090 6089)
4(6000 6100 6101 6001)
4(5990 5991 6091 6090)
4(5991 6001 6101 6091)
4(5992 6002 6102 6092)
4(4894 5004 6102 6002)
4(5993 6003 6103 6093)
4(6002 6102 6103 6003)
4(5994 6004 6104 6094)
4(6003 6103 6104 6004)
4(5995 6005 6105 6095)
4(6004 6104 6105 6005)
4(5996 6006 6106 6096)
4(6005 6105 6106 6006)
4(5997 6007 6107 6097)
4(6006 6106 6107 6007)
4(5998 6008 6108 6098)
4(6007 6107 6108 6008)
4(5999 6009 6109 6099)
4(6008 6108 6109 6009)
4(6000 6010 6110 6100)
4(6009 6109 6110 6010)
4(6010 6110 6111 6011)
4(6001 6011 6111 6101)
4(6002 6012 6112 6102)
4(4905 5015 6112 6012)
4(6003 6013 6113 6103)
4(6012 6112 6113 6013)
4(6004 6014 6114 6104)
4(6013 6113 6114 6014)
4(6005 6015 6115 6105)
4(6014 6114 6115 6015)
4(6006 6016 6116 6106)
4(6015 6115 6116 6016)
4(6007 6017 6117 6107)
4(6016 6116 6117 6017)
4(6008 6018 6118 6108)
4(6017 6117 6118 6018)
4(6009 6019 6119 6109)
4(6018 6118 6119 6019)
4(6010 6020 6120 6110)
4(6019 6119 6120 6020)
4(6020 6120 6121 6021)
4(6011 6021 6121 6111)
4(6012 6022 6122 6112)
4(4916 5026 6122 6022)
4(6013 6023 6123 6113)
4(6022 6122 6123 6023)
4(6014 6024 6124 6114)
4(6023 6123 6124 6024)
4(6015 6025 6125 6115)
4(6024 6124 6125 6025)
4(6016 6026 6126 6116)
4(6025 6125 6126 6026)
4(6017 6027 6127 6117)
4(6026 6126 6127 6027)
4(6018 6028 6128 6118)
4(6027 6127 6128 6028)
4(6019 6029 6129 6119)
4(6028 6128 6129 6029)
4(6020 6030 6130 6120)
4(6029 6129 6130 6030)
4(6030 6130 6131 6031)
4(6021 6031 6131 6121)
4(6022 6032 6132 6122)
4(4927 5037 6132 6032)
4(6023 6033 6133 6123)
4(6032 6132 6133 6033)
4(6024 6034 6134 6124)
4(6033 6133 6134 6034)
4(6025 6035 6135 6125)
4(6034 6134 6135 6035)
4(6026 6036 6136 6126)
4(6035 6135 6136 6036)
4(6027 6037 6137 6127)
4(6036 6136 6137 6037)
4(6028 6038 6138 6128)
4(6037 6137 6138 6038)
4(6029 6039 6139 6129)
4(6038 6138 6139 6039)
4(6030 6040 6140 6130)
4(6039 6139 6140 6040)
4(6040 6140 6141 6041)
4(6031 6041 6141 6131)
4(6032 6042 6142 6132)
4(4938 5048 6142 6042)
4(6033 6043 6143 6133)
4(6042 6142 6143 6043)
4(6034 6044 6144 6134)
4(6043 6143 6144 6044)
4(6035 6045 6145 6135)
4(6044 6144 6145 6045)
4(6036 6046 6146 6136)
4(6045 6145 6146 6046)
4(6037 6047 6147 6137)
4(6046 6146 6147 6047)
4(6038 6048 6148 6138)
4(6047 6147 6148 6048)
4(6039 6049 6149 6139)
4(6048 6148 6149 6049)
4(6040 6050 6150 6140)
4(6049 6149 6150 6050)
4(6050 6150 6151 6051)
4(6041 6051 6151 6141)
4(6042 6052 6152 6142)
4(4949 5059 6152 6052)
4(6043 6053 6153 6143)
4(6052 6152 6153 6053)
4(6044 6054 6154 6144)
4(6053 6153 6154 6054)
4(6045 6055 6155 6145)
4(6054 6154 6155 6055)
4(6046 6056 6156 6146)
4(6055 6155 6156 6056)
4(6047 6057 6157 6147)
4(6056 6156 6157 6057)
4(6048 6058 6158 6148)
4(6057 6157 6158 6058)
4(6049 6059 6159 6149)
4(6058 6158 6159 6059)
4(6050 6060 6160 6150)
4(6059 6159 6160 6060)
4(6060 6160 6161 6061)
4(6051 6061 6161 6151)
4(6052 6062 6162 6152)
4(4960 5070 6162 6062)
4(6053 6063 6163 6153)
4(6062 6162 6163 6063)
4(6054 6064 6164 6154)
4(6063 6163 6164 6064)
4(6055 6065 6165 6155)
4(6064 6164 6165 6065)
4(6056 6066 6166 6156)
4(6065 6165 6166 6066)
4(6057 6067 6167 6157)
4(6066 6166 6167 6067)
4(6058 6068 6168 6158)
4(6067 6167 6168 6068)
4(6059 6069 6169 6159)
4(6068 6168 6169 6069)
4(6060 6070 6170 6160)
4(6069 6169 6170 6070)
4(6070 6170 6171 6071)
4(6061 6071 6171 6161)
4(6062 6072 6172 6162)
4(4971 5081 6172 6072)
4(6063 6073 6173 6163)
4(6072 6172 6173 6073)
4(6064 6074 6174 6164)
4(6073 6173 6174 6074)
4(6065 6075 6175 6165)
4(6074 6174 6175 6075)
4(6066 6076 6176 6166)
4(6075 6175 6176 6076)
4(6067 6077 6177 6167)
4(6076 6176 6177 6077)
4(6068 6078 6178 6168)
4(6077 6177 6178 6078)
4(6069 6079 6179 6169)
4(6078 6178 6179 6079)
4(6070 6080 6180 6170)
4(6079 6179 6180 6080)
4(6080 6180 6181 6081)
4(6071 6081 6181 6171)
4(6072 2421 2542 6172)
4(6073 2422 2543 6173)
4(6074 2423 2544 6174)
4(6075 2424 2545 6175)
4(6076 2425 2546 6176)
4(6077 2426 2547 6177)
4(6078 2427 2548 6178)
4(6079 2428 2549 6179)
4(6080 2429 2550 6180)
4(6081 2430 2551 6181)
4(6182 6192 6302 6292)
4(1352 1473 6302 6192)
4(1462 6292 6302 1473)
4(1341 6182 6292 1462)
4(6183 6193 6303 6293)
4(6192 6302 6303 6193)
4(6292 6293 6303 6302)
4(6182 6183 6293 6292)
4(6184 6194 6304 6294)
4(6193 6303 6304 6194)
4(6293 6294 6304 6303)
4(6183 6184 6294 6293)
4(6185 6195 6305 6295)
4(6194 6304 6305 6195)
4(6294 6295 6305 6304)
4(6184 6185 6295 6294)
4(6186 6196 6306 6296)
4(6195 6305 6306 6196)
4(6295 6296 6306 6305)
4(6185 6186 6296 6295)
4(6187 6197 6307 6297)
4(6196 6306 6307 6197)
4(6296 6297 6307 6306)
4(6186 6187 6297 6296)
4(6188 6198 6308 6298)
4(6197 6307 6308 6198)
4(6297 6298 6308 6307)
4(6187 6188 6298 6297)
4(6189 6199 6309 6299)
4(6198 6308 6309 6199)
4(6298 6299 6309 6308)
4(6188 6189 6299 6298)
4(6190 6200 6310 6300)
4(6199 6309 6310 6200)
4(6299 6300 6310 6309)
4(6189 6190 6300 6299)
4(6200 6310 6311 6201)
4(6300 6301 6311 6310)
4(6190 6191 6301 6300)
4(6192 6202 6312 6302)
4(1363 1484 6312 6202)
4(1473 6302 6312 1484)
4(6193 6203 6313 6303)
4(6202 6312 6313 6203)
4(6302 6303 6313 6312)
4(6194 6204 6314 6304)
4(6203 6313 6314 6204)
4(6303 6304 6314 6313)
4(6195 6205 6315 6305)
4(6204 6314 6315 6205)
4(6304 6305 6315 6314)
4(6196 6206 6316 6306)
4(6205 6315 6316 6206)
4(6305 6306 6316 6315)
4(6197 6207 6317 6307)
4(6206 6316 6317 6207)
4(6306 6307 6317 6316)
4(6198 6208 6318 6308)
4(6207 6317 6318 6208)
4(6307 6308 6318 6317)
4(6199 6209 6319 6309)
4(6208 6318 6319 6209)
4(6308 6309 6319 6318)
4(6200 6210 6320 6310)
4(6209 6319 6320 6210)
4(6309 6310 6320 6319)
4(6210 6320 6321 6211)
4(6310 6311 6321 6320)
4(6202 6212 6322 6312)
4(1374 1495 6322 6212)
4(1484 6312 6322 1495)
4(6203 6213 6323 6313)
4(6212 6322 6323 6213)
4(6312 6313 6323 6322)
4(6204 6214 6324 6314)
4(6213 6323 6324 6214)
4(6313 6314 6324 6323)
4(6205 6215 6325 6315)
4(6214 6324 6325 6215)
4(6314 6315 6325 6324)
4(6206 6216 6326 6316)
4(6215 6325 6326 6216)
4(6315 6316 6326 6325)
4(6207 6217 6327 6317)
4(6216 6326 6327 6217)
4(6316 6317 6327 6326)
4(6208 6218 6328 6318)
4(6217 6327 6328 6218)
4(6317 6318 6328 6327)
4(6209 6219 6329 6319)
4(6218 6328 6329 6219)
4(6318 6319 6329 6328)
4(6210 6220 6330 6320)
4(6219 6329 6330 6220)
4(6319 6320 6330 6329)
4(6220 6330 6331 6221)
4(6320 6321 6331 6330)
4(6212 6222 6332 6322)
4(1385 1506 6332 6222)
4(1495 6322 6332 1506)
4(6213 6223 6333 6323)
4(6222 6332 6333 6223)
4(6322 6323 6333 6332)
4(6214 6224 6334 6324)
4(6223 6333 6334 6224)
4(6323 6324 6334 6333)
4(6215 6225 6335 6325)
4(6224 6334 6335 6225)
4(6324 6325 6335 6334)
4(6216 6226 6336 6326)
4(6225 6335 6336 6226)
4(6325 6326 6336 6335)
4(6217 6227 6337 6327)
4(6226 6336 6337 6227)
4(6326 6327 6337 6336)
4(6218 6228 6338 6328)
4(6227 6337 6338 6228)
4(6327 6328 6338 6337)
4(6219 6229 6339 6329)
4(6228 6338 6339 6229)
4(6328 6329 6339 6338)
4(6220 6230 6340 6330)
4(6229 6339 6340 6230)
4(6329 6330 6340 6339)
4(6230 6340 6341 6231)
4(6330 6331 6341 6340)
4(6222 6232 6342 6332)
4(1396 1517 6342 6232)
4(1506 6332 6342 1517)
4(6223 6233 6343 6333)
4(6232 6342 6343 6233)
4(6332 6333 6343 6342)
4(6224 6234 6344 6334)
4(6233 6343 6344 6234)
4(6333 6334 6344 6343)
4(6225 6235 6345 6335)
4(6234 6344 6345 6235)
4(6334 6335 6345 6344)
4(6226 6236 6346 6336)
4(6235 6345 6346 6236)
4(6335 6336 6346 6345)
4(6227 6237 6347 6337)
4(6236 6346 6347 6237)
4(6336 6337 6347 6346)
4(6228 6238 6348 6338)
4(6237 6347 6348 6238)
4(6337 6338 6348 6347)
4(6229 6239 6349 6339)
4(6238 6348 6349 6239)
4(6338 6339 6349 6348)
4(6230 6240 6350 6340)
4(6239 6349 6350 6240)
4(6339 6340 6350 6349)
4(6240 6350 6351 6241)
4(6340 6341 6351 6350)
4(6232 6242 6352 6342)
4(1407 1528 6352 6242)
4(1517 6342 6352 1528)
4(6233 6243 6353 6343)
4(6242 6352 6353 6243)
4(6342 6343 6353 6352)
4(6234 6244 6354 6344)
4(6243 6353 6354 6244)
4(6343 6344 6354 6353)
4(6235 6245 6355 6345)
4(6244 6354 6355 6245)
4(6344 6345 6355 6354)
4(6236 6246 6356 6346)
4(6245 6355 6356 6246)
4(6345 6346 6356 6355)
4(6237 6247 6357 6347)
4(6246 6356 6357 6247)
4(6346 6347 6357 6356)
4(6238 6248 6358 6348)
4(6247 6357 6358 6248)
4(6347 6348 6358 6357)
4(6239 6249 6359 6349)
4(6248 6358 6359 6249)
4(6348 6349 6359 6358)
4(6240 6250 6360 6350)
4(6249 6359 6360 6250)
4(6349 6350 6360 6359)
4(6250 6360 6361 6251)
4(6350 6351 6361 6360)
4(6242 6252 6362 6352)
4(1418 1539 6362 6252)
4(1528 6352 6362 1539)
4(6243 6253 6363 6353)
4(6252 6362 6363 6253)
4(6352 6353 6363 6362)
4(6244 6254 6364 6354)
4(6253 6363 6364 6254)
4(6353 6354 6364 6363)
4(6245 6255 6365 6355)
4(6254 6364 6365 6255)
4(6354 6355 6365 6364)
4(6246 6256 6366 6356)
4(6255 6365 6366 6256)
4(6355 6356 6366 6365)
4(6247 6257 6367 6357)
4(6256 6366 6367 6257)
4(6356 6357 6367 6366)
4(6248 6258 6368 6358)
4(6257 6367 6368 6258)
4(6357 6358 6368 6367)
4(6249 6259 6369 6359)
4(6258 6368 6369 6259)
4(6358 6359 6369 6368)
4(6250 6260 6370 6360)
4(6259 6369 6370 6260)
4(6359 6360 6370 6369)
4(6260 6370 6371 6261)
4(6360 6361 6371 6370)
4(6252 6262 6372 6362)
4(1429 1550 6372 6262)
4(1539 6362 6372 1550)
4(6253 6263 6373 6363)
4(6262 6372 6373 6263)
4(6362 6363 6373 6372)
4(6254 6264 6374 6364)
4(6263 6373 6374 6264)
4(6363 6364 6374 6373)
4(6255 6265 6375 6365)
4(6264 6374 6375 6265)
4(6364 6365 6375 6374)
4(6256 6266 6376 6366)
4(6265 6375 6376 6266)
4(6365 6366 6376 6375)
4(6257 6267 6377 6367)
4(6266 6376 6377 6267)
4(6366 6367 6377 6376)
4(6258 6268 6378 6368)
4(6267 6377 6378 6268)
4(6367 6368 6378 6377)
4(6259 6269 6379 6369)
4(6268 6378 6379 6269)
4(6368 6369 6379 6378)
4(6260 6270 6380 6370)
4(6269 6379 6380 6270)
4(6369 6370 6380 6379)
4(6270 6380 6381 6271)
4(6370 6371 6381 6380)
4(6262 6272 6382 6372)
4(1440 1561 6382 6272)
4(1550 6372 6382 1561)
4(6263 6273 6383 6373)
4(6272 6382 6383 6273)
4(6372 6373 6383 6382)
4(6264 6274 6384 6374)
4(6273 6383 6384 6274)
4(6373 6374 6384 6383)
4(6265 6275 6385 6375)
4(6274 6384 6385 6275)
4(6374 6375 6385 6384)
4(6266 6276 6386 6376)
4(6275 6385 6386 6276)
4(6375 6376 6386 6385)
4(6267 6277 6387 6377)
4(6276 6386 6387 6277)
4(6376 6377 6387 6386)
4(6268 6278 6388 6378)
4(6277 6387 6388 6278)
4(6377 6378 6388 6387)
4(6269 6279 6389 6379)
4(6278 6388 6389 6279)
4(6378 6379 6389 6388)
4(6270 6280 6390 6380)
4(6279 6389 6390 6280)
4(6379 6380 6390 6389)
4(6280 6390 6391 6281)
4(6380 6381 6391 6390)
4(6272 6282 6392 6382)
4(1561 6382 6392 1572)
4(1451 1572 6392 6282)
4(6273 6283 6393 6383)
4(6382 6383 6393 6392)
4(6282 6392 6393 6283)
4(6274 6284 6394 6384)
4(6383 6384 6394 6393)
4(6283 6393 6394 6284)
4(6275 6285 6395 6385)
4(6384 6385 6395 6394)
4(6284 6394 6395 6285)
4(6276 6286 6396 6386)
4(6385 6386 6396 6395)
4(6285 6395 6396 6286)
4(6277 6287 6397 6387)
4(6386 6387 6397 6396)
4(6286 6396 6397 6287)
4(6278 6288 6398 6388)
4(6387 6388 6398 6397)
4(6287 6397 6398 6288)
4(6279 6289 6399 6389)
4(6388 6389 6399 6398)
4(6288 6398 6399 6289)
4(6280 6290 6400 6390)
4(6389 6390 6400 6399)
4(6289 6399 6400 6290)
4(6390 6391 6401 6400)
4(6290 6400 6401 6291)
4(6292 6302 6412 6402)
4(1473 1594 6412 6302)
4(1583 6402 6412 1594)
4(1462 6292 6402 1583)
4(6293 6303 6413 6403)
4(6302 6412 6413 6303)
4(6402 6403 6413 6412)
4(6292 6293 6403 6402)
4(6294 6304 6414 6404)
4(6303 6413 6414 6304)
4(6403 6404 6414 6413)
4(6293 6294 6404 6403)
4(6295 6305 6415 6405)
4(6304 6414 6415 6305)
4(6404 6405 6415 6414)
4(6294 6295 6405 6404)
4(6296 6306 6416 6406)
4(6305 6415 6416 6306)
4(6405 6406 6416 6415)
4(6295 6296 6406 6405)
4(6297 6307 6417 6407)
4(6306 6416 6417 6307)
4(6406 6407 6417 6416)
4(6296 6297 6407 6406)
4(6298 6308 6418 6408)
4(6307 6417 6418 6308)
4(6407 6408 6418 6417)
4(6297 6298 6408 6407)
4(6299 6309 6419 6409)
4(6308 6418 6419 6309)
4(6408 6409 6419 6418)
4(6298 6299 6409 6408)
4(6300 6310 6420 6410)
4(6309 6419 6420 6310)
4(6409 6410 6420 6419)
4(6299 6300 6410 6409)
4(6310 6420 6421 6311)
4(6410 6411 6421 6420)
4(6300 6301 6411 6410)
4(6302 6312 6422 6412)
4(1484 1605 6422 6312)
4(1594 6412 6422 1605)
4(6303 6313 6423 6413)
4(6312 6422 6423 6313)
4(6412 6413 6423 6422)
4(6304 6314 6424 6414)
4(6313 6423 6424 6314)
4(6413 6414 6424 6423)
4(6305 6315 6425 6415)
4(6314 6424 6425 6315)
4(6414 6415 6425 6424)
4(6306 6316 6426 6416)
4(6315 6425 6426 6316)
4(6415 6416 6426 6425)
4(6307 6317 6427 6417)
4(6316 6426 6427 6317)
4(6416 6417 6427 6426)
4(6308 6318 6428 6418)
4(6317 6427 6428 6318)
4(6417 6418 6428 6427)
4(6309 6319 6429 6419)
4(6318 6428 6429 6319)
4(6418 6419 6429 6428)
4(6310 6320 6430 6420)
4(6319 6429 6430 6320)
4(6419 6420 6430 6429)
4(6320 6430 6431 6321)
4(6420 6421 6431 6430)
4(6312 6322 6432 6422)
4(1495 1616 6432 6322)
4(1605 6422 6432 1616)
4(6313 6323 6433 6423)
4(6322 6432 6433 6323)
4(6422 6423 6433 6432)
4(6314 6324 6434 6424)
4(6323 6433 6434 6324)
4(6423 6424 6434 6433)
4(6315 6325 6435 6425)
4(6324 6434 6435 6325)
4(6424 6425 6435 6434)
4(6316 6326 6436 6426)
4(6325 6435 6436 6326)
4(6425 6426 6436 6435)
4(6317 6327 6437 6427)
4(6326 6436 6437 6327)
4(6426 6427 6437 6436)
4(6318 6328 6438 6428)
4(6327 6437 6438 6328)
4(6427 6428 6438 6437)
4(6319 6329 6439 6429)
4(6328 6438 6439 6329)
4(6428 6429 6439 6438)
4(6320 6330 6440 6430)
4(6329 6439 6440 6330)
4(6429 6430 6440 6439)
4(6330 6440 6441 6331)
4(6430 6431 6441 6440)
4(6322 6332 6442 6432)
4(1506 1627 6442 6332)
4(1616 6432 6442 1627)
4(6323 6333 6443 6433)
4(6332 6442 6443 6333)
4(6432 6433 6443 6442)
4(6324 6334 6444 6434)
4(6333 6443 6444 6334)
4(6433 6434 6444 6443)
4(6325 6335 6445 6435)
4(6334 6444 6445 6335)
4(6434 6435 6445 6444)
4(6326 6336 6446 6436)
4(6335 6445 6446 6336)
4(6435 6436 6446 6445)
4(6327 6337 6447 6437)
4(6336 6446 6447 6337)
4(6436 6437 6447 6446)
4(6328 6338 6448 6438)
4(6337 6447 6448 6338)
4(6437 6438 6448 6447)
4(6329 6339 6449 6439)
4(6338 6448 6449 6339)
4(6438 6439 6449 6448)
4(6330 6340 6450 6440)
4(6339 6449 6450 6340)
4(6439 6440 6450 6449)
4(6340 6450 6451 6341)
4(6440 6441 6451 6450)
4(6332 6342 6452 6442)
4(1517 1638 6452 6342)
4(1627 6442 6452 1638)
4(6333 6343 6453 6443)
4(6342 6452 6453 6343)
4(6442 6443 6453 6452)
4(6334 6344 6454 6444)
4(6343 6453 6454 6344)
4(6443 6444 6454 6453)
4(6335 6345 6455 6445)
4(6344 6454 6455 6345)
4(6444 6445 6455 6454)
4(6336 6346 6456 6446)
4(6345 6455 6456 6346)
4(6445 6446 6456 6455)
4(6337 6347 6457 6447)
4(6346 6456 6457 6347)
4(6446 6447 6457 6456)
4(6338 6348 6458 6448)
4(6347 6457 6458 6348)
4(6447 6448 6458 6457)
4(6339 6349 6459 6449)
4(6348 6458 6459 6349)
4(6448 6449 6459 6458)
4(6340 6350 6460 6450)
4(6349 6459 6460 6350)
4(6449 6450 6460 6459)
4(6350 6460 6461 6351)
4(6450 6451 6461 6460)
4(6342 6352 6462 6452)
4(1528 1649 6462 6352)
4(1638 6452 6462 1649)
4(6343 6353 6463 6453)
4(6352 6462 6463 6353)
4(6452 6453 6463 6462)
4(6344 6354 6464 6454)
4(6353 6463 6464 6354)
4(6453 6454 6464 6463)
4(6345 6355 6465 6455)
4(6354 6464 6465 6355)
4(6454 6455 6465 6464)
4(6346 6356 6466 6456)
4(6355 6465 6466 6356)
4(6455 6456 6466 6465)
4(6347 6357 6467 6457)
4(6356 6466 6467 6357)
4(6456 6457 6467 6466)
4(6348 6358 6468 6458)
4(6357 6467 6468 6358)
4(6457 6458 6468 6467)
4(6349 6359 6469 6459)
4(6358 6468 6469 6359)
4(6458 6459 6469 6468)
4(6350 6360 6470 6460)
4(6359 6469 6470 6360)
4(6459 6460 6470 6469)
4(6360 6470 6471 6361)
4(6460 6461 6471 6470)
4(6352 6362 6472 6462)
4(1539 1660 6472 6362)
4(1649 6462 6472 1660)
4(6353 6363 6473 6463)
4(6362 6472 6473 6363)
4(6462 6463 6473 6472)
4(6354 6364 6474 6464)
4(6363 6473 6474 6364)
4(6463 6464 6474 6473)
4(6355 6365 6475 6465)
4(6364 6474 6475 6365)
4(6464 6465 6475 6474)
4(6356 6366 6476 6466)
4(6365 6475 6476 6366)
4(6465 6466 6476 6475)
4(6357 6367 6477 6467)
4(6366 6476 6477 6367)
4(6466 6467 6477 6476)
4(6358 6368 6478 6468)
4(6367 6477 6478 6368)
4(6467 6468 6478 6477)
4(6359 6369 6479 6469)
4(6368 6478 6479 6369)
4(6468 6469 6479 6478)
4(6360 6370 6480 6470)
4(6369 6479 6480 6370)
4(6469 6470 6480 6479)
4(6370 6480 6481 6371)
4(6470 6471 6481 6480)
4(6362 6372 6482 6472)
4(1550 1671 6482 6372)
4(1660 6472 6482 1671)
4(6363 6373 6483 6473)
4(6372 6482 6483 6373)
4(6472 6473 6483 6482)
4(6364 6374 6484 6474)
4(6373 6483 6484 6374)
4(6473 6474 6484 6483)
4(6365 6375 6485 6475)
4(6374 6484 6485 6375)
4(6474 6475 6485 6484)
4(6366 6376 6486 6476)
4(6375 6485 6486 6376)
4(6475 6476 6486 6485)
4(6367 6377 6487 6477)
4(6376 6486 6487 6377)
4(6476 6477 6487 6486)
4(6368 6378 6488 6478)
4(6377 6487 6488 6378)
4(6477 6478 6488 6487)
4(6369 6379 6489 6479)
4(6378 6488 6489 6379)
4(6478 6479 6489 6488)
4(6370 6380 6490 6480)
4(6379 6489 6490 6380)
4(6479 6480 6490 6489)
4(6380 6490 6491 6381)
4(6480 6481 6491 6490)
4(6372 6382 6492 6482)
4(1561 1682 6492 6382)
4(1671 6482 6492 1682)
4(6373 6383 6493 6483)
4(6382 6492 6493 6383)
4(6482 6483 6493 6492)
4(6374 6384 6494 6484)
4(6383 6493 6494 6384)
4(6483 6484 6494 6493)
4(6375 6385 6495 6485)
4(6384 6494 6495 6385)
4(6484 6485 6495 6494)
4(6376 6386 6496 6486)
4(6385 6495 6496 6386)
4(6485 6486 6496 6495)
4(6377 6387 6497 6487)
4(6386 6496 6497 6387)
4(6486 6487 6497 6496)
4(6378 6388 6498 6488)
4(6387 6497 6498 6388)
4(6487 6488 6498 6497)
4(6379 6389 6499 6489)
4(6388 6498 6499 6389)
4(6488 6489 6499 6498)
4(6380 6390 6500 6490)
4(6389 6499 6500 6390)
4(6489 6490 6500 6499)
4(6390 6500 6501 6391)
4(6490 6491 6501 6500)
4(6382 6392 6502 6492)
4(1682 6492 6502 1693)
4(1572 1693 6502 6392)
4(6383 6393 6503 6493)
4(6492 6493 6503 6502)
4(6392 6502 6503 6393)
4(6384 6394 6504 6494)
4(6493 6494 6504 6503)
4(6393 6503 6504 6394)
4(6385 6395 6505 6495)
4(6494 6495 6505 6504)
4(6394 6504 6505 6395)
4(6386 6396 6506 6496)
4(6495 6496 6506 6505)
4(6395 6505 6506 6396)
4(6387 6397 6507 6497)
4(6496 6497 6507 6506)
4(6396 6506 6507 6397)
4(6388 6398 6508 6498)
4(6497 6498 6508 6507)
4(6397 6507 6508 6398)
4(6389 6399 6509 6499)
4(6498 6499 6509 6508)
4(6398 6508 6509 6399)
4(6390 6400 6510 6500)
4(6499 6500 6510 6509)
4(6399 6509 6510 6400)
4(6500 6501 6511 6510)
4(6400 6510 6511 6401)
4(6402 6412 6522 6512)
4(1594 1715 6522 6412)
4(1704 6512 6522 1715)
4(1583 6402 6512 1704)
4(6403 6413 6523 6513)
4(6412 6522 6523 6413)
4(6512 6513 6523 6522)
4(6402 6403 6513 6512)
4(6404 6414 6524 6514)
4(6413 6523 6524 6414)
4(6513 6514 6524 6523)
4(6403 6404 6514 6513)
4(6405 6415 6525 6515)
4(6414 6524 6525 6415)
4(6514 6515 6525 6524)
4(6404 6405 6515 6514)
4(6406 6416 6526 6516)
4(6415 6525 6526 6416)
4(6515 6516 6526 6525)
4(6405 6406 6516 6515)
4(6407 6417 6527 6517)
4(6416 6526 6527 6417)
4(6516 6517 6527 6526)
4(6406 6407 6517 6516)
4(6408 6418 6528 6518)
4(6417 6527 6528 6418)
4(6517 6518 6528 6527)
4(6407 6408 6518 6517)
4(6409 6419 6529 6519)
4(6418 6528 6529 6419)
4(6518 6519 6529 6528)
4(6408 6409 6519 6518)
4(6410 6420 6530 6520)
4(6419 6529 6530 6420)
4(6519 6520 6530 6529)
4(6409 6410 6520 6519)
4(6420 6530 6531 6421)
4(6520 6521 6531 6530)
4(6410 6411 6521 6520)
4(6412 6422 6532 6522)
4(1605 1726 6532 6422)
4(1715 6522 6532 1726)
4(6413 6423 6533 6523)
4(6422 6532 6533 6423)
4(6522 6523 6533 6532)
4(6414 6424 6534 6524)
4(6423 6533 6534 6424)
4(6523 6524 6534 6533)
4(6415 6425 6535 6525)
4(6424 6534 6535 6425)
4(6524 6525 6535 6534)
4(6416 6426 6536 6526)
4(6425 6535 6536 6426)
4(6525 6526 6536 6535)
4(6417 6427 6537 6527)
4(6426 6536 6537 6427)
4(6526 6527 6537 6536)
4(6418 6428 6538 6528)
4(6427 6537 6538 6428)
4(6527 6528 6538 6537)
4(6419 6429 6539 6529)
4(6428 6538 6539 6429)
4(6528 6529 6539 6538)
4(6420 6430 6540 6530)
4(6429 6539 6540 6430)
4(6529 6530 6540 6539)
4(6430 6540 6541 6431)
4(6530 6531 6541 6540)
4(6422 6432 6542 6532)
4(1616 1737 6542 6432)
4(1726 6532 6542 1737)
4(6423 6433 6543 6533)
4(6432 6542 6543 6433)
4(6532 6533 6543 6542)
4(6424 6434 6544 6534)
4(6433 6543 6544 6434)
4(6533 6534 6544 6543)
4(6425 6435 6545 6535)
4(6434 6544 6545 6435)
4(6534 6535 6545 6544)
4(6426 6436 6546 6536)
4(6435 6545 6546 6436)
4(6535 6536 6546 6545)
4(6427 6437 6547 6537)
4(6436 6546 6547 6437)
4(6536 6537 6547 6546)
4(6428 6438 6548 6538)
4(6437 6547 6548 6438)
4(6537 6538 6548 6547)
4(6429 6439 6549 6539)
4(6438 6548 6549 6439)
4(6538 6539 6549 6548)
4(6430 6440 6550 6540)
4(6439 6549 6550 6440)
4(6539 6540 6550 6549)
4(6440 6550 6551 6441)
4(6540 6541 6551 6550)
4(6432 6442 6552 6542)
4(1627 1748 6552 6442)
4(1737 6542 6552 1748)
4(6433 6443 6553 6543)
4(6442 6552 6553 6443)
4(6542 6543 6553 6552)
4(6434 6444 6554 6544)
4(6443 6553 6554 6444)
4(6543 6544 6554 6553)
4(6435 6445 6555 6545)
4(6444 6554 6555 6445)
4(6544 6545 6555 6554)
4(6436 6446 6556 6546)
4(6445 6555 6556 6446)
4(6545 6546 6556 6555)
4(6437 6447 6557 6547)
4(6446 6556 6557 6447)
4(6546 6547 6557 6556)
4(6438 6448 6558 6548)
4(6447 6557 6558 6448)
4(6547 6548 6558 6557)
4(6439 6449 6559 6549)
4(6448 6558 6559 6449)
4(6548 6549 6559 6558)
4(6440 6450 6560 6550)
4(6449 6559 6560 6450)
4(6549 6550 6560 6559)
4(6450 6560 6561 6451)
4(6550 6551 6561 6560)
4(6442 6452 6562 6552)
4(1638 1759 6562 6452)
4(1748 6552 6562 1759)
4(6443 6453 6563 6553)
4(6452 6562 6563 6453)
4(6552 6553 6563 6562)
4(6444 6454 6564 6554)
4(6453 6563 6564 6454)
4(6553 6554 6564 6563)
4(6445 6455 6565 6555)
4(6454 6564 6565 6455)
4(6554 6555 6565 6564)
4(6446 6456 6566 6556)
4(6455 6565 6566 6456)
4(6555 6556 6566 6565)
4(6447 6457 6567 6557)
4(6456 6566 6567 6457)
4(6556 6557 6567 6566)
4(6448 6458 6568 6558)
4(6457 6567 6568 6458)
4(6557 6558 6568 6567)
4(6449 6459 6569 6559)
4(6458 6568 6569 6459)
4(6558 6559 6569 6568)
4(6450 6460 6570 6560)
4(6459 6569 6570 6460)
4(6559 6560 6570 6569)
4(6460 6570 6571 6461)
4(6560 6561 6571 6570)
4(6452 6462 6572 6562)
4(1649 1770 6572 6462)
4(1759 6562 6572 1770)
4(6453 6463 6573 6563)
4(6462 6572 6573 6463)
4(6562 6563 6573 6572)
4(6454 6464 6574 6564)
4(6463 6573 6574 6464)
4(6563 6564 6574 6573)
4(6455 6465 6575 6565)
4(6464 6574 6575 6465)
4(6564 6565 6575 6574)
4(6456 6466 6576 6566)
4(6465 6575 6576 6466)
4(6565 6566 6576 6575)
4(6457 6467 6577 6567)
4(6466 6576 6577 6467)
4(6566 6567 6577 6576)
4(6458 6468 6578 6568)
4(6467 6577 6578 6468)
4(6567 6568 6578 6577)
4(6459 6469 6579 6569)
4(6468 6578 6579 6469)
4(6568 6569 6579 6578)
4(6460 6470 6580 6570)
4(6469 6579 6580 6470)
4(6569 6570 6580 6579)
4(6470 6580 6581 6471)
4(6570 6571 6581 6580)
4(6462 6472 6582 6572)
4(1660 1781 6582 6472)
4(1770 6572 6582 1781)
4(6463 6473 6583 6573)
4(6472 6582 6583 6473)
4(6572 6573 6583 6582)
4(6464 6474 6584 6574)
4(6473 6583 6584 6474)
4(6573 6574 6584 6583)
4(6465 6475 6585 6575)
4(6474 6584 6585 6475)
4(6574 6575 6585 6584)
4(6466 6476 6586 6576)
4(6475 6585 6586 6476)
4(6575 6576 6586 6585)
4(6467 6477 6587 6577)
4(6476 6586 6587 6477)
4(6576 6577 6587 6586)
4(6468 6478 6588 6578)
4(6477 6587 6588 6478)
4(6577 6578 6588 6587)
4(6469 6479 6589 6579)
4(6478 6588 6589 6479)
4(6578 6579 6589 6588)
4(6470 6480 6590 6580)
4(6479 6589 6590 6480)
4(6579 6580 6590 6589)
4(6480 6590 6591 6481)
4(6580 6581 6591 6590)
4(6472 6482 6592 6582)
4(1671 1792 6592 6482)
4(1781 6582 6592 1792)
4(6473 6483 6593 6583)
4(6482 6592 6593 6483)
4(6582 6583 6593 6592)
4(6474 6484 6594 6584)
4(6483 6593 6594 6484)
4(6583 6584 6594 6593)
4(6475 6485 6595 6585)
4(6484 6594 6595 6485)
4(6584 6585 6595 6594)
4(6476 6486 6596 6586)
4(6485 6595 6596 6486)
4(6585 6586 6596 6595)
4(6477 6487 6597 6587)
4(6486 6596 6597 6487)
4(6586 6587 6597 6596)
4(6478 6488 6598 6588)
4(6487 6597 6598 6488)
4(6587 6588 6598 6597)
4(6479 6489 6599 6589)
4(6488 6598 6599 6489)
4(6588 6589 6599 6598)
4(6480 6490 6600 6590)
4(6489 6599 6600 6490)
4(6589 6590 6600 6599)
4(6490 6600 6601 6491)
4(6590 6591 6601 6600)
4(6482 6492 6602 6592)
4(1682 1803 6602 6492)
4(1792 6592 6602 1803)
4(6483 6493 6603 6593)
4(6492 6602 6603 6493)
4(6592 6593 6603 6602)
4(6484 6494 6604 6594)
4(6493 6603 6604 6494)
4(6593 6594 6604 6603)
4(6485 6495 6605 6595)
4(6494 6604 6605 6495)
4(6594 6595 6605 6604)
4(6486 6496 6606 6596)
4(6495 6605 6606 6496)
4(6595 6596 6606 6605)
4(6487 6497 6607 6597)
4(6496 6606 6607 6497)
4(6596 6597 6607 6606)
4(6488 6498 6608 6598)
4(6497 6607 6608 6498)
4(6597 6598 6608 6607)
4(6489 6499 6609 6599)
4(6498 6608 6609 6499)
4(6598 6599 6609 6608)
4(6490 6500 6610 6600)
4(6499 6609 6610 6500)
4(6599 6600 6610 6609)
4(6500 6610 6611 6501)
4(6600 6601 6611 6610)
4(6492 6502 6612 6602)
4(1803 6602 6612 1814)
4(1693 1814 6612 6502)
4(6493 6503 6613 6603)
4(6602 6603 6613 6612)
4(6502 6612 6613 6503)
4(6494 6504 6614 6604)
4(6603 6604 6614 6613)
4(6503 6613 6614 6504)
4(6495 6505 6615 6605)
4(6604 6605 6615 6614)
4(6504 6614 6615 6505)
4(6496 6506 6616 6606)
4(6605 6606 6616 6615)
4(6505 6615 6616 6506)
4(6497 6507 6617 6607)
4(6606 6607 6617 6616)
4(6506 6616 6617 6507)
4(6498 6508 6618 6608)
4(6607 6608 6618 6617)
4(6507 6617 6618 6508)
4(6499 6509 6619 6609)
4(6608 6609 6619 6618)
4(6508 6618 6619 6509)
4(6500 6510 6620 6610)
4(6609 6610 6620 6619)
4(6509 6619 6620 6510)
4(6610 6611 6621 6620)
4(6510 6620 6621 6511)
4(6512 6522 6632 6622)
4(1715 1836 6632 6522)
4(1825 6622 6632 1836)
4(1704 6512 6622 1825)
4(6513 6523 6633 6623)
4(6522 6632 6633 6523)
4(6622 6623 6633 6632)
4(6512 6513 6623 6622)
4(6514 6524 6634 6624)
4(6523 6633 6634 6524)
4(6623 6624 6634 6633)
4(6513 6514 6624 6623)
4(6515 6525 6635 6625)
4(6524 6634 6635 6525)
4(6624 6625 6635 6634)
4(6514 6515 6625 6624)
4(6516 6526 6636 6626)
4(6525 6635 6636 6526)
4(6625 6626 6636 6635)
4(6515 6516 6626 6625)
4(6517 6527 6637 6627)
4(6526 6636 6637 6527)
4(6626 6627 6637 6636)
4(6516 6517 6627 6626)
4(6518 6528 6638 6628)
4(6527 6637 6638 6528)
4(6627 6628 6638 6637)
4(6517 6518 6628 6627)
4(6519 6529 6639 6629)
4(6528 6638 6639 6529)
4(6628 6629 6639 6638)
4(6518 6519 6629 6628)
4(6520 6530 6640 6630)
4(6529 6639 6640 6530)
4(6629 6630 6640 6639)
4(6519 6520 6630 6629)
4(6530 6640 6641 6531)
4(6630 6631 6641 6640)
4(6520 6521 6631 6630)
4(6522 6532 6642 6632)
4(1726 1847 6642 6532)
4(1836 6632 6642 1847)
4(6523 6533 6643 6633)
4(6532 6642 6643 6533)
4(6632 6633 6643 6642)
4(6524 6534 6644 6634)
4(6533 6643 6644 6534)
4(6633 6634 6644 6643)
4(6525 6535 6645 6635)
4(6534 6644 6645 6535)
4(6634 6635 6645 6644)
4(6526 6536 6646 6636)
4(6535 6645 6646 6536)
4(6635 6636 6646 6645)
4(6527 6537 6647 6637)
4(6536 6646 6647 6537)
4(6636 6637 6647 6646)
4(6528 6538 6648 6638)
4(6537 6647 6648 6538)
4(6637 6638 6648 6647)
4(6529 6539 6649 6639)
4(6538 6648 6649 6539)
4(6638 6639 6649 6648)
4(6530 6540 6650 6640)
4(6539 6649 6650 6540)
4(6639 6640 6650 6649)
4(6540 6650 6651 6541)
4(6640 6641 6651 6650)
4(6532 6542 6652 6642)
4(1737 1858 6652 6542)
4(1847 6642 6652 1858)
4(6533 6543 6653 6643)
4(6542 6652 6653 6543)
4(6642 6643 6653 6652)
4(6534 6544 6654 6644)
4(6543 6653 6654 6544)
4(6643 6644 6654 6653)
4(6535 6545 6655 6645)
4(6544 6654 6655 6545)
4(6644 6645 6655 6654)
4(6536 6546 6656 6646)
4(6545 6655 6656 6546)
4(6645 6646 6656 6655)
4(6537 6547 6657 6647)
4(6546 6656 6657 6547)
4(6646 6647 6657 6656)
4(6538 6548 6658 6648)
4(6547 6657 6658 6548)
4(6647 6648 6658 6657)
4(6539 6549 6659 6649)
4(6548 6658 6659 6549)
4(6648 6649 6659 6658)
4(6540 6550 6660 6650)
4(6549 6659 6660 6550)
4(6649 6650 6660 6659)
4(6550 6660 6661 6551)
4(6650 6651 6661 6660)
4(6542 6552 6662 6652)
4(1748 1869 6662 6552)
4(1858 6652 6662 1869)
4(6543 6553 6663 6653)
4(6552 6662 6663 6553)
4(6652 6653 6663 6662)
4(6544 6554 6664 6654)
4(6553 6663 6664 6554)
4(6653 6654 6664 6663)
4(6545 6555 6665 6655)
4(6554 6664 6665 6555)
4(6654 6655 6665 6664)
4(6546 6556 6666 6656)
4(6555 6665 6666 6556)
4(6655 6656 6666 6665)
4(6547 6557 6667 6657)
4(6556 6666 6667 6557)
4(6656 6657 6667 6666)
4(6548 6558 6668 6658)
4(6557 6667 6668 6558)
4(6657 6658 6668 6667)
4(6549 6559 6669 6659)
4(6558 6668 6669 6559)
4(6658 6659 6669 6668)
4(6550 6560 6670 6660)
4(6559 6669 6670 6560)
4(6659 6660 6670 6669)
4(6560 6670 6671 6561)
4(6660 6661 6671 6670)
4(6552 6562 6672 6662)
4(1759 1880 6672 6562)
4(1869 6662 6672 1880)
4(6553 6563 6673 6663)
4(6562 6672 6673 6563)
4(6662 6663 6673 6672)
4(6554 6564 6674 6664)
4(6563 6673 6674 6564)
4(6663 6664 6674 6673)
4(6555 6565 6675 6665)
4(6564 6674 6675 6565)
4(6664 6665 6675 6674)
4(6556 6566 6676 6666)
4(6565 6675 6676 6566)
4(6665 6666 6676 6675)
4(6557 6567 6677 6667)
4(6566 6676 6677 6567)
4(6666 6667 6677 6676)
4(6558 6568 6678 6668)
4(6567 6677 6678 6568)
4(6667 6668 6678 6677)
4(6559 6569 6679 6669)
4(6568 6678 6679 6569)
4(6668 6669 6679 6678)
4(6560 6570 6680 6670)
4(6569 6679 6680 6570)
4(6669 6670 6680 6679)
4(6570 6680 6681 6571)
4(6670 6671 6681 6680)
4(6562 6572 6682 6672)
4(1770 1891 6682 6572)
4(1880 6672 6682 1891)
4(6563 6573 6683 6673)
4(6572 6682 6683 6573)
4(6672 6673 6683 6682)
4(6564 6574 6684 6674)
4(6573 6683 6684 6574)
4(6673 6674 6684 6683)
4(6565 6575 6685 6675)
4(6574 6684 6685 6575)
4(6674 6675 6685 6684)
4(6566 6576 6686 6676)
4(6575 6685 6686 6576)
4(6675 6676 6686 6685)
4(6567 6577 6687 6677)
4(6576 6686 6687 6577)
4(6676 6677 6687 6686)
4(6568 6578 6688 6678)
4(6577 6687 6688 6578)
4(6677 6678 6688 6687)
4(6569 6579 6689 6679)
4(6578 6688 6689 6579)
4(6678 6679 6689 6688)
4(6570 6580 6690 6680)
4(6579 6689 6690 6580)
4(6679 6680 6690 6689)
4(6580 6690 6691 6581)
4(6680 6681 6691 6690)
4(6572 6582 6692 6682)
4(1781 1902 6692 6582)
4(1891 6682 6692 1902)
4(6573 6583 6693 6683)
4(6582 6692 6693 6583)
4(6682 6683 6693 6692)
4(6574 6584 6694 6684)
4(6583 6693 6694 6584)
4(6683 6684 6694 6693)
4(6575 6585 6695 6685)
4(6584 6694 6695 6585)
4(6684 6685 6695 6694)
4(6576 6586 6696 6686)
4(6585 6695 6696 6586)
4(6685 6686 6696 6695)
4(6577 6587 6697 6687)
4(6586 6696 6697 6587)
4(6686 6687 6697 6696)
4(6578 6588 6698 6688)
4(6587 6697 6698 6588)
4(6687 6688 6698 6697)
4(6579 6589 6699 6689)
4(6588 6698 6699 6589)
4(6688 6689 6699 6698)
4(6580 6590 6700 6690)
4(6589 6699 6700 6590)
4(6689 6690 6700 6699)
4(6590 6700 6701 6591)
4(6690 6691 6701 6700)
4(6582 6592 6702 6692)
4(1792 1913 6702 6592)
4(1902 6692 6702 1913)
4(6583 6593 6703 6693)
4(6592 6702 6703 6593)
4(6692 6693 6703 6702)
4(6584 6594 6704 6694)
4(6593 6703 6704 6594)
4(6693 6694 6704 6703)
4(6585 6595 6705 6695)
4(6594 6704 6705 6595)
4(6694 6695 6705 6704)
4(6586 6596 6706 6696)
4(6595 6705 6706 6596)
4(6695 6696 6706 6705)
4(6587 6597 6707 6697)
4(6596 6706 6707 6597)
4(6696 6697 6707 6706)
4(6588 6598 6708 6698)
4(6597 6707 6708 6598)
4(6697 6698 6708 6707)
4(6589 6599 6709 6699)
4(6598 6708 6709 6599)
4(6698 6699 6709 6708)
4(6590 6600 6710 6700)
4(6599 6709 6710 6600)
4(6699 6700 6710 6709)
4(6600 6710 6711 6601)
4(6700 6701 6711 6710)
4(6592 6602 6712 6702)
4(1803 1924 6712 6602)
4(1913 6702 6712 1924)
4(6593 6603 6713 6703)
4(6602 6712 6713 6603)
4(6702 6703 6713 6712)
4(6594 6604 6714 6704)
4(6603 6713 6714 6604)
4(6703 6704 6714 6713)
4(6595 6605 6715 6705)
4(6604 6714 6715 6605)
4(6704 6705 6715 6714)
4(6596 6606 6716 6706)
4(6605 6715 6716 6606)
4(6705 6706 6716 6715)
4(6597 6607 6717 6707)
4(6606 6716 6717 6607)
4(6706 6707 6717 6716)
4(6598 6608 6718 6708)
4(6607 6717 6718 6608)
4(6707 6708 6718 6717)
4(6599 6609 6719 6709)
4(6608 6718 6719 6609)
4(6708 6709 6719 6718)
4(6600 6610 6720 6710)
4(6609 6719 6720 6610)
4(6709 6710 6720 6719)
4(6610 6720 6721 6611)
4(6710 6711 6721 6720)
4(6602 6612 6722 6712)
4(1924 6712 6722 1935)
4(1814 1935 6722 6612)
4(6603 6613 6723 6713)
4(6712 6713 6723 6722)
4(6612 6722 6723 6613)
4(6604 6614 6724 6714)
4(6713 6714 6724 6723)
4(6613 6723 6724 6614)
4(6605 6615 6725 6715)
4(6714 6715 6725 6724)
4(6614 6724 6725 6615)
4(6606 6616 6726 6716)
4(6715 6716 6726 6725)
4(6615 6725 6726 6616)
4(6607 6617 6727 6717)
4(6716 6717 6727 6726)
4(6616 6726 6727 6617)
4(6608 6618 6728 6718)
4(6717 6718 6728 6727)
4(6617 6727 6728 6618)
4(6609 6619 6729 6719)
4(6718 6719 6729 6728)
4(6618 6728 6729 6619)
4(6610 6620 6730 6720)
4(6719 6720 6730 6729)
4(6619 6729 6730 6620)
4(6720 6721 6731 6730)
4(6620 6730 6731 6621)
4(6622 6632 6742 6732)
4(1836 1957 6742 6632)
4(1946 6732 6742 1957)
4(1825 6622 6732 1946)
4(6623 6633 6743 6733)
4(6632 6742 6743 6633)
4(6732 6733 6743 6742)
4(6622 6623 6733 6732)
4(6624 6634 6744 6734)
4(6633 6743 6744 6634)
4(6733 6734 6744 6743)
4(6623 6624 6734 6733)
4(6625 6635 6745 6735)
4(6634 6744 6745 6635)
4(6734 6735 6745 6744)
4(6624 6625 6735 6734)
4(6626 6636 6746 6736)
4(6635 6745 6746 6636)
4(6735 6736 6746 6745)
4(6625 6626 6736 6735)
4(6627 6637 6747 6737)
4(6636 6746 6747 6637)
4(6736 6737 6747 6746)
4(6626 6627 6737 6736)
4(6628 6638 6748 6738)
4(6637 6747 6748 6638)
4(6737 6738 6748 6747)
4(6627 6628 6738 6737)
4(6629 6639 6749 6739)
4(6638 6748 6749 6639)
4(6738 6739 6749 6748)
4(6628 6629 6739 6738)
4(6630 6640 6750 6740)
4(6639 6749 6750 6640)
4(6739 6740 6750 6749)
4(6629 6630 6740 6739)
4(6640 6750 6751 6641)
4(6740 6741 6751 6750)
4(6630 6631 6741 6740)
4(6632 6642 6752 6742)
4(1847 1968 6752 6642)
4(1957 6742 6752 1968)
4(6633 6643 6753 6743)
4(6642 6752 6753 6643)
4(6742 6743 6753 6752)
4(6634 6644 6754 6744)
4(6643 6753 6754 6644)
4(6743 6744 6754 6753)
4(6635 6645 6755 6745)
4(6644 6754 6755 6645)
4(6744 6745 6755 6754)
4(6636 6646 6756 6746)
4(6645 6755 6756 6646)
4(6745 6746 6756 6755)
4(6637 6647 6757 6747)
4(6646 6756 6757 6647)
4(6746 6747 6757 6756)
4(6638 6648 6758 6748)
4(6647 6757 6758 6648)
4(6747 6748 6758 6757)
4(6639 6649 6759 6749)
4(6648 6758 6759 6649)
4(6748 6749 6759 6758)
4(6640 6650 6760 6750)
4(6649 6759 6760 6650)
4(6749 6750 6760 6759)
4(6650 6760 6761 6651)
4(6750 6751 6761 6760)
4(6642 6652 6762 6752)
4(1858 1979 6762 6652)
4(1968 6752 6762 1979)
4(6643 6653 6763 6753)
4(6652 6762 6763 6653)
4(6752 6753 6763 6762)
4(6644 6654 6764 6754)
4(6653 6763 6764 6654)
4(6753 6754 6764 6763)
4(6645 6655 6765 6755)
4(6654 6764 6765 6655)
4(6754 6755 6765 6764)
4(6646 6656 6766 6756)
4(6655 6765 6766 6656)
4(6755 6756 6766 6765)
4(6647 6657 6767 6757)
4(6656 6766 6767 6657)
4(6756 6757 6767 6766)
4(6648 6658 6768 6758)
4(6657 6767 6768 6658)
4(6757 6758 6768 6767)
4(6649 6659 6769 6759)
4(6658 6768 6769 6659)
4(6758 6759 6769 6768)
4(6650 6660 6770 6760)
4(6659 6769 6770 6660)
4(6759 6760 6770 6769)
4(6660 6770 6771 6661)
4(6760 6761 6771 6770)
4(6652 6662 6772 6762)
4(1869 1990 6772 6662)
4(1979 6762 6772 1990)
4(6653 6663 6773 6763)
4(6662 6772 6773 6663)
4(6762 6763 6773 6772)
4(6654 6664 6774 6764)
4(6663 6773 6774 6664)
4(6763 6764 6774 6773)
4(6655 6665 6775 6765)
4(6664 6774 6775 6665)
4(6764 6765 6775 6774)
4(6656 6666 6776 6766)
4(6665 6775 6776 6666)
4(6765 6766 6776 6775)
4(6657 6667 6777 6767)
4(6666 6776 6777 6667)
4(6766 6767 6777 6776)
4(6658 6668 6778 6768)
4(6667 6777 6778 6668)
4(6767 6768 6778 6777)
4(6659 6669 6779 6769)
4(6668 6778 6779 6669)
4(6768 6769 6779 6778)
4(6660 6670 6780 6770)
4(6669 6779 6780 6670)
4(6769 6770 6780 6779)
4(6670 6780 6781 6671)
4(6770 6771 6781 6780)
4(6662 6672 6782 6772)
4(1880 2001 6782 6672)
4(1990 6772 6782 2001)
4(6663 6673 6783 6773)
4(6672 6782 6783 6673)
4(6772 6773 6783 6782)
4(6664 6674 6784 6774)
4(6673 6783 6784 6674)
4(6773 6774 6784 6783)
4(6665 6675 6785 6775)
4(6674 6784 6785 6675)
4(6774 6775 6785 6784)
4(6666 6676 6786 6776)
4(6675 6785 6786 6676)
4(6775 6776 6786 6785)
4(6667 6677 6787 6777)
4(6676 6786 6787 6677)
4(6776 6777 6787 6786)
4(6668 6678 6788 6778)
4(6677 6787 6788 6678)
4(6777 6778 6788 6787)
4(6669 6679 6789 6779)
4(6678 6788 6789 6679)
4(6778 6779 6789 6788)
4(6670 6680 6790 6780)
4(6679 6789 6790 6680)
4(6779 6780 6790 6789)
4(6680 6790 6791 6681)
4(6780 6781 6791 6790)
4(6672 6682 6792 6782)
4(1891 2012 6792 6682)
4(2001 6782 6792 2012)
4(6673 6683 6793 6783)
4(6682 6792 6793 6683)
4(6782 6783 6793 6792)
4(6674 6684 6794 6784)
4(6683 6793 6794 6684)
4(6783 6784 6794 6793)
4(6675 6685 6795 6785)
4(6684 6794 6795 6685)
4(6784 6785 6795 6794)
4(6676 6686 6796 6786)
4(6685 6795 6796 6686)
4(6785 6786 6796 6795)
4(6677 6687 6797 6787)
4(6686 6796 6797 6687)
4(6786 6787 6797 6796)
4(6678 6688 6798 6788)
4(6687 6797 6798 6688)
4(6787 6788 6798 6797)
4(6679 6689 6799 6789)
4(6688 6798 6799 6689)
4(6788 6789 6799 6798)
4(6680 6690 6800 6790)
4(6689 6799 6800 6690)
4(6789 6790 6800 6799)
4(6690 6800 6801 6691)
4(6790 6791 6801 6800)
4(6682 6692 6802 6792)
4(1902 2023 6802 6692)
4(2012 6792 6802 2023)
4(6683 6693 6803 6793)
4(6692 6802 6803 6693)
4(6792 6793 6803 6802)
4(6684 6694 6804 6794)
4(6693 6803 6804 6694)
4(6793 6794 6804 6803)
4(6685 6695 6805 6795)
4(6694 6804 6805 6695)
4(6794 6795 6805 6804)
4(6686 6696 6806 6796)
4(6695 6805 6806 6696)
4(6795 6796 6806 6805)
4(6687 6697 6807 6797)
4(6696 6806 6807 6697)
4(6796 6797 6807 6806)
4(6688 6698 6808 6798)
4(6697 6807 6808 6698)
4(6797 6798 6808 6807)
4(6689 6699 6809 6799)
4(6698 6808 6809 6699)
4(6798 6799 6809 6808)
4(6690 6700 6810 6800)
4(6699 6809 6810 6700)
4(6799 6800 6810 6809)
4(6700 6810 6811 6701)
4(6800 6801 6811 6810)
4(6692 6702 6812 6802)
4(1913 2034 6812 6702)
4(2023 6802 6812 2034)
4(6693 6703 6813 6803)
4(6702 6812 6813 6703)
4(6802 6803 6813 6812)
4(6694 6704 6814 6804)
4(6703 6813 6814 6704)
4(6803 6804 6814 6813)
4(6695 6705 6815 6805)
4(6704 6814 6815 6705)
4(6804 6805 6815 6814)
4(6696 6706 6816 6806)
4(6705 6815 6816 6706)
4(6805 6806 6816 6815)
4(6697 6707 6817 6807)
4(6706 6816 6817 6707)
4(6806 6807 6817 6816)
4(6698 6708 6818 6808)
4(6707 6817 6818 6708)
4(6807 6808 6818 6817)
4(6699 6709 6819 6809)
4(6708 6818 6819 6709)
4(6808 6809 6819 6818)
4(6700 6710 6820 6810)
4(6709 6819 6820 6710)
4(6809 6810 6820 6819)
4(6710 6820 6821 6711)
4(6810 6811 6821 6820)
4(6702 6712 6822 6812)
4(1924 2045 6822 6712)
4(2034 6812 6822 2045)
4(6703 6713 6823 6813)
4(6712 6822 6823 6713)
4(6812 6813 6823 6822)
4(6704 6714 6824 6814)
4(6713 6823 6824 6714)
4(6813 6814 6824 6823)
4(6705 6715 6825 6815)
4(6714 6824 6825 6715)
4(6814 6815 6825 6824)
4(6706 6716 6826 6816)
4(6715 6825 6826 6716)
4(6815 6816 6826 6825)
4(6707 6717 6827 6817)
4(6716 6826 6827 6717)
4(6816 6817 6827 6826)
4(6708 6718 6828 6818)
4(6717 6827 6828 6718)
4(6817 6818 6828 6827)
4(6709 6719 6829 6819)
4(6718 6828 6829 6719)
4(6818 6819 6829 6828)
4(6710 6720 6830 6820)
4(6719 6829 6830 6720)
4(6819 6820 6830 6829)
4(6720 6830 6831 6721)
4(6820 6821 6831 6830)
4(6712 6722 6832 6822)
4(2045 6822 6832 2056)
4(1935 2056 6832 6722)
4(6713 6723 6833 6823)
4(6822 6823 6833 6832)
4(6722 6832 6833 6723)
4(6714 6724 6834 6824)
4(6823 6824 6834 6833)
4(6723 6833 6834 6724)
4(6715 6725 6835 6825)
4(6824 6825 6835 6834)
4(6724 6834 6835 6725)
4(6716 6726 6836 6826)
4(6825 6826 6836 6835)
4(6725 6835 6836 6726)
4(6717 6727 6837 6827)
4(6826 6827 6837 6836)
4(6726 6836 6837 6727)
4(6718 6728 6838 6828)
4(6827 6828 6838 6837)
4(6727 6837 6838 6728)
4(6719 6729 6839 6829)
4(6828 6829 6839 6838)
4(6728 6838 6839 6729)
4(6720 6730 6840 6830)
4(6829 6830 6840 6839)
4(6729 6839 6840 6730)
4(6830 6831 6841 6840)
4(6730 6840 6841 6731)
4(6732 6742 6852 6842)
4(1957 2078 6852 6742)
4(2067 6842 6852 2078)
4(1946 6732 6842 2067)
4(6733 6743 6853 6843)
4(6742 6852 6853 6743)
4(6842 6843 6853 6852)
4(6732 6733 6843 6842)
4(6734 6744 6854 6844)
4(6743 6853 6854 6744)
4(6843 6844 6854 6853)
4(6733 6734 6844 6843)
4(6735 6745 6855 6845)
4(6744 6854 6855 6745)
4(6844 6845 6855 6854)
4(6734 6735 6845 6844)
4(6736 6746 6856 6846)
4(6745 6855 6856 6746)
4(6845 6846 6856 6855)
4(6735 6736 6846 6845)
4(6737 6747 6857 6847)
4(6746 6856 6857 6747)
4(6846 6847 6857 6856)
4(6736 6737 6847 6846)
4(6738 6748 6858 6848)
4(6747 6857 6858 6748)
4(6847 6848 6858 6857)
4(6737 6738 6848 6847)
4(6739 6749 6859 6849)
4(6748 6858 6859 6749)
4(6848 6849 6859 6858)
4(6738 6739 6849 6848)
4(6740 6750 6860 6850)
4(6749 6859 6860 6750)
4(6849 6850 6860 6859)
4(6739 6740 6850 6849)
4(6750 6860 6861 6751)
4(6850 6851 6861 6860)
4(6740 6741 6851 6850)
4(6742 6752 6862 6852)
4(1968 2089 6862 6752)
4(2078 6852 6862 2089)
4(6743 6753 6863 6853)
4(6752 6862 6863 6753)
4(6852 6853 6863 6862)
4(6744 6754 6864 6854)
4(6753 6863 6864 6754)
4(6853 6854 6864 6863)
4(6745 6755 6865 6855)
4(6754 6864 6865 6755)
4(6854 6855 6865 6864)
4(6746 6756 6866 6856)
4(6755 6865 6866 6756)
4(6855 6856 6866 6865)
4(6747 6757 6867 6857)
4(6756 6866 6867 6757)
4(6856 6857 6867 6866)
4(6748 6758 6868 6858)
4(6757 6867 6868 6758)
4(6857 6858 6868 6867)
4(6749 6759 6869 6859)
4(6758 6868 6869 6759)
4(6858 6859 6869 6868)
4(6750 6760 6870 6860)
4(6759 6869 6870 6760)
4(6859 6860 6870 6869)
4(6760 6870 6871 6761)
4(6860 6861 6871 6870)
4(6752 6762 6872 6862)
4(1979 2100 6872 6762)
4(2089 6862 6872 2100)
4(6753 6763 6873 6863)
4(6762 6872 6873 6763)
4(6862 6863 6873 6872)
4(6754 6764 6874 6864)
4(6763 6873 6874 6764)
4(6863 6864 6874 6873)
4(6755 6765 6875 6865)
4(6764 6874 6875 6765)
4(6864 6865 6875 6874)
4(6756 6766 6876 6866)
4(6765 6875 6876 6766)
4(6865 6866 6876 6875)
4(6757 6767 6877 6867)
4(6766 6876 6877 6767)
4(6866 6867 6877 6876)
4(6758 6768 6878 6868)
4(6767 6877 6878 6768)
4(6867 6868 6878 6877)
4(6759 6769 6879 6869)
4(6768 6878 6879 6769)
4(6868 6869 6879 6878)
4(6760 6770 6880 6870)
4(6769 6879 6880 6770)
4(6869 6870 6880 6879)
4(6770 6880 6881 6771)
4(6870 6871 6881 6880)
4(6762 6772 6882 6872)
4(1990 2111 6882 6772)
4(2100 6872 6882 2111)
4(6763 6773 6883 6873)
4(6772 6882 6883 6773)
4(6872 6873 6883 6882)
4(6764 6774 6884 6874)
4(6773 6883 6884 6774)
4(6873 6874 6884 6883)
4(6765 6775 6885 6875)
4(6774 6884 6885 6775)
4(6874 6875 6885 6884)
4(6766 6776 6886 6876)
4(6775 6885 6886 6776)
4(6875 6876 6886 6885)
4(6767 6777 6887 6877)
4(6776 6886 6887 6777)
4(6876 6877 6887 6886)
4(6768 6778 6888 6878)
4(6777 6887 6888 6778)
4(6877 6878 6888 6887)
4(6769 6779 6889 6879)
4(6778 6888 6889 6779)
4(6878 6879 6889 6888)
4(6770 6780 6890 6880)
4(6779 6889 6890 6780)
4(6879 6880 6890 6889)
4(6780 6890 6891 6781)
4(6880 6881 6891 6890)
4(6772 6782 6892 6882)
4(2001 2122 6892 6782)
4(2111 6882 6892 2122)
4(6773 6783 6893 6883)
4(6782 6892 6893 6783)
4(6882 6883 6893 6892)
4(6774 6784 6894 6884)
4(6783 6893 6894 6784)
4(6883 6884 6894 6893)
4(6775 6785 6895 6885)
4(6784 6894 6895 6785)
4(6884 6885 6895 6894)
4(6776 6786 6896 6886)
4(6785 6895 6896 6786)
4(6885 6886 6896 6895)
4(6777 6787 6897 6887)
4(6786 6896 6897 6787)
4(6886 6887 6897 6896)
4(6778 6788 6898 6888)
4(6787 6897 6898 6788)
4(6887 6888 6898 6897)
4(6779 6789 6899 6889)
4(6788 6898 6899 6789)
4(6888 6889 6899 6898)
4(6780 6790 6900 6890)
4(6789 6899 6900 6790)
4(6889 6890 6900 6899)
4(6790 6900 6901 6791)
4(6890 6891 6901 6900)
4(6782 6792 6902 6892)
4(2012 2133 6902 6792)
4(2122 6892 6902 2133)
4(6783 6793 6903 6893)
4(6792 6902 6903 6793)
4(6892 6893 6903 6902)
4(6784 6794 6904 6894)
4(6793 6903 6904 6794)
4(6893 6894 6904 6903)
4(6785 6795 6905 6895)
4(6794 6904 6905 6795)
4(6894 6895 6905 6904)
4(6786 6796 6906 6896)
4(6795 6905 6906 6796)
4(6895 6896 6906 6905)
4(6787 6797 6907 6897)
4(6796 6906 6907 6797)
4(6896 6897 6907 6906)
4(6788 6798 6908 6898)
4(6797 6907 6908 6798)
4(6897 6898 6908 6907)
4(6789 6799 6909 6899)
4(6798 6908 6909 6799)
4(6898 6899 6909 6908)
4(6790 6800 6910 6900)
4(6799 6909 6910 6800)
4(6899 6900 6910 6909)
4(6800 6910 6911 6801)
4(6900 6901 6911 6910)
4(6792 6802 6912 6902)
4(2023 2144 6912 6802)
4(2133 6902 6912 2144)
4(6793 6803 6913 6903)
4(6802 6912 6913 6803)
4(6902 6903 6913 6912)
4(6794 6804 6914 6904)
4(6803 6913 6914 6804)
4(6903 6904 6914 6913)
4(6795 6805 6915 6905)
4(6804 6914 6915 6805)
4(6904 6905 6915 6914)
4(6796 6806 6916 6906)
4(6805 6915 6916 6806)
4(6905 6906 6916 6915)
4(6797 6807 6917 6907)
4(6806 6916 6917 6807)
4(6906 6907 6917 6916)
4(6798 6808 6918 6908)
4(6807 6917 6918 6808)
4(6907 6908 6918 6917)
4(6799 6809 6919 6909)
4(6808 6918 6919 6809)
4(6908 6909 6919 6918)
4(6800 6810 6920 6910)
4(6809 6919 6920 6810)
4(6909 6910 6920 6919)
4(6810 6920 6921 6811)
4(6910 6911 6921 6920)
4(6802 6812 6922 6912)
4(2034 2155 6922 6812)
4(2144 6912 6922 2155)
4(6803 6813 6923 6913)
4(6812 6922 6923 6813)
4(6912 6913 6923 6922)
4(6804 6814 6924 6914)
4(6813 6923 6924 6814)
4(6913 6914 6924 6923)
4(6805 6815 6925 6915)
4(6814 6924 6925 6815)
4(6914 6915 6925 6924)
4(6806 6816 6926 6916)
4(6815 6925 6926 6816)
4(6915 6916 6926 6925)
4(6807 6817 6927 6917)
4(6816 6926 6927 6817)
4(6916 6917 6927 6926)
4(6808 6818 6928 6918)
4(6817 6927 6928 6818)
4(6917 6918 6928 6927)
4(6809 6819 6929 6919)
4(6818 6928 6929 6819)
4(6918 6919 6929 6928)
4(6810 6820 6930 6920)
4(6819 6929 6930 6820)
4(6919 6920 6930 6929)
4(6820 6930 6931 6821)
4(6920 6921 6931 6930)
4(6812 6822 6932 6922)
4(2045 2166 6932 6822)
4(2155 6922 6932 2166)
4(6813 6823 6933 6923)
4(6822 6932 6933 6823)
4(6922 6923 6933 6932)
4(6814 6824 6934 6924)
4(6823 6933 6934 6824)
4(6923 6924 6934 6933)
4(6815 6825 6935 6925)
4(6824 6934 6935 6825)
4(6924 6925 6935 6934)
4(6816 6826 6936 6926)
4(6825 6935 6936 6826)
4(6925 6926 6936 6935)
4(6817 6827 6937 6927)
4(6826 6936 6937 6827)
4(6926 6927 6937 6936)
4(6818 6828 6938 6928)
4(6827 6937 6938 6828)
4(6927 6928 6938 6937)
4(6819 6829 6939 6929)
4(6828 6938 6939 6829)
4(6928 6929 6939 6938)
4(6820 6830 6940 6930)
4(6829 6939 6940 6830)
4(6929 6930 6940 6939)
4(6830 6940 6941 6831)
4(6930 6931 6941 6940)
4(6822 6832 6942 6932)
4(2166 6932 6942 2177)
4(2056 2177 6942 6832)
4(6823 6833 6943 6933)
4(6932 6933 6943 6942)
4(6832 6942 6943 6833)
4(6824 6834 6944 6934)
4(6933 6934 6944 6943)
4(6833 6943 6944 6834)
4(6825 6835 6945 6935)
4(6934 6935 6945 6944)
4(6834 6944 6945 6835)
4(6826 6836 6946 6936)
4(6935 6936 6946 6945)
4(6835 6945 6946 6836)
4(6827 6837 6947 6937)
4(6936 6937 6947 6946)
4(6836 6946 6947 6837)
4(6828 6838 6948 6938)
4(6937 6938 6948 6947)
4(6837 6947 6948 6838)
4(6829 6839 6949 6939)
4(6938 6939 6949 6948)
4(6838 6948 6949 6839)
4(6830 6840 6950 6940)
4(6939 6940 6950 6949)
4(6839 6949 6950 6840)
4(6940 6941 6951 6950)
4(6840 6950 6951 6841)
4(6842 6852 6962 6952)
4(2078 2199 6962 6852)
4(2188 6952 6962 2199)
4(2067 6842 6952 2188)
4(6843 6853 6963 6953)
4(6852 6962 6963 6853)
4(6952 6953 6963 6962)
4(6842 6843 6953 6952)
4(6844 6854 6964 6954)
4(6853 6963 6964 6854)
4(6953 6954 6964 6963)
4(6843 6844 6954 6953)
4(6845 6855 6965 6955)
4(6854 6964 6965 6855)
4(6954 6955 6965 6964)
4(6844 6845 6955 6954)
4(6846 6856 6966 6956)
4(6855 6965 6966 6856)
4(6955 6956 6966 6965)
4(6845 6846 6956 6955)
4(6847 6857 6967 6957)
4(6856 6966 6967 6857)
4(6956 6957 6967 6966)
4(6846 6847 6957 6956)
4(6848 6858 6968 6958)
4(6857 6967 6968 6858)
4(6957 6958 6968 6967)
4(6847 6848 6958 6957)
4(6849 6859 6969 6959)
4(6858 6968 6969 6859)
4(6958 6959 6969 6968)
4(6848 6849 6959 6958)
4(6850 6860 6970 6960)
4(6859 6969 6970 6860)
4(6959 6960 6970 6969)
4(6849 6850 6960 6959)
4(6860 6970 6971 6861)
4(6960 6961 6971 6970)
4(6850 6851 6961 6960)
4(6852 6862 6972 6962)
4(2089 2210 6972 6862)
4(2199 6962 6972 2210)
4(6853 6863 6973 6963)
4(6862 6972 6973 6863)
4(6962 6963 6973 6972)
4(6854 6864 6974 6964)
4(6863 6973 6974 6864)
4(6963 6964 6974 6973)
4(6855 6865 6975 6965)
4(6864 6974 6975 6865)
4(6964 6965 6975 6974)
4(6856 6866 6976 6966)
4(6865 6975 6976 6866)
4(6965 6966 6976 6975)
4(6857 6867 6977 6967)
4(6866 6976 6977 6867)
4(6966 6967 6977 6976)
4(6858 6868 6978 6968)
4(6867 6977 6978 6868)
4(6967 6968 6978 6977)
4(6859 6869 6979 6969)
4(6868 6978 6979 6869)
4(6968 6969 6979 6978)
4(6860 6870 6980 6970)
4(6869 6979 6980 6870)
4(6969 6970 6980 6979)
4(6870 6980 6981 6871)
4(6970 6971 6981 6980)
4(6862 6872 6982 6972)
4(2100 2221 6982 6872)
4(2210 6972 6982 2221)
4(6863 6873 6983 6973)
4(6872 6982 6983 6873)
4(6972 6973 6983 6982)
4(6864 6874 6984 6974)
4(6873 6983 6984 6874)
4(6973 6974 6984 6983)
4(6865 6875 6985 6975)
4(6874 6984 6985 6875)
4(6974 6975 6985 6984)
4(6866 6876 6986 6976)
4(6875 6985 6986 6876)
4(6975 6976 6986 6985)
4(6867 6877 6987 6977)
4(6876 6986 6987 6877)
4(6976 6977 6987 6986)
4(6868 6878 6988 6978)
4(6877 6987 6988 6878)
4(6977 6978 6988 6987)
4(6869 6879 6989 6979)
4(6878 6988 6989 6879)
4(6978 6979 6989 6988)
4(6870 6880 6990 6980)
4(6879 6989 6990 6880)
4(6979 6980 6990 6989)
4(6880 6990 6991 6881)
4(6980 6981 6991 6990)
4(6872 6882 6992 6982)
4(2111 2232 6992 6882)
4(2221 6982 6992 2232)
4(6873 6883 6993 6983)
4(6882 6992 6993 6883)
4(6982 6983 6993 6992)
4(6874 6884 6994 6984)
4(6883 6993 6994 6884)
4(6983 6984 6994 6993)
4(6875 6885 6995 6985)
4(6884 6994 6995 6885)
4(6984 6985 6995 6994)
4(6876 6886 6996 6986)
4(6885 6995 6996 6886)
4(6985 6986 6996 6995)
4(6877 6887 6997 6987)
4(6886 6996 6997 6887)
4(6986 6987 6997 6996)
4(6878 6888 6998 6988)
4(6887 6997 6998 6888)
4(6987 6988 6998 6997)
4(6879 6889 6999 6989)
4(6888 6998 6999 6889)
4(6988 6989 6999 6998)
4(6880 6890 7000 6990)
4(6889 6999 7000 6890)
4(6989 6990 7000 6999)
4(6890 7000 7001 6891)
4(6990 6991 7001 7000)
4(6882 6892 7002 6992)
4(2122 2243 7002 6892)
4(2232 6992 7002 2243)
4(6883 6893 7003 6993)
4(6892 7002 7003 6893)
4(6992 6993 7003 7002)
4(6884 6894 7004 6994)
4(6893 7003 7004 6894)
4(6993 6994 7004 7003)
4(6885 6895 7005 6995)
4(6894 7004 7005 6895)
4(6994 6995 7005 7004)
4(6886 6896 7006 6996)
4(6895 7005 7006 6896)
4(6995 6996 7006 7005)
4(6887 6897 7007 6997)
4(6896 7006 7007 6897)
4(6996 6997 7007 7006)
4(6888 6898 7008 6998)
4(6897 7007 7008 6898)
4(6997 6998 7008 7007)
4(6889 6899 7009 6999)
4(6898 7008 7009 6899)
4(6998 6999 7009 7008)
4(6890 6900 7010 7000)
4(6899 7009 7010 6900)
4(6999 7000 7010 7009)
4(6900 7010 7011 6901)
4(7000 7001 7011 7010)
4(6892 6902 7012 7002)
4(2133 2254 7012 6902)
4(2243 7002 7012 2254)
4(6893 6903 7013 7003)
4(6902 7012 7013 6903)
4(7002 7003 7013 7012)
4(6894 6904 7014 7004)
4(6903 7013 7014 6904)
4(7003 7004 7014 7013)
4(6895 6905 7015 7005)
4(6904 7014 7015 6905)
4(7004 7005 7015 7014)
4(6896 6906 7016 7006)
4(6905 7015 7016 6906)
4(7005 7006 7016 7015)
4(6897 6907 7017 7007)
4(6906 7016 7017 6907)
4(7006 7007 7017 7016)
4(6898 6908 7018 7008)
4(6907 7017 7018 6908)
4(7007 7008 7018 7017)
4(6899 6909 7019 7009)
4(6908 7018 7019 6909)
4(7008 7009 7019 7018)
4(6900 6910 7020 7010)
4(6909 7019 7020 6910)
4(7009 7010 7020 7019)
4(6910 7020 7021 6911)
4(7010 7011 7021 7020)
4(6902 6912 7022 7012)
4(2144 2265 7022 6912)
4(2254 7012 7022 2265)
4(6903 6913 7023 7013)
4(6912 7022 7023 6913)
4(7012 7013 7023 7022)
4(6904 6914 7024 7014)
4(6913 7023 7024 6914)
4(7013 7014 7024 7023)
4(6905 6915 7025 7015)
4(6914 7024 7025 6915)
4(7014 7015 7025 7024)
4(6906 6916 7026 7016)
4(6915 7025 7026 6916)
4(7015 7016 7026 7025)
4(6907 6917 7027 7017)
4(6916 7026 7027 6917)
4(7016 7017 7027 7026)
4(6908 6918 7028 7018)
4(6917 7027 7028 6918)
4(7017 7018 7028 7027)
4(6909 6919 7029 7019)
4(6918 7028 7029 6919)
4(7018 7019 7029 7028)
4(6910 6920 7030 7020)
4(6919 7029 7030 6920)
4(7019 7020 7030 7029)
4(6920 7030 7031 6921)
4(7020 7021 7031 7030)
4(6912 6922 7032 7022)
4(2155 2276 7032 6922)
4(2265 7022 7032 2276)
4(6913 6923 7033 7023)
4(6922 7032 7033 6923)
4(7022 7023 7033 7032)
4(6914 6924 7034 7024)
4(6923 7033 7034 6924)
4(7023 7024 7034 7033)
4(6915 6925 7035 7025)
4(6924 7034 7035 6925)
4(7024 7025 7035 7034)
4(6916 6926 7036 7026)
4(6925 7035 7036 6926)
4(7025 7026 7036 7035)
4(6917 6927 7037 7027)
4(6926 7036 7037 6927)
4(7026 7027 7037 7036)
4(6918 6928 7038 7028)
4(6927 7037 7038 6928)
4(7027 7028 7038 7037)
4(6919 6929 7039 7029)
4(6928 7038 7039 6929)
4(7028 7029 7039 7038)
4(6920 6930 7040 7030)
4(6929 7039 7040 6930)
4(7029 7030 7040 7039)
4(6930 7040 7041 6931)
4(7030 7031 7041 7040)
4(6922 6932 7042 7032)
4(2166 2287 7042 6932)
4(2276 7032 7042 2287)
4(6923 6933 7043 7033)
4(6932 7042 7043 6933)
4(7032 7033 7043 7042)
4(6924 6934 7044 7034)
4(6933 7043 7044 6934)
4(7033 7034 7044 7043)
4(6925 6935 7045 7035)
4(6934 7044 7045 6935)
4(7034 7035 7045 7044)
4(6926 6936 7046 7036)
4(6935 7045 7046 6936)
4(7035 7036 7046 7045)
4(6927 6937 7047 7037)
4(6936 7046 7047 6937)
4(7036 7037 7047 7046)
4(6928 6938 7048 7038)
4(6937 7047 7048 6938)
4(7037 7038 7048 7047)
4(6929 6939 7049 7039)
4(6938 7048 7049 6939)
4(7038 7039 7049 7048)
4(6930 6940 7050 7040)
4(6939 7049 7050 6940)
4(7039 7040 7050 7049)
4(6940 7050 7051 6941)
4(7040 7041 7051 7050)
4(6932 6942 7052 7042)
4(2287 7042 7052 2298)
4(2177 2298 7052 6942)
4(6933 6943 7053 7043)
4(7042 7043 7053 7052)
4(6942 7052 7053 6943)
4(6934 6944 7054 7044)
4(7043 7044 7054 7053)
4(6943 7053 7054 6944)
4(6935 6945 7055 7045)
4(7044 7045 7055 7054)
4(6944 7054 7055 6945)
4(6936 6946 7056 7046)
4(7045 7046 7056 7055)
4(6945 7055 7056 6946)
4(6937 6947 7057 7047)
4(7046 7047 7057 7056)
4(6946 7056 7057 6947)
4(6938 6948 7058 7048)
4(7047 7048 7058 7057)
4(6947 7057 7058 6948)
4(6939 6949 7059 7049)
4(7048 7049 7059 7058)
4(6948 7058 7059 6949)
4(6940 6950 7060 7050)
4(7049 7050 7060 7059)
4(6949 7059 7060 6950)
4(7050 7051 7061 7060)
4(6950 7060 7061 6951)
4(6952 6962 7072 7062)
4(2199 2320 7072 6962)
4(2309 7062 7072 2320)
4(2188 6952 7062 2309)
4(6953 6963 7073 7063)
4(6962 7072 7073 6963)
4(7062 7063 7073 7072)
4(6952 6953 7063 7062)
4(6954 6964 7074 7064)
4(6963 7073 7074 6964)
4(7063 7064 7074 7073)
4(6953 6954 7064 7063)
4(6955 6965 7075 7065)
4(6964 7074 7075 6965)
4(7064 7065 7075 7074)
4(6954 6955 7065 7064)
4(6956 6966 7076 7066)
4(6965 7075 7076 6966)
4(7065 7066 7076 7075)
4(6955 6956 7066 7065)
4(6957 6967 7077 7067)
4(6966 7076 7077 6967)
4(7066 7067 7077 7076)
4(6956 6957 7067 7066)
4(6958 6968 7078 7068)
4(6967 7077 7078 6968)
4(7067 7068 7078 7077)
4(6957 6958 7068 7067)
4(6959 6969 7079 7069)
4(6968 7078 7079 6969)
4(7068 7069 7079 7078)
4(6958 6959 7069 7068)
4(6960 6970 7080 7070)
4(6969 7079 7080 6970)
4(7069 7070 7080 7079)
4(6959 6960 7070 7069)
4(6970 7080 7081 6971)
4(7070 7071 7081 7080)
4(6960 6961 7071 7070)
4(6962 6972 7082 7072)
4(2210 2331 7082 6972)
4(2320 7072 7082 2331)
4(6963 6973 7083 7073)
4(6972 7082 7083 6973)
4(7072 7073 7083 7082)
4(6964 6974 7084 7074)
4(6973 7083 7084 6974)
4(7073 7074 7084 7083)
4(6965 6975 7085 7075)
4(6974 7084 7085 6975)
4(7074 7075 7085 7084)
4(6966 6976 7086 7076)
4(6975 7085 7086 6976)
4(7075 7076 7086 7085)
4(6967 6977 7087 7077)
4(6976 7086 7087 6977)
4(7076 7077 7087 7086)
4(6968 6978 7088 7078)
4(6977 7087 7088 6978)
4(7077 7078 7088 7087)
4(6969 6979 7089 7079)
4(6978 7088 7089 6979)
4(7078 7079 7089 7088)
4(6970 6980 7090 7080)
4(6979 7089 7090 6980)
4(7079 7080 7090 7089)
4(6980 7090 7091 6981)
4(7080 7081 7091 7090)
4(6972 6982 7092 7082)
4(2221 2342 7092 6982)
4(2331 7082 7092 2342)
4(6973 6983 7093 7083)
4(6982 7092 7093 6983)
4(7082 7083 7093 7092)
4(6974 6984 7094 7084)
4(6983 7093 7094 6984)
4(7083 7084 7094 7093)
4(6975 6985 7095 7085)
4(6984 7094 7095 6985)
4(7084 7085 7095 7094)
4(6976 6986 7096 7086)
4(6985 7095 7096 6986)
4(7085 7086 7096 7095)
4(6977 6987 7097 7087)
4(6986 7096 7097 6987)
4(7086 7087 7097 7096)
4(6978 6988 7098 7088)
4(6987 7097 7098 6988)
4(7087 7088 7098 7097)
4(6979 6989 7099 7089)
4(6988 7098 7099 6989)
4(7088 7089 7099 7098)
4(6980 6990 7100 7090)
4(6989 7099 7100 6990)
4(7089 7090 7100 7099)
4(6990 7100 7101 6991)
4(7090 7091 7101 7100)
4(6982 6992 7102 7092)
4(2232 2353 7102 6992)
4(2342 7092 7102 2353)
4(6983 6993 7103 7093)
4(6992 7102 7103 6993)
4(7092 7093 7103 7102)
4(6984 6994 7104 7094)
4(6993 7103 7104 6994)
4(7093 7094 7104 7103)
4(6985 6995 7105 7095)
4(6994 7104 7105 6995)
4(7094 7095 7105 7104)
4(6986 6996 7106 7096)
4(6995 7105 7106 6996)
4(7095 7096 7106 7105)
4(6987 6997 7107 7097)
4(6996 7106 7107 6997)
4(7096 7097 7107 7106)
4(6988 6998 7108 7098)
4(6997 7107 7108 6998)
4(7097 7098 7108 7107)
4(6989 6999 7109 7099)
4(6998 7108 7109 6999)
4(7098 7099 7109 7108)
4(6990 7000 7110 7100)
4(6999 7109 7110 7000)
4(7099 7100 7110 7109)
4(7000 7110 7111 7001)
4(7100 7101 7111 7110)
4(6992 7002 7112 7102)
4(2243 2364 7112 7002)
4(2353 7102 7112 2364)
4(6993 7003 7113 7103)
4(7002 7112 7113 7003)
4(7102 7103 7113 7112)
4(6994 7004 7114 7104)
4(7003 7113 7114 7004)
4(7103 7104 7114 7113)
4(6995 7005 7115 7105)
4(7004 7114 7115 7005)
4(7104 7105 7115 7114)
4(6996 7006 7116 7106)
4(7005 7115 7116 7006)
4(7105 7106 7116 7115)
4(6997 7007 7117 7107)
4(7006 7116 7117 7007)
4(7106 7107 7117 7116)
4(6998 7008 7118 7108)
4(7007 7117 7118 7008)
4(7107 7108 7118 7117)
4(6999 7009 7119 7109)
4(7008 7118 7119 7009)
4(7108 7109 7119 7118)
4(7000 7010 7120 7110)
4(7009 7119 7120 7010)
4(7109 7110 7120 7119)
4(7010 7120 7121 7011)
4(7110 7111 7121 7120)
4(7002 7012 7122 7112)
4(2254 2375 7122 7012)
4(2364 7112 7122 2375)
4(7003 7013 7123 7113)
4(7012 7122 7123 7013)
4(7112 7113 7123 7122)
4(7004 7014 7124 7114)
4(7013 7123 7124 7014)
4(7113 7114 7124 7123)
4(7005 7015 7125 7115)
4(7014 7124 7125 7015)
4(7114 7115 7125 7124)
4(7006 7016 7126 7116)
4(7015 7125 7126 7016)
4(7115 7116 7126 7125)
4(7007 7017 7127 7117)
4(7016 7126 7127 7017)
4(7116 7117 7127 7126)
4(7008 7018 7128 7118)
4(7017 7127 7128 7018)
4(7117 7118 7128 7127)
4(7009 7019 7129 7119)
4(7018 7128 7129 7019)
4(7118 7119 7129 7128)
4(7010 7020 7130 7120)
4(7019 7129 7130 7020)
4(7119 7120 7130 7129)
4(7020 7130 7131 7021)
4(7120 7121 7131 7130)
4(7012 7022 7132 7122)
4(2265 2386 7132 7022)
4(2375 7122 7132 2386)
4(7013 7023 7133 7123)
4(7022 7132 7133 7023)
4(7122 7123 7133 7132)
4(7014 7024 7134 7124)
4(7023 7133 7134 7024)
4(7123 7124 7134 7133)
4(7015 7025 7135 7125)
4(7024 7134 7135 7025)
4(7124 7125 7135 7134)
4(7016 7026 7136 7126)
4(7025 7135 7136 7026)
4(7125 7126 7136 7135)
4(7017 7027 7137 7127)
4(7026 7136 7137 7027)
4(7126 7127 7137 7136)
4(7018 7028 7138 7128)
4(7027 7137 7138 7028)
4(7127 7128 7138 7137)
4(7019 7029 7139 7129)
4(7028 7138 7139 7029)
4(7128 7129 7139 7138)
4(7020 7030 7140 7130)
4(7029 7139 7140 7030)
4(7129 7130 7140 7139)
4(7030 7140 7141 7031)
4(7130 7131 7141 7140)
4(7022 7032 7142 7132)
4(2276 2397 7142 7032)
4(2386 7132 7142 2397)
4(7023 7033 7143 7133)
4(7032 7142 7143 7033)
4(7132 7133 7143 7142)
4(7024 7034 7144 7134)
4(7033 7143 7144 7034)
4(7133 7134 7144 7143)
4(7025 7035 7145 7135)
4(7034 7144 7145 7035)
4(7134 7135 7145 7144)
4(7026 7036 7146 7136)
4(7035 7145 7146 7036)
4(7135 7136 7146 7145)
4(7027 7037 7147 7137)
4(7036 7146 7147 7037)
4(7136 7137 7147 7146)
4(7028 7038 7148 7138)
4(7037 7147 7148 7038)
4(7137 7138 7148 7147)
4(7029 7039 7149 7139)
4(7038 7148 7149 7039)
4(7138 7139 7149 7148)
4(7030 7040 7150 7140)
4(7039 7149 7150 7040)
4(7139 7140 7150 7149)
4(7040 7150 7151 7041)
4(7140 7141 7151 7150)
4(7032 7042 7152 7142)
4(2287 2408 7152 7042)
4(2397 7142 7152 2408)
4(7033 7043 7153 7143)
4(7042 7152 7153 7043)
4(7142 7143 7153 7152)
4(7034 7044 7154 7144)
4(7043 7153 7154 7044)
4(7143 7144 7154 7153)
4(7035 7045 7155 7145)
4(7044 7154 7155 7045)
4(7144 7145 7155 7154)
4(7036 7046 7156 7146)
4(7045 7155 7156 7046)
4(7145 7146 7156 7155)
4(7037 7047 7157 7147)
4(7046 7156 7157 7047)
4(7146 7147 7157 7156)
4(7038 7048 7158 7148)
4(7047 7157 7158 7048)
4(7147 7148 7158 7157)
4(7039 7049 7159 7149)
4(7048 7158 7159 7049)
4(7148 7149 7159 7158)
4(7040 7050 7160 7150)
4(7049 7159 7160 7050)
4(7149 7150 7160 7159)
4(7050 7160 7161 7051)
4(7150 7151 7161 7160)
4(7042 7052 7162 7152)
4(2408 7152 7162 2419)
4(2298 2419 7162 7052)
4(7043 7053 7163 7153)
4(7152 7153 7163 7162)
4(7052 7162 7163 7053)
4(7044 7054 7164 7154)
4(7153 7154 7164 7163)
4(7053 7163 7164 7054)
4(7045 7055 7165 7155)
4(7154 7155 7165 7164)
4(7054 7164 7165 7055)
4(7046 7056 7166 7156)
4(7155 7156 7166 7165)
4(7055 7165 7166 7056)
4(7047 7057 7167 7157)
4(7156 7157 7167 7166)
4(7056 7166 7167 7057)
4(7048 7058 7168 7158)
4(7157 7158 7168 7167)
4(7057 7167 7168 7058)
4(7049 7059 7169 7159)
4(7158 7159 7169 7168)
4(7058 7168 7169 7059)
4(7050 7060 7170 7160)
4(7159 7160 7170 7169)
4(7059 7169 7170 7060)
4(7160 7161 7171 7170)
4(7060 7170 7171 7061)
4(7062 7072 7182 7172)
4(2320 2441 7182 7072)
4(2430 7172 7182 2441)
4(2309 7062 7172 2430)
4(7063 7073 7183 7173)
4(7072 7182 7183 7073)
4(7172 7173 7183 7182)
4(7062 7063 7173 7172)
4(7064 7074 7184 7174)
4(7073 7183 7184 7074)
4(7173 7174 7184 7183)
4(7063 7064 7174 7173)
4(7065 7075 7185 7175)
4(7074 7184 7185 7075)
4(7174 7175 7185 7184)
4(7064 7065 7175 7174)
4(7066 7076 7186 7176)
4(7075 7185 7186 7076)
4(7175 7176 7186 7185)
4(7065 7066 7176 7175)
4(7067 7077 7187 7177)
4(7076 7186 7187 7077)
4(7176 7177 7187 7186)
4(7066 7067 7177 7176)
4(7068 7078 7188 7178)
4(7077 7187 7188 7078)
4(7177 7178 7188 7187)
4(7067 7068 7178 7177)
4(7069 7079 7189 7179)
4(7078 7188 7189 7079)
4(7178 7179 7189 7188)
4(7068 7069 7179 7178)
4(7070 7080 7190 7180)
4(7079 7189 7190 7080)
4(7179 7180 7190 7189)
4(7069 7070 7180 7179)
4(7080 7190 7191 7081)
4(7180 7181 7191 7190)
4(7070 7071 7181 7180)
4(7072 7082 7192 7182)
4(2331 2452 7192 7082)
4(2441 7182 7192 2452)
4(7073 7083 7193 7183)
4(7082 7192 7193 7083)
4(7182 7183 7193 7192)
4(7074 7084 7194 7184)
4(7083 7193 7194 7084)
4(7183 7184 7194 7193)
4(7075 7085 7195 7185)
4(7084 7194 7195 7085)
4(7184 7185 7195 7194)
4(7076 7086 7196 7186)
4(7085 7195 7196 7086)
4(7185 7186 7196 7195)
4(7077 7087 7197 7187)
4(7086 7196 7197 7087)
4(7186 7187 7197 7196)
4(7078 7088 7198 7188)
4(7087 7197 7198 7088)
4(7187 7188 7198 7197)
4(7079 7089 7199 7189)
4(7088 7198 7199 7089)
4(7188 7189 7199 7198)
4(7080 7090 7200 7190)
4(7089 7199 7200 7090)
4(7189 7190 7200 7199)
4(7090 7200 7201 7091)
4(7190 7191 7201 7200)
4(7082 7092 7202 7192)
4(2342 2463 7202 7092)
4(2452 7192 7202 2463)
4(7083 7093 7203 7193)
4(7092 7202 7203 7093)
4(7192 7193 7203 7202)
4(7084 7094 7204 7194)
4(7093 7203 7204 7094)
4(7193 7194 7204 7203)
4(7085 7095 7205 7195)
4(7094 7204 7205 7095)
4(7194 7195 7205 7204)
4(7086 7096 7206 7196)
4(7095 7205 7206 7096)
4(7195 7196 7206 7205)
4(7087 7097 7207 7197)
4(7096 7206 7207 7097)
4(7196 7197 7207 7206)
4(7088 7098 7208 7198)
4(7097 7207 7208 7098)
4(7197 7198 7208 7207)
4(7089 7099 7209 7199)
4(7098 7208 7209 7099)
4(7198 7199 7209 7208)
4(7090 7100 7210 7200)
4(7099 7209 7210 7100)
4(7199 7200 7210 7209)
4(7100 7210 7211 7101)
4(7200 7201 7211 7210)
4(7092 7102 7212 7202)
4(2353 2474 7212 7102)
4(2463 7202 7212 2474)
4(7093 7103 7213 7203)
4(7102 7212 7213 7103)
4(7202 7203 7213 7212)
4(7094 7104 7214 7204)
4(7103 7213 7214 7104)
4(7203 7204 7214 7213)
4(7095 7105 7215 7205)
4(7104 7214 7215 7105)
4(7204 7205 7215 7214)
4(7096 7106 7216 7206)
4(7105 7215 7216 7106)
4(7205 7206 7216 7215)
4(7097 7107 7217 7207)
4(7106 7216 7217 7107)
4(7206 7207 7217 7216)
4(7098 7108 7218 7208)
4(7107 7217 7218 7108)
4(7207 7208 7218 7217)
4(7099 7109 7219 7209)
4(7108 7218 7219 7109)
4(7208 7209 7219 7218)
4(7100 7110 7220 7210)
4(7109 7219 7220 7110)
4(7209 7210 7220 7219)
4(7110 7220 7221 7111)
4(7210 7211 7221 7220)
4(7102 7112 7222 7212)
4(2364 2485 7222 7112)
4(2474 7212 7222 2485)
4(7103 7113 7223 7213)
4(7112 7222 7223 7113)
4(7212 7213 7223 7222)
4(7104 7114 7224 7214)
4(7113 7223 7224 7114)
4(7213 7214 7224 7223)
4(7105 7115 7225 7215)
4(7114 7224 7225 7115)
4(7214 7215 7225 7224)
4(7106 7116 7226 7216)
4(7115 7225 7226 7116)
4(7215 7216 7226 7225)
4(7107 7117 7227 7217)
4(7116 7226 7227 7117)
4(7216 7217 7227 7226)
4(7108 7118 7228 7218)
4(7117 7227 7228 7118)
4(7217 7218 7228 7227)
4(7109 7119 7229 7219)
4(7118 7228 7229 7119)
4(7218 7219 7229 7228)
4(7110 7120 7230 7220)
4(7119 7229 7230 7120)
4(7219 7220 7230 7229)
4(7120 7230 7231 7121)
4(7220 7221 7231 7230)
4(7112 7122 7232 7222)
4(2375 2496 7232 7122)
4(2485 7222 7232 2496)
4(7113 7123 7233 7223)
4(7122 7232 7233 7123)
4(7222 7223 7233 7232)
4(7114 7124 7234 7224)
4(7123 7233 7234 7124)
4(7223 7224 7234 7233)
4(7115 7125 7235 7225)
4(7124 7234 7235 7125)
4(7224 7225 7235 7234)
4(7116 7126 7236 7226)
4(7125 7235 7236 7126)
4(7225 7226 7236 7235)
4(7117 7127 7237 7227)
4(7126 7236 7237 7127)
4(7226 7227 7237 7236)
4(7118 7128 7238 7228)
4(7127 7237 7238 7128)
4(7227 7228 7238 7237)
4(7119 7129 7239 7229)
4(7128 7238 7239 7129)
4(7228 7229 7239 7238)
4(7120 7130 7240 7230)
4(7129 7239 7240 7130)
4(7229 7230 7240 7239)
4(7130 7240 7241 7131)
4(7230 7231 7241 7240)
4(7122 7132 7242 7232)
4(2386 2507 7242 7132)
4(2496 7232 7242 2507)
4(7123 7133 7243 7233)
4(7132 7242 7243 7133)
4(7232 7233 7243 7242)
4(7124 7134 7244 7234)
4(7133 7243 7244 7134)
4(7233 7234 7244 7243)
4(7125 7135 7245 7235)
4(7134 7244 7245 7135)
4(7234 7235 7245 7244)
4(7126 7136 7246 7236)
4(7135 7245 7246 7136)
4(7235 7236 7246 7245)
4(7127 7137 7247 7237)
4(7136 7246 7247 7137)
4(7236 7237 7247 7246)
4(7128 7138 7248 7238)
4(7137 7247 7248 7138)
4(7237 7238 7248 7247)
4(7129 7139 7249 7239)
4(7138 7248 7249 7139)
4(7238 7239 7249 7248)
4(7130 7140 7250 7240)
4(7139 7249 7250 7140)
4(7239 7240 7250 7249)
4(7140 7250 7251 7141)
4(7240 7241 7251 7250)
4(7132 7142 7252 7242)
4(2397 2518 7252 7142)
4(2507 7242 7252 2518)
4(7133 7143 7253 7243)
4(7142 7252 7253 7143)
4(7242 7243 7253 7252)
4(7134 7144 7254 7244)
4(7143 7253 7254 7144)
4(7243 7244 7254 7253)
4(7135 7145 7255 7245)
4(7144 7254 7255 7145)
4(7244 7245 7255 7254)
4(7136 7146 7256 7246)
4(7145 7255 7256 7146)
4(7245 7246 7256 7255)
4(7137 7147 7257 7247)
4(7146 7256 7257 7147)
4(7246 7247 7257 7256)
4(7138 7148 7258 7248)
4(7147 7257 7258 7148)
4(7247 7248 7258 7257)
4(7139 7149 7259 7249)
4(7148 7258 7259 7149)
4(7248 7249 7259 7258)
4(7140 7150 7260 7250)
4(7149 7259 7260 7150)
4(7249 7250 7260 7259)
4(7150 7260 7261 7151)
4(7250 7251 7261 7260)
4(7142 7152 7262 7252)
4(2408 2529 7262 7152)
4(2518 7252 7262 2529)
4(7143 7153 7263 7253)
4(7152 7262 7263 7153)
4(7252 7253 7263 7262)
4(7144 7154 7264 7254)
4(7153 7263 7264 7154)
4(7253 7254 7264 7263)
4(7145 7155 7265 7255)
4(7154 7264 7265 7155)
4(7254 7255 7265 7264)
4(7146 7156 7266 7256)
4(7155 7265 7266 7156)
4(7255 7256 7266 7265)
4(7147 7157 7267 7257)
4(7156 7266 7267 7157)
4(7256 7257 7267 7266)
4(7148 7158 7268 7258)
4(7157 7267 7268 7158)
4(7257 7258 7268 7267)
4(7149 7159 7269 7259)
4(7158 7268 7269 7159)
4(7258 7259 7269 7268)
4(7150 7160 7270 7260)
4(7159 7269 7270 7160)
4(7259 7260 7270 7269)
4(7160 7270 7271 7161)
4(7260 7261 7271 7270)
4(7152 7162 7272 7262)
4(2529 7262 7272 2540)
4(2419 2540 7272 7162)
4(7153 7163 7273 7263)
4(7262 7263 7273 7272)
4(7162 7272 7273 7163)
4(7154 7164 7274 7264)
4(7263 7264 7274 7273)
4(7163 7273 7274 7164)
4(7155 7165 7275 7265)
4(7264 7265 7275 7274)
4(7164 7274 7275 7165)
4(7156 7166 7276 7266)
4(7265 7266 7276 7275)
4(7165 7275 7276 7166)
4(7157 7167 7277 7267)
4(7266 7267 7277 7276)
4(7166 7276 7277 7167)
4(7158 7168 7278 7268)
4(7267 7268 7278 7277)
4(7167 7277 7278 7168)
4(7159 7169 7279 7269)
4(7268 7269 7279 7278)
4(7168 7278 7279 7169)
4(7160 7170 7280 7270)
4(7269 7270 7280 7279)
4(7169 7279 7280 7170)
4(7270 7271 7281 7280)
4(7170 7280 7281 7171)
4(7172 7182 7292 7282)
4(2441 2562 7292 7182)
4(2430 7172 7282 2551)
4(7173 7183 7293 7283)
4(7182 7292 7293 7183)
4(7172 7173 7283 7282)
4(7174 7184 7294 7284)
4(7183 7293 7294 7184)
4(7173 7174 7284 7283)
4(7175 7185 7295 7285)
4(7184 7294 7295 7185)
4(7174 7175 7285 7284)
4(7176 7186 7296 7286)
4(7185 7295 7296 7186)
4(7175 7176 7286 7285)
4(7177 7187 7297 7287)
4(7186 7296 7297 7187)
4(7176 7177 7287 7286)
4(7178 7188 7298 7288)
4(7187 7297 7298 7188)
4(7177 7178 7288 7287)
4(7179 7189 7299 7289)
4(7188 7298 7299 7189)
4(7178 7179 7289 7288)
4(7180 7190 7300 7290)
4(7189 7299 7300 7190)
4(7179 7180 7290 7289)
4(7190 7300 7301 7191)
4(7180 7181 7291 7290)
4(7182 7192 7302 7292)
4(2452 2573 7302 7192)
4(7183 7193 7303 7293)
4(7192 7302 7303 7193)
4(7184 7194 7304 7294)
4(7193 7303 7304 7194)
4(7185 7195 7305 7295)
4(7194 7304 7305 7195)
4(7186 7196 7306 7296)
4(7195 7305 7306 7196)
4(7187 7197 7307 7297)
4(7196 7306 7307 7197)
4(7188 7198 7308 7298)
4(7197 7307 7308 7198)
4(7189 7199 7309 7299)
4(7198 7308 7309 7199)
4(7190 7200 7310 7300)
4(7199 7309 7310 7200)
4(7200 7310 7311 7201)
4(7192 7202 7312 7302)
4(2463 2584 7312 7202)
4(7193 7203 7313 7303)
4(7202 7312 7313 7203)
4(7194 7204 7314 7304)
4(7203 7313 7314 7204)
4(7195 7205 7315 7305)
4(7204 7314 7315 7205)
4(7196 7206 7316 7306)
4(7205 7315 7316 7206)
4(7197 7207 7317 7307)
4(7206 7316 7317 7207)
4(7198 7208 7318 7308)
4(7207 7317 7318 7208)
4(7199 7209 7319 7309)
4(7208 7318 7319 7209)
4(7200 7210 7320 7310)
4(7209 7319 7320 7210)
4(7210 7320 7321 7211)
4(7202 7212 7322 7312)
4(2474 2595 7322 7212)
4(7203 7213 7323 7313)
4(7212 7322 7323 7213)
4(7204 7214 7324 7314)
4(7213 7323 7324 7214)
4(7205 7215 7325 7315)
4(7214 7324 7325 7215)
4(7206 7216 7326 7316)
4(7215 7325 7326 7216)
4(7207 7217 7327 7317)
4(7216 7326 7327 7217)
4(7208 7218 7328 7318)
4(7217 7327 7328 7218)
4(7209 7219 7329 7319)
4(7218 7328 7329 7219)
4(7210 7220 7330 7320)
4(7219 7329 7330 7220)
4(7220 7330 7331 7221)
4(7212 7222 7332 7322)
4(2485 2606 7332 7222)
4(7213 7223 7333 7323)
4(7222 7332 7333 7223)
4(7214 7224 7334 7324)
4(7223 7333 7334 7224)
4(7215 7225 7335 7325)
4(7224 7334 7335 7225)
4(7216 7226 7336 7326)
4(7225 7335 7336 7226)
4(7217 7227 7337 7327)
4(7226 7336 7337 7227)
4(7218 7228 7338 7328)
4(7227 7337 7338 7228)
4(7219 7229 7339 7329)
4(7228 7338 7339 7229)
4(7220 7230 7340 7330)
4(7229 7339 7340 7230)
4(7230 7340 7341 7231)
4(7222 7232 7342 7332)
4(2496 2617 7342 7232)
4(7223 7233 7343 7333)
4(7232 7342 7343 7233)
4(7224 7234 7344 7334)
4(7233 7343 7344 7234)
4(7225 7235 7345 7335)
4(7234 7344 7345 7235)
4(7226 7236 7346 7336)
4(7235 7345 7346 7236)
4(7227 7237 7347 7337)
4(7236 7346 7347 7237)
4(7228 7238 7348 7338)
4(7237 7347 7348 7238)
4(7229 7239 7349 7339)
4(7238 7348 7349 7239)
4(7230 7240 7350 7340)
4(7239 7349 7350 7240)
4(7240 7350 7351 7241)
4(7232 7242 7352 7342)
4(2507 2628 7352 7242)
4(7233 7243 7353 7343)
4(7242 7352 7353 7243)
4(7234 7244 7354 7344)
4(7243 7353 7354 7244)
4(7235 7245 7355 7345)
4(7244 7354 7355 7245)
4(7236 7246 7356 7346)
4(7245 7355 7356 7246)
4(7237 7247 7357 7347)
4(7246 7356 7357 7247)
4(7238 7248 7358 7348)
4(7247 7357 7358 7248)
4(7239 7249 7359 7349)
4(7248 7358 7359 7249)
4(7240 7250 7360 7350)
4(7249 7359 7360 7250)
4(7250 7360 7361 7251)
4(7242 7252 7362 7352)
4(2518 2639 7362 7252)
4(7243 7253 7363 7353)
4(7252 7362 7363 7253)
4(7244 7254 7364 7354)
4(7253 7363 7364 7254)
4(7245 7255 7365 7355)
4(7254 7364 7365 7255)
4(7246 7256 7366 7356)
4(7255 7365 7366 7256)
4(7247 7257 7367 7357)
4(7256 7366 7367 7257)
4(7248 7258 7368 7358)
4(7257 7367 7368 7258)
4(7249 7259 7369 7359)
4(7258 7368 7369 7259)
4(7250 7260 7370 7360)
4(7259 7369 7370 7260)
4(7260 7370 7371 7261)
4(7252 7262 7372 7362)
4(2529 2650 7372 7262)
4(7253 7263 7373 7363)
4(7262 7372 7373 7263)
4(7254 7264 7374 7364)
4(7263 7373 7374 7264)
4(7255 7265 7375 7365)
4(7264 7374 7375 7265)
4(7256 7266 7376 7366)
4(7265 7375 7376 7266)
4(7257 7267 7377 7367)
4(7266 7376 7377 7267)
4(7258 7268 7378 7368)
4(7267 7377 7378 7268)
4(7259 7269 7379 7369)
4(7268 7378 7379 7269)
4(7260 7270 7380 7370)
4(7269 7379 7380 7270)
4(7270 7380 7381 7271)
4(7262 7272 7382 7372)
4(2540 2661 7382 7272)
4(7263 7273 7383 7373)
4(7272 7382 7383 7273)
4(7264 7274 7384 7374)
4(7273 7383 7384 7274)
4(7265 7275 7385 7375)
4(7274 7384 7385 7275)
4(7266 7276 7386 7376)
4(7275 7385 7386 7276)
4(7267 7277 7387 7377)
4(7276 7386 7387 7277)
4(7268 7278 7388 7378)
4(7277 7387 7388 7278)
4(7269 7279 7389 7379)
4(7278 7388 7389 7279)
4(7270 7280 7390 7380)
4(7279 7389 7390 7280)
4(7280 7390 7391 7281)
4(6282 7392 7492 6392)
4(1450 1571 7492 7392)
4(1572 6392 7492 1571)
4(6283 7393 7493 6393)
4(7392 7492 7493 7393)
4(6392 6393 7493 7492)
4(6284 7394 7494 6394)
4(7393 7493 7494 7394)
4(6393 6394 7494 7493)
4(6285 7395 7495 6395)
4(7394 7494 7495 7395)
4(6394 6395 7495 7494)
4(6286 7396 7496 6396)
4(7395 7495 7496 7396)
4(6395 6396 7496 7495)
4(6287 7397 7497 6397)
4(7396 7496 7497 7397)
4(6396 6397 7497 7496)
4(6288 7398 7498 6398)
4(7397 7497 7498 7398)
4(6397 6398 7498 7497)
4(6289 7399 7499 6399)
4(7398 7498 7499 7399)
4(6398 6399 7499 7498)
4(6290 7400 7500 6400)
4(7399 7499 7500 7400)
4(6399 6400 7500 7499)
4(7400 7500 7501 7401)
4(6400 6401 7501 7500)
4(7392 7402 7502 7492)
4(1449 1570 7502 7402)
4(1571 7492 7502 1570)
4(7393 7403 7503 7493)
4(7402 7502 7503 7403)
4(7492 7493 7503 7502)
4(7394 7404 7504 7494)
4(7403 7503 7504 7404)
4(7493 7494 7504 7503)
4(7395 7405 7505 7495)
4(7404 7504 7505 7405)
4(7494 7495 7505 7504)
4(7396 7406 7506 7496)
4(7405 7505 7506 7406)
4(7495 7496 7506 7505)
4(7397 7407 7507 7497)
4(7406 7506 7507 7407)
4(7496 7497 7507 7506)
4(7398 7408 7508 7498)
4(7407 7507 7508 7408)
4(7497 7498 7508 7507)
4(7399 7409 7509 7499)
4(7408 7508 7509 7409)
4(7498 7499 7509 7508)
4(7400 7410 7510 7500)
4(7409 7509 7510 7410)
4(7499 7500 7510 7509)
4(7410 7510 7511 7411)
4(7500 7501 7511 7510)
4(7402 7412 7512 7502)
4(1448 1569 7512 7412)
4(1570 7502 7512 1569)
4(7403 7413 7513 7503)
4(7412 7512 7513 7413)
4(7502 7503 7513 7512)
4(7404 7414 7514 7504)
4(7413 7513 7514 7414)
4(7503 7504 7514 7513)
4(7405 7415 7515 7505)
4(7414 7514 7515 7415)
4(7504 7505 7515 7514)
4(7406 7416 7516 7506)
4(7415 7515 7516 7416)
4(7505 7506 7516 7515)
4(7407 7417 7517 7507)
4(7416 7516 7517 7417)
4(7506 7507 7517 7516)
4(7408 7418 7518 7508)
4(7417 7517 7518 7418)
4(7507 7508 7518 7517)
4(7409 7419 7519 7509)
4(7418 7518 7519 7419)
4(7508 7509 7519 7518)
4(7410 7420 7520 7510)
4(7419 7519 7520 7420)
4(7509 7510 7520 7519)
4(7420 7520 7521 7421)
4(7510 7511 7521 7520)
4(7412 7422 7522 7512)
4(1447 1568 7522 7422)
4(1569 7512 7522 1568)
4(7413 7423 7523 7513)
4(7422 7522 7523 7423)
4(7512 7513 7523 7522)
4(7414 7424 7524 7514)
4(7423 7523 7524 7424)
4(7513 7514 7524 7523)
4(7415 7425 7525 7515)
4(7424 7524 7525 7425)
4(7514 7515 7525 7524)
4(7416 7426 7526 7516)
4(7425 7525 7526 7426)
4(7515 7516 7526 7525)
4(7417 7427 7527 7517)
4(7426 7526 7527 7427)
4(7516 7517 7527 7526)
4(7418 7428 7528 7518)
4(7427 7527 7528 7428)
4(7517 7518 7528 7527)
4(7419 7429 7529 7519)
4(7428 7528 7529 7429)
4(7518 7519 7529 7528)
4(7420 7430 7530 7520)
4(7429 7529 7530 7430)
4(7519 7520 7530 7529)
4(7430 7530 7531 7431)
4(7520 7521 7531 7530)
4(7422 7432 7532 7522)
4(1446 1567 7532 7432)
4(1568 7522 7532 1567)
4(7423 7433 7533 7523)
4(7432 7532 7533 7433)
4(7522 7523 7533 7532)
4(7424 7434 7534 7524)
4(7433 7533 7534 7434)
4(7523 7524 7534 7533)
4(7425 7435 7535 7525)
4(7434 7534 7535 7435)
4(7524 7525 7535 7534)
4(7426 7436 7536 7526)
4(7435 7535 7536 7436)
4(7525 7526 7536 7535)
4(7427 7437 7537 7527)
4(7436 7536 7537 7437)
4(7526 7527 7537 7536)
4(7428 7438 7538 7528)
4(7437 7537 7538 7438)
4(7527 7528 7538 7537)
4(7429 7439 7539 7529)
4(7438 7538 7539 7439)
4(7528 7529 7539 7538)
4(7430 7440 7540 7530)
4(7439 7539 7540 7440)
4(7529 7530 7540 7539)
4(7440 7540 7541 7441)
4(7530 7531 7541 7540)
4(7432 7442 7542 7532)
4(1445 1566 7542 7442)
4(1567 7532 7542 1566)
4(7433 7443 7543 7533)
4(7442 7542 7543 7443)
4(7532 7533 7543 7542)
4(7434 7444 7544 7534)
4(7443 7543 7544 7444)
4(7533 7534 7544 7543)
4(7435 7445 7545 7535)
4(7444 7544 7545 7445)
4(7534 7535 7545 7544)
4(7436 7446 7546 7536)
4(7445 7545 7546 7446)
4(7535 7536 7546 7545)
4(7437 7447 7547 7537)
4(7446 7546 7547 7447)
4(7536 7537 7547 7546)
4(7438 7448 7548 7538)
4(7447 7547 7548 7448)
4(7537 7538 7548 7547)
4(7439 7449 7549 7539)
4(7448 7548 7549 7449)
4(7538 7539 7549 7548)
4(7440 7450 7550 7540)
4(7449 7549 7550 7450)
4(7539 7540 7550 7549)
4(7450 7550 7551 7451)
4(7540 7541 7551 7550)
4(7442 7452 7552 7542)
4(1444 1565 7552 7452)
4(1566 7542 7552 1565)
4(7443 7453 7553 7543)
4(7452 7552 7553 7453)
4(7542 7543 7553 7552)
4(7444 7454 7554 7544)
4(7453 7553 7554 7454)
4(7543 7544 7554 7553)
4(7445 7455 7555 7545)
4(7454 7554 7555 7455)
4(7544 7545 7555 7554)
4(7446 7456 7556 7546)
4(7455 7555 7556 7456)
4(7545 7546 7556 7555)
4(7447 7457 7557 7547)
4(7456 7556 7557 7457)
4(7546 7547 7557 7556)
4(7448 7458 7558 7548)
4(7457 7557 7558 7458)
4(7547 7548 7558 7557)
4(7449 7459 7559 7549)
4(7458 7558 7559 7459)
4(7548 7549 7559 7558)
4(7450 7460 7560 7550)
4(7459 7559 7560 7460)
4(7549 7550 7560 7559)
4(7460 7560 7561 7461)
4(7550 7551 7561 7560)
4(7452 7462 7562 7552)
4(1443 1564 7562 7462)
4(1565 7552 7562 1564)
4(7453 7463 7563 7553)
4(7462 7562 7563 7463)
4(7552 7553 7563 7562)
4(7454 7464 7564 7554)
4(7463 7563 7564 7464)
4(7553 7554 7564 7563)
4(7455 7465 7565 7555)
4(7464 7564 7565 7465)
4(7554 7555 7565 7564)
4(7456 7466 7566 7556)
4(7465 7565 7566 7466)
4(7555 7556 7566 7565)
4(7457 7467 7567 7557)
4(7466 7566 7567 7467)
4(7556 7557 7567 7566)
4(7458 7468 7568 7558)
4(7467 7567 7568 7468)
4(7557 7558 7568 7567)
4(7459 7469 7569 7559)
4(7468 7568 7569 7469)
4(7558 7559 7569 7568)
4(7460 7470 7570 7560)
4(7469 7569 7570 7470)
4(7559 7560 7570 7569)
4(7470 7570 7571 7471)
4(7560 7561 7571 7570)
4(7462 7472 7572 7562)
4(1442 1563 7572 7472)
4(1564 7562 7572 1563)
4(7463 7473 7573 7563)
4(7472 7572 7573 7473)
4(7562 7563 7573 7572)
4(7464 7474 7574 7564)
4(7473 7573 7574 7474)
4(7563 7564 7574 7573)
4(7465 7475 7575 7565)
4(7474 7574 7575 7475)
4(7564 7565 7575 7574)
4(7466 7476 7576 7566)
4(7475 7575 7576 7476)
4(7565 7566 7576 7575)
4(7467 7477 7577 7567)
4(7476 7576 7577 7477)
4(7566 7567 7577 7576)
4(7468 7478 7578 7568)
4(7477 7577 7578 7478)
4(7567 7568 7578 7577)
4(7469 7479 7579 7569)
4(7478 7578 7579 7479)
4(7568 7569 7579 7578)
4(7470 7480 7580 7570)
4(7479 7579 7580 7480)
4(7569 7570 7580 7579)
4(7480 7580 7581 7481)
4(7570 7571 7581 7580)
4(7472 7482 7582 7572)
4(1563 7572 7582 1562)
4(1441 1562 7582 7482)
4(7473 7483 7583 7573)
4(7572 7573 7583 7582)
4(7482 7582 7583 7483)
4(7474 7484 7584 7574)
4(7573 7574 7584 7583)
4(7483 7583 7584 7484)
4(7475 7485 7585 7575)
4(7574 7575 7585 7584)
4(7484 7584 7585 7485)
4(7476 7486 7586 7576)
4(7575 7576 7586 7585)
4(7485 7585 7586 7486)
4(7477 7487 7587 7577)
4(7576 7577 7587 7586)
4(7486 7586 7587 7487)
4(7478 7488 7588 7578)
4(7577 7578 7588 7587)
4(7487 7587 7588 7488)
4(7479 7489 7589 7579)
4(7578 7579 7589 7588)
4(7488 7588 7589 7489)
4(7480 7490 7590 7580)
4(7579 7580 7590 7589)
4(7489 7589 7590 7490)
4(7580 7581 7591 7590)
4(7490 7590 7591 7491)
4(6392 7492 7592 6502)
4(1571 1692 7592 7492)
4(1693 6502 7592 1692)
4(6393 7493 7593 6503)
4(7492 7592 7593 7493)
4(6502 6503 7593 7592)
4(6394 7494 7594 6504)
4(7493 7593 7594 7494)
4(6503 6504 7594 7593)
4(6395 7495 7595 6505)
4(7494 7594 7595 7495)
4(6504 6505 7595 7594)
4(6396 7496 7596 6506)
4(7495 7595 7596 7496)
4(6505 6506 7596 7595)
4(6397 7497 7597 6507)
4(7496 7596 7597 7497)
4(6506 6507 7597 7596)
4(6398 7498 7598 6508)
4(7497 7597 7598 7498)
4(6507 6508 7598 7597)
4(6399 7499 7599 6509)
4(7498 7598 7599 7499)
4(6508 6509 7599 7598)
4(6400 7500 7600 6510)
4(7499 7599 7600 7500)
4(6509 6510 7600 7599)
4(7500 7600 7601 7501)
4(6510 6511 7601 7600)
4(7492 7502 7602 7592)
4(1570 1691 7602 7502)
4(1692 7592 7602 1691)
4(7493 7503 7603 7593)
4(7502 7602 7603 7503)
4(7592 7593 7603 7602)
4(7494 7504 7604 7594)
4(7503 7603 7604 7504)
4(7593 7594 7604 7603)
4(7495 7505 7605 7595)
4(7504 7604 7605 7505)
4(7594 7595 7605 7604)
4(7496 7506 7606 7596)
4(7505 7605 7606 7506)
4(7595 7596 7606 7605)
4(7497 7507 7607 7597)
4(7506 7606 7607 7507)
4(7596 7597 7607 7606)
4(7498 7508 7608 7598)
4(7507 7607 7608 7508)
4(7597 7598 7608 7607)
4(7499 7509 7609 7599)
4(7508 7608 7609 7509)
4(7598 7599 7609 7608)
4(7500 7510 7610 7600)
4(7509 7609 7610 7510)
4(7599 7600 7610 7609)
4(7510 7610 7611 7511)
4(7600 7601 7611 7610)
4(7502 7512 7612 7602)
4(1569 1690 7612 7512)
4(1691 7602 7612 1690)
4(7503 7513 7613 7603)
4(7512 7612 7613 7513)
4(7602 7603 7613 7612)
4(7504 7514 7614 7604)
4(7513 7613 7614 7514)
4(7603 7604 7614 7613)
4(7505 7515 7615 7605)
4(7514 7614 7615 7515)
4(7604 7605 7615 7614)
4(7506 7516 7616 7606)
4(7515 7615 7616 7516)
4(7605 7606 7616 7615)
4(7507 7517 7617 7607)
4(7516 7616 7617 7517)
4(7606 7607 7617 7616)
4(7508 7518 7618 7608)
4(7517 7617 7618 7518)
4(7607 7608 7618 7617)
4(7509 7519 7619 7609)
4(7518 7618 7619 7519)
4(7608 7609 7619 7618)
4(7510 7520 7620 7610)
4(7519 7619 7620 7520)
4(7609 7610 7620 7619)
4(7520 7620 7621 7521)
4(7610 7611 7621 7620)
4(7512 7522 7622 7612)
4(1568 1689 7622 7522)
4(1690 7612 7622 1689)
4(7513 7523 7623 7613)
4(7522 7622 7623 7523)
4(7612 7613 7623 7622)
4(7514 7524 7624 7614)
4(7523 7623 7624 7524)
4(7613 7614 7624 7623)
4(7515 7525 7625 7615)
4(7524 7624 7625 7525)
4(7614 7615 7625 7624)
4(7516 7526 7626 7616)
4(7525 7625 7626 7526)
4(7615 7616 7626 7625)
4(7517 7527 7627 7617)
4(7526 7626 7627 7527)
4(7616 7617 7627 7626)
4(7518 7528 7628 7618)
4(7527 7627 7628 7528)
4(7617 7618 7628 7627)
4(7519 7529 7629 7619)
4(7528 7628 7629 7529)
4(7618 7619 7629 7628)
4(7520 7530 7630 7620)
4(7529 7629 7630 7530)
4(7619 7620 7630 7629)
4(7530 7630 7631 7531)
4(7620 7621 7631 7630)
4(7522 7532 7632 7622)
4(1567 1688 7632 7532)
4(1689 7622 7632 1688)
4(7523 7533 7633 7623)
4(7532 7632 7633 7533)
4(7622 7623 7633 7632)
4(7524 7534 7634 7624)
4(7533 7633 7634 7534)
4(7623 7624 7634 7633)
4(7525 7535 7635 7625)
4(7534 7634 7635 7535)
4(7624 7625 7635 7634)
4(7526 7536 7636 7626)
4(7535 7635 7636 7536)
4(7625 7626 7636 7635)
4(7527 7537 7637 7627)
4(7536 7636 7637 7537)
4(7626 7627 7637 7636)
4(7528 7538 7638 7628)
4(7537 7637 7638 7538)
4(7627 7628 7638 7637)
4(7529 7539 7639 7629)
4(7538 7638 7639 7539)
4(7628 7629 7639 7638)
4(7530 7540 7640 7630)
4(7539 7639 7640 7540)
4(7629 7630 7640 7639)
4(7540 7640 7641 7541)
4(7630 7631 7641 7640)
4(7532 7542 7642 7632)
4(1566 1687 7642 7542)
4(1688 7632 7642 1687)
4(7533 7543 7643 7633)
4(7542 7642 7643 7543)
4(7632 7633 7643 7642)
4(7534 7544 7644 7634)
4(7543 7643 7644 7544)
4(7633 7634 7644 7643)
4(7535 7545 7645 7635)
4(7544 7644 7645 7545)
4(7634 7635 7645 7644)
4(7536 7546 7646 7636)
4(7545 7645 7646 7546)
4(7635 7636 7646 7645)
4(7537 7547 7647 7637)
4(7546 7646 7647 7547)
4(7636 7637 7647 7646)
4(7538 7548 7648 7638)
4(7547 7647 7648 7548)
4(7637 7638 7648 7647)
4(7539 7549 7649 7639)
4(7548 7648 7649 7549)
4(7638 7639 7649 7648)
4(7540 7550 7650 7640)
4(7549 7649 7650 7550)
4(7639 7640 7650 7649)
4(7550 7650 7651 7551)
4(7640 7641 7651 7650)
4(7542 7552 7652 7642)
4(1565 1686 7652 7552)
4(1687 7642 7652 1686)
4(7543 7553 7653 7643)
4(7552 7652 7653 7553)
4(7642 7643 7653 7652)
4(7544 7554 7654 7644)
4(7553 7653 7654 7554)
4(7643 7644 7654 7653)
4(7545 7555 7655 7645)
4(7554 7654 7655 7555)
4(7644 7645 7655 7654)
4(7546 7556 7656 7646)
4(7555 7655 7656 7556)
4(7645 7646 7656 7655)
4(7547 7557 7657 7647)
4(7556 7656 7657 7557)
4(7646 7647 7657 7656)
4(7548 7558 7658 7648)
4(7557 7657 7658 7558)
4(7647 7648 7658 7657)
4(7549 7559 7659 7649)
4(7558 7658 7659 7559)
4(7648 7649 7659 7658)
4(7550 7560 7660 7650)
4(7559 7659 7660 7560)
4(7649 7650 7660 7659)
4(7560 7660 7661 7561)
4(7650 7651 7661 7660)
4(7552 7562 7662 7652)
4(1564 1685 7662 7562)
4(1686 7652 7662 1685)
4(7553 7563 7663 7653)
4(7562 7662 7663 7563)
4(7652 7653 7663 7662)
4(7554 7564 7664 7654)
4(7563 7663 7664 7564)
4(7653 7654 7664 7663)
4(7555 7565 7665 7655)
4(7564 7664 7665 7565)
4(7654 7655 7665 7664)
4(7556 7566 7666 7656)
4(7565 7665 7666 7566)
4(7655 7656 7666 7665)
4(7557 7567 7667 7657)
4(7566 7666 7667 7567)
4(7656 7657 7667 7666)
4(7558 7568 7668 7658)
4(7567 7667 7668 7568)
4(7657 7658 7668 7667)
4(7559 7569 7669 7659)
4(7568 7668 7669 7569)
4(7658 7659 7669 7668)
4(7560 7570 7670 7660)
4(7569 7669 7670 7570)
4(7659 7660 7670 7669)
4(7570 7670 7671 7571)
4(7660 7661 7671 7670)
4(7562 7572 7672 7662)
4(1563 1684 7672 7572)
4(1685 7662 7672 1684)
4(7563 7573 7673 7663)
4(7572 7672 7673 7573)
4(7662 7663 7673 7672)
4(7564 7574 7674 7664)
4(7573 7673 7674 7574)
4(7663 7664 7674 7673)
4(7565 7575 7675 7665)
4(7574 7674 7675 7575)
4(7664 7665 7675 7674)
4(7566 7576 7676 7666)
4(7575 7675 7676 7576)
4(7665 7666 7676 7675)
4(7567 7577 7677 7667)
4(7576 7676 7677 7577)
4(7666 7667 7677 7676)
4(7568 7578 7678 7668)
4(7577 7677 7678 7578)
4(7667 7668 7678 7677)
4(7569 7579 7679 7669)
4(7578 7678 7679 7579)
4(7668 7669 7679 7678)
4(7570 7580 7680 7670)
4(7579 7679 7680 7580)
4(7669 7670 7680 7679)
4(7580 7680 7681 7581)
4(7670 7671 7681 7680)
4(7572 7582 7682 7672)
4(1684 7672 7682 1683)
4(1562 1683 7682 7582)
4(7573 7583 7683 7673)
4(7672 7673 7683 7682)
4(7582 7682 7683 7583)
4(7574 7584 7684 7674)
4(7673 7674 7684 7683)
4(7583 7683 7684 7584)
4(7575 7585 7685 7675)
4(7674 7675 7685 7684)
4(7584 7684 7685 7585)
4(7576 7586 7686 7676)
4(7675 7676 7686 7685)
4(7585 7685 7686 7586)
4(7577 7587 7687 7677)
4(7676 7677 7687 7686)
4(7586 7686 7687 7587)
4(7578 7588 7688 7678)
4(7677 7678 7688 7687)
4(7587 7687 7688 7588)
4(7579 7589 7689 7679)
4(7678 7679 7689 7688)
4(7588 7688 7689 7589)
4(7580 7590 7690 7680)
4(7679 7680 7690 7689)
4(7589 7689 7690 7590)
4(7680 7681 7691 7690)
4(7590 7690 7691 7591)
4(6502 7592 7692 6612)
4(1692 1813 7692 7592)
4(1814 6612 7692 1813)
4(6503 7593 7693 6613)
4(7592 7692 7693 7593)
4(6612 6613 7693 7692)
4(6504 7594 7694 6614)
4(7593 7693 7694 7594)
4(6613 6614 7694 7693)
4(6505 7595 7695 6615)
4(7594 7694 7695 7595)
4(6614 6615 7695 7694)
4(6506 7596 7696 6616)
4(7595 7695 7696 7596)
4(6615 6616 7696 7695)
4(6507 7597 7697 6617)
4(7596 7696 7697 7597)
4(6616 6617 7697 7696)
4(6508 7598 7698 6618)
4(7597 7697 7698 7598)
4(6617 6618 7698 7697)
4(6509 7599 7699 6619)
4(7598 7698 7699 7599)
4(6618 6619 7699 7698)
4(6510 7600 7700 6620)
4(7599 7699 7700 7600)
4(6619 6620 7700 7699)
4(7600 7700 7701 7601)
4(6620 6621 7701 7700)
4(7592 7602 7702 7692)
4(1691 1812 7702 7602)
4(1813 7692 7702 1812)
4(7593 7603 7703 7693)
4(7602 7702 7703 7603)
4(7692 7693 7703 7702)
4(7594 7604 7704 7694)
4(7603 7703 7704 7604)
4(7693 7694 7704 7703)
4(7595 7605 7705 7695)
4(7604 7704 7705 7605)
4(7694 7695 7705 7704)
4(7596 7606 7706 7696)
4(7605 7705 7706 7606)
4(7695 7696 7706 7705)
4(7597 7607 7707 7697)
4(7606 7706 7707 7607)
4(7696 7697 7707 7706)
4(7598 7608 7708 7698)
4(7607 7707 7708 7608)
4(7697 7698 7708 7707)
4(7599 7609 7709 7699)
4(7608 7708 7709 7609)
4(7698 7699 7709 7708)
4(7600 7610 7710 7700)
4(7609 7709 7710 7610)
4(7699 7700 7710 7709)
4(7610 7710 7711 7611)
4(7700 7701 7711 7710)
4(7602 7612 7712 7702)
4(1690 1811 7712 7612)
4(1812 7702 7712 1811)
4(7603 7613 7713 7703)
4(7612 7712 7713 7613)
4(7702 7703 7713 7712)
4(7604 7614 7714 7704)
4(7613 7713 7714 7614)
4(7703 7704 7714 7713)
4(7605 7615 7715 7705)
4(7614 7714 7715 7615)
4(7704 7705 7715 7714)
4(7606 7616 7716 7706)
4(7615 7715 7716 7616)
4(7705 7706 7716 7715)
4(7607 7617 7717 7707)
4(7616 7716 7717 7617)
4(7706 7707 7717 7716)
4(7608 7618 7718 7708)
4(7617 7717 7718 7618)
4(7707 7708 7718 7717)
4(7609 7619 7719 7709)
4(7618 7718 7719 7619)
4(7708 7709 7719 7718)
4(7610 7620 7720 7710)
4(7619 7719 7720 7620)
4(7709 7710 7720 7719)
4(7620 7720 7721 7621)
4(7710 7711 7721 7720)
4(7612 7622 7722 7712)
4(1689 1810 7722 7622)
4(1811 7712 7722 1810)
4(7613 7623 7723 7713)
4(7622 7722 7723 7623)
4(7712 7713 7723 7722)
4(7614 7624 7724 7714)
4(7623 7723 7724 7624)
4(7713 7714 7724 7723)
4(7615 7625 7725 7715)
4(7624 7724 7725 7625)
4(7714 7715 7725 7724)
4(7616 7626 7726 7716)
4(7625 7725 7726 7626)
4(7715 7716 7726 7725)
4(7617 7627 7727 7717)
4(7626 7726 7727 7627)
4(7716 7717 7727 7726)
4(7618 7628 7728 7718)
4(7627 7727 7728 7628)
4(7717 7718 7728 7727)
4(7619 7629 7729 7719)
4(7628 7728 7729 7629)
4(7718 7719 7729 7728)
4(7620 7630 7730 7720)
4(7629 7729 7730 7630)
4(7719 7720 7730 7729)
4(7630 7730 7731 7631)
4(7720 7721 7731 7730)
4(7622 7632 7732 7722)
4(1688 1809 7732 7632)
4(1810 7722 7732 1809)
4(7623 7633 7733 7723)
4(7632 7732 7733 7633)
4(7722 7723 7733 7732)
4(7624 7634 7734 7724)
4(7633 7733 7734 7634)
4(7723 7724 7734 7733)
4(7625 7635 7735 7725)
4(7634 7734 7735 7635)
4(7724 7725 7735 7734)
4(7626 7636 7736 7726)
4(7635 7735 7736 7636)
4(7725 7726 7736 7735)
4(7627 7637 7737 7727)
4(7636 7736 7737 7637)
4(7726 7727 7737 7736)
4(7628 7638 7738 7728)
4(7637 7737 7738 7638)
4(7727 7728 7738 7737)
4(7629 7639 7739 7729)
4(7638 7738 7739 7639)
4(7728 7729 7739 7738)
4(7630 7640 7740 7730)
4(7639 7739 7740 7640)
4(7729 7730 7740 7739)
4(7640 7740 7741 7641)
4(7730 7731 7741 7740)
4(7632 7642 7742 7732)
4(1687 1808 7742 7642)
4(1809 7732 7742 1808)
4(7633 7643 7743 7733)
4(7642 7742 7743 7643)
4(7732 7733 7743 7742)
4(7634 7644 7744 7734)
4(7643 7743 7744 7644)
4(7733 7734 7744 7743)
4(7635 7645 7745 7735)
4(7644 7744 7745 7645)
4(7734 7735 7745 7744)
4(7636 7646 7746 7736)
4(7645 7745 7746 7646)
4(7735 7736 7746 7745)
4(7637 7647 7747 7737)
4(7646 7746 7747 7647)
4(7736 7737 7747 7746)
4(7638 7648 7748 7738)
4(7647 7747 7748 7648)
4(7737 7738 7748 7747)
4(7639 7649 7749 7739)
4(7648 7748 7749 7649)
4(7738 7739 7749 7748)
4(7640 7650 7750 7740)
4(7649 7749 7750 7650)
4(7739 7740 7750 7749)
4(7650 7750 7751 7651)
4(7740 7741 7751 7750)
4(7642 7652 7752 7742)
4(1686 1807 7752 7652)
4(1808 7742 7752 1807)
4(7643 7653 7753 7743)
4(7652 7752 7753 7653)
4(7742 7743 7753 7752)
4(7644 7654 7754 7744)
4(7653 7753 7754 7654)
4(7743 7744 7754 7753)
4(7645 7655 7755 7745)
4(7654 7754 7755 7655)
4(7744 7745 7755 7754)
4(7646 7656 7756 7746)
4(7655 7755 7756 7656)
4(7745 7746 7756 7755)
4(7647 7657 7757 7747)
4(7656 7756 7757 7657)
4(7746 7747 7757 7756)
4(7648 7658 7758 7748)
4(7657 7757 7758 7658)
4(7747 7748 7758 7757)
4(7649 7659 7759 7749)
4(7658 7758 7759 7659)
4(7748 7749 7759 7758)
4(7650 7660 7760 7750)
4(7659 7759 7760 7660)
4(7749 7750 7760 7759)
4(7660 7760 7761 7661)
4(7750 7751 7761 7760)
4(7652 7662 7762 7752)
4(1685 1806 7762 7662)
4(1807 7752 7762 1806)
4(7653 7663 7763 7753)
4(7662 7762 7763 7663)
4(7752 7753 7763 7762)
4(7654 7664 7764 7754)
4(7663 7763 7764 7664)
4(7753 7754 7764 7763)
4(7655 7665 7765 7755)
4(7664 7764 7765 7665)
4(7754 7755 7765 7764)
4(7656 7666 7766 7756)
4(7665 7765 7766 7666)
4(7755 7756 7766 7765)
4(7657 7667 7767 7757)
4(7666 7766 7767 7667)
4(7756 7757 7767 7766)
4(7658 7668 7768 7758)
4(7667 7767 7768 7668)
4(7757 7758 7768 7767)
4(7659 7669 7769 7759)
4(7668 7768 7769 7669)
4(7758 7759 7769 7768)
4(7660 7670 7770 7760)
4(7669 7769 7770 7670)
4(7759 7760 7770 7769)
4(7670 7770 7771 7671)
4(7760 7761 7771 7770)
4(7662 7672 7772 7762)
4(1684 1805 7772 7672)
4(1806 7762 7772 1805)
4(7663 7673 7773 7763)
4(7672 7772 7773 7673)
4(7762 7763 7773 7772)
4(7664 7674 7774 7764)
4(7673 7773 7774 7674)
4(7763 7764 7774 7773)
4(7665 7675 7775 7765)
4(7674 7774 7775 7675)
4(7764 7765 7775 7774)
4(7666 7676 7776 7766)
4(7675 7775 7776 7676)
4(7765 7766 7776 7775)
4(7667 7677 7777 7767)
4(7676 7776 7777 7677)
4(7766 7767 7777 7776)
4(7668 7678 7778 7768)
4(7677 7777 7778 7678)
4(7767 7768 7778 7777)
4(7669 7679 7779 7769)
4(7678 7778 7779 7679)
4(7768 7769 7779 7778)
4(7670 7680 7780 7770)
4(7679 7779 7780 7680)
4(7769 7770 7780 7779)
4(7680 7780 7781 7681)
4(7770 7771 7781 7780)
4(7672 7682 7782 7772)
4(1805 7772 7782 1804)
4(1683 1804 7782 7682)
4(7673 7683 7783 7773)
4(7772 7773 7783 7782)
4(7682 7782 7783 7683)
4(7674 7684 7784 7774)
4(7773 7774 7784 7783)
4(7683 7783 7784 7684)
4(7675 7685 7785 7775)
4(7774 7775 7785 7784)
4(7684 7784 7785 7685)
4(7676 7686 7786 7776)
4(7775 7776 7786 7785)
4(7685 7785 7786 7686)
4(7677 7687 7787 7777)
4(7776 7777 7787 7786)
4(7686 7786 7787 7687)
4(7678 7688 7788 7778)
4(7777 7778 7788 7787)
4(7687 7787 7788 7688)
4(7679 7689 7789 7779)
4(7778 7779 7789 7788)
4(7688 7788 7789 7689)
4(7680 7690 7790 7780)
4(7779 7780 7790 7789)
4(7689 7789 7790 7690)
4(7780 7781 7791 7790)
4(7690 7790 7791 7691)
4(6612 7692 7792 6722)
4(1813 1934 7792 7692)
4(1935 6722 7792 1934)
4(6613 7693 7793 6723)
4(7692 7792 7793 7693)
4(6722 6723 7793 7792)
4(6614 7694 7794 6724)
4(7693 7793 7794 7694)
4(6723 6724 7794 7793)
4(6615 7695 7795 6725)
4(7694 7794 7795 7695)
4(6724 6725 7795 7794)
4(6616 7696 7796 6726)
4(7695 7795 7796 7696)
4(6725 6726 7796 7795)
4(6617 7697 7797 6727)
4(7696 7796 7797 7697)
4(6726 6727 7797 7796)
4(6618 7698 7798 6728)
4(7697 7797 7798 7698)
4(6727 6728 7798 7797)
4(6619 7699 7799 6729)
4(7698 7798 7799 7699)
4(6728 6729 7799 7798)
4(6620 7700 7800 6730)
4(7699 7799 7800 7700)
4(6729 6730 7800 7799)
4(7700 7800 7801 7701)
4(6730 6731 7801 7800)
4(7692 7702 7802 7792)
4(1812 1933 7802 7702)
4(1934 7792 7802 1933)
4(7693 7703 7803 7793)
4(7702 7802 7803 7703)
4(7792 7793 7803 7802)
4(7694 7704 7804 7794)
4(7703 7803 7804 7704)
4(7793 7794 7804 7803)
4(7695 7705 7805 7795)
4(7704 7804 7805 7705)
4(7794 7795 7805 7804)
4(7696 7706 7806 7796)
4(7705 7805 7806 7706)
4(7795 7796 7806 7805)
4(7697 7707 7807 7797)
4(7706 7806 7807 7707)
4(7796 7797 7807 7806)
4(7698 7708 7808 7798)
4(7707 7807 7808 7708)
4(7797 7798 7808 7807)
4(7699 7709 7809 7799)
4(7708 7808 7809 7709)
4(7798 7799 7809 7808)
4(7700 7710 7810 7800)
4(7709 7809 7810 7710)
4(7799 7800 7810 7809)
4(7710 7810 7811 7711)
4(7800 7801 7811 7810)
4(7702 7712 7812 7802)
4(1811 1932 7812 7712)
4(1933 7802 7812 1932)
4(7703 7713 7813 7803)
4(7712 7812 7813 7713)
4(7802 7803 7813 7812)
4(7704 7714 7814 7804)
4(7713 7813 7814 7714)
4(7803 7804 7814 7813)
4(7705 7715 7815 7805)
4(7714 7814 7815 7715)
4(7804 7805 7815 7814)
4(7706 7716 7816 7806)
4(7715 7815 7816 7716)
4(7805 7806 7816 7815)
4(7707 7717 7817 7807)
4(7716 7816 7817 7717)
4(7806 7807 7817 7816)
4(7708 7718 7818 7808)
4(7717 7817 7818 7718)
4(7807 7808 7818 7817)
4(7709 7719 7819 7809)
4(7718 7818 7819 7719)
4(7808 7809 7819 7818)
4(7710 7720 7820 7810)
4(7719 7819 7820 7720)
4(7809 7810 7820 7819)
4(7720 7820 7821 7721)
4(7810 7811 7821 7820)
4(7712 7722 7822 7812)
4(1810 1931 7822 7722)
4(1932 7812 7822 1931)
4(7713 7723 7823 7813)
4(7722 7822 7823 7723)
4(7812 7813 7823 7822)
4(7714 7724 7824 7814)
4(7723 7823 7824 7724)
4(7813 7814 7824 7823)
4(7715 7725 7825 7815)
4(7724 7824 7825 7725)
4(7814 7815 7825 7824)
4(7716 7726 7826 7816)
4(7725 7825 7826 7726)
4(7815 7816 7826 7825)
4(7717 7727 7827 7817)
4(7726 7826 7827 7727)
4(7816 7817 7827 7826)
4(7718 7728 7828 7818)
4(7727 7827 7828 7728)
4(7817 7818 7828 7827)
4(7719 7729 7829 7819)
4(7728 7828 7829 7729)
4(7818 7819 7829 7828)
4(7720 7730 7830 7820)
4(7729 7829 7830 7730)
4(7819 7820 7830 7829)
4(7730 7830 7831 7731)
4(7820 7821 7831 7830)
4(7722 7732 7832 7822)
4(1809 1930 7832 7732)
4(1931 7822 7832 1930)
4(7723 7733 7833 7823)
4(7732 7832 7833 7733)
4(7822 7823 7833 7832)
4(7724 7734 7834 7824)
4(7733 7833 7834 7734)
4(7823 7824 7834 7833)
4(7725 7735 7835 7825)
4(7734 7834 7835 7735)
4(7824 7825 7835 7834)
4(7726 7736 7836 7826)
4(7735 7835 7836 7736)
4(7825 7826 7836 7835)
4(7727 7737 7837 7827)
4(7736 7836 7837 7737)
4(7826 7827 7837 7836)
4(7728 7738 7838 7828)
4(7737 7837 7838 7738)
4(7827 7828 7838 7837)
4(7729 7739 7839 7829)
4(7738 7838 7839 7739)
4(7828 7829 7839 7838)
4(7730 7740 7840 7830)
4(7739 7839 7840 7740)
4(7829 7830 7840 7839)
4(7740 7840 7841 7741)
4(7830 7831 7841 7840)
4(7732 7742 7842 7832)
4(1808 1929 7842 7742)
4(1930 7832 7842 1929)
4(7733 7743 7843 7833)
4(7742 7842 7843 7743)
4(7832 7833 7843 7842)
4(7734 7744 7844 7834)
4(7743 7843 7844 7744)
4(7833 7834 7844 7843)
4(7735 7745 7845 7835)
4(7744 7844 7845 7745)
4(7834 7835 7845 7844)
4(7736 7746 7846 7836)
4(7745 7845 7846 7746)
4(7835 7836 7846 7845)
4(7737 7747 7847 7837)
4(7746 7846 7847 7747)
4(7836 7837 7847 7846)
4(7738 7748 7848 7838)
4(7747 7847 7848 7748)
4(7837 7838 7848 7847)
4(7739 7749 7849 7839)
4(7748 7848 7849 7749)
4(7838 7839 7849 7848)
4(7740 7750 7850 7840)
4(7749 7849 7850 7750)
4(7839 7840 7850 7849)
4(7750 7850 7851 7751)
4(7840 7841 7851 7850)
4(7742 7752 7852 7842)
4(1807 1928 7852 7752)
4(1929 7842 7852 1928)
4(7743 7753 7853 7843)
4(7752 7852 7853 7753)
4(7842 7843 7853 7852)
4(7744 7754 7854 7844)
4(7753 7853 7854 7754)
4(7843 7844 7854 7853)
4(7745 7755 7855 7845)
4(7754 7854 7855 7755)
4(7844 7845 7855 7854)
4(7746 7756 7856 7846)
4(7755 7855 7856 7756)
4(7845 7846 7856 7855)
4(7747 7757 7857 7847)
4(7756 7856 7857 7757)
4(7846 7847 7857 7856)
4(7748 7758 7858 7848)
4(7757 7857 7858 7758)
4(7847 7848 7858 7857)
4(7749 7759 7859 7849)
4(7758 7858 7859 7759)
4(7848 7849 7859 7858)
4(7750 7760 7860 7850)
4(7759 7859 7860 7760)
4(7849 7850 7860 7859)
4(7760 7860 7861 7761)
4(7850 7851 7861 7860)
4(7752 7762 7862 7852)
4(1806 1927 7862 7762)
4(1928 7852 7862 1927)
4(7753 7763 7863 7853)
4(7762 7862 7863 7763)
4(7852 7853 7863 7862)
4(7754 7764 7864 7854)
4(7763 7863 7864 7764)
4(7853 7854 7864 7863)
4(7755 7765 7865 7855)
4(7764 7864 7865 7765)
4(7854 7855 7865 7864)
4(7756 7766 7866 7856)
4(7765 7865 7866 7766)
4(7855 7856 7866 7865)
4(7757 7767 7867 7857)
4(7766 7866 7867 7767)
4(7856 7857 7867 7866)
4(7758 7768 7868 7858)
4(7767 7867 7868 7768)
4(7857 7858 7868 7867)
4(7759 7769 7869 7859)
4(7768 7868 7869 7769)
4(7858 7859 7869 7868)
4(7760 7770 7870 7860)
4(7769 7869 7870 7770)
4(7859 7860 7870 7869)
4(7770 7870 7871 7771)
4(7860 7861 7871 7870)
4(7762 7772 7872 7862)
4(1805 1926 7872 7772)
4(1927 7862 7872 1926)
4(7763 7773 7873 7863)
4(7772 7872 7873 7773)
4(7862 7863 7873 7872)
4(7764 7774 7874 7864)
4(7773 7873 7874 7774)
4(7863 7864 7874 7873)
4(7765 7775 7875 7865)
4(7774 7874 7875 7775)
4(7864 7865 7875 7874)
4(7766 7776 7876 7866)
4(7775 7875 7876 7776)
4(7865 7866 7876 7875)
4(7767 7777 7877 7867)
4(7776 7876 7877 7777)
4(7866 7867 7877 7876)
4(7768 7778 7878 7868)
4(7777 7877 7878 7778)
4(7867 7868 7878 7877)
4(7769 7779 7879 7869)
4(7778 7878 7879 7779)
4(7868 7869 7879 7878)
4(7770 7780 7880 7870)
4(7779 7879 7880 7780)
4(7869 7870 7880 7879)
4(7780 7880 7881 7781)
4(7870 7871 7881 7880)
4(7772 7782 7882 7872)
4(1926 7872 7882 1925)
4(1804 1925 7882 7782)
4(7773 7783 7883 7873)
4(7872 7873 7883 7882)
4(7782 7882 7883 7783)
4(7774 7784 7884 7874)
4(7873 7874 7884 7883)
4(7783 7883 7884 7784)
4(7775 7785 7885 7875)
4(7874 7875 7885 7884)
4(7784 7884 7885 7785)
4(7776 7786 7886 7876)
4(7875 7876 7886 7885)
4(7785 7885 7886 7786)
4(7777 7787 7887 7877)
4(7876 7877 7887 7886)
4(7786 7886 7887 7787)
4(7778 7788 7888 7878)
4(7877 7878 7888 7887)
4(7787 7887 7888 7788)
4(7779 7789 7889 7879)
4(7878 7879 7889 7888)
4(7788 7888 7889 7789)
4(7780 7790 7890 7880)
4(7879 7880 7890 7889)
4(7789 7889 7890 7790)
4(7880 7881 7891 7890)
4(7790 7890 7891 7791)
4(6722 7792 7892 6832)
4(1934 2055 7892 7792)
4(2056 6832 7892 2055)
4(6723 7793 7893 6833)
4(7792 7892 7893 7793)
4(6832 6833 7893 7892)
4(6724 7794 7894 6834)
4(7793 7893 7894 7794)
4(6833 6834 7894 7893)
4(6725 7795 7895 6835)
4(7794 7894 7895 7795)
4(6834 6835 7895 7894)
4(6726 7796 7896 6836)
4(7795 7895 7896 7796)
4(6835 6836 7896 7895)
4(6727 7797 7897 6837)
4(7796 7896 7897 7797)
4(6836 6837 7897 7896)
4(6728 7798 7898 6838)
4(7797 7897 7898 7798)
4(6837 6838 7898 7897)
4(6729 7799 7899 6839)
4(7798 7898 7899 7799)
4(6838 6839 7899 7898)
4(6730 7800 7900 6840)
4(7799 7899 7900 7800)
4(6839 6840 7900 7899)
4(7800 7900 7901 7801)
4(6840 6841 7901 7900)
4(7792 7802 7902 7892)
4(1933 2054 7902 7802)
4(2055 7892 7902 2054)
4(7793 7803 7903 7893)
4(7802 7902 7903 7803)
4(7892 7893 7903 7902)
4(7794 7804 7904 7894)
4(7803 7903 7904 7804)
4(7893 7894 7904 7903)
4(7795 7805 7905 7895)
4(7804 7904 7905 7805)
4(7894 7895 7905 7904)
4(7796 7806 7906 7896)
4(7805 7905 7906 7806)
4(7895 7896 7906 7905)
4(7797 7807 7907 7897)
4(7806 7906 7907 7807)
4(7896 7897 7907 7906)
4(7798 7808 7908 7898)
4(7807 7907 7908 7808)
4(7897 7898 7908 7907)
4(7799 7809 7909 7899)
4(7808 7908 7909 7809)
4(7898 7899 7909 7908)
4(7800 7810 7910 7900)
4(7809 7909 7910 7810)
4(7899 7900 7910 7909)
4(7810 7910 7911 7811)
4(7900 7901 7911 7910)
4(7802 7812 7912 7902)
4(1932 2053 7912 7812)
4(2054 7902 7912 2053)
4(7803 7813 7913 7903)
4(7812 7912 7913 7813)
4(7902 7903 7913 7912)
4(7804 7814 7914 7904)
4(7813 7913 7914 7814)
4(7903 7904 7914 7913)
4(7805 7815 7915 7905)
4(7814 7914 7915 7815)
4(7904 7905 7915 7914)
4(7806 7816 7916 7906)
4(7815 7915 7916 7816)
4(7905 7906 7916 7915)
4(7807 7817 7917 7907)
4(7816 7916 7917 7817)
4(7906 7907 7917 7916)
4(7808 7818 7918 7908)
4(7817 7917 7918 7818)
4(7907 7908 7918 7917)
4(7809 7819 7919 7909)
4(7818 7918 7919 7819)
4(7908 7909 7919 7918)
4(7810 7820 7920 7910)
4(7819 7919 7920 7820)
4(7909 7910 7920 7919)
4(7820 7920 7921 7821)
4(7910 7911 7921 7920)
4(7812 7822 7922 7912)
4(1931 2052 7922 7822)
4(2053 7912 7922 2052)
4(7813 7823 7923 7913)
4(7822 7922 7923 7823)
4(7912 7913 7923 7922)
4(7814 7824 7924 7914)
4(7823 7923 7924 7824)
4(7913 7914 7924 7923)
4(7815 7825 7925 7915)
4(7824 7924 7925 7825)
4(7914 7915 7925 7924)
4(7816 7826 7926 7916)
4(7825 7925 7926 7826)
4(7915 7916 7926 7925)
4(7817 7827 7927 7917)
4(7826 7926 7927 7827)
4(7916 7917 7927 7926)
4(7818 7828 7928 7918)
4(7827 7927 7928 7828)
4(7917 7918 7928 7927)
4(7819 7829 7929 7919)
4(7828 7928 7929 7829)
4(7918 7919 7929 7928)
4(7820 7830 7930 7920)
4(7829 7929 7930 7830)
4(7919 7920 7930 7929)
4(7830 7930 7931 7831)
4(7920 7921 7931 7930)
4(7822 7832 7932 7922)
4(1930 2051 7932 7832)
4(2052 7922 7932 2051)
4(7823 7833 7933 7923)
4(7832 7932 7933 7833)
4(7922 7923 7933 7932)
4(7824 7834 7934 7924)
4(7833 7933 7934 7834)
4(7923 7924 7934 7933)
4(7825 7835 7935 7925)
4(7834 7934 7935 7835)
4(7924 7925 7935 7934)
4(7826 7836 7936 7926)
4(7835 7935 7936 7836)
4(7925 7926 7936 7935)
4(7827 7837 7937 7927)
4(7836 7936 7937 7837)
4(7926 7927 7937 7936)
4(7828 7838 7938 7928)
4(7837 7937 7938 7838)
4(7927 7928 7938 7937)
4(7829 7839 7939 7929)
4(7838 7938 7939 7839)
4(7928 7929 7939 7938)
4(7830 7840 7940 7930)
4(7839 7939 7940 7840)
4(7929 7930 7940 7939)
4(7840 7940 7941 7841)
4(7930 7931 7941 7940)
4(7832 7842 7942 7932)
4(1929 2050 7942 7842)
4(2051 7932 7942 2050)
4(7833 7843 7943 7933)
4(7842 7942 7943 7843)
4(7932 7933 7943 7942)
4(7834 7844 7944 7934)
4(7843 7943 7944 7844)
4(7933 7934 7944 7943)
4(7835 7845 7945 7935)
4(7844 7944 7945 7845)
4(7934 7935 7945 7944)
4(7836 7846 7946 7936)
4(7845 7945 7946 7846)
4(7935 7936 7946 7945)
4(7837 7847 7947 7937)
4(7846 7946 7947 7847)
4(7936 7937 7947 7946)
4(7838 7848 7948 7938)
4(7847 7947 7948 7848)
4(7937 7938 7948 7947)
4(7839 7849 7949 7939)
4(7848 7948 7949 7849)
4(7938 7939 7949 7948)
4(7840 7850 7950 7940)
4(7849 7949 7950 7850)
4(7939 7940 7950 7949)
4(7850 7950 7951 7851)
4(7940 7941 7951 7950)
4(7842 7852 7952 7942)
4(1928 2049 7952 7852)
4(2050 7942 7952 2049)
4(7843 7853 7953 7943)
4(7852 7952 7953 7853)
4(7942 7943 7953 7952)
4(7844 7854 7954 7944)
4(7853 7953 7954 7854)
4(7943 7944 7954 7953)
4(7845 7855 7955 7945)
4(7854 7954 7955 7855)
4(7944 7945 7955 7954)
4(7846 7856 7956 7946)
4(7855 7955 7956 7856)
4(7945 7946 7956 7955)
4(7847 7857 7957 7947)
4(7856 7956 7957 7857)
4(7946 7947 7957 7956)
4(7848 7858 7958 7948)
4(7857 7957 7958 7858)
4(7947 7948 7958 7957)
4(7849 7859 7959 7949)
4(7858 7958 7959 7859)
4(7948 7949 7959 7958)
4(7850 7860 7960 7950)
4(7859 7959 7960 7860)
4(7949 7950 7960 7959)
4(7860 7960 7961 7861)
4(7950 7951 7961 7960)
4(7852 7862 7962 7952)
4(1927 2048 7962 7862)
4(2049 7952 7962 2048)
4(7853 7863 7963 7953)
4(7862 7962 7963 7863)
4(7952 7953 7963 7962)
4(7854 7864 7964 7954)
4(7863 7963 7964 7864)
4(7953 7954 7964 7963)
4(7855 7865 7965 7955)
4(7864 7964 7965 7865)
4(7954 7955 7965 7964)
4(7856 7866 7966 7956)
4(7865 7965 7966 7866)
4(7955 7956 7966 7965)
4(7857 7867 7967 7957)
4(7866 7966 7967 7867)
4(7956 7957 7967 7966)
4(7858 7868 7968 7958)
4(7867 7967 7968 7868)
4(7957 7958 7968 7967)
4(7859 7869 7969 7959)
4(7868 7968 7969 7869)
4(7958 7959 7969 7968)
4(7860 7870 7970 7960)
4(7869 7969 7970 7870)
4(7959 7960 7970 7969)
4(7870 7970 7971 7871)
4(7960 7961 7971 7970)
4(7862 7872 7972 7962)
4(1926 2047 7972 7872)
4(2048 7962 7972 2047)
4(7863 7873 7973 7963)
4(7872 7972 7973 7873)
4(7962 7963 7973 7972)
4(7864 7874 7974 7964)
4(7873 7973 7974 7874)
4(7963 7964 7974 7973)
4(7865 7875 7975 7965)
4(7874 7974 7975 7875)
4(7964 7965 7975 7974)
4(7866 7876 7976 7966)
4(7875 7975 7976 7876)
4(7965 7966 7976 7975)
4(7867 7877 7977 7967)
4(7876 7976 7977 7877)
4(7966 7967 7977 7976)
4(7868 7878 7978 7968)
4(7877 7977 7978 7878)
4(7967 7968 7978 7977)
4(7869 7879 7979 7969)
4(7878 7978 7979 7879)
4(7968 7969 7979 7978)
4(7870 7880 7980 7970)
4(7879 7979 7980 7880)
4(7969 7970 7980 7979)
4(7880 7980 7981 7881)
4(7970 7971 7981 7980)
4(7872 7882 7982 7972)
4(2047 7972 7982 2046)
4(1925 2046 7982 7882)
4(7873 7883 7983 7973)
4(7972 7973 7983 7982)
4(7882 7982 7983 7883)
4(7874 7884 7984 7974)
4(7973 7974 7984 7983)
4(7883 7983 7984 7884)
4(7875 7885 7985 7975)
4(7974 7975 7985 7984)
4(7884 7984 7985 7885)
4(7876 7886 7986 7976)
4(7975 7976 7986 7985)
4(7885 7985 7986 7886)
4(7877 7887 7987 7977)
4(7976 7977 7987 7986)
4(7886 7986 7987 7887)
4(7878 7888 7988 7978)
4(7977 7978 7988 7987)
4(7887 7987 7988 7888)
4(7879 7889 7989 7979)
4(7978 7979 7989 7988)
4(7888 7988 7989 7889)
4(7880 7890 7990 7980)
4(7979 7980 7990 7989)
4(7889 7989 7990 7890)
4(7980 7981 7991 7990)
4(7890 7990 7991 7891)
4(6832 7892 7992 6942)
4(2055 2176 7992 7892)
4(2177 6942 7992 2176)
4(6833 7893 7993 6943)
4(7892 7992 7993 7893)
4(6942 6943 7993 7992)
4(6834 7894 7994 6944)
4(7893 7993 7994 7894)
4(6943 6944 7994 7993)
4(6835 7895 7995 6945)
4(7894 7994 7995 7895)
4(6944 6945 7995 7994)
4(6836 7896 7996 6946)
4(7895 7995 7996 7896)
4(6945 6946 7996 7995)
4(6837 7897 7997 6947)
4(7896 7996 7997 7897)
4(6946 6947 7997 7996)
4(6838 7898 7998 6948)
4(7897 7997 7998 7898)
4(6947 6948 7998 7997)
4(6839 7899 7999 6949)
4(7898 7998 7999 7899)
4(6948 6949 7999 7998)
4(6840 7900 8000 6950)
4(7899 7999 8000 7900)
4(6949 6950 8000 7999)
4(7900 8000 8001 7901)
4(6950 6951 8001 8000)
4(7892 7902 8002 7992)
4(2054 2175 8002 7902)
4(2176 7992 8002 2175)
4(7893 7903 8003 7993)
4(7902 8002 8003 7903)
4(7992 7993 8003 8002)
4(7894 7904 8004 7994)
4(7903 8003 8004 7904)
4(7993 7994 8004 8003)
4(7895 7905 8005 7995)
4(7904 8004 8005 7905)
4(7994 7995 8005 8004)
4(7896 7906 8006 7996)
4(7905 8005 8006 7906)
4(7995 7996 8006 8005)
4(7897 7907 8007 7997)
4(7906 8006 8007 7907)
4(7996 7997 8007 8006)
4(7898 7908 8008 7998)
4(7907 8007 8008 7908)
4(7997 7998 8008 8007)
4(7899 7909 8009 7999)
4(7908 8008 8009 7909)
4(7998 7999 8009 8008)
4(7900 7910 8010 8000)
4(7909 8009 8010 7910)
4(7999 8000 8010 8009)
4(7910 8010 8011 7911)
4(8000 8001 8011 8010)
4(7902 7912 8012 8002)
4(2053 2174 8012 7912)
4(2175 8002 8012 2174)
4(7903 7913 8013 8003)
4(7912 8012 8013 7913)
4(8002 8003 8013 8012)
4(7904 7914 8014 8004)
4(7913 8013 8014 7914)
4(8003 8004 8014 8013)
4(7905 7915 8015 8005)
4(7914 8014 8015 7915)
4(8004 8005 8015 8014)
4(7906 7916 8016 8006)
4(7915 8015 8016 7916)
4(8005 8006 8016 8015)
4(7907 7917 8017 8007)
4(7916 8016 8017 7917)
4(8006 8007 8017 8016)
4(7908 7918 8018 8008)
4(7917 8017 8018 7918)
4(8007 8008 8018 8017)
4(7909 7919 8019 8009)
4(7918 8018 8019 7919)
4(8008 8009 8019 8018)
4(7910 7920 8020 8010)
4(7919 8019 8020 7920)
4(8009 8010 8020 8019)
4(7920 8020 8021 7921)
4(8010 8011 8021 8020)
4(7912 7922 8022 8012)
4(2052 2173 8022 7922)
4(2174 8012 8022 2173)
4(7913 7923 8023 8013)
4(7922 8022 8023 7923)
4(8012 8013 8023 8022)
4(7914 7924 8024 8014)
4(7923 8023 8024 7924)
4(8013 8014 8024 8023)
4(7915 7925 8025 8015)
4(7924 8024 8025 7925)
4(8014 8015 8025 8024)
4(7916 7926 8026 8016)
4(7925 8025 8026 7926)
4(8015 8016 8026 8025)
4(7917 7927 8027 8017)
4(7926 8026 8027 7927)
4(8016 8017 8027 8026)
4(7918 7928 8028 8018)
4(7927 8027 8028 7928)
4(8017 8018 8028 8027)
4(7919 7929 8029 8019)
4(7928 8028 8029 7929)
4(8018 8019 8029 8028)
4(7920 7930 8030 8020)
4(7929 8029 8030 7930)
4(8019 8020 8030 8029)
4(7930 8030 8031 7931)
4(8020 8021 8031 8030)
4(7922 7932 8032 8022)
4(2051 2172 8032 7932)
4(2173 8022 8032 2172)
4(7923 7933 8033 8023)
4(7932 8032 8033 7933)
4(8022 8023 8033 8032)
4(7924 7934 8034 8024)
4(7933 8033 8034 7934)
4(8023 8024 8034 8033)
4(7925 7935 8035 8025)
4(7934 8034 8035 7935)
4(8024 8025 8035 8034)
4(7926 7936 8036 8026)
4(7935 8035 8036 7936)
4(8025 8026 8036 8035)
4(7927 7937 8037 8027)
4(7936 8036 8037 7937)
4(8026 8027 8037 8036)
4(7928 7938 8038 8028)
4(7937 8037 8038 7938)
4(8027 8028 8038 8037)
4(7929 7939 8039 8029)
4(7938 8038 8039 7939)
4(8028 8029 8039 8038)
4(7930 7940 8040 8030)
4(7939 8039 8040 7940)
4(8029 8030 8040 8039)
4(7940 8040 8041 7941)
4(8030 8031 8041 8040)
4(7932 7942 8042 8032)
4(2050 2171 8042 7942)
4(2172 8032 8042 2171)
4(7933 7943 8043 8033)
4(7942 8042 8043 7943)
4(8032 8033 8043 8042)
4(7934 7944 8044 8034)
4(7943 8043 8044 7944)
4(8033 8034 8044 8043)
4(7935 7945 8045 8035)
4(7944 8044 8045 7945)
4(8034 8035 8045 8044)
4(7936 7946 8046 8036)
4(7945 8045 8046 7946)
4(8035 8036 8046 8045)
4(7937 7947 8047 8037)
4(7946 8046 8047 7947)
4(8036 8037 8047 8046)
4(7938 7948 8048 8038)
4(7947 8047 8048 7948)
4(8037 8038 8048 8047)
4(7939 7949 8049 8039)
4(7948 8048 8049 7949)
4(8038 8039 8049 8048)
4(7940 7950 8050 8040)
4(7949 8049 8050 7950)
4(8039 8040 8050 8049)
4(7950 8050 8051 7951)
4(8040 8041 8051 8050)
4(7942 7952 8052 8042)
4(2049 2170 8052 7952)
4(2171 8042 8052 2170)
4(7943 7953 8053 8043)
4(7952 8052 8053 7953)
4(8042 8043 8053 8052)
4(7944 7954 8054 8044)
4(7953 8053 8054 7954)
4(8043 8044 8054 8053)
4(7945 7955 8055 8045)
4(7954 8054 8055 7955)
4(8044 8045 8055 8054)
4(7946 7956 8056 8046)
4(7955 8055 8056 7956)
4(8045 8046 8056 8055)
4(7947 7957 8057 8047)
4(7956 8056 8057 7957)
4(8046 8047 8057 8056)
4(7948 7958 8058 8048)
4(7957 8057 8058 7958)
4(8047 8048 8058 8057)
4(7949 7959 8059 8049)
4(7958 8058 8059 7959)
4(8048 8049 8059 8058)
4(7950 7960 8060 8050)
4(7959 8059 8060 7960)
4(8049 8050 8060 8059)
4(7960 8060 8061 7961)
4(8050 8051 8061 8060)
4(7952 7962 8062 8052)
4(2048 2169 8062 7962)
4(2170 8052 8062 2169)
4(7953 7963 8063 8053)
4(7962 8062 8063 7963)
4(8052 8053 8063 8062)
4(7954 7964 8064 8054)
4(7963 8063 8064 7964)
4(8053 8054 8064 8063)
4(7955 7965 8065 8055)
4(7964 8064 8065 7965)
4(8054 8055 8065 8064)
4(7956 7966 8066 8056)
4(7965 8065 8066 7966)
4(8055 8056 8066 8065)
4(7957 7967 8067 8057)
4(7966 8066 8067 7967)
4(8056 8057 8067 8066)
4(7958 7968 8068 8058)
4(7967 8067 8068 7968)
4(8057 8058 8068 8067)
4(7959 7969 8069 8059)
4(7968 8068 8069 7969)
4(8058 8059 8069 8068)
4(7960 7970 8070 8060)
4(7969 8069 8070 7970)
4(8059 8060 8070 8069)
4(7970 8070 8071 7971)
4(8060 8061 8071 8070)
4(7962 7972 8072 8062)
4(2047 2168 8072 7972)
4(2169 8062 8072 2168)
4(7963 7973 8073 8063)
4(7972 8072 8073 7973)
4(8062 8063 8073 8072)
4(7964 7974 8074 8064)
4(7973 8073 8074 7974)
4(8063 8064 8074 8073)
4(7965 7975 8075 8065)
4(7974 8074 8075 7975)
4(8064 8065 8075 8074)
4(7966 7976 8076 8066)
4(7975 8075 8076 7976)
4(8065 8066 8076 8075)
4(7967 7977 8077 8067)
4(7976 8076 8077 7977)
4(8066 8067 8077 8076)
4(7968 7978 8078 8068)
4(7977 8077 8078 7978)
4(8067 8068 8078 8077)
4(7969 7979 8079 8069)
4(7978 8078 8079 7979)
4(8068 8069 8079 8078)
4(7970 7980 8080 8070)
4(7979 8079 8080 7980)
4(8069 8070 8080 8079)
4(7980 8080 8081 7981)
4(8070 8071 8081 8080)
4(7972 7982 8082 8072)
4(2168 8072 8082 2167)
4(2046 2167 8082 7982)
4(7973 7983 8083 8073)
4(8072 8073 8083 8082)
4(7982 8082 8083 7983)
4(7974 7984 8084 8074)
4(8073 8074 8084 8083)
4(7983 8083 8084 7984)
4(7975 7985 8085 8075)
4(8074 8075 8085 8084)
4(7984 8084 8085 7985)
4(7976 7986 8086 8076)
4(8075 8076 8086 8085)
4(7985 8085 8086 7986)
4(7977 7987 8087 8077)
4(8076 8077 8087 8086)
4(7986 8086 8087 7987)
4(7978 7988 8088 8078)
4(8077 8078 8088 8087)
4(7987 8087 8088 7988)
4(7979 7989 8089 8079)
4(8078 8079 8089 8088)
4(7988 8088 8089 7989)
4(7980 7990 8090 8080)
4(8079 8080 8090 8089)
4(7989 8089 8090 7990)
4(8080 8081 8091 8090)
4(7990 8090 8091 7991)
4(6942 7992 8092 7052)
4(2176 2297 8092 7992)
4(2298 7052 8092 2297)
4(6943 7993 8093 7053)
4(7992 8092 8093 7993)
4(7052 7053 8093 8092)
4(6944 7994 8094 7054)
4(7993 8093 8094 7994)
4(7053 7054 8094 8093)
4(6945 7995 8095 7055)
4(7994 8094 8095 7995)
4(7054 7055 8095 8094)
4(6946 7996 8096 7056)
4(7995 8095 8096 7996)
4(7055 7056 8096 8095)
4(6947 7997 8097 7057)
4(7996 8096 8097 7997)
4(7056 7057 8097 8096)
4(6948 7998 8098 7058)
4(7997 8097 8098 7998)
4(7057 7058 8098 8097)
4(6949 7999 8099 7059)
4(7998 8098 8099 7999)
4(7058 7059 8099 8098)
4(6950 8000 8100 7060)
4(7999 8099 8100 8000)
4(7059 7060 8100 8099)
4(8000 8100 8101 8001)
4(7060 7061 8101 8100)
4(7992 8002 8102 8092)
4(2175 2296 8102 8002)
4(2297 8092 8102 2296)
4(7993 8003 8103 8093)
4(8002 8102 8103 8003)
4(8092 8093 8103 8102)
4(7994 8004 8104 8094)
4(8003 8103 8104 8004)
4(8093 8094 8104 8103)
4(7995 8005 8105 8095)
4(8004 8104 8105 8005)
4(8094 8095 8105 8104)
4(7996 8006 8106 8096)
4(8005 8105 8106 8006)
4(8095 8096 8106 8105)
4(7997 8007 8107 8097)
4(8006 8106 8107 8007)
4(8096 8097 8107 8106)
4(7998 8008 8108 8098)
4(8007 8107 8108 8008)
4(8097 8098 8108 8107)
4(7999 8009 8109 8099)
4(8008 8108 8109 8009)
4(8098 8099 8109 8108)
4(8000 8010 8110 8100)
4(8009 8109 8110 8010)
4(8099 8100 8110 8109)
4(8010 8110 8111 8011)
4(8100 8101 8111 8110)
4(8002 8012 8112 8102)
4(2174 2295 8112 8012)
4(2296 8102 8112 2295)
4(8003 8013 8113 8103)
4(8012 8112 8113 8013)
4(8102 8103 8113 8112)
4(8004 8014 8114 8104)
4(8013 8113 8114 8014)
4(8103 8104 8114 8113)
4(8005 8015 8115 8105)
4(8014 8114 8115 8015)
4(8104 8105 8115 8114)
4(8006 8016 8116 8106)
4(8015 8115 8116 8016)
4(8105 8106 8116 8115)
4(8007 8017 8117 8107)
4(8016 8116 8117 8017)
4(8106 8107 8117 8116)
4(8008 8018 8118 8108)
4(8017 8117 8118 8018)
4(8107 8108 8118 8117)
4(8009 8019 8119 8109)
4(8018 8118 8119 8019)
4(8108 8109 8119 8118)
4(8010 8020 8120 8110)
4(8019 8119 8120 8020)
4(8109 8110 8120 8119)
4(8020 8120 8121 8021)
4(8110 8111 8121 8120)
4(8012 8022 8122 8112)
4(2173 2294 8122 8022)
4(2295 8112 8122 2294)
4(8013 8023 8123 8113)
4(8022 8122 8123 8023)
4(8112 8113 8123 8122)
4(8014 8024 8124 8114)
4(8023 8123 8124 8024)
4(8113 8114 8124 8123)
4(8015 8025 8125 8115)
4(8024 8124 8125 8025)
4(8114 8115 8125 8124)
4(8016 8026 8126 8116)
4(8025 8125 8126 8026)
4(8115 8116 8126 8125)
4(8017 8027 8127 8117)
4(8026 8126 8127 8027)
4(8116 8117 8127 8126)
4(8018 8028 8128 8118)
4(8027 8127 8128 8028)
4(8117 8118 8128 8127)
4(8019 8029 8129 8119)
4(8028 8128 8129 8029)
4(8118 8119 8129 8128)
4(8020 8030 8130 8120)
4(8029 8129 8130 8030)
4(8119 8120 8130 8129)
4(8030 8130 8131 8031)
4(8120 8121 8131 8130)
4(8022 8032 8132 8122)
4(2172 2293 8132 8032)
4(2294 8122 8132 2293)
4(8023 8033 8133 8123)
4(8032 8132 8133 8033)
4(8122 8123 8133 8132)
4(8024 8034 8134 8124)
4(8033 8133 8134 8034)
4(8123 8124 8134 8133)
4(8025 8035 8135 8125)
4(8034 8134 8135 8035)
4(8124 8125 8135 8134)
4(8026 8036 8136 8126)
4(8035 8135 8136 8036)
4(8125 8126 8136 8135)
4(8027 8037 8137 8127)
4(8036 8136 8137 8037)
4(8126 8127 8137 8136)
4(8028 8038 8138 8128)
4(8037 8137 8138 8038)
4(8127 8128 8138 8137)
4(8029 8039 8139 8129)
4(8038 8138 8139 8039)
4(8128 8129 8139 8138)
4(8030 8040 8140 8130)
4(8039 8139 8140 8040)
4(8129 8130 8140 8139)
4(8040 8140 8141 8041)
4(8130 8131 8141 8140)
4(8032 8042 8142 8132)
4(2171 2292 8142 8042)
4(2293 8132 8142 2292)
4(8033 8043 8143 8133)
4(8042 8142 8143 8043)
4(8132 8133 8143 8142)
4(8034 8044 8144 8134)
4(8043 8143 8144 8044)
4(8133 8134 8144 8143)
4(8035 8045 8145 8135)
4(8044 8144 8145 8045)
4(8134 8135 8145 8144)
4(8036 8046 8146 8136)
4(8045 8145 8146 8046)
4(8135 8136 8146 8145)
4(8037 8047 8147 8137)
4(8046 8146 8147 8047)
4(8136 8137 8147 8146)
4(8038 8048 8148 8138)
4(8047 8147 8148 8048)
4(8137 8138 8148 8147)
4(8039 8049 8149 8139)
4(8048 8148 8149 8049)
4(8138 8139 8149 8148)
4(8040 8050 8150 8140)
4(8049 8149 8150 8050)
4(8139 8140 8150 8149)
4(8050 8150 8151 8051)
4(8140 8141 8151 8150)
4(8042 8052 8152 8142)
4(2170 2291 8152 8052)
4(2292 8142 8152 2291)
4(8043 8053 8153 8143)
4(8052 8152 8153 8053)
4(8142 8143 8153 8152)
4(8044 8054 8154 8144)
4(8053 8153 8154 8054)
4(8143 8144 8154 8153)
4(8045 8055 8155 8145)
4(8054 8154 8155 8055)
4(8144 8145 8155 8154)
4(8046 8056 8156 8146)
4(8055 8155 8156 8056)
4(8145 8146 8156 8155)
4(8047 8057 8157 8147)
4(8056 8156 8157 8057)
4(8146 8147 8157 8156)
4(8048 8058 8158 8148)
4(8057 8157 8158 8058)
4(8147 8148 8158 8157)
4(8049 8059 8159 8149)
4(8058 8158 8159 8059)
4(8148 8149 8159 8158)
4(8050 8060 8160 8150)
4(8059 8159 8160 8060)
4(8149 8150 8160 8159)
4(8060 8160 8161 8061)
4(8150 8151 8161 8160)
4(8052 8062 8162 8152)
4(2169 2290 8162 8062)
4(2291 8152 8162 2290)
4(8053 8063 8163 8153)
4(8062 8162 8163 8063)
4(8152 8153 8163 8162)
4(8054 8064 8164 8154)
4(8063 8163 8164 8064)
4(8153 8154 8164 8163)
4(8055 8065 8165 8155)
4(8064 8164 8165 8065)
4(8154 8155 8165 8164)
4(8056 8066 8166 8156)
4(8065 8165 8166 8066)
4(8155 8156 8166 8165)
4(8057 8067 8167 8157)
4(8066 8166 8167 8067)
4(8156 8157 8167 8166)
4(8058 8068 8168 8158)
4(8067 8167 8168 8068)
4(8157 8158 8168 8167)
4(8059 8069 8169 8159)
4(8068 8168 8169 8069)
4(8158 8159 8169 8168)
4(8060 8070 8170 8160)
4(8069 8169 8170 8070)
4(8159 8160 8170 8169)
4(8070 8170 8171 8071)
4(8160 8161 8171 8170)
4(8062 8072 8172 8162)
4(2168 2289 8172 8072)
4(2290 8162 8172 2289)
4(8063 8073 8173 8163)
4(8072 8172 8173 8073)
4(8162 8163 8173 8172)
4(8064 8074 8174 8164)
4(8073 8173 8174 8074)
4(8163 8164 8174 8173)
4(8065 8075 8175 8165)
4(8074 8174 8175 8075)
4(8164 8165 8175 8174)
4(8066 8076 8176 8166)
4(8075 8175 8176 8076)
4(8165 8166 8176 8175)
4(8067 8077 8177 8167)
4(8076 8176 8177 8077)
4(8166 8167 8177 8176)
4(8068 8078 8178 8168)
4(8077 8177 8178 8078)
4(8167 8168 8178 8177)
4(8069 8079 8179 8169)
4(8078 8178 8179 8079)
4(8168 8169 8179 8178)
4(8070 8080 8180 8170)
4(8079 8179 8180 8080)
4(8169 8170 8180 8179)
4(8080 8180 8181 8081)
4(8170 8171 8181 8180)
4(8072 8082 8182 8172)
4(2289 8172 8182 2288)
4(2167 2288 8182 8082)
4(8073 8083 8183 8173)
4(8172 8173 8183 8182)
4(8082 8182 8183 8083)
4(8074 8084 8184 8174)
4(8173 8174 8184 8183)
4(8083 8183 8184 8084)
4(8075 8085 8185 8175)
4(8174 8175 8185 8184)
4(8084 8184 8185 8085)
4(8076 8086 8186 8176)
4(8175 8176 8186 8185)
4(8085 8185 8186 8086)
4(8077 8087 8187 8177)
4(8176 8177 8187 8186)
4(8086 8186 8187 8087)
4(8078 8088 8188 8178)
4(8177 8178 8188 8187)
4(8087 8187 8188 8088)
4(8079 8089 8189 8179)
4(8178 8179 8189 8188)
4(8088 8188 8189 8089)
4(8080 8090 8190 8180)
4(8179 8180 8190 8189)
4(8089 8189 8190 8090)
4(8180 8181 8191 8190)
4(8090 8190 8191 8091)
4(7052 8092 8192 7162)
4(2297 2418 8192 8092)
4(2419 7162 8192 2418)
4(7053 8093 8193 7163)
4(8092 8192 8193 8093)
4(7162 7163 8193 8192)
4(7054 8094 8194 7164)
4(8093 8193 8194 8094)
4(7163 7164 8194 8193)
4(7055 8095 8195 7165)
4(8094 8194 8195 8095)
4(7164 7165 8195 8194)
4(7056 8096 8196 7166)
4(8095 8195 8196 8096)
4(7165 7166 8196 8195)
4(7057 8097 8197 7167)
4(8096 8196 8197 8097)
4(7166 7167 8197 8196)
4(7058 8098 8198 7168)
4(8097 8197 8198 8098)
4(7167 7168 8198 8197)
4(7059 8099 8199 7169)
4(8098 8198 8199 8099)
4(7168 7169 8199 8198)
4(7060 8100 8200 7170)
4(8099 8199 8200 8100)
4(7169 7170 8200 8199)
4(8100 8200 8201 8101)
4(7170 7171 8201 8200)
4(8092 8102 8202 8192)
4(2296 2417 8202 8102)
4(2418 8192 8202 2417)
4(8093 8103 8203 8193)
4(8102 8202 8203 8103)
4(8192 8193 8203 8202)
4(8094 8104 8204 8194)
4(8103 8203 8204 8104)
4(8193 8194 8204 8203)
4(8095 8105 8205 8195)
4(8104 8204 8205 8105)
4(8194 8195 8205 8204)
4(8096 8106 8206 8196)
4(8105 8205 8206 8106)
4(8195 8196 8206 8205)
4(8097 8107 8207 8197)
4(8106 8206 8207 8107)
4(8196 8197 8207 8206)
4(8098 8108 8208 8198)
4(8107 8207 8208 8108)
4(8197 8198 8208 8207)
4(8099 8109 8209 8199)
4(8108 8208 8209 8109)
4(8198 8199 8209 8208)
4(8100 8110 8210 8200)
4(8109 8209 8210 8110)
4(8199 8200 8210 8209)
4(8110 8210 8211 8111)
4(8200 8201 8211 8210)
4(8102 8112 8212 8202)
4(2295 2416 8212 8112)
4(2417 8202 8212 2416)
4(8103 8113 8213 8203)
4(8112 8212 8213 8113)
4(8202 8203 8213 8212)
4(8104 8114 8214 8204)
4(8113 8213 8214 8114)
4(8203 8204 8214 8213)
4(8105 8115 8215 8205)
4(8114 8214 8215 8115)
4(8204 8205 8215 8214)
4(8106 8116 8216 8206)
4(8115 8215 8216 8116)
4(8205 8206 8216 8215)
4(8107 8117 8217 8207)
4(8116 8216 8217 8117)
4(8206 8207 8217 8216)
4(8108 8118 8218 8208)
4(8117 8217 8218 8118)
4(8207 8208 8218 8217)
4(8109 8119 8219 8209)
4(8118 8218 8219 8119)
4(8208 8209 8219 8218)
4(8110 8120 8220 8210)
4(8119 8219 8220 8120)
4(8209 8210 8220 8219)
4(8120 8220 8221 8121)
4(8210 8211 8221 8220)
4(8112 8122 8222 8212)
4(2294 2415 8222 8122)
4(2416 8212 8222 2415)
4(8113 8123 8223 8213)
4(8122 8222 8223 8123)
4(8212 8213 8223 8222)
4(8114 8124 8224 8214)
4(8123 8223 8224 8124)
4(8213 8214 8224 8223)
4(8115 8125 8225 8215)
4(8124 8224 8225 8125)
4(8214 8215 8225 8224)
4(8116 8126 8226 8216)
4(8125 8225 8226 8126)
4(8215 8216 8226 8225)
4(8117 8127 8227 8217)
4(8126 8226 8227 8127)
4(8216 8217 8227 8226)
4(8118 8128 8228 8218)
4(8127 8227 8228 8128)
4(8217 8218 8228 8227)
4(8119 8129 8229 8219)
4(8128 8228 8229 8129)
4(8218 8219 8229 8228)
4(8120 8130 8230 8220)
4(8129 8229 8230 8130)
4(8219 8220 8230 8229)
4(8130 8230 8231 8131)
4(8220 8221 8231 8230)
4(8122 8132 8232 8222)
4(2293 2414 8232 8132)
4(2415 8222 8232 2414)
4(8123 8133 8233 8223)
4(8132 8232 8233 8133)
4(8222 8223 8233 8232)
4(8124 8134 8234 8224)
4(8133 8233 8234 8134)
4(8223 8224 8234 8233)
4(8125 8135 8235 8225)
4(8134 8234 8235 8135)
4(8224 8225 8235 8234)
4(8126 8136 8236 8226)
4(8135 8235 8236 8136)
4(8225 8226 8236 8235)
4(8127 8137 8237 8227)
4(8136 8236 8237 8137)
4(8226 8227 8237 8236)
4(8128 8138 8238 8228)
4(8137 8237 8238 8138)
4(8227 8228 8238 8237)
4(8129 8139 8239 8229)
4(8138 8238 8239 8139)
4(8228 8229 8239 8238)
4(8130 8140 8240 8230)
4(8139 8239 8240 8140)
4(8229 8230 8240 8239)
4(8140 8240 8241 8141)
4(8230 8231 8241 8240)
4(8132 8142 8242 8232)
4(2292 2413 8242 8142)
4(2414 8232 8242 2413)
4(8133 8143 8243 8233)
4(8142 8242 8243 8143)
4(8232 8233 8243 8242)
4(8134 8144 8244 8234)
4(8143 8243 8244 8144)
4(8233 8234 8244 8243)
4(8135 8145 8245 8235)
4(8144 8244 8245 8145)
4(8234 8235 8245 8244)
4(8136 8146 8246 8236)
4(8145 8245 8246 8146)
4(8235 8236 8246 8245)
4(8137 8147 8247 8237)
4(8146 8246 8247 8147)
4(8236 8237 8247 8246)
4(8138 8148 8248 8238)
4(8147 8247 8248 8148)
4(8237 8238 8248 8247)
4(8139 8149 8249 8239)
4(8148 8248 8249 8149)
4(8238 8239 8249 8248)
4(8140 8150 8250 8240)
4(8149 8249 8250 8150)
4(8239 8240 8250 8249)
4(8150 8250 8251 8151)
4(8240 8241 8251 8250)
4(8142 8152 8252 8242)
4(2291 2412 8252 8152)
4(2413 8242 8252 2412)
4(8143 8153 8253 8243)
4(8152 8252 8253 8153)
4(8242 8243 8253 8252)
4(8144 8154 8254 8244)
4(8153 8253 8254 8154)
4(8243 8244 8254 8253)
4(8145 8155 8255 8245)
4(8154 8254 8255 8155)
4(8244 8245 8255 8254)
4(8146 8156 8256 8246)
4(8155 8255 8256 8156)
4(8245 8246 8256 8255)
4(8147 8157 8257 8247)
4(8156 8256 8257 8157)
4(8246 8247 8257 8256)
4(8148 8158 8258 8248)
4(8157 8257 8258 8158)
4(8247 8248 8258 8257)
4(8149 8159 8259 8249)
4(8158 8258 8259 8159)
4(8248 8249 8259 8258)
4(8150 8160 8260 8250)
4(8159 8259 8260 8160)
4(8249 8250 8260 8259)
4(8160 8260 8261 8161)
4(8250 8251 8261 8260)
4(8152 8162 8262 8252)
4(2290 2411 8262 8162)
4(2412 8252 8262 2411)
4(8153 8163 8263 8253)
4(8162 8262 8263 8163)
4(8252 8253 8263 8262)
4(8154 8164 8264 8254)
4(8163 8263 8264 8164)
4(8253 8254 8264 8263)
4(8155 8165 8265 8255)
4(8164 8264 8265 8165)
4(8254 8255 8265 8264)
4(8156 8166 8266 8256)
4(8165 8265 8266 8166)
4(8255 8256 8266 8265)
4(8157 8167 8267 8257)
4(8166 8266 8267 8167)
4(8256 8257 8267 8266)
4(8158 8168 8268 8258)
4(8167 8267 8268 8168)
4(8257 8258 8268 8267)
4(8159 8169 8269 8259)
4(8168 8268 8269 8169)
4(8258 8259 8269 8268)
4(8160 8170 8270 8260)
4(8169 8269 8270 8170)
4(8259 8260 8270 8269)
4(8170 8270 8271 8171)
4(8260 8261 8271 8270)
4(8162 8172 8272 8262)
4(2289 2410 8272 8172)
4(2411 8262 8272 2410)
4(8163 8173 8273 8263)
4(8172 8272 8273 8173)
4(8262 8263 8273 8272)
4(8164 8174 8274 8264)
4(8173 8273 8274 8174)
4(8263 8264 8274 8273)
4(8165 8175 8275 8265)
4(8174 8274 8275 8175)
4(8264 8265 8275 8274)
4(8166 8176 8276 8266)
4(8175 8275 8276 8176)
4(8265 8266 8276 8275)
4(8167 8177 8277 8267)
4(8176 8276 8277 8177)
4(8266 8267 8277 8276)
4(8168 8178 8278 8268)
4(8177 8277 8278 8178)
4(8267 8268 8278 8277)
4(8169 8179 8279 8269)
4(8178 8278 8279 8179)
4(8268 8269 8279 8278)
4(8170 8180 8280 8270)
4(8179 8279 8280 8180)
4(8269 8270 8280 8279)
4(8180 8280 8281 8181)
4(8270 8271 8281 8280)
4(8172 8182 8282 8272)
4(2410 8272 8282 2409)
4(2288 2409 8282 8182)
4(8173 8183 8283 8273)
4(8272 8273 8283 8282)
4(8182 8282 8283 8183)
4(8174 8184 8284 8274)
4(8273 8274 8284 8283)
4(8183 8283 8284 8184)
4(8175 8185 8285 8275)
4(8274 8275 8285 8284)
4(8184 8284 8285 8185)
4(8176 8186 8286 8276)
4(8275 8276 8286 8285)
4(8185 8285 8286 8186)
4(8177 8187 8287 8277)
4(8276 8277 8287 8286)
4(8186 8286 8287 8187)
4(8178 8188 8288 8278)
4(8277 8278 8288 8287)
4(8187 8287 8288 8188)
4(8179 8189 8289 8279)
4(8278 8279 8289 8288)
4(8188 8288 8289 8189)
4(8180 8190 8290 8280)
4(8279 8280 8290 8289)
4(8189 8289 8290 8190)
4(8280 8281 8291 8290)
4(8190 8290 8291 8191)
4(7162 8192 8292 7272)
4(2418 2539 8292 8192)
4(2540 7272 8292 2539)
4(7163 8193 8293 7273)
4(8192 8292 8293 8193)
4(7272 7273 8293 8292)
4(7164 8194 8294 7274)
4(8193 8293 8294 8194)
4(7273 7274 8294 8293)
4(7165 8195 8295 7275)
4(8194 8294 8295 8195)
4(7274 7275 8295 8294)
4(7166 8196 8296 7276)
4(8195 8295 8296 8196)
4(7275 7276 8296 8295)
4(7167 8197 8297 7277)
4(8196 8296 8297 8197)
4(7276 7277 8297 8296)
4(7168 8198 8298 7278)
4(8197 8297 8298 8198)
4(7277 7278 8298 8297)
4(7169 8199 8299 7279)
4(8198 8298 8299 8199)
4(7278 7279 8299 8298)
4(7170 8200 8300 7280)
4(8199 8299 8300 8200)
4(7279 7280 8300 8299)
4(8200 8300 8301 8201)
4(7280 7281 8301 8300)
4(8192 8202 8302 8292)
4(2417 2538 8302 8202)
4(2539 8292 8302 2538)
4(8193 8203 8303 8293)
4(8202 8302 8303 8203)
4(8292 8293 8303 8302)
4(8194 8204 8304 8294)
4(8203 8303 8304 8204)
4(8293 8294 8304 8303)
4(8195 8205 8305 8295)
4(8204 8304 8305 8205)
4(8294 8295 8305 8304)
4(8196 8206 8306 8296)
4(8205 8305 8306 8206)
4(8295 8296 8306 8305)
4(8197 8207 8307 8297)
4(8206 8306 8307 8207)
4(8296 8297 8307 8306)
4(8198 8208 8308 8298)
4(8207 8307 8308 8208)
4(8297 8298 8308 8307)
4(8199 8209 8309 8299)
4(8208 8308 8309 8209)
4(8298 8299 8309 8308)
4(8200 8210 8310 8300)
4(8209 8309 8310 8210)
4(8299 8300 8310 8309)
4(8210 8310 8311 8211)
4(8300 8301 8311 8310)
4(8202 8212 8312 8302)
4(2416 2537 8312 8212)
4(2538 8302 8312 2537)
4(8203 8213 8313 8303)
4(8212 8312 8313 8213)
4(8302 8303 8313 8312)
4(8204 8214 8314 8304)
4(8213 8313 8314 8214)
4(8303 8304 8314 8313)
4(8205 8215 8315 8305)
4(8214 8314 8315 8215)
4(8304 8305 8315 8314)
4(8206 8216 8316 8306)
4(8215 8315 8316 8216)
4(8305 8306 8316 8315)
4(8207 8217 8317 8307)
4(8216 8316 8317 8217)
4(8306 8307 8317 8316)
4(8208 8218 8318 8308)
4(8217 8317 8318 8218)
4(8307 8308 8318 8317)
4(8209 8219 8319 8309)
4(8218 8318 8319 8219)
4(8308 8309 8319 8318)
4(8210 8220 8320 8310)
4(8219 8319 8320 8220)
4(8309 8310 8320 8319)
4(8220 8320 8321 8221)
4(8310 8311 8321 8320)
4(8212 8222 8322 8312)
4(2415 2536 8322 8222)
4(2537 8312 8322 2536)
4(8213 8223 8323 8313)
4(8222 8322 8323 8223)
4(8312 8313 8323 8322)
4(8214 8224 8324 8314)
4(8223 8323 8324 8224)
4(8313 8314 8324 8323)
4(8215 8225 8325 8315)
4(8224 8324 8325 8225)
4(8314 8315 8325 8324)
4(8216 8226 8326 8316)
4(8225 8325 8326 8226)
4(8315 8316 8326 8325)
4(8217 8227 8327 8317)
4(8226 8326 8327 8227)
4(8316 8317 8327 8326)
4(8218 8228 8328 8318)
4(8227 8327 8328 8228)
4(8317 8318 8328 8327)
4(8219 8229 8329 8319)
4(8228 8328 8329 8229)
4(8318 8319 8329 8328)
4(8220 8230 8330 8320)
4(8229 8329 8330 8230)
4(8319 8320 8330 8329)
4(8230 8330 8331 8231)
4(8320 8321 8331 8330)
4(8222 8232 8332 8322)
4(2414 2535 8332 8232)
4(2536 8322 8332 2535)
4(8223 8233 8333 8323)
4(8232 8332 8333 8233)
4(8322 8323 8333 8332)
4(8224 8234 8334 8324)
4(8233 8333 8334 8234)
4(8323 8324 8334 8333)
4(8225 8235 8335 8325)
4(8234 8334 8335 8235)
4(8324 8325 8335 8334)
4(8226 8236 8336 8326)
4(8235 8335 8336 8236)
4(8325 8326 8336 8335)
4(8227 8237 8337 8327)
4(8236 8336 8337 8237)
4(8326 8327 8337 8336)
4(8228 8238 8338 8328)
4(8237 8337 8338 8238)
4(8327 8328 8338 8337)
4(8229 8239 8339 8329)
4(8238 8338 8339 8239)
4(8328 8329 8339 8338)
4(8230 8240 8340 8330)
4(8239 8339 8340 8240)
4(8329 8330 8340 8339)
4(8240 8340 8341 8241)
4(8330 8331 8341 8340)
4(8232 8242 8342 8332)
4(2413 2534 8342 8242)
4(2535 8332 8342 2534)
4(8233 8243 8343 8333)
4(8242 8342 8343 8243)
4(8332 8333 8343 8342)
4(8234 8244 8344 8334)
4(8243 8343 8344 8244)
4(8333 8334 8344 8343)
4(8235 8245 8345 8335)
4(8244 8344 8345 8245)
4(8334 8335 8345 8344)
4(8236 8246 8346 8336)
4(8245 8345 8346 8246)
4(8335 8336 8346 8345)
4(8237 8247 8347 8337)
4(8246 8346 8347 8247)
4(8336 8337 8347 8346)
4(8238 8248 8348 8338)
4(8247 8347 8348 8248)
4(8337 8338 8348 8347)
4(8239 8249 8349 8339)
4(8248 8348 8349 8249)
4(8338 8339 8349 8348)
4(8240 8250 8350 8340)
4(8249 8349 8350 8250)
4(8339 8340 8350 8349)
4(8250 8350 8351 8251)
4(8340 8341 8351 8350)
4(8242 8252 8352 8342)
4(2412 2533 8352 8252)
4(2534 8342 8352 2533)
4(8243 8253 8353 8343)
4(8252 8352 8353 8253)
4(8342 8343 8353 8352)
4(8244 8254 8354 8344)
4(8253 8353 8354 8254)
4(8343 8344 8354 8353)
4(8245 8255 8355 8345)
4(8254 8354 8355 8255)
4(8344 8345 8355 8354)
4(8246 8256 8356 8346)
4(8255 8355 8356 8256)
4(8345 8346 8356 8355)
4(8247 8257 8357 8347)
4(8256 8356 8357 8257)
4(8346 8347 8357 8356)
4(8248 8258 8358 8348)
4(8257 8357 8358 8258)
4(8347 8348 8358 8357)
4(8249 8259 8359 8349)
4(8258 8358 8359 8259)
4(8348 8349 8359 8358)
4(8250 8260 8360 8350)
4(8259 8359 8360 8260)
4(8349 8350 8360 8359)
4(8260 8360 8361 8261)
4(8350 8351 8361 8360)
4(8252 8262 8362 8352)
4(2411 2532 8362 8262)
4(2533 8352 8362 2532)
4(8253 8263 8363 8353)
4(8262 8362 8363 8263)
4(8352 8353 8363 8362)
4(8254 8264 8364 8354)
4(8263 8363 8364 8264)
4(8353 8354 8364 8363)
4(8255 8265 8365 8355)
4(8264 8364 8365 8265)
4(8354 8355 8365 8364)
4(8256 8266 8366 8356)
4(8265 8365 8366 8266)
4(8355 8356 8366 8365)
4(8257 8267 8367 8357)
4(8266 8366 8367 8267)
4(8356 8357 8367 8366)
4(8258 8268 8368 8358)
4(8267 8367 8368 8268)
4(8357 8358 8368 8367)
4(8259 8269 8369 8359)
4(8268 8368 8369 8269)
4(8358 8359 8369 8368)
4(8260 8270 8370 8360)
4(8269 8369 8370 8270)
4(8359 8360 8370 8369)
4(8270 8370 8371 8271)
4(8360 8361 8371 8370)
4(8262 8272 8372 8362)
4(2410 2531 8372 8272)
4(2532 8362 8372 2531)
4(8263 8273 8373 8363)
4(8272 8372 8373 8273)
4(8362 8363 8373 8372)
4(8264 8274 8374 8364)
4(8273 8373 8374 8274)
4(8363 8364 8374 8373)
4(8265 8275 8375 8365)
4(8274 8374 8375 8275)
4(8364 8365 8375 8374)
4(8266 8276 8376 8366)
4(8275 8375 8376 8276)
4(8365 8366 8376 8375)
4(8267 8277 8377 8367)
4(8276 8376 8377 8277)
4(8366 8367 8377 8376)
4(8268 8278 8378 8368)
4(8277 8377 8378 8278)
4(8367 8368 8378 8377)
4(8269 8279 8379 8369)
4(8278 8378 8379 8279)
4(8368 8369 8379 8378)
4(8270 8280 8380 8370)
4(8279 8379 8380 8280)
4(8369 8370 8380 8379)
4(8280 8380 8381 8281)
4(8370 8371 8381 8380)
4(8272 8282 8382 8372)
4(2531 8372 8382 2530)
4(2409 2530 8382 8282)
4(8273 8283 8383 8373)
4(8372 8373 8383 8382)
4(8282 8382 8383 8283)
4(8274 8284 8384 8374)
4(8373 8374 8384 8383)
4(8283 8383 8384 8284)
4(8275 8285 8385 8375)
4(8374 8375 8385 8384)
4(8284 8384 8385 8285)
4(8276 8286 8386 8376)
4(8375 8376 8386 8385)
4(8285 8385 8386 8286)
4(8277 8287 8387 8377)
4(8376 8377 8387 8386)
4(8286 8386 8387 8287)
4(8278 8288 8388 8378)
4(8377 8378 8388 8387)
4(8287 8387 8388 8288)
4(8279 8289 8389 8379)
4(8378 8379 8389 8388)
4(8288 8388 8389 8289)
4(8280 8290 8390 8380)
4(8379 8380 8390 8389)
4(8289 8389 8390 8290)
4(8380 8381 8391 8390)
4(8290 8390 8391 8291)
4(7272 8292 8392 7382)
4(2539 2660 8392 8292)
4(7273 8293 8393 7383)
4(8292 8392 8393 8293)
4(7274 8294 8394 7384)
4(8293 8393 8394 8294)
4(7275 8295 8395 7385)
4(8294 8394 8395 8295)
4(7276 8296 8396 7386)
4(8295 8395 8396 8296)
4(7277 8297 8397 7387)
4(8296 8396 8397 8297)
4(7278 8298 8398 7388)
4(8297 8397 8398 8298)
4(7279 8299 8399 7389)
4(8298 8398 8399 8299)
4(7280 8300 8400 7390)
4(8299 8399 8400 8300)
4(8300 8400 8401 8301)
4(8292 8302 8402 8392)
4(2538 2659 8402 8302)
4(8293 8303 8403 8393)
4(8302 8402 8403 8303)
4(8294 8304 8404 8394)
4(8303 8403 8404 8304)
4(8295 8305 8405 8395)
4(8304 8404 8405 8305)
4(8296 8306 8406 8396)
4(8305 8405 8406 8306)
4(8297 8307 8407 8397)
4(8306 8406 8407 8307)
4(8298 8308 8408 8398)
4(8307 8407 8408 8308)
4(8299 8309 8409 8399)
4(8308 8408 8409 8309)
4(8300 8310 8410 8400)
4(8309 8409 8410 8310)
4(8310 8410 8411 8311)
4(8302 8312 8412 8402)
4(2537 2658 8412 8312)
4(8303 8313 8413 8403)
4(8312 8412 8413 8313)
4(8304 8314 8414 8404)
4(8313 8413 8414 8314)
4(8305 8315 8415 8405)
4(8314 8414 8415 8315)
4(8306 8316 8416 8406)
4(8315 8415 8416 8316)
4(8307 8317 8417 8407)
4(8316 8416 8417 8317)
4(8308 8318 8418 8408)
4(8317 8417 8418 8318)
4(8309 8319 8419 8409)
4(8318 8418 8419 8319)
4(8310 8320 8420 8410)
4(8319 8419 8420 8320)
4(8320 8420 8421 8321)
4(8312 8322 8422 8412)
4(2536 2657 8422 8322)
4(8313 8323 8423 8413)
4(8322 8422 8423 8323)
4(8314 8324 8424 8414)
4(8323 8423 8424 8324)
4(8315 8325 8425 8415)
4(8324 8424 8425 8325)
4(8316 8326 8426 8416)
4(8325 8425 8426 8326)
4(8317 8327 8427 8417)
4(8326 8426 8427 8327)
4(8318 8328 8428 8418)
4(8327 8427 8428 8328)
4(8319 8329 8429 8419)
4(8328 8428 8429 8329)
4(8320 8330 8430 8420)
4(8329 8429 8430 8330)
4(8330 8430 8431 8331)
4(8322 8332 8432 8422)
4(2535 2656 8432 8332)
4(8323 8333 8433 8423)
4(8332 8432 8433 8333)
4(8324 8334 8434 8424)
4(8333 8433 8434 8334)
4(8325 8335 8435 8425)
4(8334 8434 8435 8335)
4(8326 8336 8436 8426)
4(8335 8435 8436 8336)
4(8327 8337 8437 8427)
4(8336 8436 8437 8337)
4(8328 8338 8438 8428)
4(8337 8437 8438 8338)
4(8329 8339 8439 8429)
4(8338 8438 8439 8339)
4(8330 8340 8440 8430)
4(8339 8439 8440 8340)
4(8340 8440 8441 8341)
4(8332 8342 8442 8432)
4(2534 2655 8442 8342)
4(8333 8343 8443 8433)
4(8342 8442 8443 8343)
4(8334 8344 8444 8434)
4(8343 8443 8444 8344)
4(8335 8345 8445 8435)
4(8344 8444 8445 8345)
4(8336 8346 8446 8436)
4(8345 8445 8446 8346)
4(8337 8347 8447 8437)
4(8346 8446 8447 8347)
4(8338 8348 8448 8438)
4(8347 8447 8448 8348)
4(8339 8349 8449 8439)
4(8348 8448 8449 8349)
4(8340 8350 8450 8440)
4(8349 8449 8450 8350)
4(8350 8450 8451 8351)
4(8342 8352 8452 8442)
4(2533 2654 8452 8352)
4(8343 8353 8453 8443)
4(8352 8452 8453 8353)
4(8344 8354 8454 8444)
4(8353 8453 8454 8354)
4(8345 8355 8455 8445)
4(8354 8454 8455 8355)
4(8346 8356 8456 8446)
4(8355 8455 8456 8356)
4(8347 8357 8457 8447)
4(8356 8456 8457 8357)
4(8348 8358 8458 8448)
4(8357 8457 8458 8358)
4(8349 8359 8459 8449)
4(8358 8458 8459 8359)
4(8350 8360 8460 8450)
4(8359 8459 8460 8360)
4(8360 8460 8461 8361)
4(8352 8362 8462 8452)
4(2532 2653 8462 8362)
4(8353 8363 8463 8453)
4(8362 8462 8463 8363)
4(8354 8364 8464 8454)
4(8363 8463 8464 8364)
4(8355 8365 8465 8455)
4(8364 8464 8465 8365)
4(8356 8366 8466 8456)
4(8365 8465 8466 8366)
4(8357 8367 8467 8457)
4(8366 8466 8467 8367)
4(8358 8368 8468 8458)
4(8367 8467 8468 8368)
4(8359 8369 8469 8459)
4(8368 8468 8469 8369)
4(8360 8370 8470 8460)
4(8369 8469 8470 8370)
4(8370 8470 8471 8371)
4(8362 8372 8472 8462)
4(2531 2652 8472 8372)
4(8363 8373 8473 8463)
4(8372 8472 8473 8373)
4(8364 8374 8474 8464)
4(8373 8473 8474 8374)
4(8365 8375 8475 8465)
4(8374 8474 8475 8375)
4(8366 8376 8476 8466)
4(8375 8475 8476 8376)
4(8367 8377 8477 8467)
4(8376 8476 8477 8377)
4(8368 8378 8478 8468)
4(8377 8477 8478 8378)
4(8369 8379 8479 8469)
4(8378 8478 8479 8379)
4(8370 8380 8480 8470)
4(8379 8479 8480 8380)
4(8380 8480 8481 8381)
4(8372 8382 8482 8472)
4(2530 2651 8482 8382)
4(8373 8383 8483 8473)
4(8382 8482 8483 8383)
4(8374 8384 8484 8474)
4(8383 8483 8484 8384)
4(8375 8385 8485 8475)
4(8384 8484 8485 8385)
4(8376 8386 8486 8476)
4(8385 8485 8486 8386)
4(8377 8387 8487 8477)
4(8386 8486 8487 8387)
4(8378 8388 8488 8478)
4(8387 8487 8488 8388)
4(8379 8389 8489 8479)
4(8388 8488 8489 8389)
4(8380 8390 8490 8480)
4(8389 8489 8490 8390)
4(8390 8490 8491 8391)
4(7482 8492 8592 7582)
4(2771 2881 8592 8492)
4(1562 7582 8592 2881)
4(7483 8493 8593 7583)
4(8492 8592 8593 8493)
4(7582 7583 8593 8592)
4(7484 8494 8594 7584)
4(8493 8593 8594 8494)
4(7583 7584 8594 8593)
4(7485 8495 8595 7585)
4(8494 8594 8595 8495)
4(7584 7585 8595 8594)
4(7486 8496 8596 7586)
4(8495 8595 8596 8496)
4(7585 7586 8596 8595)
4(7487 8497 8597 7587)
4(8496 8596 8597 8497)
4(7586 7587 8597 8596)
4(7488 8498 8598 7588)
4(8497 8597 8598 8498)
4(7587 7588 8598 8597)
4(7489 8499 8599 7589)
4(8498 8598 8599 8499)
4(7588 7589 8599 8598)
4(7490 8500 8600 7590)
4(8499 8599 8600 8500)
4(7589 7590 8600 8599)
4(8500 8600 8601 8501)
4(7590 7591 8601 8600)
4(8492 8502 8602 8592)
4(2770 2880 8602 8502)
4(2881 8592 8602 2880)
4(8493 8503 8603 8593)
4(8502 8602 8603 8503)
4(8592 8593 8603 8602)
4(8494 8504 8604 8594)
4(8503 8603 8604 8504)
4(8593 8594 8604 8603)
4(8495 8505 8605 8595)
4(8504 8604 8605 8505)
4(8594 8595 8605 8604)
4(8496 8506 8606 8596)
4(8505 8605 8606 8506)
4(8595 8596 8606 8605)
4(8497 8507 8607 8597)
4(8506 8606 8607 8507)
4(8596 8597 8607 8606)
4(8498 8508 8608 8598)
4(8507 8607 8608 8508)
4(8597 8598 8608 8607)
4(8499 8509 8609 8599)
4(8508 8608 8609 8509)
4(8598 8599 8609 8608)
4(8500 8510 8610 8600)
4(8509 8609 8610 8510)
4(8599 8600 8610 8609)
4(8510 8610 8611 8511)
4(8600 8601 8611 8610)
4(8502 8512 8612 8602)
4(2769 2879 8612 8512)
4(2880 8602 8612 2879)
4(8503 8513 8613 8603)
4(8512 8612 8613 8513)
4(8602 8603 8613 8612)
4(8504 8514 8614 8604)
4(8513 8613 8614 8514)
4(8603 8604 8614 8613)
4(8505 8515 8615 8605)
4(8514 8614 8615 8515)
4(8604 8605 8615 8614)
4(8506 8516 8616 8606)
4(8515 8615 8616 8516)
4(8605 8606 8616 8615)
4(8507 8517 8617 8607)
4(8516 8616 8617 8517)
4(8606 8607 8617 8616)
4(8508 8518 8618 8608)
4(8517 8617 8618 8518)
4(8607 8608 8618 8617)
4(8509 8519 8619 8609)
4(8518 8618 8619 8519)
4(8608 8609 8619 8618)
4(8510 8520 8620 8610)
4(8519 8619 8620 8520)
4(8609 8610 8620 8619)
4(8520 8620 8621 8521)
4(8610 8611 8621 8620)
4(8512 8522 8622 8612)
4(2768 2878 8622 8522)
4(2879 8612 8622 2878)
4(8513 8523 8623 8613)
4(8522 8622 8623 8523)
4(8612 8613 8623 8622)
4(8514 8524 8624 8614)
4(8523 8623 8624 8524)
4(8613 8614 8624 8623)
4(8515 8525 8625 8615)
4(8524 8624 8625 8525)
4(8614 8615 8625 8624)
4(8516 8526 8626 8616)
4(8525 8625 8626 8526)
4(8615 8616 8626 8625)
4(8517 8527 8627 8617)
4(8526 8626 8627 8527)
4(8616 8617 8627 8626)
4(8518 8528 8628 8618)
4(8527 8627 8628 8528)
4(8617 8618 8628 8627)
4(8519 8529 8629 8619)
4(8528 8628 8629 8529)
4(8618 8619 8629 8628)
4(8520 8530 8630 8620)
4(8529 8629 8630 8530)
4(8619 8620 8630 8629)
4(8530 8630 8631 8531)
4(8620 8621 8631 8630)
4(8522 8532 8632 8622)
4(2767 2877 8632 8532)
4(2878 8622 8632 2877)
4(8523 8533 8633 8623)
4(8532 8632 8633 8533)
4(8622 8623 8633 8632)
4(8524 8534 8634 8624)
4(8533 8633 8634 8534)
4(8623 8624 8634 8633)
4(8525 8535 8635 8625)
4(8534 8634 8635 8535)
4(8624 8625 8635 8634)
4(8526 8536 8636 8626)
4(8535 8635 8636 8536)
4(8625 8626 8636 8635)
4(8527 8537 8637 8627)
4(8536 8636 8637 8537)
4(8626 8627 8637 8636)
4(8528 8538 8638 8628)
4(8537 8637 8638 8538)
4(8627 8628 8638 8637)
4(8529 8539 8639 8629)
4(8538 8638 8639 8539)
4(8628 8629 8639 8638)
4(8530 8540 8640 8630)
4(8539 8639 8640 8540)
4(8629 8630 8640 8639)
4(8540 8640 8641 8541)
4(8630 8631 8641 8640)
4(8532 8542 8642 8632)
4(2766 2876 8642 8542)
4(2877 8632 8642 2876)
4(8533 8543 8643 8633)
4(8542 8642 8643 8543)
4(8632 8633 8643 8642)
4(8534 8544 8644 8634)
4(8543 8643 8644 8544)
4(8633 8634 8644 8643)
4(8535 8545 8645 8635)
4(8544 8644 8645 8545)
4(8634 8635 8645 8644)
4(8536 8546 8646 8636)
4(8545 8645 8646 8546)
4(8635 8636 8646 8645)
4(8537 8547 8647 8637)
4(8546 8646 8647 8547)
4(8636 8637 8647 8646)
4(8538 8548 8648 8638)
4(8547 8647 8648 8548)
4(8637 8638 8648 8647)
4(8539 8549 8649 8639)
4(8548 8648 8649 8549)
4(8638 8639 8649 8648)
4(8540 8550 8650 8640)
4(8549 8649 8650 8550)
4(8639 8640 8650 8649)
4(8550 8650 8651 8551)
4(8640 8641 8651 8650)
4(8542 8552 8652 8642)
4(2765 2875 8652 8552)
4(2876 8642 8652 2875)
4(8543 8553 8653 8643)
4(8552 8652 8653 8553)
4(8642 8643 8653 8652)
4(8544 8554 8654 8644)
4(8553 8653 8654 8554)
4(8643 8644 8654 8653)
4(8545 8555 8655 8645)
4(8554 8654 8655 8555)
4(8644 8645 8655 8654)
4(8546 8556 8656 8646)
4(8555 8655 8656 8556)
4(8645 8646 8656 8655)
4(8547 8557 8657 8647)
4(8556 8656 8657 8557)
4(8646 8647 8657 8656)
4(8548 8558 8658 8648)
4(8557 8657 8658 8558)
4(8647 8648 8658 8657)
4(8549 8559 8659 8649)
4(8558 8658 8659 8559)
4(8648 8649 8659 8658)
4(8550 8560 8660 8650)
4(8559 8659 8660 8560)
4(8649 8650 8660 8659)
4(8560 8660 8661 8561)
4(8650 8651 8661 8660)
4(8552 8562 8662 8652)
4(2764 2874 8662 8562)
4(2875 8652 8662 2874)
4(8553 8563 8663 8653)
4(8562 8662 8663 8563)
4(8652 8653 8663 8662)
4(8554 8564 8664 8654)
4(8563 8663 8664 8564)
4(8653 8654 8664 8663)
4(8555 8565 8665 8655)
4(8564 8664 8665 8565)
4(8654 8655 8665 8664)
4(8556 8566 8666 8656)
4(8565 8665 8666 8566)
4(8655 8656 8666 8665)
4(8557 8567 8667 8657)
4(8566 8666 8667 8567)
4(8656 8657 8667 8666)
4(8558 8568 8668 8658)
4(8567 8667 8668 8568)
4(8657 8658 8668 8667)
4(8559 8569 8669 8659)
4(8568 8668 8669 8569)
4(8658 8659 8669 8668)
4(8560 8570 8670 8660)
4(8569 8669 8670 8570)
4(8659 8660 8670 8669)
4(8570 8670 8671 8571)
4(8660 8661 8671 8670)
4(8562 8572 8672 8662)
4(2763 2873 8672 8572)
4(2874 8662 8672 2873)
4(8563 8573 8673 8663)
4(8572 8672 8673 8573)
4(8662 8663 8673 8672)
4(8564 8574 8674 8664)
4(8573 8673 8674 8574)
4(8663 8664 8674 8673)
4(8565 8575 8675 8665)
4(8574 8674 8675 8575)
4(8664 8665 8675 8674)
4(8566 8576 8676 8666)
4(8575 8675 8676 8576)
4(8665 8666 8676 8675)
4(8567 8577 8677 8667)
4(8576 8676 8677 8577)
4(8666 8667 8677 8676)
4(8568 8578 8678 8668)
4(8577 8677 8678 8578)
4(8667 8668 8678 8677)
4(8569 8579 8679 8669)
4(8578 8678 8679 8579)
4(8668 8669 8679 8678)
4(8570 8580 8680 8670)
4(8579 8679 8680 8580)
4(8669 8670 8680 8679)
4(8580 8680 8681 8581)
4(8670 8671 8681 8680)
4(8572 8582 8682 8672)
4(2873 8672 8682 2872)
4(2762 2872 8682 8582)
4(8573 8583 8683 8673)
4(8672 8673 8683 8682)
4(8582 8682 8683 8583)
4(8574 8584 8684 8674)
4(8673 8674 8684 8683)
4(8583 8683 8684 8584)
4(8575 8585 8685 8675)
4(8674 8675 8685 8684)
4(8584 8684 8685 8585)
4(8576 8586 8686 8676)
4(8675 8676 8686 8685)
4(8585 8685 8686 8586)
4(8577 8587 8687 8677)
4(8676 8677 8687 8686)
4(8586 8686 8687 8587)
4(8578 8588 8688 8678)
4(8677 8678 8688 8687)
4(8587 8687 8688 8588)
4(8579 8589 8689 8679)
4(8678 8679 8689 8688)
4(8588 8688 8689 8589)
4(8580 8590 8690 8680)
4(8679 8680 8690 8689)
4(8589 8689 8690 8590)
4(8680 8681 8691 8690)
4(8590 8690 8691 8591)
4(7582 8592 8692 7682)
4(2881 2991 8692 8592)
4(1683 7682 8692 2991)
4(7583 8593 8693 7683)
4(8592 8692 8693 8593)
4(7682 7683 8693 8692)
4(7584 8594 8694 7684)
4(8593 8693 8694 8594)
4(7683 7684 8694 8693)
4(7585 8595 8695 7685)
4(8594 8694 8695 8595)
4(7684 7685 8695 8694)
4(7586 8596 8696 7686)
4(8595 8695 8696 8596)
4(7685 7686 8696 8695)
4(7587 8597 8697 7687)
4(8596 8696 8697 8597)
4(7686 7687 8697 8696)
4(7588 8598 8698 7688)
4(8597 8697 8698 8598)
4(7687 7688 8698 8697)
4(7589 8599 8699 7689)
4(8598 8698 8699 8599)
4(7688 7689 8699 8698)
4(7590 8600 8700 7690)
4(8599 8699 8700 8600)
4(7689 7690 8700 8699)
4(8600 8700 8701 8601)
4(7690 7691 8701 8700)
4(8592 8602 8702 8692)
4(2880 2990 8702 8602)
4(2991 8692 8702 2990)
4(8593 8603 8703 8693)
4(8602 8702 8703 8603)
4(8692 8693 8703 8702)
4(8594 8604 8704 8694)
4(8603 8703 8704 8604)
4(8693 8694 8704 8703)
4(8595 8605 8705 8695)
4(8604 8704 8705 8605)
4(8694 8695 8705 8704)
4(8596 8606 8706 8696)
4(8605 8705 8706 8606)
4(8695 8696 8706 8705)
4(8597 8607 8707 8697)
4(8606 8706 8707 8607)
4(8696 8697 8707 8706)
4(8598 8608 8708 8698)
4(8607 8707 8708 8608)
4(8697 8698 8708 8707)
4(8599 8609 8709 8699)
4(8608 8708 8709 8609)
4(8698 8699 8709 8708)
4(8600 8610 8710 8700)
4(8609 8709 8710 8610)
4(8699 8700 8710 8709)
4(8610 8710 8711 8611)
4(8700 8701 8711 8710)
4(8602 8612 8712 8702)
4(2879 2989 8712 8612)
4(2990 8702 8712 2989)
4(8603 8613 8713 8703)
4(8612 8712 8713 8613)
4(8702 8703 8713 8712)
4(8604 8614 8714 8704)
4(8613 8713 8714 8614)
4(8703 8704 8714 8713)
4(8605 8615 8715 8705)
4(8614 8714 8715 8615)
4(8704 8705 8715 8714)
4(8606 8616 8716 8706)
4(8615 8715 8716 8616)
4(8705 8706 8716 8715)
4(8607 8617 8717 8707)
4(8616 8716 8717 8617)
4(8706 8707 8717 8716)
4(8608 8618 8718 8708)
4(8617 8717 8718 8618)
4(8707 8708 8718 8717)
4(8609 8619 8719 8709)
4(8618 8718 8719 8619)
4(8708 8709 8719 8718)
4(8610 8620 8720 8710)
4(8619 8719 8720 8620)
4(8709 8710 8720 8719)
4(8620 8720 8721 8621)
4(8710 8711 8721 8720)
4(8612 8622 8722 8712)
4(2878 2988 8722 8622)
4(2989 8712 8722 2988)
4(8613 8623 8723 8713)
4(8622 8722 8723 8623)
4(8712 8713 8723 8722)
4(8614 8624 8724 8714)
4(8623 8723 8724 8624)
4(8713 8714 8724 8723)
4(8615 8625 8725 8715)
4(8624 8724 8725 8625)
4(8714 8715 8725 8724)
4(8616 8626 8726 8716)
4(8625 8725 8726 8626)
4(8715 8716 8726 8725)
4(8617 8627 8727 8717)
4(8626 8726 8727 8627)
4(8716 8717 8727 8726)
4(8618 8628 8728 8718)
4(8627 8727 8728 8628)
4(8717 8718 8728 8727)
4(8619 8629 8729 8719)
4(8628 8728 8729 8629)
4(8718 8719 8729 8728)
4(8620 8630 8730 8720)
4(8629 8729 8730 8630)
4(8719 8720 8730 8729)
4(8630 8730 8731 8631)
4(8720 8721 8731 8730)
4(8622 8632 8732 8722)
4(2877 2987 8732 8632)
4(2988 8722 8732 2987)
4(8623 8633 8733 8723)
4(8632 8732 8733 8633)
4(8722 8723 8733 8732)
4(8624 8634 8734 8724)
4(8633 8733 8734 8634)
4(8723 8724 8734 8733)
4(8625 8635 8735 8725)
4(8634 8734 8735 8635)
4(8724 8725 8735 8734)
4(8626 8636 8736 8726)
4(8635 8735 8736 8636)
4(8725 8726 8736 8735)
4(8627 8637 8737 8727)
4(8636 8736 8737 8637)
4(8726 8727 8737 8736)
4(8628 8638 8738 8728)
4(8637 8737 8738 8638)
4(8727 8728 8738 8737)
4(8629 8639 8739 8729)
4(8638 8738 8739 8639)
4(8728 8729 8739 8738)
4(8630 8640 8740 8730)
4(8639 8739 8740 8640)
4(8729 8730 8740 8739)
4(8640 8740 8741 8641)
4(8730 8731 8741 8740)
4(8632 8642 8742 8732)
4(2876 2986 8742 8642)
4(2987 8732 8742 2986)
4(8633 8643 8743 8733)
4(8642 8742 8743 8643)
4(8732 8733 8743 8742)
4(8634 8644 8744 8734)
4(8643 8743 8744 8644)
4(8733 8734 8744 8743)
4(8635 8645 8745 8735)
4(8644 8744 8745 8645)
4(8734 8735 8745 8744)
4(8636 8646 8746 8736)
4(8645 8745 8746 8646)
4(8735 8736 8746 8745)
4(8637 8647 8747 8737)
4(8646 8746 8747 8647)
4(8736 8737 8747 8746)
4(8638 8648 8748 8738)
4(8647 8747 8748 8648)
4(8737 8738 8748 8747)
4(8639 8649 8749 8739)
4(8648 8748 8749 8649)
4(8738 8739 8749 8748)
4(8640 8650 8750 8740)
4(8649 8749 8750 8650)
4(8739 8740 8750 8749)
4(8650 8750 8751 8651)
4(8740 8741 8751 8750)
4(8642 8652 8752 8742)
4(2875 2985 8752 8652)
4(2986 8742 8752 2985)
4(8643 8653 8753 8743)
4(8652 8752 8753 8653)
4(8742 8743 8753 8752)
4(8644 8654 8754 8744)
4(8653 8753 8754 8654)
4(8743 8744 8754 8753)
4(8645 8655 8755 8745)
4(8654 8754 8755 8655)
4(8744 8745 8755 8754)
4(8646 8656 8756 8746)
4(8655 8755 8756 8656)
4(8745 8746 8756 8755)
4(8647 8657 8757 8747)
4(8656 8756 8757 8657)
4(8746 8747 8757 8756)
4(8648 8658 8758 8748)
4(8657 8757 8758 8658)
4(8747 8748 8758 8757)
4(8649 8659 8759 8749)
4(8658 8758 8759 8659)
4(8748 8749 8759 8758)
4(8650 8660 8760 8750)
4(8659 8759 8760 8660)
4(8749 8750 8760 8759)
4(8660 8760 8761 8661)
4(8750 8751 8761 8760)
4(8652 8662 8762 8752)
4(2874 2984 8762 8662)
4(2985 8752 8762 2984)
4(8653 8663 8763 8753)
4(8662 8762 8763 8663)
4(8752 8753 8763 8762)
4(8654 8664 8764 8754)
4(8663 8763 8764 8664)
4(8753 8754 8764 8763)
4(8655 8665 8765 8755)
4(8664 8764 8765 8665)
4(8754 8755 8765 8764)
4(8656 8666 8766 8756)
4(8665 8765 8766 8666)
4(8755 8756 8766 8765)
4(8657 8667 8767 8757)
4(8666 8766 8767 8667)
4(8756 8757 8767 8766)
4(8658 8668 8768 8758)
4(8667 8767 8768 8668)
4(8757 8758 8768 8767)
4(8659 8669 8769 8759)
4(8668 8768 8769 8669)
4(8758 8759 8769 8768)
4(8660 8670 8770 8760)
4(8669 8769 8770 8670)
4(8759 8760 8770 8769)
4(8670 8770 8771 8671)
4(8760 8761 8771 8770)
4(8662 8672 8772 8762)
4(2873 2983 8772 8672)
4(2984 8762 8772 2983)
4(8663 8673 8773 8763)
4(8672 8772 8773 8673)
4(8762 8763 8773 8772)
4(8664 8674 8774 8764)
4(8673 8773 8774 8674)
4(8763 8764 8774 8773)
4(8665 8675 8775 8765)
4(8674 8774 8775 8675)
4(8764 8765 8775 8774)
4(8666 8676 8776 8766)
4(8675 8775 8776 8676)
4(8765 8766 8776 8775)
4(8667 8677 8777 8767)
4(8676 8776 8777 8677)
4(8766 8767 8777 8776)
4(8668 8678 8778 8768)
4(8677 8777 8778 8678)
4(8767 8768 8778 8777)
4(8669 8679 8779 8769)
4(8678 8778 8779 8679)
4(8768 8769 8779 8778)
4(8670 8680 8780 8770)
4(8679 8779 8780 8680)
4(8769 8770 8780 8779)
4(8680 8780 8781 8681)
4(8770 8771 8781 8780)
4(8672 8682 8782 8772)
4(2983 8772 8782 2982)
4(2872 2982 8782 8682)
4(8673 8683 8783 8773)
4(8772 8773 8783 8782)
4(8682 8782 8783 8683)
4(8674 8684 8784 8774)
4(8773 8774 8784 8783)
4(8683 8783 8784 8684)
4(8675 8685 8785 8775)
4(8774 8775 8785 8784)
4(8684 8784 8785 8685)
4(8676 8686 8786 8776)
4(8775 8776 8786 8785)
4(8685 8785 8786 8686)
4(8677 8687 8787 8777)
4(8776 8777 8787 8786)
4(8686 8786 8787 8687)
4(8678 8688 8788 8778)
4(8777 8778 8788 8787)
4(8687 8787 8788 8688)
4(8679 8689 8789 8779)
4(8778 8779 8789 8788)
4(8688 8788 8789 8689)
4(8680 8690 8790 8780)
4(8779 8780 8790 8789)
4(8689 8789 8790 8690)
4(8780 8781 8791 8790)
4(8690 8790 8791 8691)
4(7682 8692 8792 7782)
4(2991 3101 8792 8692)
4(1804 7782 8792 3101)
4(7683 8693 8793 7783)
4(8692 8792 8793 8693)
4(7782 7783 8793 8792)
4(7684 8694 8794 7784)
4(8693 8793 8794 8694)
4(7783 7784 8794 8793)
4(7685 8695 8795 7785)
4(8694 8794 8795 8695)
4(7784 7785 8795 8794)
4(7686 8696 8796 7786)
4(8695 8795 8796 8696)
4(7785 7786 8796 8795)
4(7687 8697 8797 7787)
4(8696 8796 8797 8697)
4(7786 7787 8797 8796)
4(7688 8698 8798 7788)
4(8697 8797 8798 8698)
4(7787 7788 8798 8797)
4(7689 8699 8799 7789)
4(8698 8798 8799 8699)
4(7788 7789 8799 8798)
4(7690 8700 8800 7790)
4(8699 8799 8800 8700)
4(7789 7790 8800 8799)
4(8700 8800 8801 8701)
4(7790 7791 8801 8800)
4(8692 8702 8802 8792)
4(2990 3100 8802 8702)
4(3101 8792 8802 3100)
4(8693 8703 8803 8793)
4(8702 8802 8803 8703)
4(8792 8793 8803 8802)
4(8694 8704 8804 8794)
4(8703 8803 8804 8704)
4(8793 8794 8804 8803)
4(8695 8705 8805 8795)
4(8704 8804 8805 8705)
4(8794 8795 8805 8804)
4(8696 8706 8806 8796)
4(8705 8805 8806 8706)
4(8795 8796 8806 8805)
4(8697 8707 8807 8797)
4(8706 8806 8807 8707)
4(8796 8797 8807 8806)
4(8698 8708 8808 8798)
4(8707 8807 8808 8708)
4(8797 8798 8808 8807)
4(8699 8709 8809 8799)
4(8708 8808 8809 8709)
4(8798 8799 8809 8808)
4(8700 8710 8810 8800)
4(8709 8809 8810 8710)
4(8799 8800 8810 8809)
4(8710 8810 8811 8711)
4(8800 8801 8811 8810)
4(8702 8712 8812 8802)
4(2989 3099 8812 8712)
4(3100 8802 8812 3099)
4(8703 8713 8813 8803)
4(8712 8812 8813 8713)
4(8802 8803 8813 8812)
4(8704 8714 8814 8804)
4(8713 8813 8814 8714)
4(8803 8804 8814 8813)
4(8705 8715 8815 8805)
4(8714 8814 8815 8715)
4(8804 8805 8815 8814)
4(8706 8716 8816 8806)
4(8715 8815 8816 8716)
4(8805 8806 8816 8815)
4(8707 8717 8817 8807)
4(8716 8816 8817 8717)
4(8806 8807 8817 8816)
4(8708 8718 8818 8808)
4(8717 8817 8818 8718)
4(8807 8808 8818 8817)
4(8709 8719 8819 8809)
4(8718 8818 8819 8719)
4(8808 8809 8819 8818)
4(8710 8720 8820 8810)
4(8719 8819 8820 8720)
4(8809 8810 8820 8819)
4(8720 8820 8821 8721)
4(8810 8811 8821 8820)
4(8712 8722 8822 8812)
4(2988 3098 8822 8722)
4(3099 8812 8822 3098)
4(8713 8723 8823 8813)
4(8722 8822 8823 8723)
4(8812 8813 8823 8822)
4(8714 8724 8824 8814)
4(8723 8823 8824 8724)
4(8813 8814 8824 8823)
4(8715 8725 8825 8815)
4(8724 8824 8825 8725)
4(8814 8815 8825 8824)
4(8716 8726 8826 8816)
4(8725 8825 8826 8726)
4(8815 8816 8826 8825)
4(8717 8727 8827 8817)
4(8726 8826 8827 8727)
4(8816 8817 8827 8826)
4(8718 8728 8828 8818)
4(8727 8827 8828 8728)
4(8817 8818 8828 8827)
4(8719 8729 8829 8819)
4(8728 8828 8829 8729)
4(8818 8819 8829 8828)
4(8720 8730 8830 8820)
4(8729 8829 8830 8730)
4(8819 8820 8830 8829)
4(8730 8830 8831 8731)
4(8820 8821 8831 8830)
4(8722 8732 8832 8822)
4(2987 3097 8832 8732)
4(3098 8822 8832 3097)
4(8723 8733 8833 8823)
4(8732 8832 8833 8733)
4(8822 8823 8833 8832)
4(8724 8734 8834 8824)
4(8733 8833 8834 8734)
4(8823 8824 8834 8833)
4(8725 8735 8835 8825)
4(8734 8834 8835 8735)
4(8824 8825 8835 8834)
4(8726 8736 8836 8826)
4(8735 8835 8836 8736)
4(8825 8826 8836 8835)
4(8727 8737 8837 8827)
4(8736 8836 8837 8737)
4(8826 8827 8837 8836)
4(8728 8738 8838 8828)
4(8737 8837 8838 8738)
4(8827 8828 8838 8837)
4(8729 8739 8839 8829)
4(8738 8838 8839 8739)
4(8828 8829 8839 8838)
4(8730 8740 8840 8830)
4(8739 8839 8840 8740)
4(8829 8830 8840 8839)
4(8740 8840 8841 8741)
4(8830 8831 8841 8840)
4(8732 8742 8842 8832)
4(2986 3096 8842 8742)
4(3097 8832 8842 3096)
4(8733 8743 8843 8833)
4(8742 8842 8843 8743)
4(8832 8833 8843 8842)
4(8734 8744 8844 8834)
4(8743 8843 8844 8744)
4(8833 8834 8844 8843)
4(8735 8745 8845 8835)
4(8744 8844 8845 8745)
4(8834 8835 8845 8844)
4(8736 8746 8846 8836)
4(8745 8845 8846 8746)
4(8835 8836 8846 8845)
4(8737 8747 8847 8837)
4(8746 8846 8847 8747)
4(8836 8837 8847 8846)
4(8738 8748 8848 8838)
4(8747 8847 8848 8748)
4(8837 8838 8848 8847)
4(8739 8749 8849 8839)
4(8748 8848 8849 8749)
4(8838 8839 8849 8848)
4(8740 8750 8850 8840)
4(8749 8849 8850 8750)
4(8839 8840 8850 8849)
4(8750 8850 8851 8751)
4(8840 8841 8851 8850)
4(8742 8752 8852 8842)
4(2985 3095 8852 8752)
4(3096 8842 8852 3095)
4(8743 8753 8853 8843)
4(8752 8852 8853 8753)
4(8842 8843 8853 8852)
4(8744 8754 8854 8844)
4(8753 8853 8854 8754)
4(8843 8844 8854 8853)
4(8745 8755 8855 8845)
4(8754 8854 8855 8755)
4(8844 8845 8855 8854)
4(8746 8756 8856 8846)
4(8755 8855 8856 8756)
4(8845 8846 8856 8855)
4(8747 8757 8857 8847)
4(8756 8856 8857 8757)
4(8846 8847 8857 8856)
4(8748 8758 8858 8848)
4(8757 8857 8858 8758)
4(8847 8848 8858 8857)
4(8749 8759 8859 8849)
4(8758 8858 8859 8759)
4(8848 8849 8859 8858)
4(8750 8760 8860 8850)
4(8759 8859 8860 8760)
4(8849 8850 8860 8859)
4(8760 8860 8861 8761)
4(8850 8851 8861 8860)
4(8752 8762 8862 8852)
4(2984 3094 8862 8762)
4(3095 8852 8862 3094)
4(8753 8763 8863 8853)
4(8762 8862 8863 8763)
4(8852 8853 8863 8862)
4(8754 8764 8864 8854)
4(8763 8863 8864 8764)
4(8853 8854 8864 8863)
4(8755 8765 8865 8855)
4(8764 8864 8865 8765)
4(8854 8855 8865 8864)
4(8756 8766 8866 8856)
4(8765 8865 8866 8766)
4(8855 8856 8866 8865)
4(8757 8767 8867 8857)
4(8766 8866 8867 8767)
4(8856 8857 8867 8866)
4(8758 8768 8868 8858)
4(8767 8867 8868 8768)
4(8857 8858 8868 8867)
4(8759 8769 8869 8859)
4(8768 8868 8869 8769)
4(8858 8859 8869 8868)
4(8760 8770 8870 8860)
4(8769 8869 8870 8770)
4(8859 8860 8870 8869)
4(8770 8870 8871 8771)
4(8860 8861 8871 8870)
4(8762 8772 8872 8862)
4(2983 3093 8872 8772)
4(3094 8862 8872 3093)
4(8763 8773 8873 8863)
4(8772 8872 8873 8773)
4(8862 8863 8873 8872)
4(8764 8774 8874 8864)
4(8773 8873 8874 8774)
4(8863 8864 8874 8873)
4(8765 8775 8875 8865)
4(8774 8874 8875 8775)
4(8864 8865 8875 8874)
4(8766 8776 8876 8866)
4(8775 8875 8876 8776)
4(8865 8866 8876 8875)
4(8767 8777 8877 8867)
4(8776 8876 8877 8777)
4(8866 8867 8877 8876)
4(8768 8778 8878 8868)
4(8777 8877 8878 8778)
4(8867 8868 8878 8877)
4(8769 8779 8879 8869)
4(8778 8878 8879 8779)
4(8868 8869 8879 8878)
4(8770 8780 8880 8870)
4(8779 8879 8880 8780)
4(8869 8870 8880 8879)
4(8780 8880 8881 8781)
4(8870 8871 8881 8880)
4(8772 8782 8882 8872)
4(3093 8872 8882 3092)
4(2982 3092 8882 8782)
4(8773 8783 8883 8873)
4(8872 8873 8883 8882)
4(8782 8882 8883 8783)
4(8774 8784 8884 8874)
4(8873 8874 8884 8883)
4(8783 8883 8884 8784)
4(8775 8785 8885 8875)
4(8874 8875 8885 8884)
4(8784 8884 8885 8785)
4(8776 8786 8886 8876)
4(8875 8876 8886 8885)
4(8785 8885 8886 8786)
4(8777 8787 8887 8877)
4(8876 8877 8887 8886)
4(8786 8886 8887 8787)
4(8778 8788 8888 8878)
4(8877 8878 8888 8887)
4(8787 8887 8888 8788)
4(8779 8789 8889 8879)
4(8878 8879 8889 8888)
4(8788 8888 8889 8789)
4(8780 8790 8890 8880)
4(8879 8880 8890 8889)
4(8789 8889 8890 8790)
4(8880 8881 8891 8890)
4(8790 8890 8891 8791)
4(7782 8792 8892 7882)
4(3101 3211 8892 8792)
4(1925 7882 8892 3211)
4(7783 8793 8893 7883)
4(8792 8892 8893 8793)
4(7882 7883 8893 8892)
4(7784 8794 8894 7884)
4(8793 8893 8894 8794)
4(7883 7884 8894 8893)
4(7785 8795 8895 7885)
4(8794 8894 8895 8795)
4(7884 7885 8895 8894)
4(7786 8796 8896 7886)
4(8795 8895 8896 8796)
4(7885 7886 8896 8895)
4(7787 8797 8897 7887)
4(8796 8896 8897 8797)
4(7886 7887 8897 8896)
4(7788 8798 8898 7888)
4(8797 8897 8898 8798)
4(7887 7888 8898 8897)
4(7789 8799 8899 7889)
4(8798 8898 8899 8799)
4(7888 7889 8899 8898)
4(7790 8800 8900 7890)
4(8799 8899 8900 8800)
4(7889 7890 8900 8899)
4(8800 8900 8901 8801)
4(7890 7891 8901 8900)
4(8792 8802 8902 8892)
4(3100 3210 8902 8802)
4(3211 8892 8902 3210)
4(8793 8803 8903 8893)
4(8802 8902 8903 8803)
4(8892 8893 8903 8902)
4(8794 8804 8904 8894)
4(8803 8903 8904 8804)
4(8893 8894 8904 8903)
4(8795 8805 8905 8895)
4(8804 8904 8905 8805)
4(8894 8895 8905 8904)
4(8796 8806 8906 8896)
4(8805 8905 8906 8806)
4(8895 8896 8906 8905)
4(8797 8807 8907 8897)
4(8806 8906 8907 8807)
4(8896 8897 8907 8906)
4(8798 8808 8908 8898)
4(8807 8907 8908 8808)
4(8897 8898 8908 8907)
4(8799 8809 8909 8899)
4(8808 8908 8909 8809)
4(8898 8899 8909 8908)
4(8800 8810 8910 8900)
4(8809 8909 8910 8810)
4(8899 8900 8910 8909)
4(8810 8910 8911 8811)
4(8900 8901 8911 8910)
4(8802 8812 8912 8902)
4(3099 3209 8912 8812)
4(3210 8902 8912 3209)
4(8803 8813 8913 8903)
4(8812 8912 8913 8813)
4(8902 8903 8913 8912)
4(8804 8814 8914 8904)
4(8813 8913 8914 8814)
4(8903 8904 8914 8913)
4(8805 8815 8915 8905)
4(8814 8914 8915 8815)
4(8904 8905 8915 8914)
4(8806 8816 8916 8906)
4(8815 8915 8916 8816)
4(8905 8906 8916 8915)
4(8807 8817 8917 8907)
4(8816 8916 8917 8817)
4(8906 8907 8917 8916)
4(8808 8818 8918 8908)
4(8817 8917 8918 8818)
4(8907 8908 8918 8917)
4(8809 8819 8919 8909)
4(8818 8918 8919 8819)
4(8908 8909 8919 8918)
4(8810 8820 8920 8910)
4(8819 8919 8920 8820)
4(8909 8910 8920 8919)
4(8820 8920 8921 8821)
4(8910 8911 8921 8920)
4(8812 8822 8922 8912)
4(3098 3208 8922 8822)
4(3209 8912 8922 3208)
4(8813 8823 8923 8913)
4(8822 8922 8923 8823)
4(8912 8913 8923 8922)
4(8814 8824 8924 8914)
4(8823 8923 8924 8824)
4(8913 8914 8924 8923)
4(8815 8825 8925 8915)
4(8824 8924 8925 8825)
4(8914 8915 8925 8924)
4(8816 8826 8926 8916)
4(8825 8925 8926 8826)
4(8915 8916 8926 8925)
4(8817 8827 8927 8917)
4(8826 8926 8927 8827)
4(8916 8917 8927 8926)
4(8818 8828 8928 8918)
4(8827 8927 8928 8828)
4(8917 8918 8928 8927)
4(8819 8829 8929 8919)
4(8828 8928 8929 8829)
4(8918 8919 8929 8928)
4(8820 8830 8930 8920)
4(8829 8929 8930 8830)
4(8919 8920 8930 8929)
4(8830 8930 8931 8831)
4(8920 8921 8931 8930)
4(8822 8832 8932 8922)
4(3097 3207 8932 8832)
4(3208 8922 8932 3207)
4(8823 8833 8933 8923)
4(8832 8932 8933 8833)
4(8922 8923 8933 8932)
4(8824 8834 8934 8924)
4(8833 8933 8934 8834)
4(8923 8924 8934 8933)
4(8825 8835 8935 8925)
4(8834 8934 8935 8835)
4(8924 8925 8935 8934)
4(8826 8836 8936 8926)
4(8835 8935 8936 8836)
4(8925 8926 8936 8935)
4(8827 8837 8937 8927)
4(8836 8936 8937 8837)
4(8926 8927 8937 8936)
4(8828 8838 8938 8928)
4(8837 8937 8938 8838)
4(8927 8928 8938 8937)
4(8829 8839 8939 8929)
4(8838 8938 8939 8839)
4(8928 8929 8939 8938)
4(8830 8840 8940 8930)
4(8839 8939 8940 8840)
4(8929 8930 8940 8939)
4(8840 8940 8941 8841)
4(8930 8931 8941 8940)
4(8832 8842 8942 8932)
4(3096 3206 8942 8842)
4(3207 8932 8942 3206)
4(8833 8843 8943 8933)
4(8842 8942 8943 8843)
4(8932 8933 8943 8942)
4(8834 8844 8944 8934)
4(8843 8943 8944 8844)
4(8933 8934 8944 8943)
4(8835 8845 8945 8935)
4(8844 8944 8945 8845)
4(8934 8935 8945 8944)
4(8836 8846 8946 8936)
4(8845 8945 8946 8846)
4(8935 8936 8946 8945)
4(8837 8847 8947 8937)
4(8846 8946 8947 8847)
4(8936 8937 8947 8946)
4(8838 8848 8948 8938)
4(8847 8947 8948 8848)
4(8937 8938 8948 8947)
4(8839 8849 8949 8939)
4(8848 8948 8949 8849)
4(8938 8939 8949 8948)
4(8840 8850 8950 8940)
4(8849 8949 8950 8850)
4(8939 8940 8950 8949)
4(8850 8950 8951 8851)
4(8940 8941 8951 8950)
4(8842 8852 8952 8942)
4(3095 3205 8952 8852)
4(3206 8942 8952 3205)
4(8843 8853 8953 8943)
4(8852 8952 8953 8853)
4(8942 8943 8953 8952)
4(8844 8854 8954 8944)
4(8853 8953 8954 8854)
4(8943 8944 8954 8953)
4(8845 8855 8955 8945)
4(8854 8954 8955 8855)
4(8944 8945 8955 8954)
4(8846 8856 8956 8946)
4(8855 8955 8956 8856)
4(8945 8946 8956 8955)
4(8847 8857 8957 8947)
4(8856 8956 8957 8857)
4(8946 8947 8957 8956)
4(8848 8858 8958 8948)
4(8857 8957 8958 8858)
4(8947 8948 8958 8957)
4(8849 8859 8959 8949)
4(8858 8958 8959 8859)
4(8948 8949 8959 8958)
4(8850 8860 8960 8950)
4(8859 8959 8960 8860)
4(8949 8950 8960 8959)
4(8860 8960 8961 8861)
4(8950 8951 8961 8960)
4(8852 8862 8962 8952)
4(3094 3204 8962 8862)
4(3205 8952 8962 3204)
4(8853 8863 8963 8953)
4(8862 8962 8963 8863)
4(8952 8953 8963 8962)
4(8854 8864 8964 8954)
4(8863 8963 8964 8864)
4(8953 8954 8964 8963)
4(8855 8865 8965 8955)
4(8864 8964 8965 8865)
4(8954 8955 8965 8964)
4(8856 8866 8966 8956)
4(8865 8965 8966 8866)
4(8955 8956 8966 8965)
4(8857 8867 8967 8957)
4(8866 8966 8967 8867)
4(8956 8957 8967 8966)
4(8858 8868 8968 8958)
4(8867 8967 8968 8868)
4(8957 8958 8968 8967)
4(8859 8869 8969 8959)
4(8868 8968 8969 8869)
4(8958 8959 8969 8968)
4(8860 8870 8970 8960)
4(8869 8969 8970 8870)
4(8959 8960 8970 8969)
4(8870 8970 8971 8871)
4(8960 8961 8971 8970)
4(8862 8872 8972 8962)
4(3093 3203 8972 8872)
4(3204 8962 8972 3203)
4(8863 8873 8973 8963)
4(8872 8972 8973 8873)
4(8962 8963 8973 8972)
4(8864 8874 8974 8964)
4(8873 8973 8974 8874)
4(8963 8964 8974 8973)
4(8865 8875 8975 8965)
4(8874 8974 8975 8875)
4(8964 8965 8975 8974)
4(8866 8876 8976 8966)
4(8875 8975 8976 8876)
4(8965 8966 8976 8975)
4(8867 8877 8977 8967)
4(8876 8976 8977 8877)
4(8966 8967 8977 8976)
4(8868 8878 8978 8968)
4(8877 8977 8978 8878)
4(8967 8968 8978 8977)
4(8869 8879 8979 8969)
4(8878 8978 8979 8879)
4(8968 8969 8979 8978)
4(8870 8880 8980 8970)
4(8879 8979 8980 8880)
4(8969 8970 8980 8979)
4(8880 8980 8981 8881)
4(8970 8971 8981 8980)
4(8872 8882 8982 8972)
4(3203 8972 8982 3202)
4(3092 3202 8982 8882)
4(8873 8883 8983 8973)
4(8972 8973 8983 8982)
4(8882 8982 8983 8883)
4(8874 8884 8984 8974)
4(8973 8974 8984 8983)
4(8883 8983 8984 8884)
4(8875 8885 8985 8975)
4(8974 8975 8985 8984)
4(8884 8984 8985 8885)
4(8876 8886 8986 8976)
4(8975 8976 8986 8985)
4(8885 8985 8986 8886)
4(8877 8887 8987 8977)
4(8976 8977 8987 8986)
4(8886 8986 8987 8887)
4(8878 8888 8988 8978)
4(8977 8978 8988 8987)
4(8887 8987 8988 8888)
4(8879 8889 8989 8979)
4(8978 8979 8989 8988)
4(8888 8988 8989 8889)
4(8880 8890 8990 8980)
4(8979 8980 8990 8989)
4(8889 8989 8990 8890)
4(8980 8981 8991 8990)
4(8890 8990 8991 8891)
4(7882 8892 8992 7982)
4(3211 3321 8992 8892)
4(2046 7982 8992 3321)
4(7883 8893 8993 7983)
4(8892 8992 8993 8893)
4(7982 7983 8993 8992)
4(7884 8894 8994 7984)
4(8893 8993 8994 8894)
4(7983 7984 8994 8993)
4(7885 8895 8995 7985)
4(8894 8994 8995 8895)
4(7984 7985 8995 8994)
4(7886 8896 8996 7986)
4(8895 8995 8996 8896)
4(7985 7986 8996 8995)
4(7887 8897 8997 7987)
4(8896 8996 8997 8897)
4(7986 7987 8997 8996)
4(7888 8898 8998 7988)
4(8897 8997 8998 8898)
4(7987 7988 8998 8997)
4(7889 8899 8999 7989)
4(8898 8998 8999 8899)
4(7988 7989 8999 8998)
4(7890 8900 9000 7990)
4(8899 8999 9000 8900)
4(7989 7990 9000 8999)
4(8900 9000 9001 8901)
4(7990 7991 9001 9000)
4(8892 8902 9002 8992)
4(3210 3320 9002 8902)
4(3321 8992 9002 3320)
4(8893 8903 9003 8993)
4(8902 9002 9003 8903)
4(8992 8993 9003 9002)
4(8894 8904 9004 8994)
4(8903 9003 9004 8904)
4(8993 8994 9004 9003)
4(8895 8905 9005 8995)
4(8904 9004 9005 8905)
4(8994 8995 9005 9004)
4(8896 8906 9006 8996)
4(8905 9005 9006 8906)
4(8995 8996 9006 9005)
4(8897 8907 9007 8997)
4(8906 9006 9007 8907)
4(8996 8997 9007 9006)
4(8898 8908 9008 8998)
4(8907 9007 9008 8908)
4(8997 8998 9008 9007)
4(8899 8909 9009 8999)
4(8908 9008 9009 8909)
4(8998 8999 9009 9008)
4(8900 8910 9010 9000)
4(8909 9009 9010 8910)
4(8999 9000 9010 9009)
4(8910 9010 9011 8911)
4(9000 9001 9011 9010)
4(8902 8912 9012 9002)
4(3209 3319 9012 8912)
4(3320 9002 9012 3319)
4(8903 8913 9013 9003)
4(8912 9012 9013 8913)
4(9002 9003 9013 9012)
4(8904 8914 9014 9004)
4(8913 9013 9014 8914)
4(9003 9004 9014 9013)
4(8905 8915 9015 9005)
4(8914 9014 9015 8915)
4(9004 9005 9015 9014)
4(8906 8916 9016 9006)
4(8915 9015 9016 8916)
4(9005 9006 9016 9015)
4(8907 8917 9017 9007)
4(8916 9016 9017 8917)
4(9006 9007 9017 9016)
4(8908 8918 9018 9008)
4(8917 9017 9018 8918)
4(9007 9008 9018 9017)
4(8909 8919 9019 9009)
4(8918 9018 9019 8919)
4(9008 9009 9019 9018)
4(8910 8920 9020 9010)
4(8919 9019 9020 8920)
4(9009 9010 9020 9019)
4(8920 9020 9021 8921)
4(9010 9011 9021 9020)
4(8912 8922 9022 9012)
4(3208 3318 9022 8922)
4(3319 9012 9022 3318)
4(8913 8923 9023 9013)
4(8922 9022 9023 8923)
4(9012 9013 9023 9022)
4(8914 8924 9024 9014)
4(8923 9023 9024 8924)
4(9013 9014 9024 9023)
4(8915 8925 9025 9015)
4(8924 9024 9025 8925)
4(9014 9015 9025 9024)
4(8916 8926 9026 9016)
4(8925 9025 9026 8926)
4(9015 9016 9026 9025)
4(8917 8927 9027 9017)
4(8926 9026 9027 8927)
4(9016 9017 9027 9026)
4(8918 8928 9028 9018)
4(8927 9027 9028 8928)
4(9017 9018 9028 9027)
4(8919 8929 9029 9019)
4(8928 9028 9029 8929)
4(9018 9019 9029 9028)
4(8920 8930 9030 9020)
4(8929 9029 9030 8930)
4(9019 9020 9030 9029)
4(8930 9030 9031 8931)
4(9020 9021 9031 9030)
4(8922 8932 9032 9022)
4(3207 3317 9032 8932)
4(3318 9022 9032 3317)
4(8923 8933 9033 9023)
4(8932 9032 9033 8933)
4(9022 9023 9033 9032)
4(8924 8934 9034 9024)
4(8933 9033 9034 8934)
4(9023 9024 9034 9033)
4(8925 8935 9035 9025)
4(8934 9034 9035 8935)
4(9024 9025 9035 9034)
4(8926 8936 9036 9026)
4(8935 9035 9036 8936)
4(9025 9026 9036 9035)
4(8927 8937 9037 9027)
4(8936 9036 9037 8937)
4(9026 9027 9037 9036)
4(8928 8938 9038 9028)
4(8937 9037 9038 8938)
4(9027 9028 9038 9037)
4(8929 8939 9039 9029)
4(8938 9038 9039 8939)
4(9028 9029 9039 9038)
4(8930 8940 9040 9030)
4(8939 9039 9040 8940)
4(9029 9030 9040 9039)
4(8940 9040 9041 8941)
4(9030 9031 9041 9040)
4(8932 8942 9042 9032)
4(3206 3316 9042 8942)
4(3317 9032 9042 3316)
4(8933 8943 9043 9033)
4(8942 9042 9043 8943)
4(9032 9033 9043 9042)
4(8934 8944 9044 9034)
4(8943 9043 9044 8944)
4(9033 9034 9044 9043)
4(8935 8945 9045 9035)
4(8944 9044 9045 8945)
4(9034 9035 9045 9044)
4(8936 8946 9046 9036)
4(8945 9045 9046 8946)
4(9035 9036 9046 9045)
4(8937 8947 9047 9037)
4(8946 9046 9047 8947)
4(9036 9037 9047 9046)
4(8938 8948 9048 9038)
4(8947 9047 9048 8948)
4(9037 9038 9048 9047)
4(8939 8949 9049 9039)
4(8948 9048 9049 8949)
4(9038 9039 9049 9048)
4(8940 8950 9050 9040)
4(8949 9049 9050 8950)
4(9039 9040 9050 9049)
4(8950 9050 9051 8951)
4(9040 9041 9051 9050)
4(8942 8952 9052 9042)
4(3205 3315 9052 8952)
4(3316 9042 9052 3315)
4(8943 8953 9053 9043)
4(8952 9052 9053 8953)
4(9042 9043 9053 9052)
4(8944 8954 9054 9044)
4(8953 9053 9054 8954)
4(9043 9044 9054 9053)
4(8945 8955 9055 9045)
4(8954 9054 9055 8955)
4(9044 9045 9055 9054)
4(8946 8956 9056 9046)
4(8955 9055 9056 8956)
4(9045 9046 9056 9055)
4(8947 8957 9057 9047)
4(8956 9056 9057 8957)
4(9046 9047 9057 9056)
4(8948 8958 9058 9048)
4(8957 9057 9058 8958)
4(9047 9048 9058 9057)
4(8949 8959 9059 9049)
4(8958 9058 9059 8959)
4(9048 9049 9059 9058)
4(8950 8960 9060 9050)
4(8959 9059 9060 8960)
4(9049 9050 9060 9059)
4(8960 9060 9061 8961)
4(9050 9051 9061 9060)
4(8952 8962 9062 9052)
4(3204 3314 9062 8962)
4(3315 9052 9062 3314)
4(8953 8963 9063 9053)
4(8962 9062 9063 8963)
4(9052 9053 9063 9062)
4(8954 8964 9064 9054)
4(8963 9063 9064 8964)
4(9053 9054 9064 9063)
4(8955 8965 9065 9055)
4(8964 9064 9065 8965)
4(9054 9055 9065 9064)
4(8956 8966 9066 9056)
4(8965 9065 9066 8966)
4(9055 9056 9066 9065)
4(8957 8967 9067 9057)
4(8966 9066 9067 8967)
4(9056 9057 9067 9066)
4(8958 8968 9068 9058)
4(8967 9067 9068 8968)
4(9057 9058 9068 9067)
4(8959 8969 9069 9059)
4(8968 9068 9069 8969)
4(9058 9059 9069 9068)
4(8960 8970 9070 9060)
4(8969 9069 9070 8970)
4(9059 9060 9070 9069)
4(8970 9070 9071 8971)
4(9060 9061 9071 9070)
4(8962 8972 9072 9062)
4(3203 3313 9072 8972)
4(3314 9062 9072 3313)
4(8963 8973 9073 9063)
4(8972 9072 9073 8973)
4(9062 9063 9073 9072)
4(8964 8974 9074 9064)
4(8973 9073 9074 8974)
4(9063 9064 9074 9073)
4(8965 8975 9075 9065)
4(8974 9074 9075 8975)
4(9064 9065 9075 9074)
4(8966 8976 9076 9066)
4(8975 9075 9076 8976)
4(9065 9066 9076 9075)
4(8967 8977 9077 9067)
4(8976 9076 9077 8977)
4(9066 9067 9077 9076)
4(8968 8978 9078 9068)
4(8977 9077 9078 8978)
4(9067 9068 9078 9077)
4(8969 8979 9079 9069)
4(8978 9078 9079 8979)
4(9068 9069 9079 9078)
4(8970 8980 9080 9070)
4(8979 9079 9080 8980)
4(9069 9070 9080 9079)
4(8980 9080 9081 8981)
4(9070 9071 9081 9080)
4(8972 8982 9082 9072)
4(3313 9072 9082 3312)
4(3202 3312 9082 8982)
4(8973 8983 9083 9073)
4(9072 9073 9083 9082)
4(8982 9082 9083 8983)
4(8974 8984 9084 9074)
4(9073 9074 9084 9083)
4(8983 9083 9084 8984)
4(8975 8985 9085 9075)
4(9074 9075 9085 9084)
4(8984 9084 9085 8985)
4(8976 8986 9086 9076)
4(9075 9076 9086 9085)
4(8985 9085 9086 8986)
4(8977 8987 9087 9077)
4(9076 9077 9087 9086)
4(8986 9086 9087 8987)
4(8978 8988 9088 9078)
4(9077 9078 9088 9087)
4(8987 9087 9088 8988)
4(8979 8989 9089 9079)
4(9078 9079 9089 9088)
4(8988 9088 9089 8989)
4(8980 8990 9090 9080)
4(9079 9080 9090 9089)
4(8989 9089 9090 8990)
4(9080 9081 9091 9090)
4(8990 9090 9091 8991)
4(7982 8992 9092 8082)
4(3321 3431 9092 8992)
4(2167 8082 9092 3431)
4(7983 8993 9093 8083)
4(8992 9092 9093 8993)
4(8082 8083 9093 9092)
4(7984 8994 9094 8084)
4(8993 9093 9094 8994)
4(8083 8084 9094 9093)
4(7985 8995 9095 8085)
4(8994 9094 9095 8995)
4(8084 8085 9095 9094)
4(7986 8996 9096 8086)
4(8995 9095 9096 8996)
4(8085 8086 9096 9095)
4(7987 8997 9097 8087)
4(8996 9096 9097 8997)
4(8086 8087 9097 9096)
4(7988 8998 9098 8088)
4(8997 9097 9098 8998)
4(8087 8088 9098 9097)
4(7989 8999 9099 8089)
4(8998 9098 9099 8999)
4(8088 8089 9099 9098)
4(7990 9000 9100 8090)
4(8999 9099 9100 9000)
4(8089 8090 9100 9099)
4(9000 9100 9101 9001)
4(8090 8091 9101 9100)
4(8992 9002 9102 9092)
4(3320 3430 9102 9002)
4(3431 9092 9102 3430)
4(8993 9003 9103 9093)
4(9002 9102 9103 9003)
4(9092 9093 9103 9102)
4(8994 9004 9104 9094)
4(9003 9103 9104 9004)
4(9093 9094 9104 9103)
4(8995 9005 9105 9095)
4(9004 9104 9105 9005)
4(9094 9095 9105 9104)
4(8996 9006 9106 9096)
4(9005 9105 9106 9006)
4(9095 9096 9106 9105)
4(8997 9007 9107 9097)
4(9006 9106 9107 9007)
4(9096 9097 9107 9106)
4(8998 9008 9108 9098)
4(9007 9107 9108 9008)
4(9097 9098 9108 9107)
4(8999 9009 9109 9099)
4(9008 9108 9109 9009)
4(9098 9099 9109 9108)
4(9000 9010 9110 9100)
4(9009 9109 9110 9010)
4(9099 9100 9110 9109)
4(9010 9110 9111 9011)
4(9100 9101 9111 9110)
4(9002 9012 9112 9102)
4(3319 3429 9112 9012)
4(3430 9102 9112 3429)
4(9003 9013 9113 9103)
4(9012 9112 9113 9013)
4(9102 9103 9113 9112)
4(9004 9014 9114 9104)
4(9013 9113 9114 9014)
4(9103 9104 9114 9113)
4(9005 9015 9115 9105)
4(9014 9114 9115 9015)
4(9104 9105 9115 9114)
4(9006 9016 9116 9106)
4(9015 9115 9116 9016)
4(9105 9106 9116 9115)
4(9007 9017 9117 9107)
4(9016 9116 9117 9017)
4(9106 9107 9117 9116)
4(9008 9018 9118 9108)
4(9017 9117 9118 9018)
4(9107 9108 9118 9117)
4(9009 9019 9119 9109)
4(9018 9118 9119 9019)
4(9108 9109 9119 9118)
4(9010 9020 9120 9110)
4(9019 9119 9120 9020)
4(9109 9110 9120 9119)
4(9020 9120 9121 9021)
4(9110 9111 9121 9120)
4(9012 9022 9122 9112)
4(3318 3428 9122 9022)
4(3429 9112 9122 3428)
4(9013 9023 9123 9113)
4(9022 9122 9123 9023)
4(9112 9113 9123 9122)
4(9014 9024 9124 9114)
4(9023 9123 9124 9024)
4(9113 9114 9124 9123)
4(9015 9025 9125 9115)
4(9024 9124 9125 9025)
4(9114 9115 9125 9124)
4(9016 9026 9126 9116)
4(9025 9125 9126 9026)
4(9115 9116 9126 9125)
4(9017 9027 9127 9117)
4(9026 9126 9127 9027)
4(9116 9117 9127 9126)
4(9018 9028 9128 9118)
4(9027 9127 9128 9028)
4(9117 9118 9128 9127)
4(9019 9029 9129 9119)
4(9028 9128 9129 9029)
4(9118 9119 9129 9128)
4(9020 9030 9130 9120)
4(9029 9129 9130 9030)
4(9119 9120 9130 9129)
4(9030 9130 9131 9031)
4(9120 9121 9131 9130)
4(9022 9032 9132 9122)
4(3317 3427 9132 9032)
4(3428 9122 9132 3427)
4(9023 9033 9133 9123)
4(9032 9132 9133 9033)
4(9122 9123 9133 9132)
4(9024 9034 9134 9124)
4(9033 9133 9134 9034)
4(9123 9124 9134 9133)
4(9025 9035 9135 9125)
4(9034 9134 9135 9035)
4(9124 9125 9135 9134)
4(9026 9036 9136 9126)
4(9035 9135 9136 9036)
4(9125 9126 9136 9135)
4(9027 9037 9137 9127)
4(9036 9136 9137 9037)
4(9126 9127 9137 9136)
4(9028 9038 9138 9128)
4(9037 9137 9138 9038)
4(9127 9128 9138 9137)
4(9029 9039 9139 9129)
4(9038 9138 9139 9039)
4(9128 9129 9139 9138)
4(9030 9040 9140 9130)
4(9039 9139 9140 9040)
4(9129 9130 9140 9139)
4(9040 9140 9141 9041)
4(9130 9131 9141 9140)
4(9032 9042 9142 9132)
4(3316 3426 9142 9042)
4(3427 9132 9142 3426)
4(9033 9043 9143 9133)
4(9042 9142 9143 9043)
4(9132 9133 9143 9142)
4(9034 9044 9144 9134)
4(9043 9143 9144 9044)
4(9133 9134 9144 9143)
4(9035 9045 9145 9135)
4(9044 9144 9145 9045)
4(9134 9135 9145 9144)
4(9036 9046 9146 9136)
4(9045 9145 9146 9046)
4(9135 9136 9146 9145)
4(9037 9047 9147 9137)
4(9046 9146 9147 9047)
4(9136 9137 9147 9146)
4(9038 9048 9148 9138)
4(9047 9147 9148 9048)
4(9137 9138 9148 9147)
4(9039 9049 9149 9139)
4(9048 9148 9149 9049)
4(9138 9139 9149 9148)
4(9040 9050 9150 9140)
4(9049 9149 9150 9050)
4(9139 9140 9150 9149)
4(9050 9150 9151 9051)
4(9140 9141 9151 9150)
4(9042 9052 9152 9142)
4(3315 3425 9152 9052)
4(3426 9142 9152 3425)
4(9043 9053 9153 9143)
4(9052 9152 9153 9053)
4(9142 9143 9153 9152)
4(9044 9054 9154 9144)
4(9053 9153 9154 9054)
4(9143 9144 9154 9153)
4(9045 9055 9155 9145)
4(9054 9154 9155 9055)
4(9144 9145 9155 9154)
4(9046 9056 9156 9146)
4(9055 9155 9156 9056)
4(9145 9146 9156 9155)
4(9047 9057 9157 9147)
4(9056 9156 9157 9057)
4(9146 9147 9157 9156)
4(9048 9058 9158 9148)
4(9057 9157 9158 9058)
4(9147 9148 9158 9157)
4(9049 9059 9159 9149)
4(9058 9158 9159 9059)
4(9148 9149 9159 9158)
4(9050 9060 9160 9150)
4(9059 9159 9160 9060)
4(9149 9150 9160 9159)
4(9060 9160 9161 9061)
4(9150 9151 9161 9160)
4(9052 9062 9162 9152)
4(3314 3424 9162 9062)
4(3425 9152 9162 3424)
4(9053 9063 9163 9153)
4(9062 9162 9163 9063)
4(9152 9153 9163 9162)
4(9054 9064 9164 9154)
4(9063 9163 9164 9064)
4(9153 9154 9164 9163)
4(9055 9065 9165 9155)
4(9064 9164 9165 9065)
4(9154 9155 9165 9164)
4(9056 9066 9166 9156)
4(9065 9165 9166 9066)
4(9155 9156 9166 9165)
4(9057 9067 9167 9157)
4(9066 9166 9167 9067)
4(9156 9157 9167 9166)
4(9058 9068 9168 9158)
4(9067 9167 9168 9068)
4(9157 9158 9168 9167)
4(9059 9069 9169 9159)
4(9068 9168 9169 9069)
4(9158 9159 9169 9168)
4(9060 9070 9170 9160)
4(9069 9169 9170 9070)
4(9159 9160 9170 9169)
4(9070 9170 9171 9071)
4(9160 9161 9171 9170)
4(9062 9072 9172 9162)
4(3313 3423 9172 9072)
4(3424 9162 9172 3423)
4(9063 9073 9173 9163)
4(9072 9172 9173 9073)
4(9162 9163 9173 9172)
4(9064 9074 9174 9164)
4(9073 9173 9174 9074)
4(9163 9164 9174 9173)
4(9065 9075 9175 9165)
4(9074 9174 9175 9075)
4(9164 9165 9175 9174)
4(9066 9076 9176 9166)
4(9075 9175 9176 9076)
4(9165 9166 9176 9175)
4(9067 9077 9177 9167)
4(9076 9176 9177 9077)
4(9166 9167 9177 9176)
4(9068 9078 9178 9168)
4(9077 9177 9178 9078)
4(9167 9168 9178 9177)
4(9069 9079 9179 9169)
4(9078 9178 9179 9079)
4(9168 9169 9179 9178)
4(9070 9080 9180 9170)
4(9079 9179 9180 9080)
4(9169 9170 9180 9179)
4(9080 9180 9181 9081)
4(9170 9171 9181 9180)
4(9072 9082 9182 9172)
4(3423 9172 9182 3422)
4(3312 3422 9182 9082)
4(9073 9083 9183 9173)
4(9172 9173 9183 9182)
4(9082 9182 9183 9083)
4(9074 9084 9184 9174)
4(9173 9174 9184 9183)
4(9083 9183 9184 9084)
4(9075 9085 9185 9175)
4(9174 9175 9185 9184)
4(9084 9184 9185 9085)
4(9076 9086 9186 9176)
4(9175 9176 9186 9185)
4(9085 9185 9186 9086)
4(9077 9087 9187 9177)
4(9176 9177 9187 9186)
4(9086 9186 9187 9087)
4(9078 9088 9188 9178)
4(9177 9178 9188 9187)
4(9087 9187 9188 9088)
4(9079 9089 9189 9179)
4(9178 9179 9189 9188)
4(9088 9188 9189 9089)
4(9080 9090 9190 9180)
4(9179 9180 9190 9189)
4(9089 9189 9190 9090)
4(9180 9181 9191 9190)
4(9090 9190 9191 9091)
4(8082 9092 9192 8182)
4(3431 3541 9192 9092)
4(2288 8182 9192 3541)
4(8083 9093 9193 8183)
4(9092 9192 9193 9093)
4(8182 8183 9193 9192)
4(8084 9094 9194 8184)
4(9093 9193 9194 9094)
4(8183 8184 9194 9193)
4(8085 9095 9195 8185)
4(9094 9194 9195 9095)
4(8184 8185 9195 9194)
4(8086 9096 9196 8186)
4(9095 9195 9196 9096)
4(8185 8186 9196 9195)
4(8087 9097 9197 8187)
4(9096 9196 9197 9097)
4(8186 8187 9197 9196)
4(8088 9098 9198 8188)
4(9097 9197 9198 9098)
4(8187 8188 9198 9197)
4(8089 9099 9199 8189)
4(9098 9198 9199 9099)
4(8188 8189 9199 9198)
4(8090 9100 9200 8190)
4(9099 9199 9200 9100)
4(8189 8190 9200 9199)
4(9100 9200 9201 9101)
4(8190 8191 9201 9200)
4(9092 9102 9202 9192)
4(3430 3540 9202 9102)
4(3541 9192 9202 3540)
4(9093 9103 9203 9193)
4(9102 9202 9203 9103)
4(9192 9193 9203 9202)
4(9094 9104 9204 9194)
4(9103 9203 9204 9104)
4(9193 9194 9204 9203)
4(9095 9105 9205 9195)
4(9104 9204 9205 9105)
4(9194 9195 9205 9204)
4(9096 9106 9206 9196)
4(9105 9205 9206 9106)
4(9195 9196 9206 9205)
4(9097 9107 9207 9197)
4(9106 9206 9207 9107)
4(9196 9197 9207 9206)
4(9098 9108 9208 9198)
4(9107 9207 9208 9108)
4(9197 9198 9208 9207)
4(9099 9109 9209 9199)
4(9108 9208 9209 9109)
4(9198 9199 9209 9208)
4(9100 9110 9210 9200)
4(9109 9209 9210 9110)
4(9199 9200 9210 9209)
4(9110 9210 9211 9111)
4(9200 9201 9211 9210)
4(9102 9112 9212 9202)
4(3429 3539 9212 9112)
4(3540 9202 9212 3539)
4(9103 9113 9213 9203)
4(9112 9212 9213 9113)
4(9202 9203 9213 9212)
4(9104 9114 9214 9204)
4(9113 9213 9214 9114)
4(9203 9204 9214 9213)
4(9105 9115 9215 9205)
4(9114 9214 9215 9115)
4(9204 9205 9215 9214)
4(9106 9116 9216 9206)
4(9115 9215 9216 9116)
4(9205 9206 9216 9215)
4(9107 9117 9217 9207)
4(9116 9216 9217 9117)
4(9206 9207 9217 9216)
4(9108 9118 9218 9208)
4(9117 9217 9218 9118)
4(9207 9208 9218 9217)
4(9109 9119 9219 9209)
4(9118 9218 9219 9119)
4(9208 9209 9219 9218)
4(9110 9120 9220 9210)
4(9119 9219 9220 9120)
4(9209 9210 9220 9219)
4(9120 9220 9221 9121)
4(9210 9211 9221 9220)
4(9112 9122 9222 9212)
4(3428 3538 9222 9122)
4(3539 9212 9222 3538)
4(9113 9123 9223 9213)
4(9122 9222 9223 9123)
4(9212 9213 9223 9222)
4(9114 9124 9224 9214)
4(9123 9223 9224 9124)
4(9213 9214 9224 9223)
4(9115 9125 9225 9215)
4(9124 9224 9225 9125)
4(9214 9215 9225 9224)
4(9116 9126 9226 9216)
4(9125 9225 9226 9126)
4(9215 9216 9226 9225)
4(9117 9127 9227 9217)
4(9126 9226 9227 9127)
4(9216 9217 9227 9226)
4(9118 9128 9228 9218)
4(9127 9227 9228 9128)
4(9217 9218 9228 9227)
4(9119 9129 9229 9219)
4(9128 9228 9229 9129)
4(9218 9219 9229 9228)
4(9120 9130 9230 9220)
4(9129 9229 9230 9130)
4(9219 9220 9230 9229)
4(9130 9230 9231 9131)
4(9220 9221 9231 9230)
4(9122 9132 9232 9222)
4(3427 3537 9232 9132)
4(3538 9222 9232 3537)
4(9123 9133 9233 9223)
4(9132 9232 9233 9133)
4(9222 9223 9233 9232)
4(9124 9134 9234 9224)
4(9133 9233 9234 9134)
4(9223 9224 9234 9233)
4(9125 9135 9235 9225)
4(9134 9234 9235 9135)
4(9224 9225 9235 9234)
4(9126 9136 9236 9226)
4(9135 9235 9236 9136)
4(9225 9226 9236 9235)
4(9127 9137 9237 9227)
4(9136 9236 9237 9137)
4(9226 9227 9237 9236)
4(9128 9138 9238 9228)
4(9137 9237 9238 9138)
4(9227 9228 9238 9237)
4(9129 9139 9239 9229)
4(9138 9238 9239 9139)
4(9228 9229 9239 9238)
4(9130 9140 9240 9230)
4(9139 9239 9240 9140)
4(9229 9230 9240 9239)
4(9140 9240 9241 9141)
4(9230 9231 9241 9240)
4(9132 9142 9242 9232)
4(3426 3536 9242 9142)
4(3537 9232 9242 3536)
4(9133 9143 9243 9233)
4(9142 9242 9243 9143)
4(9232 9233 9243 9242)
4(9134 9144 9244 9234)
4(9143 9243 9244 9144)
4(9233 9234 9244 9243)
4(9135 9145 9245 9235)
4(9144 9244 9245 9145)
4(9234 9235 9245 9244)
4(9136 9146 9246 9236)
4(9145 9245 9246 9146)
4(9235 9236 9246 9245)
4(9137 9147 9247 9237)
4(9146 9246 9247 9147)
4(9236 9237 9247 9246)
4(9138 9148 9248 9238)
4(9147 9247 9248 9148)
4(9237 9238 9248 9247)
4(9139 9149 9249 9239)
4(9148 9248 9249 9149)
4(9238 9239 9249 9248)
4(9140 9150 9250 9240)
4(9149 9249 9250 9150)
4(9239 9240 9250 9249)
4(9150 9250 9251 9151)
4(9240 9241 9251 9250)
4(9142 9152 9252 9242)
4(3425 3535 9252 9152)
4(3536 9242 9252 3535)
4(9143 9153 9253 9243)
4(9152 9252 9253 9153)
4(9242 9243 9253 9252)
4(9144 9154 9254 9244)
4(9153 9253 9254 9154)
4(9243 9244 9254 9253)
4(9145 9155 9255 9245)
4(9154 9254 9255 9155)
4(9244 9245 9255 9254)
4(9146 9156 9256 9246)
4(9155 9255 9256 9156)
4(9245 9246 9256 9255)
4(9147 9157 9257 9247)
4(9156 9256 9257 9157)
4(9246 9247 9257 9256)
4(9148 9158 9258 9248)
4(9157 9257 9258 9158)
4(9247 9248 9258 9257)
4(9149 9159 9259 9249)
4(9158 9258 9259 9159)
4(9248 9249 9259 9258)
4(9150 9160 9260 9250)
4(9159 9259 9260 9160)
4(9249 9250 9260 9259)
4(9160 9260 9261 9161)
4(9250 9251 9261 9260)
4(9152 9162 9262 9252)
4(3424 3534 9262 9162)
4(3535 9252 9262 3534)
4(9153 9163 9263 9253)
4(9162 9262 9263 9163)
4(9252 9253 9263 9262)
4(9154 9164 9264 9254)
4(9163 9263 9264 9164)
4(9253 9254 9264 9263)
4(9155 9165 9265 9255)
4(9164 9264 9265 9165)
4(9254 9255 9265 9264)
4(9156 9166 9266 9256)
4(9165 9265 9266 9166)
4(9255 9256 9266 9265)
4(9157 9167 9267 9257)
4(9166 9266 9267 9167)
4(9256 9257 9267 9266)
4(9158 9168 9268 9258)
4(9167 9267 9268 9168)
4(9257 9258 9268 9267)
4(9159 9169 9269 9259)
4(9168 9268 9269 9169)
4(9258 9259 9269 9268)
4(9160 9170 9270 9260)
4(9169 9269 9270 9170)
4(9259 9260 9270 9269)
4(9170 9270 9271 9171)
4(9260 9261 9271 9270)
4(9162 9172 9272 9262)
4(3423 3533 9272 9172)
4(3534 9262 9272 3533)
4(9163 9173 9273 9263)
4(9172 9272 9273 9173)
4(9262 9263 9273 9272)
4(9164 9174 9274 9264)
4(9173 9273 9274 9174)
4(9263 9264 9274 9273)
4(9165 9175 9275 9265)
4(9174 9274 9275 9175)
4(9264 9265 9275 9274)
4(9166 9176 9276 9266)
4(9175 9275 9276 9176)
4(9265 9266 9276 9275)
4(9167 9177 9277 9267)
4(9176 9276 9277 9177)
4(9266 9267 9277 9276)
4(9168 9178 9278 9268)
4(9177 9277 9278 9178)
4(9267 9268 9278 9277)
4(9169 9179 9279 9269)
4(9178 9278 9279 9179)
4(9268 9269 9279 9278)
4(9170 9180 9280 9270)
4(9179 9279 9280 9180)
4(9269 9270 9280 9279)
4(9180 9280 9281 9181)
4(9270 9271 9281 9280)
4(9172 9182 9282 9272)
4(3533 9272 9282 3532)
4(3422 3532 9282 9182)
4(9173 9183 9283 9273)
4(9272 9273 9283 9282)
4(9182 9282 9283 9183)
4(9174 9184 9284 9274)
4(9273 9274 9284 9283)
4(9183 9283 9284 9184)
4(9175 9185 9285 9275)
4(9274 9275 9285 9284)
4(9184 9284 9285 9185)
4(9176 9186 9286 9276)
4(9275 9276 9286 9285)
4(9185 9285 9286 9186)
4(9177 9187 9287 9277)
4(9276 9277 9287 9286)
4(9186 9286 9287 9187)
4(9178 9188 9288 9278)
4(9277 9278 9288 9287)
4(9187 9287 9288 9188)
4(9179 9189 9289 9279)
4(9278 9279 9289 9288)
4(9188 9288 9289 9189)
4(9180 9190 9290 9280)
4(9279 9280 9290 9289)
4(9189 9289 9290 9190)
4(9280 9281 9291 9290)
4(9190 9290 9291 9191)
4(8182 9192 9292 8282)
4(3541 3651 9292 9192)
4(2409 8282 9292 3651)
4(8183 9193 9293 8283)
4(9192 9292 9293 9193)
4(8282 8283 9293 9292)
4(8184 9194 9294 8284)
4(9193 9293 9294 9194)
4(8283 8284 9294 9293)
4(8185 9195 9295 8285)
4(9194 9294 9295 9195)
4(8284 8285 9295 9294)
4(8186 9196 9296 8286)
4(9195 9295 9296 9196)
4(8285 8286 9296 9295)
4(8187 9197 9297 8287)
4(9196 9296 9297 9197)
4(8286 8287 9297 9296)
4(8188 9198 9298 8288)
4(9197 9297 9298 9198)
4(8287 8288 9298 9297)
4(8189 9199 9299 8289)
4(9198 9298 9299 9199)
4(8288 8289 9299 9298)
4(8190 9200 9300 8290)
4(9199 9299 9300 9200)
4(8289 8290 9300 9299)
4(9200 9300 9301 9201)
4(8290 8291 9301 9300)
4(9192 9202 9302 9292)
4(3540 3650 9302 9202)
4(3651 9292 9302 3650)
4(9193 9203 9303 9293)
4(9202 9302 9303 9203)
4(9292 9293 9303 9302)
4(9194 9204 9304 9294)
4(9203 9303 9304 9204)
4(9293 9294 9304 9303)
4(9195 9205 9305 9295)
4(9204 9304 9305 9205)
4(9294 9295 9305 9304)
4(9196 9206 9306 9296)
4(9205 9305 9306 9206)
4(9295 9296 9306 9305)
4(9197 9207 9307 9297)
4(9206 9306 9307 9207)
4(9296 9297 9307 9306)
4(9198 9208 9308 9298)
4(9207 9307 9308 9208)
4(9297 9298 9308 9307)
4(9199 9209 9309 9299)
4(9208 9308 9309 9209)
4(9298 9299 9309 9308)
4(9200 9210 9310 9300)
4(9209 9309 9310 9210)
4(9299 9300 9310 9309)
4(9210 9310 9311 9211)
4(9300 9301 9311 9310)
4(9202 9212 9312 9302)
4(3539 3649 9312 9212)
4(3650 9302 9312 3649)
4(9203 9213 9313 9303)
4(9212 9312 9313 9213)
4(9302 9303 9313 9312)
4(9204 9214 9314 9304)
4(9213 9313 9314 9214)
4(9303 9304 9314 9313)
4(9205 9215 9315 9305)
4(9214 9314 9315 9215)
4(9304 9305 9315 9314)
4(9206 9216 9316 9306)
4(9215 9315 9316 9216)
4(9305 9306 9316 9315)
4(9207 9217 9317 9307)
4(9216 9316 9317 9217)
4(9306 9307 9317 9316)
4(9208 9218 9318 9308)
4(9217 9317 9318 9218)
4(9307 9308 9318 9317)
4(9209 9219 9319 9309)
4(9218 9318 9319 9219)
4(9308 9309 9319 9318)
4(9210 9220 9320 9310)
4(9219 9319 9320 9220)
4(9309 9310 9320 9319)
4(9220 9320 9321 9221)
4(9310 9311 9321 9320)
4(9212 9222 9322 9312)
4(3538 3648 9322 9222)
4(3649 9312 9322 3648)
4(9213 9223 9323 9313)
4(9222 9322 9323 9223)
4(9312 9313 9323 9322)
4(9214 9224 9324 9314)
4(9223 9323 9324 9224)
4(9313 9314 9324 9323)
4(9215 9225 9325 9315)
4(9224 9324 9325 9225)
4(9314 9315 9325 9324)
4(9216 9226 9326 9316)
4(9225 9325 9326 9226)
4(9315 9316 9326 9325)
4(9217 9227 9327 9317)
4(9226 9326 9327 9227)
4(9316 9317 9327 9326)
4(9218 9228 9328 9318)
4(9227 9327 9328 9228)
4(9317 9318 9328 9327)
4(9219 9229 9329 9319)
4(9228 9328 9329 9229)
4(9318 9319 9329 9328)
4(9220 9230 9330 9320)
4(9229 9329 9330 9230)
4(9319 9320 9330 9329)
4(9230 9330 9331 9231)
4(9320 9321 9331 9330)
4(9222 9232 9332 9322)
4(3537 3647 9332 9232)
4(3648 9322 9332 3647)
4(9223 9233 9333 9323)
4(9232 9332 9333 9233)
4(9322 9323 9333 9332)
4(9224 9234 9334 9324)
4(9233 9333 9334 9234)
4(9323 9324 9334 9333)
4(9225 9235 9335 9325)
4(9234 9334 9335 9235)
4(9324 9325 9335 9334)
4(9226 9236 9336 9326)
4(9235 9335 9336 9236)
4(9325 9326 9336 9335)
4(9227 9237 9337 9327)
4(9236 9336 9337 9237)
4(9326 9327 9337 9336)
4(9228 9238 9338 9328)
4(9237 9337 9338 9238)
4(9327 9328 9338 9337)
4(9229 9239 9339 9329)
4(9238 9338 9339 9239)
4(9328 9329 9339 9338)
4(9230 9240 9340 9330)
4(9239 9339 9340 9240)
4(9329 9330 9340 9339)
4(9240 9340 9341 9241)
4(9330 9331 9341 9340)
4(9232 9242 9342 9332)
4(3536 3646 9342 9242)
4(3647 9332 9342 3646)
4(9233 9243 9343 9333)
4(9242 9342 9343 9243)
4(9332 9333 9343 9342)
4(9234 9244 9344 9334)
4(9243 9343 9344 9244)
4(9333 9334 9344 9343)
4(9235 9245 9345 9335)
4(9244 9344 9345 9245)
4(9334 9335 9345 9344)
4(9236 9246 9346 9336)
4(9245 9345 9346 9246)
4(9335 9336 9346 9345)
4(9237 9247 9347 9337)
4(9246 9346 9347 9247)
4(9336 9337 9347 9346)
4(9238 9248 9348 9338)
4(9247 9347 9348 9248)
4(9337 9338 9348 9347)
4(9239 9249 9349 9339)
4(9248 9348 9349 9249)
4(9338 9339 9349 9348)
4(9240 9250 9350 9340)
4(9249 9349 9350 9250)
4(9339 9340 9350 9349)
4(9250 9350 9351 9251)
4(9340 9341 9351 9350)
4(9242 9252 9352 9342)
4(3535 3645 9352 9252)
4(3646 9342 9352 3645)
4(9243 9253 9353 9343)
4(9252 9352 9353 9253)
4(9342 9343 9353 9352)
4(9244 9254 9354 9344)
4(9253 9353 9354 9254)
4(9343 9344 9354 9353)
4(9245 9255 9355 9345)
4(9254 9354 9355 9255)
4(9344 9345 9355 9354)
4(9246 9256 9356 9346)
4(9255 9355 9356 9256)
4(9345 9346 9356 9355)
4(9247 9257 9357 9347)
4(9256 9356 9357 9257)
4(9346 9347 9357 9356)
4(9248 9258 9358 9348)
4(9257 9357 9358 9258)
4(9347 9348 9358 9357)
4(9249 9259 9359 9349)
4(9258 9358 9359 9259)
4(9348 9349 9359 9358)
4(9250 9260 9360 9350)
4(9259 9359 9360 9260)
4(9349 9350 9360 9359)
4(9260 9360 9361 9261)
4(9350 9351 9361 9360)
4(9252 9262 9362 9352)
4(3534 3644 9362 9262)
4(3645 9352 9362 3644)
4(9253 9263 9363 9353)
4(9262 9362 9363 9263)
4(9352 9353 9363 9362)
4(9254 9264 9364 9354)
4(9263 9363 9364 9264)
4(9353 9354 9364 9363)
4(9255 9265 9365 9355)
4(9264 9364 9365 9265)
4(9354 9355 9365 9364)
4(9256 9266 9366 9356)
4(9265 9365 9366 9266)
4(9355 9356 9366 9365)
4(9257 9267 9367 9357)
4(9266 9366 9367 9267)
4(9356 9357 9367 9366)
4(9258 9268 9368 9358)
4(9267 9367 9368 9268)
4(9357 9358 9368 9367)
4(9259 9269 9369 9359)
4(9268 9368 9369 9269)
4(9358 9359 9369 9368)
4(9260 9270 9370 9360)
4(9269 9369 9370 9270)
4(9359 9360 9370 9369)
4(9270 9370 9371 9271)
4(9360 9361 9371 9370)
4(9262 9272 9372 9362)
4(3533 3643 9372 9272)
4(3644 9362 9372 3643)
4(9263 9273 9373 9363)
4(9272 9372 9373 9273)
4(9362 9363 9373 9372)
4(9264 9274 9374 9364)
4(9273 9373 9374 9274)
4(9363 9364 9374 9373)
4(9265 9275 9375 9365)
4(9274 9374 9375 9275)
4(9364 9365 9375 9374)
4(9266 9276 9376 9366)
4(9275 9375 9376 9276)
4(9365 9366 9376 9375)
4(9267 9277 9377 9367)
4(9276 9376 9377 9277)
4(9366 9367 9377 9376)
4(9268 9278 9378 9368)
4(9277 9377 9378 9278)
4(9367 9368 9378 9377)
4(9269 9279 9379 9369)
4(9278 9378 9379 9279)
4(9368 9369 9379 9378)
4(9270 9280 9380 9370)
4(9279 9379 9380 9280)
4(9369 9370 9380 9379)
4(9280 9380 9381 9281)
4(9370 9371 9381 9380)
4(9272 9282 9382 9372)
4(3643 9372 9382 3642)
4(3532 3642 9382 9282)
4(9273 9283 9383 9373)
4(9372 9373 9383 9382)
4(9282 9382 9383 9283)
4(9274 9284 9384 9374)
4(9373 9374 9384 9383)
4(9283 9383 9384 9284)
4(9275 9285 9385 9375)
4(9374 9375 9385 9384)
4(9284 9384 9385 9285)
4(9276 9286 9386 9376)
4(9375 9376 9386 9385)
4(9285 9385 9386 9286)
4(9277 9287 9387 9377)
4(9376 9377 9387 9386)
4(9286 9386 9387 9287)
4(9278 9288 9388 9378)
4(9377 9378 9388 9387)
4(9287 9387 9388 9288)
4(9279 9289 9389 9379)
4(9378 9379 9389 9388)
4(9288 9388 9389 9289)
4(9280 9290 9390 9380)
4(9379 9380 9390 9389)
4(9289 9389 9390 9290)
4(9380 9381 9391 9390)
4(9290 9390 9391 9291)
4(8282 9292 9392 8382)
4(3651 3761 9392 9292)
4(2530 8382 9392 3761)
4(8283 9293 9393 8383)
4(9292 9392 9393 9293)
4(8382 8383 9393 9392)
4(8284 9294 9394 8384)
4(9293 9393 9394 9294)
4(8383 8384 9394 9393)
4(8285 9295 9395 8385)
4(9294 9394 9395 9295)
4(8384 8385 9395 9394)
4(8286 9296 9396 8386)
4(9295 9395 9396 9296)
4(8385 8386 9396 9395)
4(8287 9297 9397 8387)
4(9296 9396 9397 9297)
4(8386 8387 9397 9396)
4(8288 9298 9398 8388)
4(9297 9397 9398 9298)
4(8387 8388 9398 9397)
4(8289 9299 9399 8389)
4(9298 9398 9399 9299)
4(8388 8389 9399 9398)
4(8290 9300 9400 8390)
4(9299 9399 9400 9300)
4(8389 8390 9400 9399)
4(9300 9400 9401 9301)
4(8390 8391 9401 9400)
4(9292 9302 9402 9392)
4(3650 3760 9402 9302)
4(3761 9392 9402 3760)
4(9293 9303 9403 9393)
4(9302 9402 9403 9303)
4(9392 9393 9403 9402)
4(9294 9304 9404 9394)
4(9303 9403 9404 9304)
4(9393 9394 9404 9403)
4(9295 9305 9405 9395)
4(9304 9404 9405 9305)
4(9394 9395 9405 9404)
4(9296 9306 9406 9396)
4(9305 9405 9406 9306)
4(9395 9396 9406 9405)
4(9297 9307 9407 9397)
4(9306 9406 9407 9307)
4(9396 9397 9407 9406)
4(9298 9308 9408 9398)
4(9307 9407 9408 9308)
4(9397 9398 9408 9407)
4(9299 9309 9409 9399)
4(9308 9408 9409 9309)
4(9398 9399 9409 9408)
4(9300 9310 9410 9400)
4(9309 9409 9410 9310)
4(9399 9400 9410 9409)
4(9310 9410 9411 9311)
4(9400 9401 9411 9410)
4(9302 9312 9412 9402)
4(3649 3759 9412 9312)
4(3760 9402 9412 3759)
4(9303 9313 9413 9403)
4(9312 9412 9413 9313)
4(9402 9403 9413 9412)
4(9304 9314 9414 9404)
4(9313 9413 9414 9314)
4(9403 9404 9414 9413)
4(9305 9315 9415 9405)
4(9314 9414 9415 9315)
4(9404 9405 9415 9414)
4(9306 9316 9416 9406)
4(9315 9415 9416 9316)
4(9405 9406 9416 9415)
4(9307 9317 9417 9407)
4(9316 9416 9417 9317)
4(9406 9407 9417 9416)
4(9308 9318 9418 9408)
4(9317 9417 9418 9318)
4(9407 9408 9418 9417)
4(9309 9319 9419 9409)
4(9318 9418 9419 9319)
4(9408 9409 9419 9418)
4(9310 9320 9420 9410)
4(9319 9419 9420 9320)
4(9409 9410 9420 9419)
4(9320 9420 9421 9321)
4(9410 9411 9421 9420)
4(9312 9322 9422 9412)
4(3648 3758 9422 9322)
4(3759 9412 9422 3758)
4(9313 9323 9423 9413)
4(9322 9422 9423 9323)
4(9412 9413 9423 9422)
4(9314 9324 9424 9414)
4(9323 9423 9424 9324)
4(9413 9414 9424 9423)
4(9315 9325 9425 9415)
4(9324 9424 9425 9325)
4(9414 9415 9425 9424)
4(9316 9326 9426 9416)
4(9325 9425 9426 9326)
4(9415 9416 9426 9425)
4(9317 9327 9427 9417)
4(9326 9426 9427 9327)
4(9416 9417 9427 9426)
4(9318 9328 9428 9418)
4(9327 9427 9428 9328)
4(9417 9418 9428 9427)
4(9319 9329 9429 9419)
4(9328 9428 9429 9329)
4(9418 9419 9429 9428)
4(9320 9330 9430 9420)
4(9329 9429 9430 9330)
4(9419 9420 9430 9429)
4(9330 9430 9431 9331)
4(9420 9421 9431 9430)
4(9322 9332 9432 9422)
4(3647 3757 9432 9332)
4(3758 9422 9432 3757)
4(9323 9333 9433 9423)
4(9332 9432 9433 9333)
4(9422 9423 9433 9432)
4(9324 9334 9434 9424)
4(9333 9433 9434 9334)
4(9423 9424 9434 9433)
4(9325 9335 9435 9425)
4(9334 9434 9435 9335)
4(9424 9425 9435 9434)
4(9326 9336 9436 9426)
4(9335 9435 9436 9336)
4(9425 9426 9436 9435)
4(9327 9337 9437 9427)
4(9336 9436 9437 9337)
4(9426 9427 9437 9436)
4(9328 9338 9438 9428)
4(9337 9437 9438 9338)
4(9427 9428 9438 9437)
4(9329 9339 9439 9429)
4(9338 9438 9439 9339)
4(9428 9429 9439 9438)
4(9330 9340 9440 9430)
4(9339 9439 9440 9340)
4(9429 9430 9440 9439)
4(9340 9440 9441 9341)
4(9430 9431 9441 9440)
4(9332 9342 9442 9432)
4(3646 3756 9442 9342)
4(3757 9432 9442 3756)
4(9333 9343 9443 9433)
4(9342 9442 9443 9343)
4(9432 9433 9443 9442)
4(9334 9344 9444 9434)
4(9343 9443 9444 9344)
4(9433 9434 9444 9443)
4(9335 9345 9445 9435)
4(9344 9444 9445 9345)
4(9434 9435 9445 9444)
4(9336 9346 9446 9436)
4(9345 9445 9446 9346)
4(9435 9436 9446 9445)
4(9337 9347 9447 9437)
4(9346 9446 9447 9347)
4(9436 9437 9447 9446)
4(9338 9348 9448 9438)
4(9347 9447 9448 9348)
4(9437 9438 9448 9447)
4(9339 9349 9449 9439)
4(9348 9448 9449 9349)
4(9438 9439 9449 9448)
4(9340 9350 9450 9440)
4(9349 9449 9450 9350)
4(9439 9440 9450 9449)
4(9350 9450 9451 9351)
4(9440 9441 9451 9450)
4(9342 9352 9452 9442)
4(3645 3755 9452 9352)
4(3756 9442 9452 3755)
4(9343 9353 9453 9443)
4(9352 9452 9453 9353)
4(9442 9443 9453 9452)
4(9344 9354 9454 9444)
4(9353 9453 9454 9354)
4(9443 9444 9454 9453)
4(9345 9355 9455 9445)
4(9354 9454 9455 9355)
4(9444 9445 9455 9454)
4(9346 9356 9456 9446)
4(9355 9455 9456 9356)
4(9445 9446 9456 9455)
4(9347 9357 9457 9447)
4(9356 9456 9457 9357)
4(9446 9447 9457 9456)
4(9348 9358 9458 9448)
4(9357 9457 9458 9358)
4(9447 9448 9458 9457)
4(9349 9359 9459 9449)
4(9358 9458 9459 9359)
4(9448 9449 9459 9458)
4(9350 9360 9460 9450)
4(9359 9459 9460 9360)
4(9449 9450 9460 9459)
4(9360 9460 9461 9361)
4(9450 9451 9461 9460)
4(9352 9362 9462 9452)
4(3644 3754 9462 9362)
4(3755 9452 9462 3754)
4(9353 9363 9463 9453)
4(9362 9462 9463 9363)
4(9452 9453 9463 9462)
4(9354 9364 9464 9454)
4(9363 9463 9464 9364)
4(9453 9454 9464 9463)
4(9355 9365 9465 9455)
4(9364 9464 9465 9365)
4(9454 9455 9465 9464)
4(9356 9366 9466 9456)
4(9365 9465 9466 9366)
4(9455 9456 9466 9465)
4(9357 9367 9467 9457)
4(9366 9466 9467 9367)
4(9456 9457 9467 9466)
4(9358 9368 9468 9458)
4(9367 9467 9468 9368)
4(9457 9458 9468 9467)
4(9359 9369 9469 9459)
4(9368 9468 9469 9369)
4(9458 9459 9469 9468)
4(9360 9370 9470 9460)
4(9369 9469 9470 9370)
4(9459 9460 9470 9469)
4(9370 9470 9471 9371)
4(9460 9461 9471 9470)
4(9362 9372 9472 9462)
4(3643 3753 9472 9372)
4(3754 9462 9472 3753)
4(9363 9373 9473 9463)
4(9372 9472 9473 9373)
4(9462 9463 9473 9472)
4(9364 9374 9474 9464)
4(9373 9473 9474 9374)
4(9463 9464 9474 9473)
4(9365 9375 9475 9465)
4(9374 9474 9475 9375)
4(9464 9465 9475 9474)
4(9366 9376 9476 9466)
4(9375 9475 9476 9376)
4(9465 9466 9476 9475)
4(9367 9377 9477 9467)
4(9376 9476 9477 9377)
4(9466 9467 9477 9476)
4(9368 9378 9478 9468)
4(9377 9477 9478 9378)
4(9467 9468 9478 9477)
4(9369 9379 9479 9469)
4(9378 9478 9479 9379)
4(9468 9469 9479 9478)
4(9370 9380 9480 9470)
4(9379 9479 9480 9380)
4(9469 9470 9480 9479)
4(9380 9480 9481 9381)
4(9470 9471 9481 9480)
4(9372 9382 9482 9472)
4(3753 9472 9482 3752)
4(3642 3752 9482 9382)
4(9373 9383 9483 9473)
4(9472 9473 9483 9482)
4(9382 9482 9483 9383)
4(9374 9384 9484 9474)
4(9473 9474 9484 9483)
4(9383 9483 9484 9384)
4(9375 9385 9485 9475)
4(9474 9475 9485 9484)
4(9384 9484 9485 9385)
4(9376 9386 9486 9476)
4(9475 9476 9486 9485)
4(9385 9485 9486 9386)
4(9377 9387 9487 9477)
4(9476 9477 9487 9486)
4(9386 9486 9487 9387)
4(9378 9388 9488 9478)
4(9477 9478 9488 9487)
4(9387 9487 9488 9388)
4(9379 9389 9489 9479)
4(9478 9479 9489 9488)
4(9388 9488 9489 9389)
4(9380 9390 9490 9480)
4(9479 9480 9490 9489)
4(9389 9489 9490 9390)
4(9480 9481 9491 9490)
4(9390 9490 9491 9391)
4(8382 9392 9492 8482)
4(3761 3871 9492 9392)
4(8383 9393 9493 8483)
4(9392 9492 9493 9393)
4(8384 9394 9494 8484)
4(9393 9493 9494 9394)
4(8385 9395 9495 8485)
4(9394 9494 9495 9395)
4(8386 9396 9496 8486)
4(9395 9495 9496 9396)
4(8387 9397 9497 8487)
4(9396 9496 9497 9397)
4(8388 9398 9498 8488)
4(9397 9497 9498 9398)
4(8389 9399 9499 8489)
4(9398 9498 9499 9399)
4(8390 9400 9500 8490)
4(9399 9499 9500 9400)
4(9400 9500 9501 9401)
4(9392 9402 9502 9492)
4(3760 3870 9502 9402)
4(9393 9403 9503 9493)
4(9402 9502 9503 9403)
4(9394 9404 9504 9494)
4(9403 9503 9504 9404)
4(9395 9405 9505 9495)
4(9404 9504 9505 9405)
4(9396 9406 9506 9496)
4(9405 9505 9506 9406)
4(9397 9407 9507 9497)
4(9406 9506 9507 9407)
4(9398 9408 9508 9498)
4(9407 9507 9508 9408)
4(9399 9409 9509 9499)
4(9408 9508 9509 9409)
4(9400 9410 9510 9500)
4(9409 9509 9510 9410)
4(9410 9510 9511 9411)
4(9402 9412 9512 9502)
4(3759 3869 9512 9412)
4(9403 9413 9513 9503)
4(9412 9512 9513 9413)
4(9404 9414 9514 9504)
4(9413 9513 9514 9414)
4(9405 9415 9515 9505)
4(9414 9514 9515 9415)
4(9406 9416 9516 9506)
4(9415 9515 9516 9416)
4(9407 9417 9517 9507)
4(9416 9516 9517 9417)
4(9408 9418 9518 9508)
4(9417 9517 9518 9418)
4(9409 9419 9519 9509)
4(9418 9518 9519 9419)
4(9410 9420 9520 9510)
4(9419 9519 9520 9420)
4(9420 9520 9521 9421)
4(9412 9422 9522 9512)
4(3758 3868 9522 9422)
4(9413 9423 9523 9513)
4(9422 9522 9523 9423)
4(9414 9424 9524 9514)
4(9423 9523 9524 9424)
4(9415 9425 9525 9515)
4(9424 9524 9525 9425)
4(9416 9426 9526 9516)
4(9425 9525 9526 9426)
4(9417 9427 9527 9517)
4(9426 9526 9527 9427)
4(9418 9428 9528 9518)
4(9427 9527 9528 9428)
4(9419 9429 9529 9519)
4(9428 9528 9529 9429)
4(9420 9430 9530 9520)
4(9429 9529 9530 9430)
4(9430 9530 9531 9431)
4(9422 9432 9532 9522)
4(3757 3867 9532 9432)
4(9423 9433 9533 9523)
4(9432 9532 9533 9433)
4(9424 9434 9534 9524)
4(9433 9533 9534 9434)
4(9425 9435 9535 9525)
4(9434 9534 9535 9435)
4(9426 9436 9536 9526)
4(9435 9535 9536 9436)
4(9427 9437 9537 9527)
4(9436 9536 9537 9437)
4(9428 9438 9538 9528)
4(9437 9537 9538 9438)
4(9429 9439 9539 9529)
4(9438 9538 9539 9439)
4(9430 9440 9540 9530)
4(9439 9539 9540 9440)
4(9440 9540 9541 9441)
4(9432 9442 9542 9532)
4(3756 3866 9542 9442)
4(9433 9443 9543 9533)
4(9442 9542 9543 9443)
4(9434 9444 9544 9534)
4(9443 9543 9544 9444)
4(9435 9445 9545 9535)
4(9444 9544 9545 9445)
4(9436 9446 9546 9536)
4(9445 9545 9546 9446)
4(9437 9447 9547 9537)
4(9446 9546 9547 9447)
4(9438 9448 9548 9538)
4(9447 9547 9548 9448)
4(9439 9449 9549 9539)
4(9448 9548 9549 9449)
4(9440 9450 9550 9540)
4(9449 9549 9550 9450)
4(9450 9550 9551 9451)
4(9442 9452 9552 9542)
4(3755 3865 9552 9452)
4(9443 9453 9553 9543)
4(9452 9552 9553 9453)
4(9444 9454 9554 9544)
4(9453 9553 9554 9454)
4(9445 9455 9555 9545)
4(9454 9554 9555 9455)
4(9446 9456 9556 9546)
4(9455 9555 9556 9456)
4(9447 9457 9557 9547)
4(9456 9556 9557 9457)
4(9448 9458 9558 9548)
4(9457 9557 9558 9458)
4(9449 9459 9559 9549)
4(9458 9558 9559 9459)
4(9450 9460 9560 9550)
4(9459 9559 9560 9460)
4(9460 9560 9561 9461)
4(9452 9462 9562 9552)
4(3754 3864 9562 9462)
4(9453 9463 9563 9553)
4(9462 9562 9563 9463)
4(9454 9464 9564 9554)
4(9463 9563 9564 9464)
4(9455 9465 9565 9555)
4(9464 9564 9565 9465)
4(9456 9466 9566 9556)
4(9465 9565 9566 9466)
4(9457 9467 9567 9557)
4(9466 9566 9567 9467)
4(9458 9468 9568 9558)
4(9467 9567 9568 9468)
4(9459 9469 9569 9559)
4(9468 9568 9569 9469)
4(9460 9470 9570 9560)
4(9469 9569 9570 9470)
4(9470 9570 9571 9471)
4(9462 9472 9572 9562)
4(3753 3863 9572 9472)
4(9463 9473 9573 9563)
4(9472 9572 9573 9473)
4(9464 9474 9574 9564)
4(9473 9573 9574 9474)
4(9465 9475 9575 9565)
4(9474 9574 9575 9475)
4(9466 9476 9576 9566)
4(9475 9575 9576 9476)
4(9467 9477 9577 9567)
4(9476 9576 9577 9477)
4(9468 9478 9578 9568)
4(9477 9577 9578 9478)
4(9469 9479 9579 9569)
4(9478 9578 9579 9479)
4(9470 9480 9580 9570)
4(9479 9579 9580 9480)
4(9480 9580 9581 9481)
4(9472 9482 9582 9572)
4(3752 3862 9582 9482)
4(9473 9483 9583 9573)
4(9482 9582 9583 9483)
4(9474 9484 9584 9574)
4(9483 9583 9584 9484)
4(9475 9485 9585 9575)
4(9484 9584 9585 9485)
4(9476 9486 9586 9576)
4(9485 9585 9586 9486)
4(9477 9487 9587 9577)
4(9486 9586 9587 9487)
4(9478 9488 9588 9578)
4(9487 9587 9588 9488)
4(9479 9489 9589 9579)
4(9488 9588 9589 9489)
4(9480 9490 9590 9580)
4(9489 9589 9590 9490)
4(9490 9590 9591 9491)
4(8582 9592 9692 8682)
4(2752 2862 9692 9592)
4(2872 8682 9692 2862)
4(8583 9593 9693 8683)
4(9592 9692 9693 9593)
4(8682 8683 9693 9692)
4(8584 9594 9694 8684)
4(9593 9693 9694 9594)
4(8683 8684 9694 9693)
4(8585 9595 9695 8685)
4(9594 9694 9695 9595)
4(8684 8685 9695 9694)
4(8586 9596 9696 8686)
4(9595 9695 9696 9596)
4(8685 8686 9696 9695)
4(8587 9597 9697 8687)
4(9596 9696 9697 9597)
4(8686 8687 9697 9696)
4(8588 9598 9698 8688)
4(9597 9697 9698 9598)
4(8687 8688 9698 9697)
4(8589 9599 9699 8689)
4(9598 9698 9699 9599)
4(8688 8689 9699 9698)
4(8590 9600 9700 8690)
4(9599 9699 9700 9600)
4(8689 8690 9700 9699)
4(9600 9700 9701 9601)
4(8690 8691 9701 9700)
4(9592 9602 9702 9692)
4(2742 2852 9702 9602)
4(2862 9692 9702 2852)
4(9593 9603 9703 9693)
4(9602 9702 9703 9603)
4(9692 9693 9703 9702)
4(9594 9604 9704 9694)
4(9603 9703 9704 9604)
4(9693 9694 9704 9703)
4(9595 9605 9705 9695)
4(9604 9704 9705 9605)
4(9694 9695 9705 9704)
4(9596 9606 9706 9696)
4(9605 9705 9706 9606)
4(9695 9696 9706 9705)
4(9597 9607 9707 9697)
4(9606 9706 9707 9607)
4(9696 9697 9707 9706)
4(9598 9608 9708 9698)
4(9607 9707 9708 9608)
4(9697 9698 9708 9707)
4(9599 9609 9709 9699)
4(9608 9708 9709 9609)
4(9698 9699 9709 9708)
4(9600 9610 9710 9700)
4(9609 9709 9710 9610)
4(9699 9700 9710 9709)
4(9610 9710 9711 9611)
4(9700 9701 9711 9710)
4(9602 9612 9712 9702)
4(2732 2842 9712 9612)
4(2852 9702 9712 2842)
4(9603 9613 9713 9703)
4(9612 9712 9713 9613)
4(9702 9703 9713 9712)
4(9604 9614 9714 9704)
4(9613 9713 9714 9614)
4(9703 9704 9714 9713)
4(9605 9615 9715 9705)
4(9614 9714 9715 9615)
4(9704 9705 9715 9714)
4(9606 9616 9716 9706)
4(9615 9715 9716 9616)
4(9705 9706 9716 9715)
4(9607 9617 9717 9707)
4(9616 9716 9717 9617)
4(9706 9707 9717 9716)
4(9608 9618 9718 9708)
4(9617 9717 9718 9618)
4(9707 9708 9718 9717)
4(9609 9619 9719 9709)
4(9618 9718 9719 9619)
4(9708 9709 9719 9718)
4(9610 9620 9720 9710)
4(9619 9719 9720 9620)
4(9709 9710 9720 9719)
4(9620 9720 9721 9621)
4(9710 9711 9721 9720)
4(9612 9622 9722 9712)
4(2722 2832 9722 9622)
4(2842 9712 9722 2832)
4(9613 9623 9723 9713)
4(9622 9722 9723 9623)
4(9712 9713 9723 9722)
4(9614 9624 9724 9714)
4(9623 9723 9724 9624)
4(9713 9714 9724 9723)
4(9615 9625 9725 9715)
4(9624 9724 9725 9625)
4(9714 9715 9725 9724)
4(9616 9626 9726 9716)
4(9625 9725 9726 9626)
4(9715 9716 9726 9725)
4(9617 9627 9727 9717)
4(9626 9726 9727 9627)
4(9716 9717 9727 9726)
4(9618 9628 9728 9718)
4(9627 9727 9728 9628)
4(9717 9718 9728 9727)
4(9619 9629 9729 9719)
4(9628 9728 9729 9629)
4(9718 9719 9729 9728)
4(9620 9630 9730 9720)
4(9629 9729 9730 9630)
4(9719 9720 9730 9729)
4(9630 9730 9731 9631)
4(9720 9721 9731 9730)
4(9622 9632 9732 9722)
4(2712 2822 9732 9632)
4(2832 9722 9732 2822)
4(9623 9633 9733 9723)
4(9632 9732 9733 9633)
4(9722 9723 9733 9732)
4(9624 9634 9734 9724)
4(9633 9733 9734 9634)
4(9723 9724 9734 9733)
4(9625 9635 9735 9725)
4(9634 9734 9735 9635)
4(9724 9725 9735 9734)
4(9626 9636 9736 9726)
4(9635 9735 9736 9636)
4(9725 9726 9736 9735)
4(9627 9637 9737 9727)
4(9636 9736 9737 9637)
4(9726 9727 9737 9736)
4(9628 9638 9738 9728)
4(9637 9737 9738 9638)
4(9727 9728 9738 9737)
4(9629 9639 9739 9729)
4(9638 9738 9739 9639)
4(9728 9729 9739 9738)
4(9630 9640 9740 9730)
4(9639 9739 9740 9640)
4(9729 9730 9740 9739)
4(9640 9740 9741 9641)
4(9730 9731 9741 9740)
4(9632 9642 9742 9732)
4(2702 2812 9742 9642)
4(2822 9732 9742 2812)
4(9633 9643 9743 9733)
4(9642 9742 9743 9643)
4(9732 9733 9743 9742)
4(9634 9644 9744 9734)
4(9643 9743 9744 9644)
4(9733 9734 9744 9743)
4(9635 9645 9745 9735)
4(9644 9744 9745 9645)
4(9734 9735 9745 9744)
4(9636 9646 9746 9736)
4(9645 9745 9746 9646)
4(9735 9736 9746 9745)
4(9637 9647 9747 9737)
4(9646 9746 9747 9647)
4(9736 9737 9747 9746)
4(9638 9648 9748 9738)
4(9647 9747 9748 9648)
4(9737 9738 9748 9747)
4(9639 9649 9749 9739)
4(9648 9748 9749 9649)
4(9738 9739 9749 9748)
4(9640 9650 9750 9740)
4(9649 9749 9750 9650)
4(9739 9740 9750 9749)
4(9650 9750 9751 9651)
4(9740 9741 9751 9750)
4(9642 9652 9752 9742)
4(2692 2802 9752 9652)
4(2812 9742 9752 2802)
4(9643 9653 9753 9743)
4(9652 9752 9753 9653)
4(9742 9743 9753 9752)
4(9644 9654 9754 9744)
4(9653 9753 9754 9654)
4(9743 9744 9754 9753)
4(9645 9655 9755 9745)
4(9654 9754 9755 9655)
4(9744 9745 9755 9754)
4(9646 9656 9756 9746)
4(9655 9755 9756 9656)
4(9745 9746 9756 9755)
4(9647 9657 9757 9747)
4(9656 9756 9757 9657)
4(9746 9747 9757 9756)
4(9648 9658 9758 9748)
4(9657 9757 9758 9658)
4(9747 9748 9758 9757)
4(9649 9659 9759 9749)
4(9658 9758 9759 9659)
4(9748 9749 9759 9758)
4(9650 9660 9760 9750)
4(9659 9759 9760 9660)
4(9749 9750 9760 9759)
4(9660 9760 9761 9661)
4(9750 9751 9761 9760)
4(9652 9662 9762 9752)
4(2682 2792 9762 9662)
4(2802 9752 9762 2792)
4(9653 9663 9763 9753)
4(9662 9762 9763 9663)
4(9752 9753 9763 9762)
4(9654 9664 9764 9754)
4(9663 9763 9764 9664)
4(9753 9754 9764 9763)
4(9655 9665 9765 9755)
4(9664 9764 9765 9665)
4(9754 9755 9765 9764)
4(9656 9666 9766 9756)
4(9665 9765 9766 9666)
4(9755 9756 9766 9765)
4(9657 9667 9767 9757)
4(9666 9766 9767 9667)
4(9756 9757 9767 9766)
4(9658 9668 9768 9758)
4(9667 9767 9768 9668)
4(9757 9758 9768 9767)
4(9659 9669 9769 9759)
4(9668 9768 9769 9669)
4(9758 9759 9769 9768)
4(9660 9670 9770 9760)
4(9669 9769 9770 9670)
4(9759 9760 9770 9769)
4(9670 9770 9771 9671)
4(9760 9761 9771 9770)
4(9662 9672 9772 9762)
4(2672 2782 9772 9672)
4(2792 9762 9772 2782)
4(9663 9673 9773 9763)
4(9672 9772 9773 9673)
4(9762 9763 9773 9772)
4(9664 9674 9774 9764)
4(9673 9773 9774 9674)
4(9763 9764 9774 9773)
4(9665 9675 9775 9765)
4(9674 9774 9775 9675)
4(9764 9765 9775 9774)
4(9666 9676 9776 9766)
4(9675 9775 9776 9676)
4(9765 9766 9776 9775)
4(9667 9677 9777 9767)
4(9676 9776 9777 9677)
4(9766 9767 9777 9776)
4(9668 9678 9778 9768)
4(9677 9777 9778 9678)
4(9767 9768 9778 9777)
4(9669 9679 9779 9769)
4(9678 9778 9779 9679)
4(9768 9769 9779 9778)
4(9670 9680 9780 9770)
4(9679 9779 9780 9680)
4(9769 9770 9780 9779)
4(9680 9780 9781 9681)
4(9770 9771 9781 9780)
4(9672 9682 9782 9772)
4(2782 9772 9782 2772)
4(2662 2772 9782 9682)
4(9673 9683 9783 9773)
4(9772 9773 9783 9782)
4(9682 9782 9783 9683)
4(9674 9684 9784 9774)
4(9773 9774 9784 9783)
4(9683 9783 9784 9684)
4(9675 9685 9785 9775)
4(9774 9775 9785 9784)
4(9684 9784 9785 9685)
4(9676 9686 9786 9776)
4(9775 9776 9786 9785)
4(9685 9785 9786 9686)
4(9677 9687 9787 9777)
4(9776 9777 9787 9786)
4(9686 9786 9787 9687)
4(9678 9688 9788 9778)
4(9777 9778 9788 9787)
4(9687 9787 9788 9688)
4(9679 9689 9789 9779)
4(9778 9779 9789 9788)
4(9688 9788 9789 9689)
4(9680 9690 9790 9780)
4(9779 9780 9790 9789)
4(9689 9789 9790 9690)
4(9780 9781 9791 9790)
4(9690 9790 9791 9691)
4(8682 9692 9792 8782)
4(2862 2972 9792 9692)
4(2982 8782 9792 2972)
4(8683 9693 9793 8783)
4(9692 9792 9793 9693)
4(8782 8783 9793 9792)
4(8684 9694 9794 8784)
4(9693 9793 9794 9694)
4(8783 8784 9794 9793)
4(8685 9695 9795 8785)
4(9694 9794 9795 9695)
4(8784 8785 9795 9794)
4(8686 9696 9796 8786)
4(9695 9795 9796 9696)
4(8785 8786 9796 9795)
4(8687 9697 9797 8787)
4(9696 9796 9797 9697)
4(8786 8787 9797 9796)
4(8688 9698 9798 8788)
4(9697 9797 9798 9698)
4(8787 8788 9798 9797)
4(8689 9699 9799 8789)
4(9698 9798 9799 9699)
4(8788 8789 9799 9798)
4(8690 9700 9800 8790)
4(9699 9799 9800 9700)
4(8789 8790 9800 9799)
4(9700 9800 9801 9701)
4(8790 8791 9801 9800)
4(9692 9702 9802 9792)
4(2852 2962 9802 9702)
4(2972 9792 9802 2962)
4(9693 9703 9803 9793)
4(9702 9802 9803 9703)
4(9792 9793 9803 9802)
4(9694 9704 9804 9794)
4(9703 9803 9804 9704)
4(9793 9794 9804 9803)
4(9695 9705 9805 9795)
4(9704 9804 9805 9705)
4(9794 9795 9805 9804)
4(9696 9706 9806 9796)
4(9705 9805 9806 9706)
4(9795 9796 9806 9805)
4(9697 9707 9807 9797)
4(9706 9806 9807 9707)
4(9796 9797 9807 9806)
4(9698 9708 9808 9798)
4(9707 9807 9808 9708)
4(9797 9798 9808 9807)
4(9699 9709 9809 9799)
4(9708 9808 9809 9709)
4(9798 9799 9809 9808)
4(9700 9710 9810 9800)
4(9709 9809 9810 9710)
4(9799 9800 9810 9809)
4(9710 9810 9811 9711)
4(9800 9801 9811 9810)
4(9702 9712 9812 9802)
4(2842 2952 9812 9712)
4(2962 9802 9812 2952)
4(9703 9713 9813 9803)
4(9712 9812 9813 9713)
4(9802 9803 9813 9812)
4(9704 9714 9814 9804)
4(9713 9813 9814 9714)
4(9803 9804 9814 9813)
4(9705 9715 9815 9805)
4(9714 9814 9815 9715)
4(9804 9805 9815 9814)
4(9706 9716 9816 9806)
4(9715 9815 9816 9716)
4(9805 9806 9816 9815)
4(9707 9717 9817 9807)
4(9716 9816 9817 9717)
4(9806 9807 9817 9816)
4(9708 9718 9818 9808)
4(9717 9817 9818 9718)
4(9807 9808 9818 9817)
4(9709 9719 9819 9809)
4(9718 9818 9819 9719)
4(9808 9809 9819 9818)
4(9710 9720 9820 9810)
4(9719 9819 9820 9720)
4(9809 9810 9820 9819)
4(9720 9820 9821 9721)
4(9810 9811 9821 9820)
4(9712 9722 9822 9812)
4(2832 2942 9822 9722)
4(2952 9812 9822 2942)
4(9713 9723 9823 9813)
4(9722 9822 9823 9723)
4(9812 9813 9823 9822)
4(9714 9724 9824 9814)
4(9723 9823 9824 9724)
4(9813 9814 9824 9823)
4(9715 9725 9825 9815)
4(9724 9824 9825 9725)
4(9814 9815 9825 9824)
4(9716 9726 9826 9816)
4(9725 9825 9826 9726)
4(9815 9816 9826 9825)
4(9717 9727 9827 9817)
4(9726 9826 9827 9727)
4(9816 9817 9827 9826)
4(9718 9728 9828 9818)
4(9727 9827 9828 9728)
4(9817 9818 9828 9827)
4(9719 9729 9829 9819)
4(9728 9828 9829 9729)
4(9818 9819 9829 9828)
4(9720 9730 9830 9820)
4(9729 9829 9830 9730)
4(9819 9820 9830 9829)
4(9730 9830 9831 9731)
4(9820 9821 9831 9830)
4(9722 9732 9832 9822)
4(2822 2932 9832 9732)
4(2942 9822 9832 2932)
4(9723 9733 9833 9823)
4(9732 9832 9833 9733)
4(9822 9823 9833 9832)
4(9724 9734 9834 9824)
4(9733 9833 9834 9734)
4(9823 9824 9834 9833)
4(9725 9735 9835 9825)
4(9734 9834 9835 9735)
4(9824 9825 9835 9834)
4(9726 9736 9836 9826)
4(9735 9835 9836 9736)
4(9825 9826 9836 9835)
4(9727 9737 9837 9827)
4(9736 9836 9837 9737)
4(9826 9827 9837 9836)
4(9728 9738 9838 9828)
4(9737 9837 9838 9738)
4(9827 9828 9838 9837)
4(9729 9739 9839 9829)
4(9738 9838 9839 9739)
4(9828 9829 9839 9838)
4(9730 9740 9840 9830)
4(9739 9839 9840 9740)
4(9829 9830 9840 9839)
4(9740 9840 9841 9741)
4(9830 9831 9841 9840)
4(9732 9742 9842 9832)
4(2812 2922 9842 9742)
4(2932 9832 9842 2922)
4(9733 9743 9843 9833)
4(9742 9842 9843 9743)
4(9832 9833 9843 9842)
4(9734 9744 9844 9834)
4(9743 9843 9844 9744)
4(9833 9834 9844 9843)
4(9735 9745 9845 9835)
4(9744 9844 9845 9745)
4(9834 9835 9845 9844)
4(9736 9746 9846 9836)
4(9745 9845 9846 9746)
4(9835 9836 9846 9845)
4(9737 9747 9847 9837)
4(9746 9846 9847 9747)
4(9836 9837 9847 9846)
4(9738 9748 9848 9838)
4(9747 9847 9848 9748)
4(9837 9838 9848 9847)
4(9739 9749 9849 9839)
4(9748 9848 9849 9749)
4(9838 9839 9849 9848)
4(9740 9750 9850 9840)
4(9749 9849 9850 9750)
4(9839 9840 9850 9849)
4(9750 9850 9851 9751)
4(9840 9841 9851 9850)
4(9742 9752 9852 9842)
4(2802 2912 9852 9752)
4(2922 9842 9852 2912)
4(9743 9753 9853 9843)
4(9752 9852 9853 9753)
4(9842 9843 9853 9852)
4(9744 9754 9854 9844)
4(9753 9853 9854 9754)
4(9843 9844 9854 9853)
4(9745 9755 9855 9845)
4(9754 9854 9855 9755)
4(9844 9845 9855 9854)
4(9746 9756 9856 9846)
4(9755 9855 9856 9756)
4(9845 9846 9856 9855)
4(9747 9757 9857 9847)
4(9756 9856 9857 9757)
4(9846 9847 9857 9856)
4(9748 9758 9858 9848)
4(9757 9857 9858 9758)
4(9847 9848 9858 9857)
4(9749 9759 9859 9849)
4(9758 9858 9859 9759)
4(9848 9849 9859 9858)
4(9750 9760 9860 9850)
4(9759 9859 9860 9760)
4(9849 9850 9860 9859)
4(9760 9860 9861 9761)
4(9850 9851 9861 9860)
4(9752 9762 9862 9852)
4(2792 2902 9862 9762)
4(2912 9852 9862 2902)
4(9753 9763 9863 9853)
4(9762 9862 9863 9763)
4(9852 9853 9863 9862)
4(9754 9764 9864 9854)
4(9763 9863 9864 9764)
4(9853 9854 9864 9863)
4(9755 9765 9865 9855)
4(9764 9864 9865 9765)
4(9854 9855 9865 9864)
4(9756 9766 9866 9856)
4(9765 9865 9866 9766)
4(9855 9856 9866 9865)
4(9757 9767 9867 9857)
4(9766 9866 9867 9767)
4(9856 9857 9867 9866)
4(9758 9768 9868 9858)
4(9767 9867 9868 9768)
4(9857 9858 9868 9867)
4(9759 9769 9869 9859)
4(9768 9868 9869 9769)
4(9858 9859 9869 9868)
4(9760 9770 9870 9860)
4(9769 9869 9870 9770)
4(9859 9860 9870 9869)
4(9770 9870 9871 9771)
4(9860 9861 9871 9870)
4(9762 9772 9872 9862)
4(2782 2892 9872 9772)
4(2902 9862 9872 2892)
4(9763 9773 9873 9863)
4(9772 9872 9873 9773)
4(9862 9863 9873 9872)
4(9764 9774 9874 9864)
4(9773 9873 9874 9774)
4(9863 9864 9874 9873)
4(9765 9775 9875 9865)
4(9774 9874 9875 9775)
4(9864 9865 9875 9874)
4(9766 9776 9876 9866)
4(9775 9875 9876 9776)
4(9865 9866 9876 9875)
4(9767 9777 9877 9867)
4(9776 9876 9877 9777)
4(9866 9867 9877 9876)
4(9768 9778 9878 9868)
4(9777 9877 9878 9778)
4(9867 9868 9878 9877)
4(9769 9779 9879 9869)
4(9778 9878 9879 9779)
4(9868 9869 9879 9878)
4(9770 9780 9880 9870)
4(9779 9879 9880 9780)
4(9869 9870 9880 9879)
4(9780 9880 9881 9781)
4(9870 9871 9881 9880)
4(9772 9782 9882 9872)
4(2892 9872 9882 2882)
4(2772 2882 9882 9782)
4(9773 9783 9883 9873)
4(9872 9873 9883 9882)
4(9782 9882 9883 9783)
4(9774 9784 9884 9874)
4(9873 9874 9884 9883)
4(9783 9883 9884 9784)
4(9775 9785 9885 9875)
4(9874 9875 9885 9884)
4(9784 9884 9885 9785)
4(9776 9786 9886 9876)
4(9875 9876 9886 9885)
4(9785 9885 9886 9786)
4(9777 9787 9887 9877)
4(9876 9877 9887 9886)
4(9786 9886 9887 9787)
4(9778 9788 9888 9878)
4(9877 9878 9888 9887)
4(9787 9887 9888 9788)
4(9779 9789 9889 9879)
4(9878 9879 9889 9888)
4(9788 9888 9889 9789)
4(9780 9790 9890 9880)
4(9879 9880 9890 9889)
4(9789 9889 9890 9790)
4(9880 9881 9891 9890)
4(9790 9890 9891 9791)
4(8782 9792 9892 8882)
4(2972 3082 9892 9792)
4(3092 8882 9892 3082)
4(8783 9793 9893 8883)
4(9792 9892 9893 9793)
4(8882 8883 9893 9892)
4(8784 9794 9894 8884)
4(9793 9893 9894 9794)
4(8883 8884 9894 9893)
4(8785 9795 9895 8885)
4(9794 9894 9895 9795)
4(8884 8885 9895 9894)
4(8786 9796 9896 8886)
4(9795 9895 9896 9796)
4(8885 8886 9896 9895)
4(8787 9797 9897 8887)
4(9796 9896 9897 9797)
4(8886 8887 9897 9896)
4(8788 9798 9898 8888)
4(9797 9897 9898 9798)
4(8887 8888 9898 9897)
4(8789 9799 9899 8889)
4(9798 9898 9899 9799)
4(8888 8889 9899 9898)
4(8790 9800 9900 8890)
4(9799 9899 9900 9800)
4(8889 8890 9900 9899)
4(9800 9900 9901 9801)
4(8890 8891 9901 9900)
4(9792 9802 9902 9892)
4(2962 3072 9902 9802)
4(3082 9892 9902 3072)
4(9793 9803 9903 9893)
4(9802 9902 9903 9803)
4(9892 9893 9903 9902)
4(9794 9804 9904 9894)
4(9803 9903 9904 9804)
4(9893 9894 9904 9903)
4(9795 9805 9905 9895)
4(9804 9904 9905 9805)
4(9894 9895 9905 9904)
4(9796 9806 9906 9896)
4(9805 9905 9906 9806)
4(9895 9896 9906 9905)
4(9797 9807 9907 9897)
4(9806 9906 9907 9807)
4(9896 9897 9907 9906)
4(9798 9808 9908 9898)
4(9807 9907 9908 9808)
4(9897 9898 9908 9907)
4(9799 9809 9909 9899)
4(9808 9908 9909 9809)
4(9898 9899 9909 9908)
4(9800 9810 9910 9900)
4(9809 9909 9910 9810)
4(9899 9900 9910 9909)
4(9810 9910 9911 9811)
4(9900 9901 9911 9910)
4(9802 9812 9912 9902)
4(2952 3062 9912 9812)
4(3072 9902 9912 3062)
4(9803 9813 9913 9903)
4(9812 9912 9913 9813)
4(9902 9903 9913 9912)
4(9804 9814 9914 9904)
4(9813 9913 9914 9814)
4(9903 9904 9914 9913)
4(9805 9815 9915 9905)
4(9814 9914 9915 9815)
4(9904 9905 9915 9914)
4(9806 9816 9916 9906)
4(9815 9915 9916 9816)
4(9905 9906 9916 9915)
4(9807 9817 9917 9907)
4(9816 9916 9917 9817)
4(9906 9907 9917 9916)
4(9808 9818 9918 9908)
4(9817 9917 9918 9818)
4(9907 9908 9918 9917)
4(9809 9819 9919 9909)
4(9818 9918 9919 9819)
4(9908 9909 9919 9918)
4(9810 9820 9920 9910)
4(9819 9919 9920 9820)
4(9909 9910 9920 9919)
4(9820 9920 9921 9821)
4(9910 9911 9921 9920)
4(9812 9822 9922 9912)
4(2942 3052 9922 9822)
4(3062 9912 9922 3052)
4(9813 9823 9923 9913)
4(9822 9922 9923 9823)
4(9912 9913 9923 9922)
4(9814 9824 9924 9914)
4(9823 9923 9924 9824)
4(9913 9914 9924 9923)
4(9815 9825 9925 9915)
4(9824 9924 9925 9825)
4(9914 9915 9925 9924)
4(9816 9826 9926 9916)
4(9825 9925 9926 9826)
4(9915 9916 9926 9925)
4(9817 9827 9927 9917)
4(9826 9926 9927 9827)
4(9916 9917 9927 9926)
4(9818 9828 9928 9918)
4(9827 9927 9928 9828)
4(9917 9918 9928 9927)
4(9819 9829 9929 9919)
4(9828 9928 9929 9829)
4(9918 9919 9929 9928)
4(9820 9830 9930 9920)
4(9829 9929 9930 9830)
4(9919 9920 9930 9929)
4(9830 9930 9931 9831)
4(9920 9921 9931 9930)
4(9822 9832 9932 9922)
4(2932 3042 9932 9832)
4(3052 9922 9932 3042)
4(9823 9833 9933 9923)
4(9832 9932 9933 9833)
4(9922 9923 9933 9932)
4(9824 9834 9934 9924)
4(9833 9933 9934 9834)
4(9923 9924 9934 9933)
4(9825 9835 9935 9925)
4(9834 9934 9935 9835)
4(9924 9925 9935 9934)
4(9826 9836 9936 9926)
4(9835 9935 9936 9836)
4(9925 9926 9936 9935)
4(9827 9837 9937 9927)
4(9836 9936 9937 9837)
4(9926 9927 9937 9936)
4(9828 9838 9938 9928)
4(9837 9937 9938 9838)
4(9927 9928 9938 9937)
4(9829 9839 9939 9929)
4(9838 9938 9939 9839)
4(9928 9929 9939 9938)
4(9830 9840 9940 9930)
4(9839 9939 9940 9840)
4(9929 9930 9940 9939)
4(9840 9940 9941 9841)
4(9930 9931 9941 9940)
4(9832 9842 9942 9932)
4(2922 3032 9942 9842)
4(3042 9932 9942 3032)
4(9833 9843 9943 9933)
4(9842 9942 9943 9843)
4(9932 9933 9943 9942)
4(9834 9844 9944 9934)
4(9843 9943 9944 9844)
4(9933 9934 9944 9943)
4(9835 9845 9945 9935)
4(9844 9944 9945 9845)
4(9934 9935 9945 9944)
4(9836 9846 9946 9936)
4(9845 9945 9946 9846)
4(9935 9936 9946 9945)
4(9837 9847 9947 9937)
4(9846 9946 9947 9847)
4(9936 9937 9947 9946)
4(9838 9848 9948 9938)
4(9847 9947 9948 9848)
4(9937 9938 9948 9947)
4(9839 9849 9949 9939)
4(9848 9948 9949 9849)
4(9938 9939 9949 9948)
4(9840 9850 9950 9940)
4(9849 9949 9950 9850)
4(9939 9940 9950 9949)
4(9850 9950 9951 9851)
4(9940 9941 9951 9950)
4(9842 9852 9952 9942)
4(2912 3022 9952 9852)
4(3032 9942 9952 3022)
4(9843 9853 9953 9943)
4(9852 9952 9953 9853)
4(9942 9943 9953 9952)
4(9844 9854 9954 9944)
4(9853 9953 9954 9854)
4(9943 9944 9954 9953)
4(9845 9855 9955 9945)
4(9854 9954 9955 9855)
4(9944 9945 9955 9954)
4(9846 9856 9956 9946)
4(9855 9955 9956 9856)
4(9945 9946 9956 9955)
4(9847 9857 9957 9947)
4(9856 9956 9957 9857)
4(9946 9947 9957 9956)
4(9848 9858 9958 9948)
4(9857 9957 9958 9858)
4(9947 9948 9958 9957)
4(9849 9859 9959 9949)
4(9858 9958 9959 9859)
4(9948 9949 9959 9958)
4(9850 9860 9960 9950)
4(9859 9959 9960 9860)
4(9949 9950 9960 9959)
4(9860 9960 9961 9861)
4(9950 9951 9961 9960)
4(9852 9862 9962 9952)
4(2902 3012 9962 9862)
4(3022 9952 9962 3012)
4(9853 9863 9963 9953)
4(9862 9962 9963 9863)
4(9952 9953 9963 9962)
4(9854 9864 9964 9954)
4(9863 9963 9964 9864)
4(9953 9954 9964 9963)
4(9855 9865 9965 9955)
4(9864 9964 9965 9865)
4(9954 9955 9965 9964)
4(9856 9866 9966 9956)
4(9865 9965 9966 9866)
4(9955 9956 9966 9965)
4(9857 9867 9967 9957)
4(9866 9966 9967 9867)
4(9956 9957 9967 9966)
4(9858 9868 9968 9958)
4(9867 9967 9968 9868)
4(9957 9958 9968 9967)
4(9859 9869 9969 9959)
4(9868 9968 9969 9869)
4(9958 9959 9969 9968)
4(9860 9870 9970 9960)
4(9869 9969 9970 9870)
4(9959 9960 9970 9969)
4(9870 9970 9971 9871)
4(9960 9961 9971 9970)
4(9862 9872 9972 9962)
4(2892 3002 9972 9872)
4(3012 9962 9972 3002)
4(9863 9873 9973 9963)
4(9872 9972 9973 9873)
4(9962 9963 9973 9972)
4(9864 9874 9974 9964)
4(9873 9973 9974 9874)
4(9963 9964 9974 9973)
4(9865 9875 9975 9965)
4(9874 9974 9975 9875)
4(9964 9965 9975 9974)
4(9866 9876 9976 9966)
4(9875 9975 9976 9876)
4(9965 9966 9976 9975)
4(9867 9877 9977 9967)
4(9876 9976 9977 9877)
4(9966 9967 9977 9976)
4(9868 9878 9978 9968)
4(9877 9977 9978 9878)
4(9967 9968 9978 9977)
4(9869 9879 9979 9969)
4(9878 9978 9979 9879)
4(9968 9969 9979 9978)
4(9870 9880 9980 9970)
4(9879 9979 9980 9880)
4(9969 9970 9980 9979)
4(9880 9980 9981 9881)
4(9970 9971 9981 9980)
4(9872 9882 9982 9972)
4(3002 9972 9982 2992)
4(2882 2992 9982 9882)
4(9873 9883 9983 9973)
4(9972 9973 9983 9982)
4(9882 9982 9983 9883)
4(9874 9884 9984 9974)
4(9973 9974 9984 9983)
4(9883 9983 9984 9884)
4(9875 9885 9985 9975)
4(9974 9975 9985 9984)
4(9884 9984 9985 9885)
4(9876 9886 9986 9976)
4(9975 9976 9986 9985)
4(9885 9985 9986 9886)
4(9877 9887 9987 9977)
4(9976 9977 9987 9986)
4(9886 9986 9987 9887)
4(9878 9888 9988 9978)
4(9977 9978 9988 9987)
4(9887 9987 9988 9888)
4(9879 9889 9989 9979)
4(9978 9979 9989 9988)
4(9888 9988 9989 9889)
4(9880 9890 9990 9980)
4(9979 9980 9990 9989)
4(9889 9989 9990 9890)
4(9980 9981 9991 9990)
4(9890 9990 9991 9891)
4(8882 9892 9992 8982)
4(3082 3192 9992 9892)
4(3202 8982 9992 3192)
4(8883 9893 9993 8983)
4(9892 9992 9993 9893)
4(8982 8983 9993 9992)
4(8884 9894 9994 8984)
4(9893 9993 9994 9894)
4(8983 8984 9994 9993)
4(8885 9895 9995 8985)
4(9894 9994 9995 9895)
4(8984 8985 9995 9994)
4(8886 9896 9996 8986)
4(9895 9995 9996 9896)
4(8985 8986 9996 9995)
4(8887 9897 9997 8987)
4(9896 9996 9997 9897)
4(8986 8987 9997 9996)
4(8888 9898 9998 8988)
4(9897 9997 9998 9898)
4(8987 8988 9998 9997)
4(8889 9899 9999 8989)
4(9898 9998 9999 9899)
4(8988 8989 9999 9998)
4(8890 9900 10000 8990)
4(9899 9999 10000 9900)
4(8989 8990 10000 9999)
4(9900 10000 10001 9901)
4(8990 8991 10001 10000)
4(9892 9902 10002 9992)
4(3072 3182 10002 9902)
4(3192 9992 10002 3182)
4(9893 9903 10003 9993)
4(9902 10002 10003 9903)
4(9992 9993 10003 10002)
4(9894 9904 10004 9994)
4(9903 10003 10004 9904)
4(9993 9994 10004 10003)
4(9895 9905 10005 9995)
4(9904 10004 10005 9905)
4(9994 9995 10005 10004)
4(9896 9906 10006 9996)
4(9905 10005 10006 9906)
4(9995 9996 10006 10005)
4(9897 9907 10007 9997)
4(9906 10006 10007 9907)
4(9996 9997 10007 10006)
4(9898 9908 10008 9998)
4(9907 10007 10008 9908)
4(9997 9998 10008 10007)
4(9899 9909 10009 9999)
4(9908 10008 10009 9909)
4(9998 9999 10009 10008)
4(9900 9910 10010 10000)
4(9909 10009 10010 9910)
4(9999 10000 10010 10009)
4(9910 10010 10011 9911)
4(10000 10001 10011 10010)
4(9902 9912 10012 10002)
4(3062 3172 10012 9912)
4(3182 10002 10012 3172)
4(9903 9913 10013 10003)
4(9912 10012 10013 9913)
4(10002 10003 10013 10012)
4(9904 9914 10014 10004)
4(9913 10013 10014 9914)
4(10003 10004 10014 10013)
4(9905 9915 10015 10005)
4(9914 10014 10015 9915)
4(10004 10005 10015 10014)
4(9906 9916 10016 10006)
4(9915 10015 10016 9916)
4(10005 10006 10016 10015)
4(9907 9917 10017 10007)
4(9916 10016 10017 9917)
4(10006 10007 10017 10016)
4(9908 9918 10018 10008)
4(9917 10017 10018 9918)
4(10007 10008 10018 10017)
4(9909 9919 10019 10009)
4(9918 10018 10019 9919)
4(10008 10009 10019 10018)
4(9910 9920 10020 10010)
4(9919 10019 10020 9920)
4(10009 10010 10020 10019)
4(9920 10020 10021 9921)
4(10010 10011 10021 10020)
4(9912 9922 10022 10012)
4(3052 3162 10022 9922)
4(3172 10012 10022 3162)
4(9913 9923 10023 10013)
4(9922 10022 10023 9923)
4(10012 10013 10023 10022)
4(9914 9924 10024 10014)
4(9923 10023 10024 9924)
4(10013 10014 10024 10023)
4(9915 9925 10025 10015)
4(9924 10024 10025 9925)
4(10014 10015 10025 10024)
4(9916 9926 10026 10016)
4(9925 10025 10026 9926)
4(10015 10016 10026 10025)
4(9917 9927 10027 10017)
4(9926 10026 10027 9927)
4(10016 10017 10027 10026)
4(9918 9928 10028 10018)
4(9927 10027 10028 9928)
4(10017 10018 10028 10027)
4(9919 9929 10029 10019)
4(9928 10028 10029 9929)
4(10018 10019 10029 10028)
4(9920 9930 10030 10020)
4(9929 10029 10030 9930)
4(10019 10020 10030 10029)
4(9930 10030 10031 9931)
4(10020 10021 10031 10030)
4(9922 9932 10032 10022)
4(3042 3152 10032 9932)
4(3162 10022 10032 3152)
4(9923 9933 10033 10023)
4(9932 10032 10033 9933)
4(10022 10023 10033 10032)
4(9924 9934 10034 10024)
4(9933 10033 10034 9934)
4(10023 10024 10034 10033)
4(9925 9935 10035 10025)
4(9934 10034 10035 9935)
4(10024 10025 10035 10034)
4(9926 9936 10036 10026)
4(9935 10035 10036 9936)
4(10025 10026 10036 10035)
4(9927 9937 10037 10027)
4(9936 10036 10037 9937)
4(10026 10027 10037 10036)
4(9928 9938 10038 10028)
4(9937 10037 10038 9938)
4(10027 10028 10038 10037)
4(9929 9939 10039 10029)
4(9938 10038 10039 9939)
4(10028 10029 10039 10038)
4(9930 9940 10040 10030)
4(9939 10039 10040 9940)
4(10029 10030 10040 10039)
4(9940 10040 10041 9941)
4(10030 10031 10041 10040)
4(9932 9942 10042 10032)
4(3032 3142 10042 9942)
4(3152 10032 10042 3142)
4(9933 9943 10043 10033)
4(9942 10042 10043 9943)
4(10032 10033 10043 10042)
4(9934 9944 10044 10034)
4(9943 10043 10044 9944)
4(10033 10034 10044 10043)
4(9935 9945 10045 10035)
4(9944 10044 10045 9945)
4(10034 10035 10045 10044)
4(9936 9946 10046 10036)
4(9945 10045 10046 9946)
4(10035 10036 10046 10045)
4(9937 9947 10047 10037)
4(9946 10046 10047 9947)
4(10036 10037 10047 10046)
4(9938 9948 10048 10038)
4(9947 10047 10048 9948)
4(10037 10038 10048 10047)
4(9939 9949 10049 10039)
4(9948 10048 10049 9949)
4(10038 10039 10049 10048)
4(9940 9950 10050 10040)
4(9949 10049 10050 9950)
4(10039 10040 10050 10049)
4(9950 10050 10051 9951)
4(10040 10041 10051 10050)
4(9942 9952 10052 10042)
4(3022 3132 10052 9952)
4(3142 10042 10052 3132)
4(9943 9953 10053 10043)
4(9952 10052 10053 9953)
4(10042 10043 10053 10052)
4(9944 9954 10054 10044)
4(9953 10053 10054 9954)
4(10043 10044 10054 10053)
4(9945 9955 10055 10045)
4(9954 10054 10055 9955)
4(10044 10045 10055 10054)
4(9946 9956 10056 10046)
4(9955 10055 10056 9956)
4(10045 10046 10056 10055)
4(9947 9957 10057 10047)
4(9956 10056 10057 9957)
4(10046 10047 10057 10056)
4(9948 9958 10058 10048)
4(9957 10057 10058 9958)
4(10047 10048 10058 10057)
4(9949 9959 10059 10049)
4(9958 10058 10059 9959)
4(10048 10049 10059 10058)
4(9950 9960 10060 10050)
4(9959 10059 10060 9960)
4(10049 10050 10060 10059)
4(9960 10060 10061 9961)
4(10050 10051 10061 10060)
4(9952 9962 10062 10052)
4(3012 3122 10062 9962)
4(3132 10052 10062 3122)
4(9953 9963 10063 10053)
4(9962 10062 10063 9963)
4(10052 10053 10063 10062)
4(9954 9964 10064 10054)
4(9963 10063 10064 9964)
4(10053 10054 10064 10063)
4(9955 9965 10065 10055)
4(9964 10064 10065 9965)
4(10054 10055 10065 10064)
4(9956 9966 10066 10056)
4(9965 10065 10066 9966)
4(10055 10056 10066 10065)
4(9957 9967 10067 10057)
4(9966 10066 10067 9967)
4(10056 10057 10067 10066)
4(9958 9968 10068 10058)
4(9967 10067 10068 9968)
4(10057 10058 10068 10067)
4(9959 9969 10069 10059)
4(9968 10068 10069 9969)
4(10058 10059 10069 10068)
4(9960 9970 10070 10060)
4(9969 10069 10070 9970)
4(10059 10060 10070 10069)
4(9970 10070 10071 9971)
4(10060 10061 10071 10070)
4(9962 9972 10072 10062)
4(3002 3112 10072 9972)
4(3122 10062 10072 3112)
4(9963 9973 10073 10063)
4(9972 10072 10073 9973)
4(10062 10063 10073 10072)
4(9964 9974 10074 10064)
4(9973 10073 10074 9974)
4(10063 10064 10074 10073)
4(9965 9975 10075 10065)
4(9974 10074 10075 9975)
4(10064 10065 10075 10074)
4(9966 9976 10076 10066)
4(9975 10075 10076 9976)
4(10065 10066 10076 10075)
4(9967 9977 10077 10067)
4(9976 10076 10077 9977)
4(10066 10067 10077 10076)
4(9968 9978 10078 10068)
4(9977 10077 10078 9978)
4(10067 10068 10078 10077)
4(9969 9979 10079 10069)
4(9978 10078 10079 9979)
4(10068 10069 10079 10078)
4(9970 9980 10080 10070)
4(9979 10079 10080 9980)
4(10069 10070 10080 10079)
4(9980 10080 10081 9981)
4(10070 10071 10081 10080)
4(9972 9982 10082 10072)
4(3112 10072 10082 3102)
4(2992 3102 10082 9982)
4(9973 9983 10083 10073)
4(10072 10073 10083 10082)
4(9982 10082 10083 9983)
4(9974 9984 10084 10074)
4(10073 10074 10084 10083)
4(9983 10083 10084 9984)
4(9975 9985 10085 10075)
4(10074 10075 10085 10084)
4(9984 10084 10085 9985)
4(9976 9986 10086 10076)
4(10075 10076 10086 10085)
4(9985 10085 10086 9986)
4(9977 9987 10087 10077)
4(10076 10077 10087 10086)
4(9986 10086 10087 9987)
4(9978 9988 10088 10078)
4(10077 10078 10088 10087)
4(9987 10087 10088 9988)
4(9979 9989 10089 10079)
4(10078 10079 10089 10088)
4(9988 10088 10089 9989)
4(9980 9990 10090 10080)
4(10079 10080 10090 10089)
4(9989 10089 10090 9990)
4(10080 10081 10091 10090)
4(9990 10090 10091 9991)
4(8982 9992 10092 9082)
4(3192 3302 10092 9992)
4(3312 9082 10092 3302)
4(8983 9993 10093 9083)
4(9992 10092 10093 9993)
4(9082 9083 10093 10092)
4(8984 9994 10094 9084)
4(9993 10093 10094 9994)
4(9083 9084 10094 10093)
4(8985 9995 10095 9085)
4(9994 10094 10095 9995)
4(9084 9085 10095 10094)
4(8986 9996 10096 9086)
4(9995 10095 10096 9996)
4(9085 9086 10096 10095)
4(8987 9997 10097 9087)
4(9996 10096 10097 9997)
4(9086 9087 10097 10096)
4(8988 9998 10098 9088)
4(9997 10097 10098 9998)
4(9087 9088 10098 10097)
4(8989 9999 10099 9089)
4(9998 10098 10099 9999)
4(9088 9089 10099 10098)
4(8990 10000 10100 9090)
4(9999 10099 10100 10000)
4(9089 9090 10100 10099)
4(10000 10100 10101 10001)
4(9090 9091 10101 10100)
4(9992 10002 10102 10092)
4(3182 3292 10102 10002)
4(3302 10092 10102 3292)
4(9993 10003 10103 10093)
4(10002 10102 10103 10003)
4(10092 10093 10103 10102)
4(9994 10004 10104 10094)
4(10003 10103 10104 10004)
4(10093 10094 10104 10103)
4(9995 10005 10105 10095)
4(10004 10104 10105 10005)
4(10094 10095 10105 10104)
4(9996 10006 10106 10096)
4(10005 10105 10106 10006)
4(10095 10096 10106 10105)
4(9997 10007 10107 10097)
4(10006 10106 10107 10007)
4(10096 10097 10107 10106)
4(9998 10008 10108 10098)
4(10007 10107 10108 10008)
4(10097 10098 10108 10107)
4(9999 10009 10109 10099)
4(10008 10108 10109 10009)
4(10098 10099 10109 10108)
4(10000 10010 10110 10100)
4(10009 10109 10110 10010)
4(10099 10100 10110 10109)
4(10010 10110 10111 10011)
4(10100 10101 10111 10110)
4(10002 10012 10112 10102)
4(3172 3282 10112 10012)
4(3292 10102 10112 3282)
4(10003 10013 10113 10103)
4(10012 10112 10113 10013)
4(10102 10103 10113 10112)
4(10004 10014 10114 10104)
4(10013 10113 10114 10014)
4(10103 10104 10114 10113)
4(10005 10015 10115 10105)
4(10014 10114 10115 10015)
4(10104 10105 10115 10114)
4(10006 10016 10116 10106)
4(10015 10115 10116 10016)
4(10105 10106 10116 10115)
4(10007 10017 10117 10107)
4(10016 10116 10117 10017)
4(10106 10107 10117 10116)
4(10008 10018 10118 10108)
4(10017 10117 10118 10018)
4(10107 10108 10118 10117)
4(10009 10019 10119 10109)
4(10018 10118 10119 10019)
4(10108 10109 10119 10118)
4(10010 10020 10120 10110)
4(10019 10119 10120 10020)
4(10109 10110 10120 10119)
4(10020 10120 10121 10021)
4(10110 10111 10121 10120)
4(10012 10022 10122 10112)
4(3162 3272 10122 10022)
4(3282 10112 10122 3272)
4(10013 10023 10123 10113)
4(10022 10122 10123 10023)
4(10112 10113 10123 10122)
4(10014 10024 10124 10114)
4(10023 10123 10124 10024)
4(10113 10114 10124 10123)
4(10015 10025 10125 10115)
4(10024 10124 10125 10025)
4(10114 10115 10125 10124)
4(10016 10026 10126 10116)
4(10025 10125 10126 10026)
4(10115 10116 10126 10125)
4(10017 10027 10127 10117)
4(10026 10126 10127 10027)
4(10116 10117 10127 10126)
4(10018 10028 10128 10118)
4(10027 10127 10128 10028)
4(10117 10118 10128 10127)
4(10019 10029 10129 10119)
4(10028 10128 10129 10029)
4(10118 10119 10129 10128)
4(10020 10030 10130 10120)
4(10029 10129 10130 10030)
4(10119 10120 10130 10129)
4(10030 10130 10131 10031)
4(10120 10121 10131 10130)
4(10022 10032 10132 10122)
4(3152 3262 10132 10032)
4(3272 10122 10132 3262)
4(10023 10033 10133 10123)
4(10032 10132 10133 10033)
4(10122 10123 10133 10132)
4(10024 10034 10134 10124)
4(10033 10133 10134 10034)
4(10123 10124 10134 10133)
4(10025 10035 10135 10125)
4(10034 10134 10135 10035)
4(10124 10125 10135 10134)
4(10026 10036 10136 10126)
4(10035 10135 10136 10036)
4(10125 10126 10136 10135)
4(10027 10037 10137 10127)
4(10036 10136 10137 10037)
4(10126 10127 10137 10136)
4(10028 10038 10138 10128)
4(10037 10137 10138 10038)
4(10127 10128 10138 10137)
4(10029 10039 10139 10129)
4(10038 10138 10139 10039)
4(10128 10129 10139 10138)
4(10030 10040 10140 10130)
4(10039 10139 10140 10040)
4(10129 10130 10140 10139)
4(10040 10140 10141 10041)
4(10130 10131 10141 10140)
4(10032 10042 10142 10132)
4(3142 3252 10142 10042)
4(3262 10132 10142 3252)
4(10033 10043 10143 10133)
4(10042 10142 10143 10043)
4(10132 10133 10143 10142)
4(10034 10044 10144 10134)
4(10043 10143 10144 10044)
4(10133 10134 10144 10143)
4(10035 10045 10145 10135)
4(10044 10144 10145 10045)
4(10134 10135 10145 10144)
4(10036 10046 10146 10136)
4(10045 10145 10146 10046)
4(10135 10136 10146 10145)
4(10037 10047 10147 10137)
4(10046 10146 10147 10047)
4(10136 10137 10147 10146)
4(10038 10048 10148 10138)
4(10047 10147 10148 10048)
4(10137 10138 10148 10147)
4(10039 10049 10149 10139)
4(10048 10148 10149 10049)
4(10138 10139 10149 10148)
4(10040 10050 10150 10140)
4(10049 10149 10150 10050)
4(10139 10140 10150 10149)
4(10050 10150 10151 10051)
4(10140 10141 10151 10150)
4(10042 10052 10152 10142)
4(3132 3242 10152 10052)
4(3252 10142 10152 3242)
4(10043 10053 10153 10143)
4(10052 10152 10153 10053)
4(10142 10143 10153 10152)
4(10044 10054 10154 10144)
4(10053 10153 10154 10054)
4(10143 10144 10154 10153)
4(10045 10055 10155 10145)
4(10054 10154 10155 10055)
4(10144 10145 10155 10154)
4(10046 10056 10156 10146)
4(10055 10155 10156 10056)
4(10145 10146 10156 10155)
4(10047 10057 10157 10147)
4(10056 10156 10157 10057)
4(10146 10147 10157 10156)
4(10048 10058 10158 10148)
4(10057 10157 10158 10058)
4(10147 10148 10158 10157)
4(10049 10059 10159 10149)
4(10058 10158 10159 10059)
4(10148 10149 10159 10158)
4(10050 10060 10160 10150)
4(10059 10159 10160 10060)
4(10149 10150 10160 10159)
4(10060 10160 10161 10061)
4(10150 10151 10161 10160)
4(10052 10062 10162 10152)
4(3122 3232 10162 10062)
4(3242 10152 10162 3232)
4(10053 10063 10163 10153)
4(10062 10162 10163 10063)
4(10152 10153 10163 10162)
4(10054 10064 10164 10154)
4(10063 10163 10164 10064)
4(10153 10154 10164 10163)
4(10055 10065 10165 10155)
4(10064 10164 10165 10065)
4(10154 10155 10165 10164)
4(10056 10066 10166 10156)
4(10065 10165 10166 10066)
4(10155 10156 10166 10165)
4(10057 10067 10167 10157)
4(10066 10166 10167 10067)
4(10156 10157 10167 10166)
4(10058 10068 10168 10158)
4(10067 10167 10168 10068)
4(10157 10158 10168 10167)
4(10059 10069 10169 10159)
4(10068 10168 10169 10069)
4(10158 10159 10169 10168)
4(10060 10070 10170 10160)
4(10069 10169 10170 10070)
4(10159 10160 10170 10169)
4(10070 10170 10171 10071)
4(10160 10161 10171 10170)
4(10062 10072 10172 10162)
4(3112 3222 10172 10072)
4(3232 10162 10172 3222)
4(10063 10073 10173 10163)
4(10072 10172 10173 10073)
4(10162 10163 10173 10172)
4(10064 10074 10174 10164)
4(10073 10173 10174 10074)
4(10163 10164 10174 10173)
4(10065 10075 10175 10165)
4(10074 10174 10175 10075)
4(10164 10165 10175 10174)
4(10066 10076 10176 10166)
4(10075 10175 10176 10076)
4(10165 10166 10176 10175)
4(10067 10077 10177 10167)
4(10076 10176 10177 10077)
4(10166 10167 10177 10176)
4(10068 10078 10178 10168)
4(10077 10177 10178 10078)
4(10167 10168 10178 10177)
4(10069 10079 10179 10169)
4(10078 10178 10179 10079)
4(10168 10169 10179 10178)
4(10070 10080 10180 10170)
4(10079 10179 10180 10080)
4(10169 10170 10180 10179)
4(10080 10180 10181 10081)
4(10170 10171 10181 10180)
4(10072 10082 10182 10172)
4(3222 10172 10182 3212)
4(3102 3212 10182 10082)
4(10073 10083 10183 10173)
4(10172 10173 10183 10182)
4(10082 10182 10183 10083)
4(10074 10084 10184 10174)
4(10173 10174 10184 10183)
4(10083 10183 10184 10084)
4(10075 10085 10185 10175)
4(10174 10175 10185 10184)
4(10084 10184 10185 10085)
4(10076 10086 10186 10176)
4(10175 10176 10186 10185)
4(10085 10185 10186 10086)
4(10077 10087 10187 10177)
4(10176 10177 10187 10186)
4(10086 10186 10187 10087)
4(10078 10088 10188 10178)
4(10177 10178 10188 10187)
4(10087 10187 10188 10088)
4(10079 10089 10189 10179)
4(10178 10179 10189 10188)
4(10088 10188 10189 10089)
4(10080 10090 10190 10180)
4(10179 10180 10190 10189)
4(10089 10189 10190 10090)
4(10180 10181 10191 10190)
4(10090 10190 10191 10091)
4(9082 10092 10192 9182)
4(3302 3412 10192 10092)
4(3422 9182 10192 3412)
4(9083 10093 10193 9183)
4(10092 10192 10193 10093)
4(9182 9183 10193 10192)
4(9084 10094 10194 9184)
4(10093 10193 10194 10094)
4(9183 9184 10194 10193)
4(9085 10095 10195 9185)
4(10094 10194 10195 10095)
4(9184 9185 10195 10194)
4(9086 10096 10196 9186)
4(10095 10195 10196 10096)
4(9185 9186 10196 10195)
4(9087 10097 10197 9187)
4(10096 10196 10197 10097)
4(9186 9187 10197 10196)
4(9088 10098 10198 9188)
4(10097 10197 10198 10098)
4(9187 9188 10198 10197)
4(9089 10099 10199 9189)
4(10098 10198 10199 10099)
4(9188 9189 10199 10198)
4(9090 10100 10200 9190)
4(10099 10199 10200 10100)
4(9189 9190 10200 10199)
4(10100 10200 10201 10101)
4(9190 9191 10201 10200)
4(10092 10102 10202 10192)
4(3292 3402 10202 10102)
4(3412 10192 10202 3402)
4(10093 10103 10203 10193)
4(10102 10202 10203 10103)
4(10192 10193 10203 10202)
4(10094 10104 10204 10194)
4(10103 10203 10204 10104)
4(10193 10194 10204 10203)
4(10095 10105 10205 10195)
4(10104 10204 10205 10105)
4(10194 10195 10205 10204)
4(10096 10106 10206 10196)
4(10105 10205 10206 10106)
4(10195 10196 10206 10205)
4(10097 10107 10207 10197)
4(10106 10206 10207 10107)
4(10196 10197 10207 10206)
4(10098 10108 10208 10198)
4(10107 10207 10208 10108)
4(10197 10198 10208 10207)
4(10099 10109 10209 10199)
4(10108 10208 10209 10109)
4(10198 10199 10209 10208)
4(10100 10110 10210 10200)
4(10109 10209 10210 10110)
4(10199 10200 10210 10209)
4(10110 10210 10211 10111)
4(10200 10201 10211 10210)
4(10102 10112 10212 10202)
4(3282 3392 10212 10112)
4(3402 10202 10212 3392)
4(10103 10113 10213 10203)
4(10112 10212 10213 10113)
4(10202 10203 10213 10212)
4(10104 10114 10214 10204)
4(10113 10213 10214 10114)
4(10203 10204 10214 10213)
4(10105 10115 10215 10205)
4(10114 10214 10215 10115)
4(10204 10205 10215 10214)
4(10106 10116 10216 10206)
4(10115 10215 10216 10116)
4(10205 10206 10216 10215)
4(10107 10117 10217 10207)
4(10116 10216 10217 10117)
4(10206 10207 10217 10216)
4(10108 10118 10218 10208)
4(10117 10217 10218 10118)
4(10207 10208 10218 10217)
4(10109 10119 10219 10209)
4(10118 10218 10219 10119)
4(10208 10209 10219 10218)
4(10110 10120 10220 10210)
4(10119 10219 10220 10120)
4(10209 10210 10220 10219)
4(10120 10220 10221 10121)
4(10210 10211 10221 10220)
4(10112 10122 10222 10212)
4(3272 3382 10222 10122)
4(3392 10212 10222 3382)
4(10113 10123 10223 10213)
4(10122 10222 10223 10123)
4(10212 10213 10223 10222)
4(10114 10124 10224 10214)
4(10123 10223 10224 10124)
4(10213 10214 10224 10223)
4(10115 10125 10225 10215)
4(10124 10224 10225 10125)
4(10214 10215 10225 10224)
4(10116 10126 10226 10216)
4(10125 10225 10226 10126)
4(10215 10216 10226 10225)
4(10117 10127 10227 10217)
4(10126 10226 10227 10127)
4(10216 10217 10227 10226)
4(10118 10128 10228 10218)
4(10127 10227 10228 10128)
4(10217 10218 10228 10227)
4(10119 10129 10229 10219)
4(10128 10228 10229 10129)
4(10218 10219 10229 10228)
4(10120 10130 10230 10220)
4(10129 10229 10230 10130)
4(10219 10220 10230 10229)
4(10130 10230 10231 10131)
4(10220 10221 10231 10230)
4(10122 10132 10232 10222)
4(3262 3372 10232 10132)
4(3382 10222 10232 3372)
4(10123 10133 10233 10223)
4(10132 10232 10233 10133)
4(10222 10223 10233 10232)
4(10124 10134 10234 10224)
4(10133 10233 10234 10134)
4(10223 10224 10234 10233)
4(10125 10135 10235 10225)
4(10134 10234 10235 10135)
4(10224 10225 10235 10234)
4(10126 10136 10236 10226)
4(10135 10235 10236 10136)
4(10225 10226 10236 10235)
4(10127 10137 10237 10227)
4(10136 10236 10237 10137)
4(10226 10227 10237 10236)
4(10128 10138 10238 10228)
4(10137 10237 10238 10138)
4(10227 10228 10238 10237)
4(10129 10139 10239 10229)
4(10138 10238 10239 10139)
4(10228 10229 10239 10238)
4(10130 10140 10240 10230)
4(10139 10239 10240 10140)
4(10229 10230 10240 10239)
4(10140 10240 10241 10141)
4(10230 10231 10241 10240)
4(10132 10142 10242 10232)
4(3252 3362 10242 10142)
4(3372 10232 10242 3362)
4(10133 10143 10243 10233)
4(10142 10242 10243 10143)
4(10232 10233 10243 10242)
4(10134 10144 10244 10234)
4(10143 10243 10244 10144)
4(10233 10234 10244 10243)
4(10135 10145 10245 10235)
4(10144 10244 10245 10145)
4(10234 10235 10245 10244)
4(10136 10146 10246 10236)
4(10145 10245 10246 10146)
4(10235 10236 10246 10245)
4(10137 10147 10247 10237)
4(10146 10246 10247 10147)
4(10236 10237 10247 10246)
4(10138 10148 10248 10238)
4(10147 10247 10248 10148)
4(10237 10238 10248 10247)
4(10139 10149 10249 10239)
4(10148 10248 10249 10149)
4(10238 10239 10249 10248)
4(10140 10150 10250 10240)
4(10149 10249 10250 10150)
4(10239 10240 10250 10249)
4(10150 10250 10251 10151)
4(10240 10241 10251 10250)
4(10142 10152 10252 10242)
4(3242 3352 10252 10152)
4(3362 10242 10252 3352)
4(10143 10153 10253 10243)
4(10152 10252 10253 10153)
4(10242 10243 10253 10252)
4(10144 10154 10254 10244)
4(10153 10253 10254 10154)
4(10243 10244 10254 10253)
4(10145 10155 10255 10245)
4(10154 10254 10255 10155)
4(10244 10245 10255 10254)
4(10146 10156 10256 10246)
4(10155 10255 10256 10156)
4(10245 10246 10256 10255)
4(10147 10157 10257 10247)
4(10156 10256 10257 10157)
4(10246 10247 10257 10256)
4(10148 10158 10258 10248)
4(10157 10257 10258 10158)
4(10247 10248 10258 10257)
4(10149 10159 10259 10249)
4(10158 10258 10259 10159)
4(10248 10249 10259 10258)
4(10150 10160 10260 10250)
4(10159 10259 10260 10160)
4(10249 10250 10260 10259)
4(10160 10260 10261 10161)
4(10250 10251 10261 10260)
4(10152 10162 10262 10252)
4(3232 3342 10262 10162)
4(3352 10252 10262 3342)
4(10153 10163 10263 10253)
4(10162 10262 10263 10163)
4(10252 10253 10263 10262)
4(10154 10164 10264 10254)
4(10163 10263 10264 10164)
4(10253 10254 10264 10263)
4(10155 10165 10265 10255)
4(10164 10264 10265 10165)
4(10254 10255 10265 10264)
4(10156 10166 10266 10256)
4(10165 10265 10266 10166)
4(10255 10256 10266 10265)
4(10157 10167 10267 10257)
4(10166 10266 10267 10167)
4(10256 10257 10267 10266)
4(10158 10168 10268 10258)
4(10167 10267 10268 10168)
4(10257 10258 10268 10267)
4(10159 10169 10269 10259)
4(10168 10268 10269 10169)
4(10258 10259 10269 10268)
4(10160 10170 10270 10260)
4(10169 10269 10270 10170)
4(10259 10260 10270 10269)
4(10170 10270 10271 10171)
4(10260 10261 10271 10270)
4(10162 10172 10272 10262)
4(3222 3332 10272 10172)
4(3342 10262 10272 3332)
4(10163 10173 10273 10263)
4(10172 10272 10273 10173)
4(10262 10263 10273 10272)
4(10164 10174 10274 10264)
4(10173 10273 10274 10174)
4(10263 10264 10274 10273)
4(10165 10175 10275 10265)
4(10174 10274 10275 10175)
4(10264 10265 10275 10274)
4(10166 10176 10276 10266)
4(10175 10275 10276 10176)
4(10265 10266 10276 10275)
4(10167 10177 10277 10267)
4(10176 10276 10277 10177)
4(10266 10267 10277 10276)
4(10168 10178 10278 10268)
4(10177 10277 10278 10178)
4(10267 10268 10278 10277)
4(10169 10179 10279 10269)
4(10178 10278 10279 10179)
4(10268 10269 10279 10278)
4(10170 10180 10280 10270)
4(10179 10279 10280 10180)
4(10269 10270 10280 10279)
4(10180 10280 10281 10181)
4(10270 10271 10281 10280)
4(10172 10182 10282 10272)
4(3332 10272 10282 3322)
4(3212 3322 10282 10182)
4(10173 10183 10283 10273)
4(10272 10273 10283 10282)
4(10182 10282 10283 10183)
4(10174 10184 10284 10274)
4(10273 10274 10284 10283)
4(10183 10283 10284 10184)
4(10175 10185 10285 10275)
4(10274 10275 10285 10284)
4(10184 10284 10285 10185)
4(10176 10186 10286 10276)
4(10275 10276 10286 10285)
4(10185 10285 10286 10186)
4(10177 10187 10287 10277)
4(10276 10277 10287 10286)
4(10186 10286 10287 10187)
4(10178 10188 10288 10278)
4(10277 10278 10288 10287)
4(10187 10287 10288 10188)
4(10179 10189 10289 10279)
4(10278 10279 10289 10288)
4(10188 10288 10289 10189)
4(10180 10190 10290 10280)
4(10279 10280 10290 10289)
4(10189 10289 10290 10190)
4(10280 10281 10291 10290)
4(10190 10290 10291 10191)
4(9182 10192 10292 9282)
4(3412 3522 10292 10192)
4(3532 9282 10292 3522)
4(9183 10193 10293 9283)
4(10192 10292 10293 10193)
4(9282 9283 10293 10292)
4(9184 10194 10294 9284)
4(10193 10293 10294 10194)
4(9283 9284 10294 10293)
4(9185 10195 10295 9285)
4(10194 10294 10295 10195)
4(9284 9285 10295 10294)
4(9186 10196 10296 9286)
4(10195 10295 10296 10196)
4(9285 9286 10296 10295)
4(9187 10197 10297 9287)
4(10196 10296 10297 10197)
4(9286 9287 10297 10296)
4(9188 10198 10298 9288)
4(10197 10297 10298 10198)
4(9287 9288 10298 10297)
4(9189 10199 10299 9289)
4(10198 10298 10299 10199)
4(9288 9289 10299 10298)
4(9190 10200 10300 9290)
4(10199 10299 10300 10200)
4(9289 9290 10300 10299)
4(10200 10300 10301 10201)
4(9290 9291 10301 10300)
4(10192 10202 10302 10292)
4(3402 3512 10302 10202)
4(3522 10292 10302 3512)
4(10193 10203 10303 10293)
4(10202 10302 10303 10203)
4(10292 10293 10303 10302)
4(10194 10204 10304 10294)
4(10203 10303 10304 10204)
4(10293 10294 10304 10303)
4(10195 10205 10305 10295)
4(10204 10304 10305 10205)
4(10294 10295 10305 10304)
4(10196 10206 10306 10296)
4(10205 10305 10306 10206)
4(10295 10296 10306 10305)
4(10197 10207 10307 10297)
4(10206 10306 10307 10207)
4(10296 10297 10307 10306)
4(10198 10208 10308 10298)
4(10207 10307 10308 10208)
4(10297 10298 10308 10307)
4(10199 10209 10309 10299)
4(10208 10308 10309 10209)
4(10298 10299 10309 10308)
4(10200 10210 10310 10300)
4(10209 10309 10310 10210)
4(10299 10300 10310 10309)
4(10210 10310 10311 10211)
4(10300 10301 10311 10310)
4(10202 10212 10312 10302)
4(3392 3502 10312 10212)
4(3512 10302 10312 3502)
4(10203 10213 10313 10303)
4(10212 10312 10313 10213)
4(10302 10303 10313 10312)
4(10204 10214 10314 10304)
4(10213 10313 10314 10214)
4(10303 10304 10314 10313)
4(10205 10215 10315 10305)
4(10214 10314 10315 10215)
4(10304 10305 10315 10314)
4(10206 10216 10316 10306)
4(10215 10315 10316 10216)
4(10305 10306 10316 10315)
4(10207 10217 10317 10307)
4(10216 10316 10317 10217)
4(10306 10307 10317 10316)
4(10208 10218 10318 10308)
4(10217 10317 10318 10218)
4(10307 10308 10318 10317)
4(10209 10219 10319 10309)
4(10218 10318 10319 10219)
4(10308 10309 10319 10318)
4(10210 10220 10320 10310)
4(10219 10319 10320 10220)
4(10309 10310 10320 10319)
4(10220 10320 10321 10221)
4(10310 10311 10321 10320)
4(10212 10222 10322 10312)
4(3382 3492 10322 10222)
4(3502 10312 10322 3492)
4(10213 10223 10323 10313)
4(10222 10322 10323 10223)
4(10312 10313 10323 10322)
4(10214 10224 10324 10314)
4(10223 10323 10324 10224)
4(10313 10314 10324 10323)
4(10215 10225 10325 10315)
4(10224 10324 10325 10225)
4(10314 10315 10325 10324)
4(10216 10226 10326 10316)
4(10225 10325 10326 10226)
4(10315 10316 10326 10325)
4(10217 10227 10327 10317)
4(10226 10326 10327 10227)
4(10316 10317 10327 10326)
4(10218 10228 10328 10318)
4(10227 10327 10328 10228)
4(10317 10318 10328 10327)
4(10219 10229 10329 10319)
4(10228 10328 10329 10229)
4(10318 10319 10329 10328)
4(10220 10230 10330 10320)
4(10229 10329 10330 10230)
4(10319 10320 10330 10329)
4(10230 10330 10331 10231)
4(10320 10321 10331 10330)
4(10222 10232 10332 10322)
4(3372 3482 10332 10232)
4(3492 10322 10332 3482)
4(10223 10233 10333 10323)
4(10232 10332 10333 10233)
4(10322 10323 10333 10332)
4(10224 10234 10334 10324)
4(10233 10333 10334 10234)
4(10323 10324 10334 10333)
4(10225 10235 10335 10325)
4(10234 10334 10335 10235)
4(10324 10325 10335 10334)
4(10226 10236 10336 10326)
4(10235 10335 10336 10236)
4(10325 10326 10336 10335)
4(10227 10237 10337 10327)
4(10236 10336 10337 10237)
4(10326 10327 10337 10336)
4(10228 10238 10338 10328)
4(10237 10337 10338 10238)
4(10327 10328 10338 10337)
4(10229 10239 10339 10329)
4(10238 10338 10339 10239)
4(10328 10329 10339 10338)
4(10230 10240 10340 10330)
4(10239 10339 10340 10240)
4(10329 10330 10340 10339)
4(10240 10340 10341 10241)
4(10330 10331 10341 10340)
4(10232 10242 10342 10332)
4(3362 3472 10342 10242)
4(3482 10332 10342 3472)
4(10233 10243 10343 10333)
4(10242 10342 10343 10243)
4(10332 10333 10343 10342)
4(10234 10244 10344 10334)
4(10243 10343 10344 10244)
4(10333 10334 10344 10343)
4(10235 10245 10345 10335)
4(10244 10344 10345 10245)
4(10334 10335 10345 10344)
4(10236 10246 10346 10336)
4(10245 10345 10346 10246)
4(10335 10336 10346 10345)
4(10237 10247 10347 10337)
4(10246 10346 10347 10247)
4(10336 10337 10347 10346)
4(10238 10248 10348 10338)
4(10247 10347 10348 10248)
4(10337 10338 10348 10347)
4(10239 10249 10349 10339)
4(10248 10348 10349 10249)
4(10338 10339 10349 10348)
4(10240 10250 10350 10340)
4(10249 10349 10350 10250)
4(10339 10340 10350 10349)
4(10250 10350 10351 10251)
4(10340 10341 10351 10350)
4(10242 10252 10352 10342)
4(3352 3462 10352 10252)
4(3472 10342 10352 3462)
4(10243 10253 10353 10343)
4(10252 10352 10353 10253)
4(10342 10343 10353 10352)
4(10244 10254 10354 10344)
4(10253 10353 10354 10254)
4(10343 10344 10354 10353)
4(10245 10255 10355 10345)
4(10254 10354 10355 10255)
4(10344 10345 10355 10354)
4(10246 10256 10356 10346)
4(10255 10355 10356 10256)
4(10345 10346 10356 10355)
4(10247 10257 10357 10347)
4(10256 10356 10357 10257)
4(10346 10347 10357 10356)
4(10248 10258 10358 10348)
4(10257 10357 10358 10258)
4(10347 10348 10358 10357)
4(10249 10259 10359 10349)
4(10258 10358 10359 10259)
4(10348 10349 10359 10358)
4(10250 10260 10360 10350)
4(10259 10359 10360 10260)
4(10349 10350 10360 10359)
4(10260 10360 10361 10261)
4(10350 10351 10361 10360)
4(10252 10262 10362 10352)
4(3342 3452 10362 10262)
4(3462 10352 10362 3452)
4(10253 10263 10363 10353)
4(10262 10362 10363 10263)
4(10352 10353 10363 10362)
4(10254 10264 10364 10354)
4(10263 10363 10364 10264)
4(10353 10354 10364 10363)
4(10255 10265 10365 10355)
4(10264 10364 10365 10265)
4(10354 10355 10365 10364)
4(10256 10266 10366 10356)
4(10265 10365 10366 10266)
4(10355 10356 10366 10365)
4(10257 10267 10367 10357)
4(10266 10366 10367 10267)
4(10356 10357 10367 10366)
4(10258 10268 10368 10358)
4(10267 10367 10368 10268)
4(10357 10358 10368 10367)
4(10259 10269 10369 10359)
4(10268 10368 10369 10269)
4(10358 10359 10369 10368)
4(10260 10270 10370 10360)
4(10269 10369 10370 10270)
4(10359 10360 10370 10369)
4(10270 10370 10371 10271)
4(10360 10361 10371 10370)
4(10262 10272 10372 10362)
4(3332 3442 10372 10272)
4(3452 10362 10372 3442)
4(10263 10273 10373 10363)
4(10272 10372 10373 10273)
4(10362 10363 10373 10372)
4(10264 10274 10374 10364)
4(10273 10373 10374 10274)
4(10363 10364 10374 10373)
4(10265 10275 10375 10365)
4(10274 10374 10375 10275)
4(10364 10365 10375 10374)
4(10266 10276 10376 10366)
4(10275 10375 10376 10276)
4(10365 10366 10376 10375)
4(10267 10277 10377 10367)
4(10276 10376 10377 10277)
4(10366 10367 10377 10376)
4(10268 10278 10378 10368)
4(10277 10377 10378 10278)
4(10367 10368 10378 10377)
4(10269 10279 10379 10369)
4(10278 10378 10379 10279)
4(10368 10369 10379 10378)
4(10270 10280 10380 10370)
4(10279 10379 10380 10280)
4(10369 10370 10380 10379)
4(10280 10380 10381 10281)
4(10370 10371 10381 10380)
4(10272 10282 10382 10372)
4(3442 10372 10382 3432)
4(3322 3432 10382 10282)
4(10273 10283 10383 10373)
4(10372 10373 10383 10382)
4(10282 10382 10383 10283)
4(10274 10284 10384 10374)
4(10373 10374 10384 10383)
4(10283 10383 10384 10284)
4(10275 10285 10385 10375)
4(10374 10375 10385 10384)
4(10284 10384 10385 10285)
4(10276 10286 10386 10376)
4(10375 10376 10386 10385)
4(10285 10385 10386 10286)
4(10277 10287 10387 10377)
4(10376 10377 10387 10386)
4(10286 10386 10387 10287)
4(10278 10288 10388 10378)
4(10377 10378 10388 10387)
4(10287 10387 10388 10288)
4(10279 10289 10389 10379)
4(10378 10379 10389 10388)
4(10288 10388 10389 10289)
4(10280 10290 10390 10380)
4(10379 10380 10390 10389)
4(10289 10389 10390 10290)
4(10380 10381 10391 10390)
4(10290 10390 10391 10291)
4(9282 10292 10392 9382)
4(3522 3632 10392 10292)
4(3642 9382 10392 3632)
4(9283 10293 10393 9383)
4(10292 10392 10393 10293)
4(9382 9383 10393 10392)
4(9284 10294 10394 9384)
4(10293 10393 10394 10294)
4(9383 9384 10394 10393)
4(9285 10295 10395 9385)
4(10294 10394 10395 10295)
4(9384 9385 10395 10394)
4(9286 10296 10396 9386)
4(10295 10395 10396 10296)
4(9385 9386 10396 10395)
4(9287 10297 10397 9387)
4(10296 10396 10397 10297)
4(9386 9387 10397 10396)
4(9288 10298 10398 9388)
4(10297 10397 10398 10298)
4(9387 9388 10398 10397)
4(9289 10299 10399 9389)
4(10298 10398 10399 10299)
4(9388 9389 10399 10398)
4(9290 10300 10400 9390)
4(10299 10399 10400 10300)
4(9389 9390 10400 10399)
4(10300 10400 10401 10301)
4(9390 9391 10401 10400)
4(10292 10302 10402 10392)
4(3512 3622 10402 10302)
4(3632 10392 10402 3622)
4(10293 10303 10403 10393)
4(10302 10402 10403 10303)
4(10392 10393 10403 10402)
4(10294 10304 10404 10394)
4(10303 10403 10404 10304)
4(10393 10394 10404 10403)
4(10295 10305 10405 10395)
4(10304 10404 10405 10305)
4(10394 10395 10405 10404)
4(10296 10306 10406 10396)
4(10305 10405 10406 10306)
4(10395 10396 10406 10405)
4(10297 10307 10407 10397)
4(10306 10406 10407 10307)
4(10396 10397 10407 10406)
4(10298 10308 10408 10398)
4(10307 10407 10408 10308)
4(10397 10398 10408 10407)
4(10299 10309 10409 10399)
4(10308 10408 10409 10309)
4(10398 10399 10409 10408)
4(10300 10310 10410 10400)
4(10309 10409 10410 10310)
4(10399 10400 10410 10409)
4(10310 10410 10411 10311)
4(10400 10401 10411 10410)
4(10302 10312 10412 10402)
4(3502 3612 10412 10312)
4(3622 10402 10412 3612)
4(10303 10313 10413 10403)
4(10312 10412 10413 10313)
4(10402 10403 10413 10412)
4(10304 10314 10414 10404)
4(10313 10413 10414 10314)
4(10403 10404 10414 10413)
4(10305 10315 10415 10405)
4(10314 10414 10415 10315)
4(10404 10405 10415 10414)
4(10306 10316 10416 10406)
4(10315 10415 10416 10316)
4(10405 10406 10416 10415)
4(10307 10317 10417 10407)
4(10316 10416 10417 10317)
4(10406 10407 10417 10416)
4(10308 10318 10418 10408)
4(10317 10417 10418 10318)
4(10407 10408 10418 10417)
4(10309 10319 10419 10409)
4(10318 10418 10419 10319)
4(10408 10409 10419 10418)
4(10310 10320 10420 10410)
4(10319 10419 10420 10320)
4(10409 10410 10420 10419)
4(10320 10420 10421 10321)
4(10410 10411 10421 10420)
4(10312 10322 10422 10412)
4(3492 3602 10422 10322)
4(3612 10412 10422 3602)
4(10313 10323 10423 10413)
4(10322 10422 10423 10323)
4(10412 10413 10423 10422)
4(10314 10324 10424 10414)
4(10323 10423 10424 10324)
4(10413 10414 10424 10423)
4(10315 10325 10425 10415)
4(10324 10424 10425 10325)
4(10414 10415 10425 10424)
4(10316 10326 10426 10416)
4(10325 10425 10426 10326)
4(10415 10416 10426 10425)
4(10317 10327 10427 10417)
4(10326 10426 10427 10327)
4(10416 10417 10427 10426)
4(10318 10328 10428 10418)
4(10327 10427 10428 10328)
4(10417 10418 10428 10427)
4(10319 10329 10429 10419)
4(10328 10428 10429 10329)
4(10418 10419 10429 10428)
4(10320 10330 10430 10420)
4(10329 10429 10430 10330)
4(10419 10420 10430 10429)
4(10330 10430 10431 10331)
4(10420 10421 10431 10430)
4(10322 10332 10432 10422)
4(3482 3592 10432 10332)
4(3602 10422 10432 3592)
4(10323 10333 10433 10423)
4(10332 10432 10433 10333)
4(10422 10423 10433 10432)
4(10324 10334 10434 10424)
4(10333 10433 10434 10334)
4(10423 10424 10434 10433)
4(10325 10335 10435 10425)
4(10334 10434 10435 10335)
4(10424 10425 10435 10434)
4(10326 10336 10436 10426)
4(10335 10435 10436 10336)
4(10425 10426 10436 10435)
4(10327 10337 10437 10427)
4(10336 10436 10437 10337)
4(10426 10427 10437 10436)
4(10328 10338 10438 10428)
4(10337 10437 10438 10338)
4(10427 10428 10438 10437)
4(10329 10339 10439 10429)
4(10338 10438 10439 10339)
4(10428 10429 10439 10438)
4(10330 10340 10440 10430)
4(10339 10439 10440 10340)
4(10429 10430 10440 10439)
4(10340 10440 10441 10341)
4(10430 10431 10441 10440)
4(10332 10342 10442 10432)
4(3472 3582 10442 10342)
4(3592 10432 10442 3582)
4(10333 10343 10443 10433)
4(10342 10442 10443 10343)
4(10432 10433 10443 10442)
4(10334 10344 10444 10434)
4(10343 10443 10444 10344)
4(10433 10434 10444 10443)
4(10335 10345 10445 10435)
4(10344 10444 10445 10345)
4(10434 10435 10445 10444)
4(10336 10346 10446 10436)
4(10345 10445 10446 10346)
4(10435 10436 10446 10445)
4(10337 10347 10447 10437)
4(10346 10446 10447 10347)
4(10436 10437 10447 10446)
4(10338 10348 10448 10438)
4(10347 10447 10448 10348)
4(10437 10438 10448 10447)
4(10339 10349 10449 10439)
4(10348 10448 10449 10349)
4(10438 10439 10449 10448)
4(10340 10350 10450 10440)
4(10349 10449 10450 10350)
4(10439 10440 10450 10449)
4(10350 10450 10451 10351)
4(10440 10441 10451 10450)
4(10342 10352 10452 10442)
4(3462 3572 10452 10352)
4(3582 10442 10452 3572)
4(10343 10353 10453 10443)
4(10352 10452 10453 10353)
4(10442 10443 10453 10452)
4(10344 10354 10454 10444)
4(10353 10453 10454 10354)
4(10443 10444 10454 10453)
4(10345 10355 10455 10445)
4(10354 10454 10455 10355)
4(10444 10445 10455 10454)
4(10346 10356 10456 10446)
4(10355 10455 10456 10356)
4(10445 10446 10456 10455)
4(10347 10357 10457 10447)
4(10356 10456 10457 10357)
4(10446 10447 10457 10456)
4(10348 10358 10458 10448)
4(10357 10457 10458 10358)
4(10447 10448 10458 10457)
4(10349 10359 10459 10449)
4(10358 10458 10459 10359)
4(10448 10449 10459 10458)
4(10350 10360 10460 10450)
4(10359 10459 10460 10360)
4(10449 10450 10460 10459)
4(10360 10460 10461 10361)
4(10450 10451 10461 10460)
4(10352 10362 10462 10452)
4(3452 3562 10462 10362)
4(3572 10452 10462 3562)
4(10353 10363 10463 10453)
4(10362 10462 10463 10363)
4(10452 10453 10463 10462)
4(10354 10364 10464 10454)
4(10363 10463 10464 10364)
4(10453 10454 10464 10463)
4(10355 10365 10465 10455)
4(10364 10464 10465 10365)
4(10454 10455 10465 10464)
4(10356 10366 10466 10456)
4(10365 10465 10466 10366)
4(10455 10456 10466 10465)
4(10357 10367 10467 10457)
4(10366 10466 10467 10367)
4(10456 10457 10467 10466)
4(10358 10368 10468 10458)
4(10367 10467 10468 10368)
4(10457 10458 10468 10467)
4(10359 10369 10469 10459)
4(10368 10468 10469 10369)
4(10458 10459 10469 10468)
4(10360 10370 10470 10460)
4(10369 10469 10470 10370)
4(10459 10460 10470 10469)
4(10370 10470 10471 10371)
4(10460 10461 10471 10470)
4(10362 10372 10472 10462)
4(3442 3552 10472 10372)
4(3562 10462 10472 3552)
4(10363 10373 10473 10463)
4(10372 10472 10473 10373)
4(10462 10463 10473 10472)
4(10364 10374 10474 10464)
4(10373 10473 10474 10374)
4(10463 10464 10474 10473)
4(10365 10375 10475 10465)
4(10374 10474 10475 10375)
4(10464 10465 10475 10474)
4(10366 10376 10476 10466)
4(10375 10475 10476 10376)
4(10465 10466 10476 10475)
4(10367 10377 10477 10467)
4(10376 10476 10477 10377)
4(10466 10467 10477 10476)
4(10368 10378 10478 10468)
4(10377 10477 10478 10378)
4(10467 10468 10478 10477)
4(10369 10379 10479 10469)
4(10378 10478 10479 10379)
4(10468 10469 10479 10478)
4(10370 10380 10480 10470)
4(10379 10479 10480 10380)
4(10469 10470 10480 10479)
4(10380 10480 10481 10381)
4(10470 10471 10481 10480)
4(10372 10382 10482 10472)
4(3552 10472 10482 3542)
4(3432 3542 10482 10382)
4(10373 10383 10483 10473)
4(10472 10473 10483 10482)
4(10382 10482 10483 10383)
4(10374 10384 10484 10474)
4(10473 10474 10484 10483)
4(10383 10483 10484 10384)
4(10375 10385 10485 10475)
4(10474 10475 10485 10484)
4(10384 10484 10485 10385)
4(10376 10386 10486 10476)
4(10475 10476 10486 10485)
4(10385 10485 10486 10386)
4(10377 10387 10487 10477)
4(10476 10477 10487 10486)
4(10386 10486 10487 10387)
4(10378 10388 10488 10478)
4(10477 10478 10488 10487)
4(10387 10487 10488 10388)
4(10379 10389 10489 10479)
4(10478 10479 10489 10488)
4(10388 10488 10489 10389)
4(10380 10390 10490 10480)
4(10479 10480 10490 10489)
4(10389 10489 10490 10390)
4(10480 10481 10491 10490)
4(10390 10490 10491 10391)
4(9382 10392 10492 9482)
4(3632 3742 10492 10392)
4(3752 9482 10492 3742)
4(9383 10393 10493 9483)
4(10392 10492 10493 10393)
4(9482 9483 10493 10492)
4(9384 10394 10494 9484)
4(10393 10493 10494 10394)
4(9483 9484 10494 10493)
4(9385 10395 10495 9485)
4(10394 10494 10495 10395)
4(9484 9485 10495 10494)
4(9386 10396 10496 9486)
4(10395 10495 10496 10396)
4(9485 9486 10496 10495)
4(9387 10397 10497 9487)
4(10396 10496 10497 10397)
4(9486 9487 10497 10496)
4(9388 10398 10498 9488)
4(10397 10497 10498 10398)
4(9487 9488 10498 10497)
4(9389 10399 10499 9489)
4(10398 10498 10499 10399)
4(9488 9489 10499 10498)
4(9390 10400 10500 9490)
4(10399 10499 10500 10400)
4(9489 9490 10500 10499)
4(10400 10500 10501 10401)
4(9490 9491 10501 10500)
4(10392 10402 10502 10492)
4(3622 3732 10502 10402)
4(3742 10492 10502 3732)
4(10393 10403 10503 10493)
4(10402 10502 10503 10403)
4(10492 10493 10503 10502)
4(10394 10404 10504 10494)
4(10403 10503 10504 10404)
4(10493 10494 10504 10503)
4(10395 10405 10505 10495)
4(10404 10504 10505 10405)
4(10494 10495 10505 10504)
4(10396 10406 10506 10496)
4(10405 10505 10506 10406)
4(10495 10496 10506 10505)
4(10397 10407 10507 10497)
4(10406 10506 10507 10407)
4(10496 10497 10507 10506)
4(10398 10408 10508 10498)
4(10407 10507 10508 10408)
4(10497 10498 10508 10507)
4(10399 10409 10509 10499)
4(10408 10508 10509 10409)
4(10498 10499 10509 10508)
4(10400 10410 10510 10500)
4(10409 10509 10510 10410)
4(10499 10500 10510 10509)
4(10410 10510 10511 10411)
4(10500 10501 10511 10510)
4(10402 10412 10512 10502)
4(3612 3722 10512 10412)
4(3732 10502 10512 3722)
4(10403 10413 10513 10503)
4(10412 10512 10513 10413)
4(10502 10503 10513 10512)
4(10404 10414 10514 10504)
4(10413 10513 10514 10414)
4(10503 10504 10514 10513)
4(10405 10415 10515 10505)
4(10414 10514 10515 10415)
4(10504 10505 10515 10514)
4(10406 10416 10516 10506)
4(10415 10515 10516 10416)
4(10505 10506 10516 10515)
4(10407 10417 10517 10507)
4(10416 10516 10517 10417)
4(10506 10507 10517 10516)
4(10408 10418 10518 10508)
4(10417 10517 10518 10418)
4(10507 10508 10518 10517)
4(10409 10419 10519 10509)
4(10418 10518 10519 10419)
4(10508 10509 10519 10518)
4(10410 10420 10520 10510)
4(10419 10519 10520 10420)
4(10509 10510 10520 10519)
4(10420 10520 10521 10421)
4(10510 10511 10521 10520)
4(10412 10422 10522 10512)
4(3602 3712 10522 10422)
4(3722 10512 10522 3712)
4(10413 10423 10523 10513)
4(10422 10522 10523 10423)
4(10512 10513 10523 10522)
4(10414 10424 10524 10514)
4(10423 10523 10524 10424)
4(10513 10514 10524 10523)
4(10415 10425 10525 10515)
4(10424 10524 10525 10425)
4(10514 10515 10525 10524)
4(10416 10426 10526 10516)
4(10425 10525 10526 10426)
4(10515 10516 10526 10525)
4(10417 10427 10527 10517)
4(10426 10526 10527 10427)
4(10516 10517 10527 10526)
4(10418 10428 10528 10518)
4(10427 10527 10528 10428)
4(10517 10518 10528 10527)
4(10419 10429 10529 10519)
4(10428 10528 10529 10429)
4(10518 10519 10529 10528)
4(10420 10430 10530 10520)
4(10429 10529 10530 10430)
4(10519 10520 10530 10529)
4(10430 10530 10531 10431)
4(10520 10521 10531 10530)
4(10422 10432 10532 10522)
4(3592 3702 10532 10432)
4(3712 10522 10532 3702)
4(10423 10433 10533 10523)
4(10432 10532 10533 10433)
4(10522 10523 10533 10532)
4(10424 10434 10534 10524)
4(10433 10533 10534 10434)
4(10523 10524 10534 10533)
4(10425 10435 10535 10525)
4(10434 10534 10535 10435)
4(10524 10525 10535 10534)
4(10426 10436 10536 10526)
4(10435 10535 10536 10436)
4(10525 10526 10536 10535)
4(10427 10437 10537 10527)
4(10436 10536 10537 10437)
4(10526 10527 10537 10536)
4(10428 10438 10538 10528)
4(10437 10537 10538 10438)
4(10527 10528 10538 10537)
4(10429 10439 10539 10529)
4(10438 10538 10539 10439)
4(10528 10529 10539 10538)
4(10430 10440 10540 10530)
4(10439 10539 10540 10440)
4(10529 10530 10540 10539)
4(10440 10540 10541 10441)
4(10530 10531 10541 10540)
4(10432 10442 10542 10532)
4(3582 3692 10542 10442)
4(3702 10532 10542 3692)
4(10433 10443 10543 10533)
4(10442 10542 10543 10443)
4(10532 10533 10543 10542)
4(10434 10444 10544 10534)
4(10443 10543 10544 10444)
4(10533 10534 10544 10543)
4(10435 10445 10545 10535)
4(10444 10544 10545 10445)
4(10534 10535 10545 10544)
4(10436 10446 10546 10536)
4(10445 10545 10546 10446)
4(10535 10536 10546 10545)
4(10437 10447 10547 10537)
4(10446 10546 10547 10447)
4(10536 10537 10547 10546)
4(10438 10448 10548 10538)
4(10447 10547 10548 10448)
4(10537 10538 10548 10547)
4(10439 10449 10549 10539)
4(10448 10548 10549 10449)
4(10538 10539 10549 10548)
4(10440 10450 10550 10540)
4(10449 10549 10550 10450)
4(10539 10540 10550 10549)
4(10450 10550 10551 10451)
4(10540 10541 10551 10550)
4(10442 10452 10552 10542)
4(3572 3682 10552 10452)
4(3692 10542 10552 3682)
4(10443 10453 10553 10543)
4(10452 10552 10553 10453)
4(10542 10543 10553 10552)
4(10444 10454 10554 10544)
4(10453 10553 10554 10454)
4(10543 10544 10554 10553)
4(10445 10455 10555 10545)
4(10454 10554 10555 10455)
4(10544 10545 10555 10554)
4(10446 10456 10556 10546)
4(10455 10555 10556 10456)
4(10545 10546 10556 10555)
4(10447 10457 10557 10547)
4(10456 10556 10557 10457)
4(10546 10547 10557 10556)
4(10448 10458 10558 10548)
4(10457 10557 10558 10458)
4(10547 10548 10558 10557)
4(10449 10459 10559 10549)
4(10458 10558 10559 10459)
4(10548 10549 10559 10558)
4(10450 10460 10560 10550)
4(10459 10559 10560 10460)
4(10549 10550 10560 10559)
4(10460 10560 10561 10461)
4(10550 10551 10561 10560)
4(10452 10462 10562 10552)
4(3562 3672 10562 10462)
4(3682 10552 10562 3672)
4(10453 10463 10563 10553)
4(10462 10562 10563 10463)
4(10552 10553 10563 10562)
4(10454 10464 10564 10554)
4(10463 10563 10564 10464)
4(10553 10554 10564 10563)
4(10455 10465 10565 10555)
4(10464 10564 10565 10465)
4(10554 10555 10565 10564)
4(10456 10466 10566 10556)
4(10465 10565 10566 10466)
4(10555 10556 10566 10565)
4(10457 10467 10567 10557)
4(10466 10566 10567 10467)
4(10556 10557 10567 10566)
4(10458 10468 10568 10558)
4(10467 10567 10568 10468)
4(10557 10558 10568 10567)
4(10459 10469 10569 10559)
4(10468 10568 10569 10469)
4(10558 10559 10569 10568)
4(10460 10470 10570 10560)
4(10469 10569 10570 10470)
4(10559 10560 10570 10569)
4(10470 10570 10571 10471)
4(10560 10561 10571 10570)
4(10462 10472 10572 10562)
4(3552 3662 10572 10472)
4(3672 10562 10572 3662)
4(10463 10473 10573 10563)
4(10472 10572 10573 10473)
4(10562 10563 10573 10572)
4(10464 10474 10574 10564)
4(10473 10573 10574 10474)
4(10563 10564 10574 10573)
4(10465 10475 10575 10565)
4(10474 10574 10575 10475)
4(10564 10565 10575 10574)
4(10466 10476 10576 10566)
4(10475 10575 10576 10476)
4(10565 10566 10576 10575)
4(10467 10477 10577 10567)
4(10476 10576 10577 10477)
4(10566 10567 10577 10576)
4(10468 10478 10578 10568)
4(10477 10577 10578 10478)
4(10567 10568 10578 10577)
4(10469 10479 10579 10569)
4(10478 10578 10579 10479)
4(10568 10569 10579 10578)
4(10470 10480 10580 10570)
4(10479 10579 10580 10480)
4(10569 10570 10580 10579)
4(10480 10580 10581 10481)
4(10570 10571 10581 10580)
4(10472 10482 10582 10572)
4(3662 10572 10582 3652)
4(3542 3652 10582 10482)
4(10473 10483 10583 10573)
4(10572 10573 10583 10582)
4(10482 10582 10583 10483)
4(10474 10484 10584 10574)
4(10573 10574 10584 10583)
4(10483 10583 10584 10484)
4(10475 10485 10585 10575)
4(10574 10575 10585 10584)
4(10484 10584 10585 10485)
4(10476 10486 10586 10576)
4(10575 10576 10586 10585)
4(10485 10585 10586 10486)
4(10477 10487 10587 10577)
4(10576 10577 10587 10586)
4(10486 10586 10587 10487)
4(10478 10488 10588 10578)
4(10577 10578 10588 10587)
4(10487 10587 10588 10488)
4(10479 10489 10589 10579)
4(10578 10579 10589 10588)
4(10488 10588 10589 10489)
4(10480 10490 10590 10580)
4(10579 10580 10590 10589)
4(10489 10589 10590 10490)
4(10580 10581 10591 10590)
4(10490 10590 10591 10491)
4(9482 10492 10592 9582)
4(3742 3852 10592 10492)
4(9483 10493 10593 9583)
4(10492 10592 10593 10493)
4(9484 10494 10594 9584)
4(10493 10593 10594 10494)
4(9485 10495 10595 9585)
4(10494 10594 10595 10495)
4(9486 10496 10596 9586)
4(10495 10595 10596 10496)
4(9487 10497 10597 9587)
4(10496 10596 10597 10497)
4(9488 10498 10598 9588)
4(10497 10597 10598 10498)
4(9489 10499 10599 9589)
4(10498 10598 10599 10499)
4(9490 10500 10600 9590)
4(10499 10599 10600 10500)
4(10500 10600 10601 10501)
4(10492 10502 10602 10592)
4(3732 3842 10602 10502)
4(10493 10503 10603 10593)
4(10502 10602 10603 10503)
4(10494 10504 10604 10594)
4(10503 10603 10604 10504)
4(10495 10505 10605 10595)
4(10504 10604 10605 10505)
4(10496 10506 10606 10596)
4(10505 10605 10606 10506)
4(10497 10507 10607 10597)
4(10506 10606 10607 10507)
4(10498 10508 10608 10598)
4(10507 10607 10608 10508)
4(10499 10509 10609 10599)
4(10508 10608 10609 10509)
4(10500 10510 10610 10600)
4(10509 10609 10610 10510)
4(10510 10610 10611 10511)
4(10502 10512 10612 10602)
4(3722 3832 10612 10512)
4(10503 10513 10613 10603)
4(10512 10612 10613 10513)
4(10504 10514 10614 10604)
4(10513 10613 10614 10514)
4(10505 10515 10615 10605)
4(10514 10614 10615 10515)
4(10506 10516 10616 10606)
4(10515 10615 10616 10516)
4(10507 10517 10617 10607)
4(10516 10616 10617 10517)
4(10508 10518 10618 10608)
4(10517 10617 10618 10518)
4(10509 10519 10619 10609)
4(10518 10618 10619 10519)
4(10510 10520 10620 10610)
4(10519 10619 10620 10520)
4(10520 10620 10621 10521)
4(10512 10522 10622 10612)
4(3712 3822 10622 10522)
4(10513 10523 10623 10613)
4(10522 10622 10623 10523)
4(10514 10524 10624 10614)
4(10523 10623 10624 10524)
4(10515 10525 10625 10615)
4(10524 10624 10625 10525)
4(10516 10526 10626 10616)
4(10525 10625 10626 10526)
4(10517 10527 10627 10617)
4(10526 10626 10627 10527)
4(10518 10528 10628 10618)
4(10527 10627 10628 10528)
4(10519 10529 10629 10619)
4(10528 10628 10629 10529)
4(10520 10530 10630 10620)
4(10529 10629 10630 10530)
4(10530 10630 10631 10531)
4(10522 10532 10632 10622)
4(3702 3812 10632 10532)
4(10523 10533 10633 10623)
4(10532 10632 10633 10533)
4(10524 10534 10634 10624)
4(10533 10633 10634 10534)
4(10525 10535 10635 10625)
4(10534 10634 10635 10535)
4(10526 10536 10636 10626)
4(10535 10635 10636 10536)
4(10527 10537 10637 10627)
4(10536 10636 10637 10537)
4(10528 10538 10638 10628)
4(10537 10637 10638 10538)
4(10529 10539 10639 10629)
4(10538 10638 10639 10539)
4(10530 10540 10640 10630)
4(10539 10639 10640 10540)
4(10540 10640 10641 10541)
4(10532 10542 10642 10632)
4(3692 3802 10642 10542)
4(10533 10543 10643 10633)
4(10542 10642 10643 10543)
4(10534 10544 10644 10634)
4(10543 10643 10644 10544)
4(10535 10545 10645 10635)
4(10544 10644 10645 10545)
4(10536 10546 10646 10636)
4(10545 10645 10646 10546)
4(10537 10547 10647 10637)
4(10546 10646 10647 10547)
4(10538 10548 10648 10638)
4(10547 10647 10648 10548)
4(10539 10549 10649 10639)
4(10548 10648 10649 10549)
4(10540 10550 10650 10640)
4(10549 10649 10650 10550)
4(10550 10650 10651 10551)
4(10542 10552 10652 10642)
4(3682 3792 10652 10552)
4(10543 10553 10653 10643)
4(10552 10652 10653 10553)
4(10544 10554 10654 10644)
4(10553 10653 10654 10554)
4(10545 10555 10655 10645)
4(10554 10654 10655 10555)
4(10546 10556 10656 10646)
4(10555 10655 10656 10556)
4(10547 10557 10657 10647)
4(10556 10656 10657 10557)
4(10548 10558 10658 10648)
4(10557 10657 10658 10558)
4(10549 10559 10659 10649)
4(10558 10658 10659 10559)
4(10550 10560 10660 10650)
4(10559 10659 10660 10560)
4(10560 10660 10661 10561)
4(10552 10562 10662 10652)
4(3672 3782 10662 10562)
4(10553 10563 10663 10653)
4(10562 10662 10663 10563)
4(10554 10564 10664 10654)
4(10563 10663 10664 10564)
4(10555 10565 10665 10655)
4(10564 10664 10665 10565)
4(10556 10566 10666 10656)
4(10565 10665 10666 10566)
4(10557 10567 10667 10657)
4(10566 10666 10667 10567)
4(10558 10568 10668 10658)
4(10567 10667 10668 10568)
4(10559 10569 10669 10659)
4(10568 10668 10669 10569)
4(10560 10570 10670 10660)
4(10569 10669 10670 10570)
4(10570 10670 10671 10571)
4(10562 10572 10672 10662)
4(3662 3772 10672 10572)
4(10563 10573 10673 10663)
4(10572 10672 10673 10573)
4(10564 10574 10674 10664)
4(10573 10673 10674 10574)
4(10565 10575 10675 10665)
4(10574 10674 10675 10575)
4(10566 10576 10676 10666)
4(10575 10675 10676 10576)
4(10567 10577 10677 10667)
4(10576 10676 10677 10577)
4(10568 10578 10678 10668)
4(10577 10677 10678 10578)
4(10569 10579 10679 10669)
4(10578 10678 10679 10579)
4(10570 10580 10680 10670)
4(10579 10679 10680 10580)
4(10580 10680 10681 10581)
4(10572 10582 10682 10672)
4(3652 3762 10682 10582)
4(10573 10583 10683 10673)
4(10582 10682 10683 10583)
4(10574 10584 10684 10674)
4(10583 10683 10684 10584)
4(10575 10585 10685 10675)
4(10584 10684 10685 10585)
4(10576 10586 10686 10676)
4(10585 10685 10686 10586)
4(10577 10587 10687 10677)
4(10586 10686 10687 10587)
4(10578 10588 10688 10678)
4(10587 10687 10688 10588)
4(10579 10589 10689 10679)
4(10588 10688 10689 10589)
4(10580 10590 10690 10680)
4(10589 10689 10690 10590)
4(10590 10690 10691 10591)
4(9682 10692 10792 9782)
4(3971 4081 10792 10692)
4(2772 9782 10792 4081)
4(9683 10693 10793 9783)
4(10692 10792 10793 10693)
4(9782 9783 10793 10792)
4(9684 10694 10794 9784)
4(10693 10793 10794 10694)
4(9783 9784 10794 10793)
4(9685 10695 10795 9785)
4(10694 10794 10795 10695)
4(9784 9785 10795 10794)
4(9686 10696 10796 9786)
4(10695 10795 10796 10696)
4(9785 9786 10796 10795)
4(9687 10697 10797 9787)
4(10696 10796 10797 10697)
4(9786 9787 10797 10796)
4(9688 10698 10798 9788)
4(10697 10797 10798 10698)
4(9787 9788 10798 10797)
4(9689 10699 10799 9789)
4(10698 10798 10799 10699)
4(9788 9789 10799 10798)
4(9690 10700 10800 9790)
4(10699 10799 10800 10700)
4(9789 9790 10800 10799)
4(10700 10800 10801 10701)
4(9790 9791 10801 10800)
4(10692 10702 10802 10792)
4(3960 4070 10802 10702)
4(4081 10792 10802 4070)
4(10693 10703 10803 10793)
4(10702 10802 10803 10703)
4(10792 10793 10803 10802)
4(10694 10704 10804 10794)
4(10703 10803 10804 10704)
4(10793 10794 10804 10803)
4(10695 10705 10805 10795)
4(10704 10804 10805 10705)
4(10794 10795 10805 10804)
4(10696 10706 10806 10796)
4(10705 10805 10806 10706)
4(10795 10796 10806 10805)
4(10697 10707 10807 10797)
4(10706 10806 10807 10707)
4(10796 10797 10807 10806)
4(10698 10708 10808 10798)
4(10707 10807 10808 10708)
4(10797 10798 10808 10807)
4(10699 10709 10809 10799)
4(10708 10808 10809 10709)
4(10798 10799 10809 10808)
4(10700 10710 10810 10800)
4(10709 10809 10810 10710)
4(10799 10800 10810 10809)
4(10710 10810 10811 10711)
4(10800 10801 10811 10810)
4(10702 10712 10812 10802)
4(3949 4059 10812 10712)
4(4070 10802 10812 4059)
4(10703 10713 10813 10803)
4(10712 10812 10813 10713)
4(10802 10803 10813 10812)
4(10704 10714 10814 10804)
4(10713 10813 10814 10714)
4(10803 10804 10814 10813)
4(10705 10715 10815 10805)
4(10714 10814 10815 10715)
4(10804 10805 10815 10814)
4(10706 10716 10816 10806)
4(10715 10815 10816 10716)
4(10805 10806 10816 10815)
4(10707 10717 10817 10807)
4(10716 10816 10817 10717)
4(10806 10807 10817 10816)
4(10708 10718 10818 10808)
4(10717 10817 10818 10718)
4(10807 10808 10818 10817)
4(10709 10719 10819 10809)
4(10718 10818 10819 10719)
4(10808 10809 10819 10818)
4(10710 10720 10820 10810)
4(10719 10819 10820 10720)
4(10809 10810 10820 10819)
4(10720 10820 10821 10721)
4(10810 10811 10821 10820)
4(10712 10722 10822 10812)
4(3938 4048 10822 10722)
4(4059 10812 10822 4048)
4(10713 10723 10823 10813)
4(10722 10822 10823 10723)
4(10812 10813 10823 10822)
4(10714 10724 10824 10814)
4(10723 10823 10824 10724)
4(10813 10814 10824 10823)
4(10715 10725 10825 10815)
4(10724 10824 10825 10725)
4(10814 10815 10825 10824)
4(10716 10726 10826 10816)
4(10725 10825 10826 10726)
4(10815 10816 10826 10825)
4(10717 10727 10827 10817)
4(10726 10826 10827 10727)
4(10816 10817 10827 10826)
4(10718 10728 10828 10818)
4(10727 10827 10828 10728)
4(10817 10818 10828 10827)
4(10719 10729 10829 10819)
4(10728 10828 10829 10729)
4(10818 10819 10829 10828)
4(10720 10730 10830 10820)
4(10729 10829 10830 10730)
4(10819 10820 10830 10829)
4(10730 10830 10831 10731)
4(10820 10821 10831 10830)
4(10722 10732 10832 10822)
4(3927 4037 10832 10732)
4(4048 10822 10832 4037)
4(10723 10733 10833 10823)
4(10732 10832 10833 10733)
4(10822 10823 10833 10832)
4(10724 10734 10834 10824)
4(10733 10833 10834 10734)
4(10823 10824 10834 10833)
4(10725 10735 10835 10825)
4(10734 10834 10835 10735)
4(10824 10825 10835 10834)
4(10726 10736 10836 10826)
4(10735 10835 10836 10736)
4(10825 10826 10836 10835)
4(10727 10737 10837 10827)
4(10736 10836 10837 10737)
4(10826 10827 10837 10836)
4(10728 10738 10838 10828)
4(10737 10837 10838 10738)
4(10827 10828 10838 10837)
4(10729 10739 10839 10829)
4(10738 10838 10839 10739)
4(10828 10829 10839 10838)
4(10730 10740 10840 10830)
4(10739 10839 10840 10740)
4(10829 10830 10840 10839)
4(10740 10840 10841 10741)
4(10830 10831 10841 10840)
4(10732 10742 10842 10832)
4(3916 4026 10842 10742)
4(4037 10832 10842 4026)
4(10733 10743 10843 10833)
4(10742 10842 10843 10743)
4(10832 10833 10843 10842)
4(10734 10744 10844 10834)
4(10743 10843 10844 10744)
4(10833 10834 10844 10843)
4(10735 10745 10845 10835)
4(10744 10844 10845 10745)
4(10834 10835 10845 10844)
4(10736 10746 10846 10836)
4(10745 10845 10846 10746)
4(10835 10836 10846 10845)
4(10737 10747 10847 10837)
4(10746 10846 10847 10747)
4(10836 10837 10847 10846)
4(10738 10748 10848 10838)
4(10747 10847 10848 10748)
4(10837 10838 10848 10847)
4(10739 10749 10849 10839)
4(10748 10848 10849 10749)
4(10838 10839 10849 10848)
4(10740 10750 10850 10840)
4(10749 10849 10850 10750)
4(10839 10840 10850 10849)
4(10750 10850 10851 10751)
4(10840 10841 10851 10850)
4(10742 10752 10852 10842)
4(3905 4015 10852 10752)
4(4026 10842 10852 4015)
4(10743 10753 10853 10843)
4(10752 10852 10853 10753)
4(10842 10843 10853 10852)
4(10744 10754 10854 10844)
4(10753 10853 10854 10754)
4(10843 10844 10854 10853)
4(10745 10755 10855 10845)
4(10754 10854 10855 10755)
4(10844 10845 10855 10854)
4(10746 10756 10856 10846)
4(10755 10855 10856 10756)
4(10845 10846 10856 10855)
4(10747 10757 10857 10847)
4(10756 10856 10857 10757)
4(10846 10847 10857 10856)
4(10748 10758 10858 10848)
4(10757 10857 10858 10758)
4(10847 10848 10858 10857)
4(10749 10759 10859 10849)
4(10758 10858 10859 10759)
4(10848 10849 10859 10858)
4(10750 10760 10860 10850)
4(10759 10859 10860 10760)
4(10849 10850 10860 10859)
4(10760 10860 10861 10761)
4(10850 10851 10861 10860)
4(10752 10762 10862 10852)
4(3894 4004 10862 10762)
4(4015 10852 10862 4004)
4(10753 10763 10863 10853)
4(10762 10862 10863 10763)
4(10852 10853 10863 10862)
4(10754 10764 10864 10854)
4(10763 10863 10864 10764)
4(10853 10854 10864 10863)
4(10755 10765 10865 10855)
4(10764 10864 10865 10765)
4(10854 10855 10865 10864)
4(10756 10766 10866 10856)
4(10765 10865 10866 10766)
4(10855 10856 10866 10865)
4(10757 10767 10867 10857)
4(10766 10866 10867 10767)
4(10856 10857 10867 10866)
4(10758 10768 10868 10858)
4(10767 10867 10868 10768)
4(10857 10858 10868 10867)
4(10759 10769 10869 10859)
4(10768 10868 10869 10769)
4(10858 10859 10869 10868)
4(10760 10770 10870 10860)
4(10769 10869 10870 10770)
4(10859 10860 10870 10869)
4(10770 10870 10871 10771)
4(10860 10861 10871 10870)
4(10762 10772 10872 10862)
4(3883 3993 10872 10772)
4(4004 10862 10872 3993)
4(10763 10773 10873 10863)
4(10772 10872 10873 10773)
4(10862 10863 10873 10872)
4(10764 10774 10874 10864)
4(10773 10873 10874 10774)
4(10863 10864 10874 10873)
4(10765 10775 10875 10865)
4(10774 10874 10875 10775)
4(10864 10865 10875 10874)
4(10766 10776 10876 10866)
4(10775 10875 10876 10776)
4(10865 10866 10876 10875)
4(10767 10777 10877 10867)
4(10776 10876 10877 10777)
4(10866 10867 10877 10876)
4(10768 10778 10878 10868)
4(10777 10877 10878 10778)
4(10867 10868 10878 10877)
4(10769 10779 10879 10869)
4(10778 10878 10879 10779)
4(10868 10869 10879 10878)
4(10770 10780 10880 10870)
4(10779 10879 10880 10780)
4(10869 10870 10880 10879)
4(10780 10880 10881 10781)
4(10870 10871 10881 10880)
4(10772 10782 10882 10872)
4(3993 10872 10882 3982)
4(3872 3982 10882 10782)
4(10773 10783 10883 10873)
4(10872 10873 10883 10882)
4(10782 10882 10883 10783)
4(10774 10784 10884 10874)
4(10873 10874 10884 10883)
4(10783 10883 10884 10784)
4(10775 10785 10885 10875)
4(10874 10875 10885 10884)
4(10784 10884 10885 10785)
4(10776 10786 10886 10876)
4(10875 10876 10886 10885)
4(10785 10885 10886 10786)
4(10777 10787 10887 10877)
4(10876 10877 10887 10886)
4(10786 10886 10887 10787)
4(10778 10788 10888 10878)
4(10877 10878 10888 10887)
4(10787 10887 10888 10788)
4(10779 10789 10889 10879)
4(10878 10879 10889 10888)
4(10788 10888 10889 10789)
4(10780 10790 10890 10880)
4(10879 10880 10890 10889)
4(10789 10889 10890 10790)
4(10880 10881 10891 10890)
4(10790 10890 10891 10791)
4(9782 10792 10892 9882)
4(4081 4191 10892 10792)
4(2882 9882 10892 4191)
4(9783 10793 10893 9883)
4(10792 10892 10893 10793)
4(9882 9883 10893 10892)
4(9784 10794 10894 9884)
4(10793 10893 10894 10794)
4(9883 9884 10894 10893)
4(9785 10795 10895 9885)
4(10794 10894 10895 10795)
4(9884 9885 10895 10894)
4(9786 10796 10896 9886)
4(10795 10895 10896 10796)
4(9885 9886 10896 10895)
4(9787 10797 10897 9887)
4(10796 10896 10897 10797)
4(9886 9887 10897 10896)
4(9788 10798 10898 9888)
4(10797 10897 10898 10798)
4(9887 9888 10898 10897)
4(9789 10799 10899 9889)
4(10798 10898 10899 10799)
4(9888 9889 10899 10898)
4(9790 10800 10900 9890)
4(10799 10899 10900 10800)
4(9889 9890 10900 10899)
4(10800 10900 10901 10801)
4(9890 9891 10901 10900)
4(10792 10802 10902 10892)
4(4070 4180 10902 10802)
4(4191 10892 10902 4180)
4(10793 10803 10903 10893)
4(10802 10902 10903 10803)
4(10892 10893 10903 10902)
4(10794 10804 10904 10894)
4(10803 10903 10904 10804)
4(10893 10894 10904 10903)
4(10795 10805 10905 10895)
4(10804 10904 10905 10805)
4(10894 10895 10905 10904)
4(10796 10806 10906 10896)
4(10805 10905 10906 10806)
4(10895 10896 10906 10905)
4(10797 10807 10907 10897)
4(10806 10906 10907 10807)
4(10896 10897 10907 10906)
4(10798 10808 10908 10898)
4(10807 10907 10908 10808)
4(10897 10898 10908 10907)
4(10799 10809 10909 10899)
4(10808 10908 10909 10809)
4(10898 10899 10909 10908)
4(10800 10810 10910 10900)
4(10809 10909 10910 10810)
4(10899 10900 10910 10909)
4(10810 10910 10911 10811)
4(10900 10901 10911 10910)
4(10802 10812 10912 10902)
4(4059 4169 10912 10812)
4(4180 10902 10912 4169)
4(10803 10813 10913 10903)
4(10812 10912 10913 10813)
4(10902 10903 10913 10912)
4(10804 10814 10914 10904)
4(10813 10913 10914 10814)
4(10903 10904 10914 10913)
4(10805 10815 10915 10905)
4(10814 10914 10915 10815)
4(10904 10905 10915 10914)
4(10806 10816 10916 10906)
4(10815 10915 10916 10816)
4(10905 10906 10916 10915)
4(10807 10817 10917 10907)
4(10816 10916 10917 10817)
4(10906 10907 10917 10916)
4(10808 10818 10918 10908)
4(10817 10917 10918 10818)
4(10907 10908 10918 10917)
4(10809 10819 10919 10909)
4(10818 10918 10919 10819)
4(10908 10909 10919 10918)
4(10810 10820 10920 10910)
4(10819 10919 10920 10820)
4(10909 10910 10920 10919)
4(10820 10920 10921 10821)
4(10910 10911 10921 10920)
4(10812 10822 10922 10912)
4(4048 4158 10922 10822)
4(4169 10912 10922 4158)
4(10813 10823 10923 10913)
4(10822 10922 10923 10823)
4(10912 10913 10923 10922)
4(10814 10824 10924 10914)
4(10823 10923 10924 10824)
4(10913 10914 10924 10923)
4(10815 10825 10925 10915)
4(10824 10924 10925 10825)
4(10914 10915 10925 10924)
4(10816 10826 10926 10916)
4(10825 10925 10926 10826)
4(10915 10916 10926 10925)
4(10817 10827 10927 10917)
4(10826 10926 10927 10827)
4(10916 10917 10927 10926)
4(10818 10828 10928 10918)
4(10827 10927 10928 10828)
4(10917 10918 10928 10927)
4(10819 10829 10929 10919)
4(10828 10928 10929 10829)
4(10918 10919 10929 10928)
4(10820 10830 10930 10920)
4(10829 10929 10930 10830)
4(10919 10920 10930 10929)
4(10830 10930 10931 10831)
4(10920 10921 10931 10930)
4(10822 10832 10932 10922)
4(4037 4147 10932 10832)
4(4158 10922 10932 4147)
4(10823 10833 10933 10923)
4(10832 10932 10933 10833)
4(10922 10923 10933 10932)
4(10824 10834 10934 10924)
4(10833 10933 10934 10834)
4(10923 10924 10934 10933)
4(10825 10835 10935 10925)
4(10834 10934 10935 10835)
4(10924 10925 10935 10934)
4(10826 10836 10936 10926)
4(10835 10935 10936 10836)
4(10925 10926 10936 10935)
4(10827 10837 10937 10927)
4(10836 10936 10937 10837)
4(10926 10927 10937 10936)
4(10828 10838 10938 10928)
4(10837 10937 10938 10838)
4(10927 10928 10938 10937)
4(10829 10839 10939 10929)
4(10838 10938 10939 10839)
4(10928 10929 10939 10938)
4(10830 10840 10940 10930)
4(10839 10939 10940 10840)
4(10929 10930 10940 10939)
4(10840 10940 10941 10841)
4(10930 10931 10941 10940)
4(10832 10842 10942 10932)
4(4026 4136 10942 10842)
4(4147 10932 10942 4136)
4(10833 10843 10943 10933)
4(10842 10942 10943 10843)
4(10932 10933 10943 10942)
4(10834 10844 10944 10934)
4(10843 10943 10944 10844)
4(10933 10934 10944 10943)
4(10835 10845 10945 10935)
4(10844 10944 10945 10845)
4(10934 10935 10945 10944)
4(10836 10846 10946 10936)
4(10845 10945 10946 10846)
4(10935 10936 10946 10945)
4(10837 10847 10947 10937)
4(10846 10946 10947 10847)
4(10936 10937 10947 10946)
4(10838 10848 10948 10938)
4(10847 10947 10948 10848)
4(10937 10938 10948 10947)
4(10839 10849 10949 10939)
4(10848 10948 10949 10849)
4(10938 10939 10949 10948)
4(10840 10850 10950 10940)
4(10849 10949 10950 10850)
4(10939 10940 10950 10949)
4(10850 10950 10951 10851)
4(10940 10941 10951 10950)
4(10842 10852 10952 10942)
4(4015 4125 10952 10852)
4(4136 10942 10952 4125)
4(10843 10853 10953 10943)
4(10852 10952 10953 10853)
4(10942 10943 10953 10952)
4(10844 10854 10954 10944)
4(10853 10953 10954 10854)
4(10943 10944 10954 10953)
4(10845 10855 10955 10945)
4(10854 10954 10955 10855)
4(10944 10945 10955 10954)
4(10846 10856 10956 10946)
4(10855 10955 10956 10856)
4(10945 10946 10956 10955)
4(10847 10857 10957 10947)
4(10856 10956 10957 10857)
4(10946 10947 10957 10956)
4(10848 10858 10958 10948)
4(10857 10957 10958 10858)
4(10947 10948 10958 10957)
4(10849 10859 10959 10949)
4(10858 10958 10959 10859)
4(10948 10949 10959 10958)
4(10850 10860 10960 10950)
4(10859 10959 10960 10860)
4(10949 10950 10960 10959)
4(10860 10960 10961 10861)
4(10950 10951 10961 10960)
4(10852 10862 10962 10952)
4(4004 4114 10962 10862)
4(4125 10952 10962 4114)
4(10853 10863 10963 10953)
4(10862 10962 10963 10863)
4(10952 10953 10963 10962)
4(10854 10864 10964 10954)
4(10863 10963 10964 10864)
4(10953 10954 10964 10963)
4(10855 10865 10965 10955)
4(10864 10964 10965 10865)
4(10954 10955 10965 10964)
4(10856 10866 10966 10956)
4(10865 10965 10966 10866)
4(10955 10956 10966 10965)
4(10857 10867 10967 10957)
4(10866 10966 10967 10867)
4(10956 10957 10967 10966)
4(10858 10868 10968 10958)
4(10867 10967 10968 10868)
4(10957 10958 10968 10967)
4(10859 10869 10969 10959)
4(10868 10968 10969 10869)
4(10958 10959 10969 10968)
4(10860 10870 10970 10960)
4(10869 10969 10970 10870)
4(10959 10960 10970 10969)
4(10870 10970 10971 10871)
4(10960 10961 10971 10970)
4(10862 10872 10972 10962)
4(3993 4103 10972 10872)
4(4114 10962 10972 4103)
4(10863 10873 10973 10963)
4(10872 10972 10973 10873)
4(10962 10963 10973 10972)
4(10864 10874 10974 10964)
4(10873 10973 10974 10874)
4(10963 10964 10974 10973)
4(10865 10875 10975 10965)
4(10874 10974 10975 10875)
4(10964 10965 10975 10974)
4(10866 10876 10976 10966)
4(10875 10975 10976 10876)
4(10965 10966 10976 10975)
4(10867 10877 10977 10967)
4(10876 10976 10977 10877)
4(10966 10967 10977 10976)
4(10868 10878 10978 10968)
4(10877 10977 10978 10878)
4(10967 10968 10978 10977)
4(10869 10879 10979 10969)
4(10878 10978 10979 10879)
4(10968 10969 10979 10978)
4(10870 10880 10980 10970)
4(10879 10979 10980 10880)
4(10969 10970 10980 10979)
4(10880 10980 10981 10881)
4(10970 10971 10981 10980)
4(10872 10882 10982 10972)
4(4103 10972 10982 4092)
4(3982 4092 10982 10882)
4(10873 10883 10983 10973)
4(10972 10973 10983 10982)
4(10882 10982 10983 10883)
4(10874 10884 10984 10974)
4(10973 10974 10984 10983)
4(10883 10983 10984 10884)
4(10875 10885 10985 10975)
4(10974 10975 10985 10984)
4(10884 10984 10985 10885)
4(10876 10886 10986 10976)
4(10975 10976 10986 10985)
4(10885 10985 10986 10886)
4(10877 10887 10987 10977)
4(10976 10977 10987 10986)
4(10886 10986 10987 10887)
4(10878 10888 10988 10978)
4(10977 10978 10988 10987)
4(10887 10987 10988 10888)
4(10879 10889 10989 10979)
4(10978 10979 10989 10988)
4(10888 10988 10989 10889)
4(10880 10890 10990 10980)
4(10979 10980 10990 10989)
4(10889 10989 10990 10890)
4(10980 10981 10991 10990)
4(10890 10990 10991 10891)
4(9882 10892 10992 9982)
4(4191 4301 10992 10892)
4(2992 9982 10992 4301)
4(9883 10893 10993 9983)
4(10892 10992 10993 10893)
4(9982 9983 10993 10992)
4(9884 10894 10994 9984)
4(10893 10993 10994 10894)
4(9983 9984 10994 10993)
4(9885 10895 10995 9985)
4(10894 10994 10995 10895)
4(9984 9985 10995 10994)
4(9886 10896 10996 9986)
4(10895 10995 10996 10896)
4(9985 9986 10996 10995)
4(9887 10897 10997 9987)
4(10896 10996 10997 10897)
4(9986 9987 10997 10996)
4(9888 10898 10998 9988)
4(10897 10997 10998 10898)
4(9987 9988 10998 10997)
4(9889 10899 10999 9989)
4(10898 10998 10999 10899)
4(9988 9989 10999 10998)
4(9890 10900 11000 9990)
4(10899 10999 11000 10900)
4(9989 9990 11000 10999)
4(10900 11000 11001 10901)
4(9990 9991 11001 11000)
4(10892 10902 11002 10992)
4(4180 4290 11002 10902)
4(4301 10992 11002 4290)
4(10893 10903 11003 10993)
4(10902 11002 11003 10903)
4(10992 10993 11003 11002)
4(10894 10904 11004 10994)
4(10903 11003 11004 10904)
4(10993 10994 11004 11003)
4(10895 10905 11005 10995)
4(10904 11004 11005 10905)
4(10994 10995 11005 11004)
4(10896 10906 11006 10996)
4(10905 11005 11006 10906)
4(10995 10996 11006 11005)
4(10897 10907 11007 10997)
4(10906 11006 11007 10907)
4(10996 10997 11007 11006)
4(10898 10908 11008 10998)
4(10907 11007 11008 10908)
4(10997 10998 11008 11007)
4(10899 10909 11009 10999)
4(10908 11008 11009 10909)
4(10998 10999 11009 11008)
4(10900 10910 11010 11000)
4(10909 11009 11010 10910)
4(10999 11000 11010 11009)
4(10910 11010 11011 10911)
4(11000 11001 11011 11010)
4(10902 10912 11012 11002)
4(4169 4279 11012 10912)
4(4290 11002 11012 4279)
4(10903 10913 11013 11003)
4(10912 11012 11013 10913)
4(11002 11003 11013 11012)
4(10904 10914 11014 11004)
4(10913 11013 11014 10914)
4(11003 11004 11014 11013)
4(10905 10915 11015 11005)
4(10914 11014 11015 10915)
4(11004 11005 11015 11014)
4(10906 10916 11016 11006)
4(10915 11015 11016 10916)
4(11005 11006 11016 11015)
4(10907 10917 11017 11007)
4(10916 11016 11017 10917)
4(11006 11007 11017 11016)
4(10908 10918 11018 11008)
4(10917 11017 11018 10918)
4(11007 11008 11018 11017)
4(10909 10919 11019 11009)
4(10918 11018 11019 10919)
4(11008 11009 11019 11018)
4(10910 10920 11020 11010)
4(10919 11019 11020 10920)
4(11009 11010 11020 11019)
4(10920 11020 11021 10921)
4(11010 11011 11021 11020)
4(10912 10922 11022 11012)
4(4158 4268 11022 10922)
4(4279 11012 11022 4268)
4(10913 10923 11023 11013)
4(10922 11022 11023 10923)
4(11012 11013 11023 11022)
4(10914 10924 11024 11014)
4(10923 11023 11024 10924)
4(11013 11014 11024 11023)
4(10915 10925 11025 11015)
4(10924 11024 11025 10925)
4(11014 11015 11025 11024)
4(10916 10926 11026 11016)
4(10925 11025 11026 10926)
4(11015 11016 11026 11025)
4(10917 10927 11027 11017)
4(10926 11026 11027 10927)
4(11016 11017 11027 11026)
4(10918 10928 11028 11018)
4(10927 11027 11028 10928)
4(11017 11018 11028 11027)
4(10919 10929 11029 11019)
4(10928 11028 11029 10929)
4(11018 11019 11029 11028)
4(10920 10930 11030 11020)
4(10929 11029 11030 10930)
4(11019 11020 11030 11029)
4(10930 11030 11031 10931)
4(11020 11021 11031 11030)
4(10922 10932 11032 11022)
4(4147 4257 11032 10932)
4(4268 11022 11032 4257)
4(10923 10933 11033 11023)
4(10932 11032 11033 10933)
4(11022 11023 11033 11032)
4(10924 10934 11034 11024)
4(10933 11033 11034 10934)
4(11023 11024 11034 11033)
4(10925 10935 11035 11025)
4(10934 11034 11035 10935)
4(11024 11025 11035 11034)
4(10926 10936 11036 11026)
4(10935 11035 11036 10936)
4(11025 11026 11036 11035)
4(10927 10937 11037 11027)
4(10936 11036 11037 10937)
4(11026 11027 11037 11036)
4(10928 10938 11038 11028)
4(10937 11037 11038 10938)
4(11027 11028 11038 11037)
4(10929 10939 11039 11029)
4(10938 11038 11039 10939)
4(11028 11029 11039 11038)
4(10930 10940 11040 11030)
4(10939 11039 11040 10940)
4(11029 11030 11040 11039)
4(10940 11040 11041 10941)
4(11030 11031 11041 11040)
4(10932 10942 11042 11032)
4(4136 4246 11042 10942)
4(4257 11032 11042 4246)
4(10933 10943 11043 11033)
4(10942 11042 11043 10943)
4(11032 11033 11043 11042)
4(10934 10944 11044 11034)
4(10943 11043 11044 10944)
4(11033 11034 11044 11043)
4(10935 10945 11045 11035)
4(10944 11044 11045 10945)
4(11034 11035 11045 11044)
4(10936 10946 11046 11036)
4(10945 11045 11046 10946)
4(11035 11036 11046 11045)
4(10937 10947 11047 11037)
4(10946 11046 11047 10947)
4(11036 11037 11047 11046)
4(10938 10948 11048 11038)
4(10947 11047 11048 10948)
4(11037 11038 11048 11047)
4(10939 10949 11049 11039)
4(10948 11048 11049 10949)
4(11038 11039 11049 11048)
4(10940 10950 11050 11040)
4(10949 11049 11050 10950)
4(11039 11040 11050 11049)
4(10950 11050 11051 10951)
4(11040 11041 11051 11050)
4(10942 10952 11052 11042)
4(4125 4235 11052 10952)
4(4246 11042 11052 4235)
4(10943 10953 11053 11043)
4(10952 11052 11053 10953)
4(11042 11043 11053 11052)
4(10944 10954 11054 11044)
4(10953 11053 11054 10954)
4(11043 11044 11054 11053)
4(10945 10955 11055 11045)
4(10954 11054 11055 10955)
4(11044 11045 11055 11054)
4(10946 10956 11056 11046)
4(10955 11055 11056 10956)
4(11045 11046 11056 11055)
4(10947 10957 11057 11047)
4(10956 11056 11057 10957)
4(11046 11047 11057 11056)
4(10948 10958 11058 11048)
4(10957 11057 11058 10958)
4(11047 11048 11058 11057)
4(10949 10959 11059 11049)
4(10958 11058 11059 10959)
4(11048 11049 11059 11058)
4(10950 10960 11060 11050)
4(10959 11059 11060 10960)
4(11049 11050 11060 11059)
4(10960 11060 11061 10961)
4(11050 11051 11061 11060)
4(10952 10962 11062 11052)
4(4114 4224 11062 10962)
4(4235 11052 11062 4224)
4(10953 10963 11063 11053)
4(10962 11062 11063 10963)
4(11052 11053 11063 11062)
4(10954 10964 11064 11054)
4(10963 11063 11064 10964)
4(11053 11054 11064 11063)
4(10955 10965 11065 11055)
4(10964 11064 11065 10965)
4(11054 11055 11065 11064)
4(10956 10966 11066 11056)
4(10965 11065 11066 10966)
4(11055 11056 11066 11065)
4(10957 10967 11067 11057)
4(10966 11066 11067 10967)
4(11056 11057 11067 11066)
4(10958 10968 11068 11058)
4(10967 11067 11068 10968)
4(11057 11058 11068 11067)
4(10959 10969 11069 11059)
4(10968 11068 11069 10969)
4(11058 11059 11069 11068)
4(10960 10970 11070 11060)
4(10969 11069 11070 10970)
4(11059 11060 11070 11069)
4(10970 11070 11071 10971)
4(11060 11061 11071 11070)
4(10962 10972 11072 11062)
4(4103 4213 11072 10972)
4(4224 11062 11072 4213)
4(10963 10973 11073 11063)
4(10972 11072 11073 10973)
4(11062 11063 11073 11072)
4(10964 10974 11074 11064)
4(10973 11073 11074 10974)
4(11063 11064 11074 11073)
4(10965 10975 11075 11065)
4(10974 11074 11075 10975)
4(11064 11065 11075 11074)
4(10966 10976 11076 11066)
4(10975 11075 11076 10976)
4(11065 11066 11076 11075)
4(10967 10977 11077 11067)
4(10976 11076 11077 10977)
4(11066 11067 11077 11076)
4(10968 10978 11078 11068)
4(10977 11077 11078 10978)
4(11067 11068 11078 11077)
4(10969 10979 11079 11069)
4(10978 11078 11079 10979)
4(11068 11069 11079 11078)
4(10970 10980 11080 11070)
4(10979 11079 11080 10980)
4(11069 11070 11080 11079)
4(10980 11080 11081 10981)
4(11070 11071 11081 11080)
4(10972 10982 11082 11072)
4(4213 11072 11082 4202)
4(4092 4202 11082 10982)
4(10973 10983 11083 11073)
4(11072 11073 11083 11082)
4(10982 11082 11083 10983)
4(10974 10984 11084 11074)
4(11073 11074 11084 11083)
4(10983 11083 11084 10984)
4(10975 10985 11085 11075)
4(11074 11075 11085 11084)
4(10984 11084 11085 10985)
4(10976 10986 11086 11076)
4(11075 11076 11086 11085)
4(10985 11085 11086 10986)
4(10977 10987 11087 11077)
4(11076 11077 11087 11086)
4(10986 11086 11087 10987)
4(10978 10988 11088 11078)
4(11077 11078 11088 11087)
4(10987 11087 11088 10988)
4(10979 10989 11089 11079)
4(11078 11079 11089 11088)
4(10988 11088 11089 10989)
4(10980 10990 11090 11080)
4(11079 11080 11090 11089)
4(10989 11089 11090 10990)
4(11080 11081 11091 11090)
4(10990 11090 11091 10991)
4(9982 10992 11092 10082)
4(4301 4411 11092 10992)
4(3102 10082 11092 4411)
4(9983 10993 11093 10083)
4(10992 11092 11093 10993)
4(10082 10083 11093 11092)
4(9984 10994 11094 10084)
4(10993 11093 11094 10994)
4(10083 10084 11094 11093)
4(9985 10995 11095 10085)
4(10994 11094 11095 10995)
4(10084 10085 11095 11094)
4(9986 10996 11096 10086)
4(10995 11095 11096 10996)
4(10085 10086 11096 11095)
4(9987 10997 11097 10087)
4(10996 11096 11097 10997)
4(10086 10087 11097 11096)
4(9988 10998 11098 10088)
4(10997 11097 11098 10998)
4(10087 10088 11098 11097)
4(9989 10999 11099 10089)
4(10998 11098 11099 10999)
4(10088 10089 11099 11098)
4(9990 11000 11100 10090)
4(10999 11099 11100 11000)
4(10089 10090 11100 11099)
4(11000 11100 11101 11001)
4(10090 10091 11101 11100)
4(10992 11002 11102 11092)
4(4290 4400 11102 11002)
4(4411 11092 11102 4400)
4(10993 11003 11103 11093)
4(11002 11102 11103 11003)
4(11092 11093 11103 11102)
4(10994 11004 11104 11094)
4(11003 11103 11104 11004)
4(11093 11094 11104 11103)
4(10995 11005 11105 11095)
4(11004 11104 11105 11005)
4(11094 11095 11105 11104)
4(10996 11006 11106 11096)
4(11005 11105 11106 11006)
4(11095 11096 11106 11105)
4(10997 11007 11107 11097)
4(11006 11106 11107 11007)
4(11096 11097 11107 11106)
4(10998 11008 11108 11098)
4(11007 11107 11108 11008)
4(11097 11098 11108 11107)
4(10999 11009 11109 11099)
4(11008 11108 11109 11009)
4(11098 11099 11109 11108)
4(11000 11010 11110 11100)
4(11009 11109 11110 11010)
4(11099 11100 11110 11109)
4(11010 11110 11111 11011)
4(11100 11101 11111 11110)
4(11002 11012 11112 11102)
4(4279 4389 11112 11012)
4(4400 11102 11112 4389)
4(11003 11013 11113 11103)
4(11012 11112 11113 11013)
4(11102 11103 11113 11112)
4(11004 11014 11114 11104)
4(11013 11113 11114 11014)
4(11103 11104 11114 11113)
4(11005 11015 11115 11105)
4(11014 11114 11115 11015)
4(11104 11105 11115 11114)
4(11006 11016 11116 11106)
4(11015 11115 11116 11016)
4(11105 11106 11116 11115)
4(11007 11017 11117 11107)
4(11016 11116 11117 11017)
4(11106 11107 11117 11116)
4(11008 11018 11118 11108)
4(11017 11117 11118 11018)
4(11107 11108 11118 11117)
4(11009 11019 11119 11109)
4(11018 11118 11119 11019)
4(11108 11109 11119 11118)
4(11010 11020 11120 11110)
4(11019 11119 11120 11020)
4(11109 11110 11120 11119)
4(11020 11120 11121 11021)
4(11110 11111 11121 11120)
4(11012 11022 11122 11112)
4(4268 4378 11122 11022)
4(4389 11112 11122 4378)
4(11013 11023 11123 11113)
4(11022 11122 11123 11023)
4(11112 11113 11123 11122)
4(11014 11024 11124 11114)
4(11023 11123 11124 11024)
4(11113 11114 11124 11123)
4(11015 11025 11125 11115)
4(11024 11124 11125 11025)
4(11114 11115 11125 11124)
4(11016 11026 11126 11116)
4(11025 11125 11126 11026)
4(11115 11116 11126 11125)
4(11017 11027 11127 11117)
4(11026 11126 11127 11027)
4(11116 11117 11127 11126)
4(11018 11028 11128 11118)
4(11027 11127 11128 11028)
4(11117 11118 11128 11127)
4(11019 11029 11129 11119)
4(11028 11128 11129 11029)
4(11118 11119 11129 11128)
4(11020 11030 11130 11120)
4(11029 11129 11130 11030)
4(11119 11120 11130 11129)
4(11030 11130 11131 11031)
4(11120 11121 11131 11130)
4(11022 11032 11132 11122)
4(4257 4367 11132 11032)
4(4378 11122 11132 4367)
4(11023 11033 11133 11123)
4(11032 11132 11133 11033)
4(11122 11123 11133 11132)
4(11024 11034 11134 11124)
4(11033 11133 11134 11034)
4(11123 11124 11134 11133)
4(11025 11035 11135 11125)
4(11034 11134 11135 11035)
4(11124 11125 11135 11134)
4(11026 11036 11136 11126)
4(11035 11135 11136 11036)
4(11125 11126 11136 11135)
4(11027 11037 11137 11127)
4(11036 11136 11137 11037)
4(11126 11127 11137 11136)
4(11028 11038 11138 11128)
4(11037 11137 11138 11038)
4(11127 11128 11138 11137)
4(11029 11039 11139 11129)
4(11038 11138 11139 11039)
4(11128 11129 11139 11138)
4(11030 11040 11140 11130)
4(11039 11139 11140 11040)
4(11129 11130 11140 11139)
4(11040 11140 11141 11041)
4(11130 11131 11141 11140)
4(11032 11042 11142 11132)
4(4246 4356 11142 11042)
4(4367 11132 11142 4356)
4(11033 11043 11143 11133)
4(11042 11142 11143 11043)
4(11132 11133 11143 11142)
4(11034 11044 11144 11134)
4(11043 11143 11144 11044)
4(11133 11134 11144 11143)
4(11035 11045 11145 11135)
4(11044 11144 11145 11045)
4(11134 11135 11145 11144)
4(11036 11046 11146 11136)
4(11045 11145 11146 11046)
4(11135 11136 11146 11145)
4(11037 11047 11147 11137)
4(11046 11146 11147 11047)
4(11136 11137 11147 11146)
4(11038 11048 11148 11138)
4(11047 11147 11148 11048)
4(11137 11138 11148 11147)
4(11039 11049 11149 11139)
4(11048 11148 11149 11049)
4(11138 11139 11149 11148)
4(11040 11050 11150 11140)
4(11049 11149 11150 11050)
4(11139 11140 11150 11149)
4(11050 11150 11151 11051)
4(11140 11141 11151 11150)
4(11042 11052 11152 11142)
4(4235 4345 11152 11052)
4(4356 11142 11152 4345)
4(11043 11053 11153 11143)
4(11052 11152 11153 11053)
4(11142 11143 11153 11152)
4(11044 11054 11154 11144)
4(11053 11153 11154 11054)
4(11143 11144 11154 11153)
4(11045 11055 11155 11145)
4(11054 11154 11155 11055)
4(11144 11145 11155 11154)
4(11046 11056 11156 11146)
4(11055 11155 11156 11056)
4(11145 11146 11156 11155)
4(11047 11057 11157 11147)
4(11056 11156 11157 11057)
4(11146 11147 11157 11156)
4(11048 11058 11158 11148)
4(11057 11157 11158 11058)
4(11147 11148 11158 11157)
4(11049 11059 11159 11149)
4(11058 11158 11159 11059)
4(11148 11149 11159 11158)
4(11050 11060 11160 11150)
4(11059 11159 11160 11060)
4(11149 11150 11160 11159)
4(11060 11160 11161 11061)
4(11150 11151 11161 11160)
4(11052 11062 11162 11152)
4(4224 4334 11162 11062)
4(4345 11152 11162 4334)
4(11053 11063 11163 11153)
4(11062 11162 11163 11063)
4(11152 11153 11163 11162)
4(11054 11064 11164 11154)
4(11063 11163 11164 11064)
4(11153 11154 11164 11163)
4(11055 11065 11165 11155)
4(11064 11164 11165 11065)
4(11154 11155 11165 11164)
4(11056 11066 11166 11156)
4(11065 11165 11166 11066)
4(11155 11156 11166 11165)
4(11057 11067 11167 11157)
4(11066 11166 11167 11067)
4(11156 11157 11167 11166)
4(11058 11068 11168 11158)
4(11067 11167 11168 11068)
4(11157 11158 11168 11167)
4(11059 11069 11169 11159)
4(11068 11168 11169 11069)
4(11158 11159 11169 11168)
4(11060 11070 11170 11160)
4(11069 11169 11170 11070)
4(11159 11160 11170 11169)
4(11070 11170 11171 11071)
4(11160 11161 11171 11170)
4(11062 11072 11172 11162)
4(4213 4323 11172 11072)
4(4334 11162 11172 4323)
4(11063 11073 11173 11163)
4(11072 11172 11173 11073)
4(11162 11163 11173 11172)
4(11064 11074 11174 11164)
4(11073 11173 11174 11074)
4(11163 11164 11174 11173)
4(11065 11075 11175 11165)
4(11074 11174 11175 11075)
4(11164 11165 11175 11174)
4(11066 11076 11176 11166)
4(11075 11175 11176 11076)
4(11165 11166 11176 11175)
4(11067 11077 11177 11167)
4(11076 11176 11177 11077)
4(11166 11167 11177 11176)
4(11068 11078 11178 11168)
4(11077 11177 11178 11078)
4(11167 11168 11178 11177)
4(11069 11079 11179 11169)
4(11078 11178 11179 11079)
4(11168 11169 11179 11178)
4(11070 11080 11180 11170)
4(11079 11179 11180 11080)
4(11169 11170 11180 11179)
4(11080 11180 11181 11081)
4(11170 11171 11181 11180)
4(11072 11082 11182 11172)
4(4323 11172 11182 4312)
4(4202 4312 11182 11082)
4(11073 11083 11183 11173)
4(11172 11173 11183 11182)
4(11082 11182 11183 11083)
4(11074 11084 11184 11174)
4(11173 11174 11184 11183)
4(11083 11183 11184 11084)
4(11075 11085 11185 11175)
4(11174 11175 11185 11184)
4(11084 11184 11185 11085)
4(11076 11086 11186 11176)
4(11175 11176 11186 11185)
4(11085 11185 11186 11086)
4(11077 11087 11187 11177)
4(11176 11177 11187 11186)
4(11086 11186 11187 11087)
4(11078 11088 11188 11178)
4(11177 11178 11188 11187)
4(11087 11187 11188 11088)
4(11079 11089 11189 11179)
4(11178 11179 11189 11188)
4(11088 11188 11189 11089)
4(11080 11090 11190 11180)
4(11179 11180 11190 11189)
4(11089 11189 11190 11090)
4(11180 11181 11191 11190)
4(11090 11190 11191 11091)
4(10082 11092 11192 10182)
4(4411 4521 11192 11092)
4(3212 10182 11192 4521)
4(10083 11093 11193 10183)
4(11092 11192 11193 11093)
4(10182 10183 11193 11192)
4(10084 11094 11194 10184)
4(11093 11193 11194 11094)
4(10183 10184 11194 11193)
4(10085 11095 11195 10185)
4(11094 11194 11195 11095)
4(10184 10185 11195 11194)
4(10086 11096 11196 10186)
4(11095 11195 11196 11096)
4(10185 10186 11196 11195)
4(10087 11097 11197 10187)
4(11096 11196 11197 11097)
4(10186 10187 11197 11196)
4(10088 11098 11198 10188)
4(11097 11197 11198 11098)
4(10187 10188 11198 11197)
4(10089 11099 11199 10189)
4(11098 11198 11199 11099)
4(10188 10189 11199 11198)
4(10090 11100 11200 10190)
4(11099 11199 11200 11100)
4(10189 10190 11200 11199)
4(11100 11200 11201 11101)
4(10190 10191 11201 11200)
4(11092 11102 11202 11192)
4(4400 4510 11202 11102)
4(4521 11192 11202 4510)
4(11093 11103 11203 11193)
4(11102 11202 11203 11103)
4(11192 11193 11203 11202)
4(11094 11104 11204 11194)
4(11103 11203 11204 11104)
4(11193 11194 11204 11203)
4(11095 11105 11205 11195)
4(11104 11204 11205 11105)
4(11194 11195 11205 11204)
4(11096 11106 11206 11196)
4(11105 11205 11206 11106)
4(11195 11196 11206 11205)
4(11097 11107 11207 11197)
4(11106 11206 11207 11107)
4(11196 11197 11207 11206)
4(11098 11108 11208 11198)
4(11107 11207 11208 11108)
4(11197 11198 11208 11207)
4(11099 11109 11209 11199)
4(11108 11208 11209 11109)
4(11198 11199 11209 11208)
4(11100 11110 11210 11200)
4(11109 11209 11210 11110)
4(11199 11200 11210 11209)
4(11110 11210 11211 11111)
4(11200 11201 11211 11210)
4(11102 11112 11212 11202)
4(4389 4499 11212 11112)
4(4510 11202 11212 4499)
4(11103 11113 11213 11203)
4(11112 11212 11213 11113)
4(11202 11203 11213 11212)
4(11104 11114 11214 11204)
4(11113 11213 11214 11114)
4(11203 11204 11214 11213)
4(11105 11115 11215 11205)
4(11114 11214 11215 11115)
4(11204 11205 11215 11214)
4(11106 11116 11216 11206)
4(11115 11215 11216 11116)
4(11205 11206 11216 11215)
4(11107 11117 11217 11207)
4(11116 11216 11217 11117)
4(11206 11207 11217 11216)
4(11108 11118 11218 11208)
4(11117 11217 11218 11118)
4(11207 11208 11218 11217)
4(11109 11119 11219 11209)
4(11118 11218 11219 11119)
4(11208 11209 11219 11218)
4(11110 11120 11220 11210)
4(11119 11219 11220 11120)
4(11209 11210 11220 11219)
4(11120 11220 11221 11121)
4(11210 11211 11221 11220)
4(11112 11122 11222 11212)
4(4378 4488 11222 11122)
4(4499 11212 11222 4488)
4(11113 11123 11223 11213)
4(11122 11222 11223 11123)
4(11212 11213 11223 11222)
4(11114 11124 11224 11214)
4(11123 11223 11224 11124)
4(11213 11214 11224 11223)
4(11115 11125 11225 11215)
4(11124 11224 11225 11125)
4(11214 11215 11225 11224)
4(11116 11126 11226 11216)
4(11125 11225 11226 11126)
4(11215 11216 11226 11225)
4(11117 11127 11227 11217)
4(11126 11226 11227 11127)
4(11216 11217 11227 11226)
4(11118 11128 11228 11218)
4(11127 11227 11228 11128)
4(11217 11218 11228 11227)
4(11119 11129 11229 11219)
4(11128 11228 11229 11129)
4(11218 11219 11229 11228)
4(11120 11130 11230 11220)
4(11129 11229 11230 11130)
4(11219 11220 11230 11229)
4(11130 11230 11231 11131)
4(11220 11221 11231 11230)
4(11122 11132 11232 11222)
4(4367 4477 11232 11132)
4(4488 11222 11232 4477)
4(11123 11133 11233 11223)
4(11132 11232 11233 11133)
4(11222 11223 11233 11232)
4(11124 11134 11234 11224)
4(11133 11233 11234 11134)
4(11223 11224 11234 11233)
4(11125 11135 11235 11225)
4(11134 11234 11235 11135)
4(11224 11225 11235 11234)
4(11126 11136 11236 11226)
4(11135 11235 11236 11136)
4(11225 11226 11236 11235)
4(11127 11137 11237 11227)
4(11136 11236 11237 11137)
4(11226 11227 11237 11236)
4(11128 11138 11238 11228)
4(11137 11237 11238 11138)
4(11227 11228 11238 11237)
4(11129 11139 11239 11229)
4(11138 11238 11239 11139)
4(11228 11229 11239 11238)
4(11130 11140 11240 11230)
4(11139 11239 11240 11140)
4(11229 11230 11240 11239)
4(11140 11240 11241 11141)
4(11230 11231 11241 11240)
4(11132 11142 11242 11232)
4(4356 4466 11242 11142)
4(4477 11232 11242 4466)
4(11133 11143 11243 11233)
4(11142 11242 11243 11143)
4(11232 11233 11243 11242)
4(11134 11144 11244 11234)
4(11143 11243 11244 11144)
4(11233 11234 11244 11243)
4(11135 11145 11245 11235)
4(11144 11244 11245 11145)
4(11234 11235 11245 11244)
4(11136 11146 11246 11236)
4(11145 11245 11246 11146)
4(11235 11236 11246 11245)
4(11137 11147 11247 11237)
4(11146 11246 11247 11147)
4(11236 11237 11247 11246)
4(11138 11148 11248 11238)
4(11147 11247 11248 11148)
4(11237 11238 11248 11247)
4(11139 11149 11249 11239)
4(11148 11248 11249 11149)
4(11238 11239 11249 11248)
4(11140 11150 11250 11240)
4(11149 11249 11250 11150)
4(11239 11240 11250 11249)
4(11150 11250 11251 11151)
4(11240 11241 11251 11250)
4(11142 11152 11252 11242)
4(4345 4455 11252 11152)
4(4466 11242 11252 4455)
4(11143 11153 11253 11243)
4(11152 11252 11253 11153)
4(11242 11243 11253 11252)
4(11144 11154 11254 11244)
4(11153 11253 11254 11154)
4(11243 11244 11254 11253)
4(11145 11155 11255 11245)
4(11154 11254 11255 11155)
4(11244 11245 11255 11254)
4(11146 11156 11256 11246)
4(11155 11255 11256 11156)
4(11245 11246 11256 11255)
4(11147 11157 11257 11247)
4(11156 11256 11257 11157)
4(11246 11247 11257 11256)
4(11148 11158 11258 11248)
4(11157 11257 11258 11158)
4(11247 11248 11258 11257)
4(11149 11159 11259 11249)
4(11158 11258 11259 11159)
4(11248 11249 11259 11258)
4(11150 11160 11260 11250)
4(11159 11259 11260 11160)
4(11249 11250 11260 11259)
4(11160 11260 11261 11161)
4(11250 11251 11261 11260)
4(11152 11162 11262 11252)
4(4334 4444 11262 11162)
4(4455 11252 11262 4444)
4(11153 11163 11263 11253)
4(11162 11262 11263 11163)
4(11252 11253 11263 11262)
4(11154 11164 11264 11254)
4(11163 11263 11264 11164)
4(11253 11254 11264 11263)
4(11155 11165 11265 11255)
4(11164 11264 11265 11165)
4(11254 11255 11265 11264)
4(11156 11166 11266 11256)
4(11165 11265 11266 11166)
4(11255 11256 11266 11265)
4(11157 11167 11267 11257)
4(11166 11266 11267 11167)
4(11256 11257 11267 11266)
4(11158 11168 11268 11258)
4(11167 11267 11268 11168)
4(11257 11258 11268 11267)
4(11159 11169 11269 11259)
4(11168 11268 11269 11169)
4(11258 11259 11269 11268)
4(11160 11170 11270 11260)
4(11169 11269 11270 11170)
4(11259 11260 11270 11269)
4(11170 11270 11271 11171)
4(11260 11261 11271 11270)
4(11162 11172 11272 11262)
4(4323 4433 11272 11172)
4(4444 11262 11272 4433)
4(11163 11173 11273 11263)
4(11172 11272 11273 11173)
4(11262 11263 11273 11272)
4(11164 11174 11274 11264)
4(11173 11273 11274 11174)
4(11263 11264 11274 11273)
4(11165 11175 11275 11265)
4(11174 11274 11275 11175)
4(11264 11265 11275 11274)
4(11166 11176 11276 11266)
4(11175 11275 11276 11176)
4(11265 11266 11276 11275)
4(11167 11177 11277 11267)
4(11176 11276 11277 11177)
4(11266 11267 11277 11276)
4(11168 11178 11278 11268)
4(11177 11277 11278 11178)
4(11267 11268 11278 11277)
4(11169 11179 11279 11269)
4(11178 11278 11279 11179)
4(11268 11269 11279 11278)
4(11170 11180 11280 11270)
4(11179 11279 11280 11180)
4(11269 11270 11280 11279)
4(11180 11280 11281 11181)
4(11270 11271 11281 11280)
4(11172 11182 11282 11272)
4(4433 11272 11282 4422)
4(4312 4422 11282 11182)
4(11173 11183 11283 11273)
4(11272 11273 11283 11282)
4(11182 11282 11283 11183)
4(11174 11184 11284 11274)
4(11273 11274 11284 11283)
4(11183 11283 11284 11184)
4(11175 11185 11285 11275)
4(11274 11275 11285 11284)
4(11184 11284 11285 11185)
4(11176 11186 11286 11276)
4(11275 11276 11286 11285)
4(11185 11285 11286 11186)
4(11177 11187 11287 11277)
4(11276 11277 11287 11286)
4(11186 11286 11287 11187)
4(11178 11188 11288 11278)
4(11277 11278 11288 11287)
4(11187 11287 11288 11188)
4(11179 11189 11289 11279)
4(11278 11279 11289 11288)
4(11188 11288 11289 11189)
4(11180 11190 11290 11280)
4(11279 11280 11290 11289)
4(11189 11289 11290 11190)
4(11280 11281 11291 11290)
4(11190 11290 11291 11191)
4(10182 11192 11292 10282)
4(4521 4631 11292 11192)
4(3322 10282 11292 4631)
4(10183 11193 11293 10283)
4(11192 11292 11293 11193)
4(10282 10283 11293 11292)
4(10184 11194 11294 10284)
4(11193 11293 11294 11194)
4(10283 10284 11294 11293)
4(10185 11195 11295 10285)
4(11194 11294 11295 11195)
4(10284 10285 11295 11294)
4(10186 11196 11296 10286)
4(11195 11295 11296 11196)
4(10285 10286 11296 11295)
4(10187 11197 11297 10287)
4(11196 11296 11297 11197)
4(10286 10287 11297 11296)
4(10188 11198 11298 10288)
4(11197 11297 11298 11198)
4(10287 10288 11298 11297)
4(10189 11199 11299 10289)
4(11198 11298 11299 11199)
4(10288 10289 11299 11298)
4(10190 11200 11300 10290)
4(11199 11299 11300 11200)
4(10289 10290 11300 11299)
4(11200 11300 11301 11201)
4(10290 10291 11301 11300)
4(11192 11202 11302 11292)
4(4510 4620 11302 11202)
4(4631 11292 11302 4620)
4(11193 11203 11303 11293)
4(11202 11302 11303 11203)
4(11292 11293 11303 11302)
4(11194 11204 11304 11294)
4(11203 11303 11304 11204)
4(11293 11294 11304 11303)
4(11195 11205 11305 11295)
4(11204 11304 11305 11205)
4(11294 11295 11305 11304)
4(11196 11206 11306 11296)
4(11205 11305 11306 11206)
4(11295 11296 11306 11305)
4(11197 11207 11307 11297)
4(11206 11306 11307 11207)
4(11296 11297 11307 11306)
4(11198 11208 11308 11298)
4(11207 11307 11308 11208)
4(11297 11298 11308 11307)
4(11199 11209 11309 11299)
4(11208 11308 11309 11209)
4(11298 11299 11309 11308)
4(11200 11210 11310 11300)
4(11209 11309 11310 11210)
4(11299 11300 11310 11309)
4(11210 11310 11311 11211)
4(11300 11301 11311 11310)
4(11202 11212 11312 11302)
4(4499 4609 11312 11212)
4(4620 11302 11312 4609)
4(11203 11213 11313 11303)
4(11212 11312 11313 11213)
4(11302 11303 11313 11312)
4(11204 11214 11314 11304)
4(11213 11313 11314 11214)
4(11303 11304 11314 11313)
4(11205 11215 11315 11305)
4(11214 11314 11315 11215)
4(11304 11305 11315 11314)
4(11206 11216 11316 11306)
4(11215 11315 11316 11216)
4(11305 11306 11316 11315)
4(11207 11217 11317 11307)
4(11216 11316 11317 11217)
4(11306 11307 11317 11316)
4(11208 11218 11318 11308)
4(11217 11317 11318 11218)
4(11307 11308 11318 11317)
4(11209 11219 11319 11309)
4(11218 11318 11319 11219)
4(11308 11309 11319 11318)
4(11210 11220 11320 11310)
4(11219 11319 11320 11220)
4(11309 11310 11320 11319)
4(11220 11320 11321 11221)
4(11310 11311 11321 11320)
4(11212 11222 11322 11312)
4(4488 4598 11322 11222)
4(4609 11312 11322 4598)
4(11213 11223 11323 11313)
4(11222 11322 11323 11223)
4(11312 11313 11323 11322)
4(11214 11224 11324 11314)
4(11223 11323 11324 11224)
4(11313 11314 11324 11323)
4(11215 11225 11325 11315)
4(11224 11324 11325 11225)
4(11314 11315 11325 11324)
4(11216 11226 11326 11316)
4(11225 11325 11326 11226)
4(11315 11316 11326 11325)
4(11217 11227 11327 11317)
4(11226 11326 11327 11227)
4(11316 11317 11327 11326)
4(11218 11228 11328 11318)
4(11227 11327 11328 11228)
4(11317 11318 11328 11327)
4(11219 11229 11329 11319)
4(11228 11328 11329 11229)
4(11318 11319 11329 11328)
4(11220 11230 11330 11320)
4(11229 11329 11330 11230)
4(11319 11320 11330 11329)
4(11230 11330 11331 11231)
4(11320 11321 11331 11330)
4(11222 11232 11332 11322)
4(4477 4587 11332 11232)
4(4598 11322 11332 4587)
4(11223 11233 11333 11323)
4(11232 11332 11333 11233)
4(11322 11323 11333 11332)
4(11224 11234 11334 11324)
4(11233 11333 11334 11234)
4(11323 11324 11334 11333)
4(11225 11235 11335 11325)
4(11234 11334 11335 11235)
4(11324 11325 11335 11334)
4(11226 11236 11336 11326)
4(11235 11335 11336 11236)
4(11325 11326 11336 11335)
4(11227 11237 11337 11327)
4(11236 11336 11337 11237)
4(11326 11327 11337 11336)
4(11228 11238 11338 11328)
4(11237 11337 11338 11238)
4(11327 11328 11338 11337)
4(11229 11239 11339 11329)
4(11238 11338 11339 11239)
4(11328 11329 11339 11338)
4(11230 11240 11340 11330)
4(11239 11339 11340 11240)
4(11329 11330 11340 11339)
4(11240 11340 11341 11241)
4(11330 11331 11341 11340)
4(11232 11242 11342 11332)
4(4466 4576 11342 11242)
4(4587 11332 11342 4576)
4(11233 11243 11343 11333)
4(11242 11342 11343 11243)
4(11332 11333 11343 11342)
4(11234 11244 11344 11334)
4(11243 11343 11344 11244)
4(11333 11334 11344 11343)
4(11235 11245 11345 11335)
4(11244 11344 11345 11245)
4(11334 11335 11345 11344)
4(11236 11246 11346 11336)
4(11245 11345 11346 11246)
4(11335 11336 11346 11345)
4(11237 11247 11347 11337)
4(11246 11346 11347 11247)
4(11336 11337 11347 11346)
4(11238 11248 11348 11338)
4(11247 11347 11348 11248)
4(11337 11338 11348 11347)
4(11239 11249 11349 11339)
4(11248 11348 11349 11249)
4(11338 11339 11349 11348)
4(11240 11250 11350 11340)
4(11249 11349 11350 11250)
4(11339 11340 11350 11349)
4(11250 11350 11351 11251)
4(11340 11341 11351 11350)
4(11242 11252 11352 11342)
4(4455 4565 11352 11252)
4(4576 11342 11352 4565)
4(11243 11253 11353 11343)
4(11252 11352 11353 11253)
4(11342 11343 11353 11352)
4(11244 11254 11354 11344)
4(11253 11353 11354 11254)
4(11343 11344 11354 11353)
4(11245 11255 11355 11345)
4(11254 11354 11355 11255)
4(11344 11345 11355 11354)
4(11246 11256 11356 11346)
4(11255 11355 11356 11256)
4(11345 11346 11356 11355)
4(11247 11257 11357 11347)
4(11256 11356 11357 11257)
4(11346 11347 11357 11356)
4(11248 11258 11358 11348)
4(11257 11357 11358 11258)
4(11347 11348 11358 11357)
4(11249 11259 11359 11349)
4(11258 11358 11359 11259)
4(11348 11349 11359 11358)
4(11250 11260 11360 11350)
4(11259 11359 11360 11260)
4(11349 11350 11360 11359)
4(11260 11360 11361 11261)
4(11350 11351 11361 11360)
4(11252 11262 11362 11352)
4(4444 4554 11362 11262)
4(4565 11352 11362 4554)
4(11253 11263 11363 11353)
4(11262 11362 11363 11263)
4(11352 11353 11363 11362)
4(11254 11264 11364 11354)
4(11263 11363 11364 11264)
4(11353 11354 11364 11363)
4(11255 11265 11365 11355)
4(11264 11364 11365 11265)
4(11354 11355 11365 11364)
4(11256 11266 11366 11356)
4(11265 11365 11366 11266)
4(11355 11356 11366 11365)
4(11257 11267 11367 11357)
4(11266 11366 11367 11267)
4(11356 11357 11367 11366)
4(11258 11268 11368 11358)
4(11267 11367 11368 11268)
4(11357 11358 11368 11367)
4(11259 11269 11369 11359)
4(11268 11368 11369 11269)
4(11358 11359 11369 11368)
4(11260 11270 11370 11360)
4(11269 11369 11370 11270)
4(11359 11360 11370 11369)
4(11270 11370 11371 11271)
4(11360 11361 11371 11370)
4(11262 11272 11372 11362)
4(4433 4543 11372 11272)
4(4554 11362 11372 4543)
4(11263 11273 11373 11363)
4(11272 11372 11373 11273)
4(11362 11363 11373 11372)
4(11264 11274 11374 11364)
4(11273 11373 11374 11274)
4(11363 11364 11374 11373)
4(11265 11275 11375 11365)
4(11274 11374 11375 11275)
4(11364 11365 11375 11374)
4(11266 11276 11376 11366)
4(11275 11375 11376 11276)
4(11365 11366 11376 11375)
4(11267 11277 11377 11367)
4(11276 11376 11377 11277)
4(11366 11367 11377 11376)
4(11268 11278 11378 11368)
4(11277 11377 11378 11278)
4(11367 11368 11378 11377)
4(11269 11279 11379 11369)
4(11278 11378 11379 11279)
4(11368 11369 11379 11378)
4(11270 11280 11380 11370)
4(11279 11379 11380 11280)
4(11369 11370 11380 11379)
4(11280 11380 11381 11281)
4(11370 11371 11381 11380)
4(11272 11282 11382 11372)
4(4543 11372 11382 4532)
4(4422 4532 11382 11282)
4(11273 11283 11383 11373)
4(11372 11373 11383 11382)
4(11282 11382 11383 11283)
4(11274 11284 11384 11374)
4(11373 11374 11384 11383)
4(11283 11383 11384 11284)
4(11275 11285 11385 11375)
4(11374 11375 11385 11384)
4(11284 11384 11385 11285)
4(11276 11286 11386 11376)
4(11375 11376 11386 11385)
4(11285 11385 11386 11286)
4(11277 11287 11387 11377)
4(11376 11377 11387 11386)
4(11286 11386 11387 11287)
4(11278 11288 11388 11378)
4(11377 11378 11388 11387)
4(11287 11387 11388 11288)
4(11279 11289 11389 11379)
4(11378 11379 11389 11388)
4(11288 11388 11389 11289)
4(11280 11290 11390 11380)
4(11379 11380 11390 11389)
4(11289 11389 11390 11290)
4(11380 11381 11391 11390)
4(11290 11390 11391 11291)
4(10282 11292 11392 10382)
4(4631 4741 11392 11292)
4(3432 10382 11392 4741)
4(10283 11293 11393 10383)
4(11292 11392 11393 11293)
4(10382 10383 11393 11392)
4(10284 11294 11394 10384)
4(11293 11393 11394 11294)
4(10383 10384 11394 11393)
4(10285 11295 11395 10385)
4(11294 11394 11395 11295)
4(10384 10385 11395 11394)
4(10286 11296 11396 10386)
4(11295 11395 11396 11296)
4(10385 10386 11396 11395)
4(10287 11297 11397 10387)
4(11296 11396 11397 11297)
4(10386 10387 11397 11396)
4(10288 11298 11398 10388)
4(11297 11397 11398 11298)
4(10387 10388 11398 11397)
4(10289 11299 11399 10389)
4(11298 11398 11399 11299)
4(10388 10389 11399 11398)
4(10290 11300 11400 10390)
4(11299 11399 11400 11300)
4(10389 10390 11400 11399)
4(11300 11400 11401 11301)
4(10390 10391 11401 11400)
4(11292 11302 11402 11392)
4(4620 4730 11402 11302)
4(4741 11392 11402 4730)
4(11293 11303 11403 11393)
4(11302 11402 11403 11303)
4(11392 11393 11403 11402)
4(11294 11304 11404 11394)
4(11303 11403 11404 11304)
4(11393 11394 11404 11403)
4(11295 11305 11405 11395)
4(11304 11404 11405 11305)
4(11394 11395 11405 11404)
4(11296 11306 11406 11396)
4(11305 11405 11406 11306)
4(11395 11396 11406 11405)
4(11297 11307 11407 11397)
4(11306 11406 11407 11307)
4(11396 11397 11407 11406)
4(11298 11308 11408 11398)
4(11307 11407 11408 11308)
4(11397 11398 11408 11407)
4(11299 11309 11409 11399)
4(11308 11408 11409 11309)
4(11398 11399 11409 11408)
4(11300 11310 11410 11400)
4(11309 11409 11410 11310)
4(11399 11400 11410 11409)
4(11310 11410 11411 11311)
4(11400 11401 11411 11410)
4(11302 11312 11412 11402)
4(4609 4719 11412 11312)
4(4730 11402 11412 4719)
4(11303 11313 11413 11403)
4(11312 11412 11413 11313)
4(11402 11403 11413 11412)
4(11304 11314 11414 11404)
4(11313 11413 11414 11314)
4(11403 11404 11414 11413)
4(11305 11315 11415 11405)
4(11314 11414 11415 11315)
4(11404 11405 11415 11414)
4(11306 11316 11416 11406)
4(11315 11415 11416 11316)
4(11405 11406 11416 11415)
4(11307 11317 11417 11407)
4(11316 11416 11417 11317)
4(11406 11407 11417 11416)
4(11308 11318 11418 11408)
4(11317 11417 11418 11318)
4(11407 11408 11418 11417)
4(11309 11319 11419 11409)
4(11318 11418 11419 11319)
4(11408 11409 11419 11418)
4(11310 11320 11420 11410)
4(11319 11419 11420 11320)
4(11409 11410 11420 11419)
4(11320 11420 11421 11321)
4(11410 11411 11421 11420)
4(11312 11322 11422 11412)
4(4598 4708 11422 11322)
4(4719 11412 11422 4708)
4(11313 11323 11423 11413)
4(11322 11422 11423 11323)
4(11412 11413 11423 11422)
4(11314 11324 11424 11414)
4(11323 11423 11424 11324)
4(11413 11414 11424 11423)
4(11315 11325 11425 11415)
4(11324 11424 11425 11325)
4(11414 11415 11425 11424)
4(11316 11326 11426 11416)
4(11325 11425 11426 11326)
4(11415 11416 11426 11425)
4(11317 11327 11427 11417)
4(11326 11426 11427 11327)
4(11416 11417 11427 11426)
4(11318 11328 11428 11418)
4(11327 11427 11428 11328)
4(11417 11418 11428 11427)
4(11319 11329 11429 11419)
4(11328 11428 11429 11329)
4(11418 11419 11429 11428)
4(11320 11330 11430 11420)
4(11329 11429 11430 11330)
4(11419 11420 11430 11429)
4(11330 11430 11431 11331)
4(11420 11421 11431 11430)
4(11322 11332 11432 11422)
4(4587 4697 11432 11332)
4(4708 11422 11432 4697)
4(11323 11333 11433 11423)
4(11332 11432 11433 11333)
4(11422 11423 11433 11432)
4(11324 11334 11434 11424)
4(11333 11433 11434 11334)
4(11423 11424 11434 11433)
4(11325 11335 11435 11425)
4(11334 11434 11435 11335)
4(11424 11425 11435 11434)
4(11326 11336 11436 11426)
4(11335 11435 11436 11336)
4(11425 11426 11436 11435)
4(11327 11337 11437 11427)
4(11336 11436 11437 11337)
4(11426 11427 11437 11436)
4(11328 11338 11438 11428)
4(11337 11437 11438 11338)
4(11427 11428 11438 11437)
4(11329 11339 11439 11429)
4(11338 11438 11439 11339)
4(11428 11429 11439 11438)
4(11330 11340 11440 11430)
4(11339 11439 11440 11340)
4(11429 11430 11440 11439)
4(11340 11440 11441 11341)
4(11430 11431 11441 11440)
4(11332 11342 11442 11432)
4(4576 4686 11442 11342)
4(4697 11432 11442 4686)
4(11333 11343 11443 11433)
4(11342 11442 11443 11343)
4(11432 11433 11443 11442)
4(11334 11344 11444 11434)
4(11343 11443 11444 11344)
4(11433 11434 11444 11443)
4(11335 11345 11445 11435)
4(11344 11444 11445 11345)
4(11434 11435 11445 11444)
4(11336 11346 11446 11436)
4(11345 11445 11446 11346)
4(11435 11436 11446 11445)
4(11337 11347 11447 11437)
4(11346 11446 11447 11347)
4(11436 11437 11447 11446)
4(11338 11348 11448 11438)
4(11347 11447 11448 11348)
4(11437 11438 11448 11447)
4(11339 11349 11449 11439)
4(11348 11448 11449 11349)
4(11438 11439 11449 11448)
4(11340 11350 11450 11440)
4(11349 11449 11450 11350)
4(11439 11440 11450 11449)
4(11350 11450 11451 11351)
4(11440 11441 11451 11450)
4(11342 11352 11452 11442)
4(4565 4675 11452 11352)
4(4686 11442 11452 4675)
4(11343 11353 11453 11443)
4(11352 11452 11453 11353)
4(11442 11443 11453 11452)
4(11344 11354 11454 11444)
4(11353 11453 11454 11354)
4(11443 11444 11454 11453)
4(11345 11355 11455 11445)
4(11354 11454 11455 11355)
4(11444 11445 11455 11454)
4(11346 11356 11456 11446)
4(11355 11455 11456 11356)
4(11445 11446 11456 11455)
4(11347 11357 11457 11447)
4(11356 11456 11457 11357)
4(11446 11447 11457 11456)
4(11348 11358 11458 11448)
4(11357 11457 11458 11358)
4(11447 11448 11458 11457)
4(11349 11359 11459 11449)
4(11358 11458 11459 11359)
4(11448 11449 11459 11458)
4(11350 11360 11460 11450)
4(11359 11459 11460 11360)
4(11449 11450 11460 11459)
4(11360 11460 11461 11361)
4(11450 11451 11461 11460)
4(11352 11362 11462 11452)
4(4554 4664 11462 11362)
4(4675 11452 11462 4664)
4(11353 11363 11463 11453)
4(11362 11462 11463 11363)
4(11452 11453 11463 11462)
4(11354 11364 11464 11454)
4(11363 11463 11464 11364)
4(11453 11454 11464 11463)
4(11355 11365 11465 11455)
4(11364 11464 11465 11365)
4(11454 11455 11465 11464)
4(11356 11366 11466 11456)
4(11365 11465 11466 11366)
4(11455 11456 11466 11465)
4(11357 11367 11467 11457)
4(11366 11466 11467 11367)
4(11456 11457 11467 11466)
4(11358 11368 11468 11458)
4(11367 11467 11468 11368)
4(11457 11458 11468 11467)
4(11359 11369 11469 11459)
4(11368 11468 11469 11369)
4(11458 11459 11469 11468)
4(11360 11370 11470 11460)
4(11369 11469 11470 11370)
4(11459 11460 11470 11469)
4(11370 11470 11471 11371)
4(11460 11461 11471 11470)
4(11362 11372 11472 11462)
4(4543 4653 11472 11372)
4(4664 11462 11472 4653)
4(11363 11373 11473 11463)
4(11372 11472 11473 11373)
4(11462 11463 11473 11472)
4(11364 11374 11474 11464)
4(11373 11473 11474 11374)
4(11463 11464 11474 11473)
4(11365 11375 11475 11465)
4(11374 11474 11475 11375)
4(11464 11465 11475 11474)
4(11366 11376 11476 11466)
4(11375 11475 11476 11376)
4(11465 11466 11476 11475)
4(11367 11377 11477 11467)
4(11376 11476 11477 11377)
4(11466 11467 11477 11476)
4(11368 11378 11478 11468)
4(11377 11477 11478 11378)
4(11467 11468 11478 11477)
4(11369 11379 11479 11469)
4(11378 11478 11479 11379)
4(11468 11469 11479 11478)
4(11370 11380 11480 11470)
4(11379 11479 11480 11380)
4(11469 11470 11480 11479)
4(11380 11480 11481 11381)
4(11470 11471 11481 11480)
4(11372 11382 11482 11472)
4(4653 11472 11482 4642)
4(4532 4642 11482 11382)
4(11373 11383 11483 11473)
4(11472 11473 11483 11482)
4(11382 11482 11483 11383)
4(11374 11384 11484 11474)
4(11473 11474 11484 11483)
4(11383 11483 11484 11384)
4(11375 11385 11485 11475)
4(11474 11475 11485 11484)
4(11384 11484 11485 11385)
4(11376 11386 11486 11476)
4(11475 11476 11486 11485)
4(11385 11485 11486 11386)
4(11377 11387 11487 11477)
4(11476 11477 11487 11486)
4(11386 11486 11487 11387)
4(11378 11388 11488 11478)
4(11477 11478 11488 11487)
4(11387 11487 11488 11388)
4(11379 11389 11489 11479)
4(11478 11479 11489 11488)
4(11388 11488 11489 11389)
4(11380 11390 11490 11480)
4(11479 11480 11490 11489)
4(11389 11489 11490 11390)
4(11480 11481 11491 11490)
4(11390 11490 11491 11391)
4(10382 11392 11492 10482)
4(4741 4851 11492 11392)
4(3542 10482 11492 4851)
4(10383 11393 11493 10483)
4(11392 11492 11493 11393)
4(10482 10483 11493 11492)
4(10384 11394 11494 10484)
4(11393 11493 11494 11394)
4(10483 10484 11494 11493)
4(10385 11395 11495 10485)
4(11394 11494 11495 11395)
4(10484 10485 11495 11494)
4(10386 11396 11496 10486)
4(11395 11495 11496 11396)
4(10485 10486 11496 11495)
4(10387 11397 11497 10487)
4(11396 11496 11497 11397)
4(10486 10487 11497 11496)
4(10388 11398 11498 10488)
4(11397 11497 11498 11398)
4(10487 10488 11498 11497)
4(10389 11399 11499 10489)
4(11398 11498 11499 11399)
4(10488 10489 11499 11498)
4(10390 11400 11500 10490)
4(11399 11499 11500 11400)
4(10489 10490 11500 11499)
4(11400 11500 11501 11401)
4(10490 10491 11501 11500)
4(11392 11402 11502 11492)
4(4730 4840 11502 11402)
4(4851 11492 11502 4840)
4(11393 11403 11503 11493)
4(11402 11502 11503 11403)
4(11492 11493 11503 11502)
4(11394 11404 11504 11494)
4(11403 11503 11504 11404)
4(11493 11494 11504 11503)
4(11395 11405 11505 11495)
4(11404 11504 11505 11405)
4(11494 11495 11505 11504)
4(11396 11406 11506 11496)
4(11405 11505 11506 11406)
4(11495 11496 11506 11505)
4(11397 11407 11507 11497)
4(11406 11506 11507 11407)
4(11496 11497 11507 11506)
4(11398 11408 11508 11498)
4(11407 11507 11508 11408)
4(11497 11498 11508 11507)
4(11399 11409 11509 11499)
4(11408 11508 11509 11409)
4(11498 11499 11509 11508)
4(11400 11410 11510 11500)
4(11409 11509 11510 11410)
4(11499 11500 11510 11509)
4(11410 11510 11511 11411)
4(11500 11501 11511 11510)
4(11402 11412 11512 11502)
4(4719 4829 11512 11412)
4(4840 11502 11512 4829)
4(11403 11413 11513 11503)
4(11412 11512 11513 11413)
4(11502 11503 11513 11512)
4(11404 11414 11514 11504)
4(11413 11513 11514 11414)
4(11503 11504 11514 11513)
4(11405 11415 11515 11505)
4(11414 11514 11515 11415)
4(11504 11505 11515 11514)
4(11406 11416 11516 11506)
4(11415 11515 11516 11416)
4(11505 11506 11516 11515)
4(11407 11417 11517 11507)
4(11416 11516 11517 11417)
4(11506 11507 11517 11516)
4(11408 11418 11518 11508)
4(11417 11517 11518 11418)
4(11507 11508 11518 11517)
4(11409 11419 11519 11509)
4(11418 11518 11519 11419)
4(11508 11509 11519 11518)
4(11410 11420 11520 11510)
4(11419 11519 11520 11420)
4(11509 11510 11520 11519)
4(11420 11520 11521 11421)
4(11510 11511 11521 11520)
4(11412 11422 11522 11512)
4(4708 4818 11522 11422)
4(4829 11512 11522 4818)
4(11413 11423 11523 11513)
4(11422 11522 11523 11423)
4(11512 11513 11523 11522)
4(11414 11424 11524 11514)
4(11423 11523 11524 11424)
4(11513 11514 11524 11523)
4(11415 11425 11525 11515)
4(11424 11524 11525 11425)
4(11514 11515 11525 11524)
4(11416 11426 11526 11516)
4(11425 11525 11526 11426)
4(11515 11516 11526 11525)
4(11417 11427 11527 11517)
4(11426 11526 11527 11427)
4(11516 11517 11527 11526)
4(11418 11428 11528 11518)
4(11427 11527 11528 11428)
4(11517 11518 11528 11527)
4(11419 11429 11529 11519)
4(11428 11528 11529 11429)
4(11518 11519 11529 11528)
4(11420 11430 11530 11520)
4(11429 11529 11530 11430)
4(11519 11520 11530 11529)
4(11430 11530 11531 11431)
4(11520 11521 11531 11530)
4(11422 11432 11532 11522)
4(4697 4807 11532 11432)
4(4818 11522 11532 4807)
4(11423 11433 11533 11523)
4(11432 11532 11533 11433)
4(11522 11523 11533 11532)
4(11424 11434 11534 11524)
4(11433 11533 11534 11434)
4(11523 11524 11534 11533)
4(11425 11435 11535 11525)
4(11434 11534 11535 11435)
4(11524 11525 11535 11534)
4(11426 11436 11536 11526)
4(11435 11535 11536 11436)
4(11525 11526 11536 11535)
4(11427 11437 11537 11527)
4(11436 11536 11537 11437)
4(11526 11527 11537 11536)
4(11428 11438 11538 11528)
4(11437 11537 11538 11438)
4(11527 11528 11538 11537)
4(11429 11439 11539 11529)
4(11438 11538 11539 11439)
4(11528 11529 11539 11538)
4(11430 11440 11540 11530)
4(11439 11539 11540 11440)
4(11529 11530 11540 11539)
4(11440 11540 11541 11441)
4(11530 11531 11541 11540)
4(11432 11442 11542 11532)
4(4686 4796 11542 11442)
4(4807 11532 11542 4796)
4(11433 11443 11543 11533)
4(11442 11542 11543 11443)
4(11532 11533 11543 11542)
4(11434 11444 11544 11534)
4(11443 11543 11544 11444)
4(11533 11534 11544 11543)
4(11435 11445 11545 11535)
4(11444 11544 11545 11445)
4(11534 11535 11545 11544)
4(11436 11446 11546 11536)
4(11445 11545 11546 11446)
4(11535 11536 11546 11545)
4(11437 11447 11547 11537)
4(11446 11546 11547 11447)
4(11536 11537 11547 11546)
4(11438 11448 11548 11538)
4(11447 11547 11548 11448)
4(11537 11538 11548 11547)
4(11439 11449 11549 11539)
4(11448 11548 11549 11449)
4(11538 11539 11549 11548)
4(11440 11450 11550 11540)
4(11449 11549 11550 11450)
4(11539 11540 11550 11549)
4(11450 11550 11551 11451)
4(11540 11541 11551 11550)
4(11442 11452 11552 11542)
4(4675 4785 11552 11452)
4(4796 11542 11552 4785)
4(11443 11453 11553 11543)
4(11452 11552 11553 11453)
4(11542 11543 11553 11552)
4(11444 11454 11554 11544)
4(11453 11553 11554 11454)
4(11543 11544 11554 11553)
4(11445 11455 11555 11545)
4(11454 11554 11555 11455)
4(11544 11545 11555 11554)
4(11446 11456 11556 11546)
4(11455 11555 11556 11456)
4(11545 11546 11556 11555)
4(11447 11457 11557 11547)
4(11456 11556 11557 11457)
4(11546 11547 11557 11556)
4(11448 11458 11558 11548)
4(11457 11557 11558 11458)
4(11547 11548 11558 11557)
4(11449 11459 11559 11549)
4(11458 11558 11559 11459)
4(11548 11549 11559 11558)
4(11450 11460 11560 11550)
4(11459 11559 11560 11460)
4(11549 11550 11560 11559)
4(11460 11560 11561 11461)
4(11550 11551 11561 11560)
4(11452 11462 11562 11552)
4(4664 4774 11562 11462)
4(4785 11552 11562 4774)
4(11453 11463 11563 11553)
4(11462 11562 11563 11463)
4(11552 11553 11563 11562)
4(11454 11464 11564 11554)
4(11463 11563 11564 11464)
4(11553 11554 11564 11563)
4(11455 11465 11565 11555)
4(11464 11564 11565 11465)
4(11554 11555 11565 11564)
4(11456 11466 11566 11556)
4(11465 11565 11566 11466)
4(11555 11556 11566 11565)
4(11457 11467 11567 11557)
4(11466 11566 11567 11467)
4(11556 11557 11567 11566)
4(11458 11468 11568 11558)
4(11467 11567 11568 11468)
4(11557 11558 11568 11567)
4(11459 11469 11569 11559)
4(11468 11568 11569 11469)
4(11558 11559 11569 11568)
4(11460 11470 11570 11560)
4(11469 11569 11570 11470)
4(11559 11560 11570 11569)
4(11470 11570 11571 11471)
4(11560 11561 11571 11570)
4(11462 11472 11572 11562)
4(4653 4763 11572 11472)
4(4774 11562 11572 4763)
4(11463 11473 11573 11563)
4(11472 11572 11573 11473)
4(11562 11563 11573 11572)
4(11464 11474 11574 11564)
4(11473 11573 11574 11474)
4(11563 11564 11574 11573)
4(11465 11475 11575 11565)
4(11474 11574 11575 11475)
4(11564 11565 11575 11574)
4(11466 11476 11576 11566)
4(11475 11575 11576 11476)
4(11565 11566 11576 11575)
4(11467 11477 11577 11567)
4(11476 11576 11577 11477)
4(11566 11567 11577 11576)
4(11468 11478 11578 11568)
4(11477 11577 11578 11478)
4(11567 11568 11578 11577)
4(11469 11479 11579 11569)
4(11478 11578 11579 11479)
4(11568 11569 11579 11578)
4(11470 11480 11580 11570)
4(11479 11579 11580 11480)
4(11569 11570 11580 11579)
4(11480 11580 11581 11481)
4(11570 11571 11581 11580)
4(11472 11482 11582 11572)
4(4763 11572 11582 4752)
4(4642 4752 11582 11482)
4(11473 11483 11583 11573)
4(11572 11573 11583 11582)
4(11482 11582 11583 11483)
4(11474 11484 11584 11574)
4(11573 11574 11584 11583)
4(11483 11583 11584 11484)
4(11475 11485 11585 11575)
4(11574 11575 11585 11584)
4(11484 11584 11585 11485)
4(11476 11486 11586 11576)
4(11575 11576 11586 11585)
4(11485 11585 11586 11486)
4(11477 11487 11587 11577)
4(11576 11577 11587 11586)
4(11486 11586 11587 11487)
4(11478 11488 11588 11578)
4(11577 11578 11588 11587)
4(11487 11587 11588 11488)
4(11479 11489 11589 11579)
4(11578 11579 11589 11588)
4(11488 11588 11589 11489)
4(11480 11490 11590 11580)
4(11579 11580 11590 11589)
4(11489 11589 11590 11490)
4(11580 11581 11591 11590)
4(11490 11590 11591 11491)
4(10482 11492 11592 10582)
4(4851 4961 11592 11492)
4(3652 10582 11592 4961)
4(10483 11493 11593 10583)
4(11492 11592 11593 11493)
4(10582 10583 11593 11592)
4(10484 11494 11594 10584)
4(11493 11593 11594 11494)
4(10583 10584 11594 11593)
4(10485 11495 11595 10585)
4(11494 11594 11595 11495)
4(10584 10585 11595 11594)
4(10486 11496 11596 10586)
4(11495 11595 11596 11496)
4(10585 10586 11596 11595)
4(10487 11497 11597 10587)
4(11496 11596 11597 11497)
4(10586 10587 11597 11596)
4(10488 11498 11598 10588)
4(11497 11597 11598 11498)
4(10587 10588 11598 11597)
4(10489 11499 11599 10589)
4(11498 11598 11599 11499)
4(10588 10589 11599 11598)
4(10490 11500 11600 10590)
4(11499 11599 11600 11500)
4(10589 10590 11600 11599)
4(11500 11600 11601 11501)
4(10590 10591 11601 11600)
4(11492 11502 11602 11592)
4(4840 4950 11602 11502)
4(4961 11592 11602 4950)
4(11493 11503 11603 11593)
4(11502 11602 11603 11503)
4(11592 11593 11603 11602)
4(11494 11504 11604 11594)
4(11503 11603 11604 11504)
4(11593 11594 11604 11603)
4(11495 11505 11605 11595)
4(11504 11604 11605 11505)
4(11594 11595 11605 11604)
4(11496 11506 11606 11596)
4(11505 11605 11606 11506)
4(11595 11596 11606 11605)
4(11497 11507 11607 11597)
4(11506 11606 11607 11507)
4(11596 11597 11607 11606)
4(11498 11508 11608 11598)
4(11507 11607 11608 11508)
4(11597 11598 11608 11607)
4(11499 11509 11609 11599)
4(11508 11608 11609 11509)
4(11598 11599 11609 11608)
4(11500 11510 11610 11600)
4(11509 11609 11610 11510)
4(11599 11600 11610 11609)
4(11510 11610 11611 11511)
4(11600 11601 11611 11610)
4(11502 11512 11612 11602)
4(4829 4939 11612 11512)
4(4950 11602 11612 4939)
4(11503 11513 11613 11603)
4(11512 11612 11613 11513)
4(11602 11603 11613 11612)
4(11504 11514 11614 11604)
4(11513 11613 11614 11514)
4(11603 11604 11614 11613)
4(11505 11515 11615 11605)
4(11514 11614 11615 11515)
4(11604 11605 11615 11614)
4(11506 11516 11616 11606)
4(11515 11615 11616 11516)
4(11605 11606 11616 11615)
4(11507 11517 11617 11607)
4(11516 11616 11617 11517)
4(11606 11607 11617 11616)
4(11508 11518 11618 11608)
4(11517 11617 11618 11518)
4(11607 11608 11618 11617)
4(11509 11519 11619 11609)
4(11518 11618 11619 11519)
4(11608 11609 11619 11618)
4(11510 11520 11620 11610)
4(11519 11619 11620 11520)
4(11609 11610 11620 11619)
4(11520 11620 11621 11521)
4(11610 11611 11621 11620)
4(11512 11522 11622 11612)
4(4818 4928 11622 11522)
4(4939 11612 11622 4928)
4(11513 11523 11623 11613)
4(11522 11622 11623 11523)
4(11612 11613 11623 11622)
4(11514 11524 11624 11614)
4(11523 11623 11624 11524)
4(11613 11614 11624 11623)
4(11515 11525 11625 11615)
4(11524 11624 11625 11525)
4(11614 11615 11625 11624)
4(11516 11526 11626 11616)
4(11525 11625 11626 11526)
4(11615 11616 11626 11625)
4(11517 11527 11627 11617)
4(11526 11626 11627 11527)
4(11616 11617 11627 11626)
4(11518 11528 11628 11618)
4(11527 11627 11628 11528)
4(11617 11618 11628 11627)
4(11519 11529 11629 11619)
4(11528 11628 11629 11529)
4(11618 11619 11629 11628)
4(11520 11530 11630 11620)
4(11529 11629 11630 11530)
4(11619 11620 11630 11629)
4(11530 11630 11631 11531)
4(11620 11621 11631 11630)
4(11522 11532 11632 11622)
4(4807 4917 11632 11532)
4(4928 11622 11632 4917)
4(11523 11533 11633 11623)
4(11532 11632 11633 11533)
4(11622 11623 11633 11632)
4(11524 11534 11634 11624)
4(11533 11633 11634 11534)
4(11623 11624 11634 11633)
4(11525 11535 11635 11625)
4(11534 11634 11635 11535)
4(11624 11625 11635 11634)
4(11526 11536 11636 11626)
4(11535 11635 11636 11536)
4(11625 11626 11636 11635)
4(11527 11537 11637 11627)
4(11536 11636 11637 11537)
4(11626 11627 11637 11636)
4(11528 11538 11638 11628)
4(11537 11637 11638 11538)
4(11627 11628 11638 11637)
4(11529 11539 11639 11629)
4(11538 11638 11639 11539)
4(11628 11629 11639 11638)
4(11530 11540 11640 11630)
4(11539 11639 11640 11540)
4(11629 11630 11640 11639)
4(11540 11640 11641 11541)
4(11630 11631 11641 11640)
4(11532 11542 11642 11632)
4(4796 4906 11642 11542)
4(4917 11632 11642 4906)
4(11533 11543 11643 11633)
4(11542 11642 11643 11543)
4(11632 11633 11643 11642)
4(11534 11544 11644 11634)
4(11543 11643 11644 11544)
4(11633 11634 11644 11643)
4(11535 11545 11645 11635)
4(11544 11644 11645 11545)
4(11634 11635 11645 11644)
4(11536 11546 11646 11636)
4(11545 11645 11646 11546)
4(11635 11636 11646 11645)
4(11537 11547 11647 11637)
4(11546 11646 11647 11547)
4(11636 11637 11647 11646)
4(11538 11548 11648 11638)
4(11547 11647 11648 11548)
4(11637 11638 11648 11647)
4(11539 11549 11649 11639)
4(11548 11648 11649 11549)
4(11638 11639 11649 11648)
4(11540 11550 11650 11640)
4(11549 11649 11650 11550)
4(11639 11640 11650 11649)
4(11550 11650 11651 11551)
4(11640 11641 11651 11650)
4(11542 11552 11652 11642)
4(4785 4895 11652 11552)
4(4906 11642 11652 4895)
4(11543 11553 11653 11643)
4(11552 11652 11653 11553)
4(11642 11643 11653 11652)
4(11544 11554 11654 11644)
4(11553 11653 11654 11554)
4(11643 11644 11654 11653)
4(11545 11555 11655 11645)
4(11554 11654 11655 11555)
4(11644 11645 11655 11654)
4(11546 11556 11656 11646)
4(11555 11655 11656 11556)
4(11645 11646 11656 11655)
4(11547 11557 11657 11647)
4(11556 11656 11657 11557)
4(11646 11647 11657 11656)
4(11548 11558 11658 11648)
4(11557 11657 11658 11558)
4(11647 11648 11658 11657)
4(11549 11559 11659 11649)
4(11558 11658 11659 11559)
4(11648 11649 11659 11658)
4(11550 11560 11660 11650)
4(11559 11659 11660 11560)
4(11649 11650 11660 11659)
4(11560 11660 11661 11561)
4(11650 11651 11661 11660)
4(11552 11562 11662 11652)
4(4774 4884 11662 11562)
4(4895 11652 11662 4884)
4(11553 11563 11663 11653)
4(11562 11662 11663 11563)
4(11652 11653 11663 11662)
4(11554 11564 11664 11654)
4(11563 11663 11664 11564)
4(11653 11654 11664 11663)
4(11555 11565 11665 11655)
4(11564 11664 11665 11565)
4(11654 11655 11665 11664)
4(11556 11566 11666 11656)
4(11565 11665 11666 11566)
4(11655 11656 11666 11665)
4(11557 11567 11667 11657)
4(11566 11666 11667 11567)
4(11656 11657 11667 11666)
4(11558 11568 11668 11658)
4(11567 11667 11668 11568)
4(11657 11658 11668 11667)
4(11559 11569 11669 11659)
4(11568 11668 11669 11569)
4(11658 11659 11669 11668)
4(11560 11570 11670 11660)
4(11569 11669 11670 11570)
4(11659 11660 11670 11669)
4(11570 11670 11671 11571)
4(11660 11661 11671 11670)
4(11562 11572 11672 11662)
4(4763 4873 11672 11572)
4(4884 11662 11672 4873)
4(11563 11573 11673 11663)
4(11572 11672 11673 11573)
4(11662 11663 11673 11672)
4(11564 11574 11674 11664)
4(11573 11673 11674 11574)
4(11663 11664 11674 11673)
4(11565 11575 11675 11665)
4(11574 11674 11675 11575)
4(11664 11665 11675 11674)
4(11566 11576 11676 11666)
4(11575 11675 11676 11576)
4(11665 11666 11676 11675)
4(11567 11577 11677 11667)
4(11576 11676 11677 11577)
4(11666 11667 11677 11676)
4(11568 11578 11678 11668)
4(11577 11677 11678 11578)
4(11667 11668 11678 11677)
4(11569 11579 11679 11669)
4(11578 11678 11679 11579)
4(11668 11669 11679 11678)
4(11570 11580 11680 11670)
4(11579 11679 11680 11580)
4(11669 11670 11680 11679)
4(11580 11680 11681 11581)
4(11670 11671 11681 11680)
4(11572 11582 11682 11672)
4(4873 11672 11682 4862)
4(4752 4862 11682 11582)
4(11573 11583 11683 11673)
4(11672 11673 11683 11682)
4(11582 11682 11683 11583)
4(11574 11584 11684 11674)
4(11673 11674 11684 11683)
4(11583 11683 11684 11584)
4(11575 11585 11685 11675)
4(11674 11675 11685 11684)
4(11584 11684 11685 11585)
4(11576 11586 11686 11676)
4(11675 11676 11686 11685)
4(11585 11685 11686 11586)
4(11577 11587 11687 11677)
4(11676 11677 11687 11686)
4(11586 11686 11687 11587)
4(11578 11588 11688 11678)
4(11677 11678 11688 11687)
4(11587 11687 11688 11588)
4(11579 11589 11689 11679)
4(11678 11679 11689 11688)
4(11588 11688 11689 11589)
4(11580 11590 11690 11680)
4(11679 11680 11690 11689)
4(11589 11689 11690 11590)
4(11680 11681 11691 11690)
4(11590 11690 11691 11591)
4(10582 11592 11692 10682)
4(4961 5071 11692 11592)
4(10583 11593 11693 10683)
4(11592 11692 11693 11593)
4(10584 11594 11694 10684)
4(11593 11693 11694 11594)
4(10585 11595 11695 10685)
4(11594 11694 11695 11595)
4(10586 11596 11696 10686)
4(11595 11695 11696 11596)
4(10587 11597 11697 10687)
4(11596 11696 11697 11597)
4(10588 11598 11698 10688)
4(11597 11697 11698 11598)
4(10589 11599 11699 10689)
4(11598 11698 11699 11599)
4(10590 11600 11700 10690)
4(11599 11699 11700 11600)
4(11600 11700 11701 11601)
4(11592 11602 11702 11692)
4(4950 5060 11702 11602)
4(11593 11603 11703 11693)
4(11602 11702 11703 11603)
4(11594 11604 11704 11694)
4(11603 11703 11704 11604)
4(11595 11605 11705 11695)
4(11604 11704 11705 11605)
4(11596 11606 11706 11696)
4(11605 11705 11706 11606)
4(11597 11607 11707 11697)
4(11606 11706 11707 11607)
4(11598 11608 11708 11698)
4(11607 11707 11708 11608)
4(11599 11609 11709 11699)
4(11608 11708 11709 11609)
4(11600 11610 11710 11700)
4(11609 11709 11710 11610)
4(11610 11710 11711 11611)
4(11602 11612 11712 11702)
4(4939 5049 11712 11612)
4(11603 11613 11713 11703)
4(11612 11712 11713 11613)
4(11604 11614 11714 11704)
4(11613 11713 11714 11614)
4(11605 11615 11715 11705)
4(11614 11714 11715 11615)
4(11606 11616 11716 11706)
4(11615 11715 11716 11616)
4(11607 11617 11717 11707)
4(11616 11716 11717 11617)
4(11608 11618 11718 11708)
4(11617 11717 11718 11618)
4(11609 11619 11719 11709)
4(11618 11718 11719 11619)
4(11610 11620 11720 11710)
4(11619 11719 11720 11620)
4(11620 11720 11721 11621)
4(11612 11622 11722 11712)
4(4928 5038 11722 11622)
4(11613 11623 11723 11713)
4(11622 11722 11723 11623)
4(11614 11624 11724 11714)
4(11623 11723 11724 11624)
4(11615 11625 11725 11715)
4(11624 11724 11725 11625)
4(11616 11626 11726 11716)
4(11625 11725 11726 11626)
4(11617 11627 11727 11717)
4(11626 11726 11727 11627)
4(11618 11628 11728 11718)
4(11627 11727 11728 11628)
4(11619 11629 11729 11719)
4(11628 11728 11729 11629)
4(11620 11630 11730 11720)
4(11629 11729 11730 11630)
4(11630 11730 11731 11631)
4(11622 11632 11732 11722)
4(4917 5027 11732 11632)
4(11623 11633 11733 11723)
4(11632 11732 11733 11633)
4(11624 11634 11734 11724)
4(11633 11733 11734 11634)
4(11625 11635 11735 11725)
4(11634 11734 11735 11635)
4(11626 11636 11736 11726)
4(11635 11735 11736 11636)
4(11627 11637 11737 11727)
4(11636 11736 11737 11637)
4(11628 11638 11738 11728)
4(11637 11737 11738 11638)
4(11629 11639 11739 11729)
4(11638 11738 11739 11639)
4(11630 11640 11740 11730)
4(11639 11739 11740 11640)
4(11640 11740 11741 11641)
4(11632 11642 11742 11732)
4(4906 5016 11742 11642)
4(11633 11643 11743 11733)
4(11642 11742 11743 11643)
4(11634 11644 11744 11734)
4(11643 11743 11744 11644)
4(11635 11645 11745 11735)
4(11644 11744 11745 11645)
4(11636 11646 11746 11736)
4(11645 11745 11746 11646)
4(11637 11647 11747 11737)
4(11646 11746 11747 11647)
4(11638 11648 11748 11738)
4(11647 11747 11748 11648)
4(11639 11649 11749 11739)
4(11648 11748 11749 11649)
4(11640 11650 11750 11740)
4(11649 11749 11750 11650)
4(11650 11750 11751 11651)
4(11642 11652 11752 11742)
4(4895 5005 11752 11652)
4(11643 11653 11753 11743)
4(11652 11752 11753 11653)
4(11644 11654 11754 11744)
4(11653 11753 11754 11654)
4(11645 11655 11755 11745)
4(11654 11754 11755 11655)
4(11646 11656 11756 11746)
4(11655 11755 11756 11656)
4(11647 11657 11757 11747)
4(11656 11756 11757 11657)
4(11648 11658 11758 11748)
4(11657 11757 11758 11658)
4(11649 11659 11759 11749)
4(11658 11758 11759 11659)
4(11650 11660 11760 11750)
4(11659 11759 11760 11660)
4(11660 11760 11761 11661)
4(11652 11662 11762 11752)
4(4884 4994 11762 11662)
4(11653 11663 11763 11753)
4(11662 11762 11763 11663)
4(11654 11664 11764 11754)
4(11663 11763 11764 11664)
4(11655 11665 11765 11755)
4(11664 11764 11765 11665)
4(11656 11666 11766 11756)
4(11665 11765 11766 11666)
4(11657 11667 11767 11757)
4(11666 11766 11767 11667)
4(11658 11668 11768 11758)
4(11667 11767 11768 11668)
4(11659 11669 11769 11759)
4(11668 11768 11769 11669)
4(11660 11670 11770 11760)
4(11669 11769 11770 11670)
4(11670 11770 11771 11671)
4(11662 11672 11772 11762)
4(4873 4983 11772 11672)
4(11663 11673 11773 11763)
4(11672 11772 11773 11673)
4(11664 11674 11774 11764)
4(11673 11773 11774 11674)
4(11665 11675 11775 11765)
4(11674 11774 11775 11675)
4(11666 11676 11776 11766)
4(11675 11775 11776 11676)
4(11667 11677 11777 11767)
4(11676 11776 11777 11677)
4(11668 11678 11778 11768)
4(11677 11777 11778 11678)
4(11669 11679 11779 11769)
4(11678 11778 11779 11679)
4(11670 11680 11780 11770)
4(11679 11779 11780 11680)
4(11680 11780 11781 11681)
4(11672 11682 11782 11772)
4(4862 4972 11782 11682)
4(11673 11683 11783 11773)
4(11682 11782 11783 11683)
4(11674 11684 11784 11774)
4(11683 11783 11784 11684)
4(11675 11685 11785 11775)
4(11684 11784 11785 11685)
4(11676 11686 11786 11776)
4(11685 11785 11786 11686)
4(11677 11687 11787 11777)
4(11686 11786 11787 11687)
4(11678 11688 11788 11778)
4(11687 11787 11788 11688)
4(11679 11689 11789 11779)
4(11688 11788 11789 11689)
4(11680 11690 11790 11780)
4(11689 11789 11790 11690)
4(11690 11790 11791 11691)
4(10782 11792 11892 10882)
4(3873 3983 11892 11792)
4(3982 10882 11892 3983)
4(10783 11793 11893 10883)
4(11792 11892 11893 11793)
4(10882 10883 11893 11892)
4(10784 11794 11894 10884)
4(11793 11893 11894 11794)
4(10883 10884 11894 11893)
4(10785 11795 11895 10885)
4(11794 11894 11895 11795)
4(10884 10885 11895 11894)
4(10786 11796 11896 10886)
4(11795 11895 11896 11796)
4(10885 10886 11896 11895)
4(10787 11797 11897 10887)
4(11796 11896 11897 11797)
4(10886 10887 11897 11896)
4(10788 11798 11898 10888)
4(11797 11897 11898 11798)
4(10887 10888 11898 11897)
4(10789 11799 11899 10889)
4(11798 11898 11899 11799)
4(10888 10889 11899 11898)
4(10790 11800 11900 10890)
4(11799 11899 11900 11800)
4(10889 10890 11900 11899)
4(11800 11900 11901 11801)
4(10890 10891 11901 11900)
4(11792 11802 11902 11892)
4(3874 3984 11902 11802)
4(3983 11892 11902 3984)
4(11793 11803 11903 11893)
4(11802 11902 11903 11803)
4(11892 11893 11903 11902)
4(11794 11804 11904 11894)
4(11803 11903 11904 11804)
4(11893 11894 11904 11903)
4(11795 11805 11905 11895)
4(11804 11904 11905 11805)
4(11894 11895 11905 11904)
4(11796 11806 11906 11896)
4(11805 11905 11906 11806)
4(11895 11896 11906 11905)
4(11797 11807 11907 11897)
4(11806 11906 11907 11807)
4(11896 11897 11907 11906)
4(11798 11808 11908 11898)
4(11807 11907 11908 11808)
4(11897 11898 11908 11907)
4(11799 11809 11909 11899)
4(11808 11908 11909 11809)
4(11898 11899 11909 11908)
4(11800 11810 11910 11900)
4(11809 11909 11910 11810)
4(11899 11900 11910 11909)
4(11810 11910 11911 11811)
4(11900 11901 11911 11910)
4(11802 11812 11912 11902)
4(3875 3985 11912 11812)
4(3984 11902 11912 3985)
4(11803 11813 11913 11903)
4(11812 11912 11913 11813)
4(11902 11903 11913 11912)
4(11804 11814 11914 11904)
4(11813 11913 11914 11814)
4(11903 11904 11914 11913)
4(11805 11815 11915 11905)
4(11814 11914 11915 11815)
4(11904 11905 11915 11914)
4(11806 11816 11916 11906)
4(11815 11915 11916 11816)
4(11905 11906 11916 11915)
4(11807 11817 11917 11907)
4(11816 11916 11917 11817)
4(11906 11907 11917 11916)
4(11808 11818 11918 11908)
4(11817 11917 11918 11818)
4(11907 11908 11918 11917)
4(11809 11819 11919 11909)
4(11818 11918 11919 11819)
4(11908 11909 11919 11918)
4(11810 11820 11920 11910)
4(11819 11919 11920 11820)
4(11909 11910 11920 11919)
4(11820 11920 11921 11821)
4(11910 11911 11921 11920)
4(11812 11822 11922 11912)
4(3876 3986 11922 11822)
4(3985 11912 11922 3986)
4(11813 11823 11923 11913)
4(11822 11922 11923 11823)
4(11912 11913 11923 11922)
4(11814 11824 11924 11914)
4(11823 11923 11924 11824)
4(11913 11914 11924 11923)
4(11815 11825 11925 11915)
4(11824 11924 11925 11825)
4(11914 11915 11925 11924)
4(11816 11826 11926 11916)
4(11825 11925 11926 11826)
4(11915 11916 11926 11925)
4(11817 11827 11927 11917)
4(11826 11926 11927 11827)
4(11916 11917 11927 11926)
4(11818 11828 11928 11918)
4(11827 11927 11928 11828)
4(11917 11918 11928 11927)
4(11819 11829 11929 11919)
4(11828 11928 11929 11829)
4(11918 11919 11929 11928)
4(11820 11830 11930 11920)
4(11829 11929 11930 11830)
4(11919 11920 11930 11929)
4(11830 11930 11931 11831)
4(11920 11921 11931 11930)
4(11822 11832 11932 11922)
4(3877 3987 11932 11832)
4(3986 11922 11932 3987)
4(11823 11833 11933 11923)
4(11832 11932 11933 11833)
4(11922 11923 11933 11932)
4(11824 11834 11934 11924)
4(11833 11933 11934 11834)
4(11923 11924 11934 11933)
4(11825 11835 11935 11925)
4(11834 11934 11935 11835)
4(11924 11925 11935 11934)
4(11826 11836 11936 11926)
4(11835 11935 11936 11836)
4(11925 11926 11936 11935)
4(11827 11837 11937 11927)
4(11836 11936 11937 11837)
4(11926 11927 11937 11936)
4(11828 11838 11938 11928)
4(11837 11937 11938 11838)
4(11927 11928 11938 11937)
4(11829 11839 11939 11929)
4(11838 11938 11939 11839)
4(11928 11929 11939 11938)
4(11830 11840 11940 11930)
4(11839 11939 11940 11840)
4(11929 11930 11940 11939)
4(11840 11940 11941 11841)
4(11930 11931 11941 11940)
4(11832 11842 11942 11932)
4(3878 3988 11942 11842)
4(3987 11932 11942 3988)
4(11833 11843 11943 11933)
4(11842 11942 11943 11843)
4(11932 11933 11943 11942)
4(11834 11844 11944 11934)
4(11843 11943 11944 11844)
4(11933 11934 11944 11943)
4(11835 11845 11945 11935)
4(11844 11944 11945 11845)
4(11934 11935 11945 11944)
4(11836 11846 11946 11936)
4(11845 11945 11946 11846)
4(11935 11936 11946 11945)
4(11837 11847 11947 11937)
4(11846 11946 11947 11847)
4(11936 11937 11947 11946)
4(11838 11848 11948 11938)
4(11847 11947 11948 11848)
4(11937 11938 11948 11947)
4(11839 11849 11949 11939)
4(11848 11948 11949 11849)
4(11938 11939 11949 11948)
4(11840 11850 11950 11940)
4(11849 11949 11950 11850)
4(11939 11940 11950 11949)
4(11850 11950 11951 11851)
4(11940 11941 11951 11950)
4(11842 11852 11952 11942)
4(3879 3989 11952 11852)
4(3988 11942 11952 3989)
4(11843 11853 11953 11943)
4(11852 11952 11953 11853)
4(11942 11943 11953 11952)
4(11844 11854 11954 11944)
4(11853 11953 11954 11854)
4(11943 11944 11954 11953)
4(11845 11855 11955 11945)
4(11854 11954 11955 11855)
4(11944 11945 11955 11954)
4(11846 11856 11956 11946)
4(11855 11955 11956 11856)
4(11945 11946 11956 11955)
4(11847 11857 11957 11947)
4(11856 11956 11957 11857)
4(11946 11947 11957 11956)
4(11848 11858 11958 11948)
4(11857 11957 11958 11858)
4(11947 11948 11958 11957)
4(11849 11859 11959 11949)
4(11858 11958 11959 11859)
4(11948 11949 11959 11958)
4(11850 11860 11960 11950)
4(11859 11959 11960 11860)
4(11949 11950 11960 11959)
4(11860 11960 11961 11861)
4(11950 11951 11961 11960)
4(11852 11862 11962 11952)
4(3880 3990 11962 11862)
4(3989 11952 11962 3990)
4(11853 11863 11963 11953)
4(11862 11962 11963 11863)
4(11952 11953 11963 11962)
4(11854 11864 11964 11954)
4(11863 11963 11964 11864)
4(11953 11954 11964 11963)
4(11855 11865 11965 11955)
4(11864 11964 11965 11865)
4(11954 11955 11965 11964)
4(11856 11866 11966 11956)
4(11865 11965 11966 11866)
4(11955 11956 11966 11965)
4(11857 11867 11967 11957)
4(11866 11966 11967 11867)
4(11956 11957 11967 11966)
4(11858 11868 11968 11958)
4(11867 11967 11968 11868)
4(11957 11958 11968 11967)
4(11859 11869 11969 11959)
4(11868 11968 11969 11869)
4(11958 11959 11969 11968)
4(11860 11870 11970 11960)
4(11869 11969 11970 11870)
4(11959 11960 11970 11969)
4(11870 11970 11971 11871)
4(11960 11961 11971 11970)
4(11862 11872 11972 11962)
4(3881 3991 11972 11872)
4(3990 11962 11972 3991)
4(11863 11873 11973 11963)
4(11872 11972 11973 11873)
4(11962 11963 11973 11972)
4(11864 11874 11974 11964)
4(11873 11973 11974 11874)
4(11963 11964 11974 11973)
4(11865 11875 11975 11965)
4(11874 11974 11975 11875)
4(11964 11965 11975 11974)
4(11866 11876 11976 11966)
4(11875 11975 11976 11876)
4(11965 11966 11976 11975)
4(11867 11877 11977 11967)
4(11876 11976 11977 11877)
4(11966 11967 11977 11976)
4(11868 11878 11978 11968)
4(11877 11977 11978 11878)
4(11967 11968 11978 11977)
4(11869 11879 11979 11969)
4(11878 11978 11979 11879)
4(11968 11969 11979 11978)
4(11870 11880 11980 11970)
4(11879 11979 11980 11880)
4(11969 11970 11980 11979)
4(11880 11980 11981 11881)
4(11970 11971 11981 11980)
4(11872 11882 11982 11972)
4(3991 11972 11982 3992)
4(3882 3992 11982 11882)
4(11873 11883 11983 11973)
4(11972 11973 11983 11982)
4(11882 11982 11983 11883)
4(11874 11884 11984 11974)
4(11973 11974 11984 11983)
4(11883 11983 11984 11884)
4(11875 11885 11985 11975)
4(11974 11975 11985 11984)
4(11884 11984 11985 11885)
4(11876 11886 11986 11976)
4(11975 11976 11986 11985)
4(11885 11985 11986 11886)
4(11877 11887 11987 11977)
4(11976 11977 11987 11986)
4(11886 11986 11987 11887)
4(11878 11888 11988 11978)
4(11977 11978 11988 11987)
4(11887 11987 11988 11888)
4(11879 11889 11989 11979)
4(11978 11979 11989 11988)
4(11888 11988 11989 11889)
4(11880 11890 11990 11980)
4(11979 11980 11990 11989)
4(11889 11989 11990 11890)
4(11980 11981 11991 11990)
4(11890 11990 11991 11891)
4(10882 11892 11992 10982)
4(3983 4093 11992 11892)
4(4092 10982 11992 4093)
4(10883 11893 11993 10983)
4(11892 11992 11993 11893)
4(10982 10983 11993 11992)
4(10884 11894 11994 10984)
4(11893 11993 11994 11894)
4(10983 10984 11994 11993)
4(10885 11895 11995 10985)
4(11894 11994 11995 11895)
4(10984 10985 11995 11994)
4(10886 11896 11996 10986)
4(11895 11995 11996 11896)
4(10985 10986 11996 11995)
4(10887 11897 11997 10987)
4(11896 11996 11997 11897)
4(10986 10987 11997 11996)
4(10888 11898 11998 10988)
4(11897 11997 11998 11898)
4(10987 10988 11998 11997)
4(10889 11899 11999 10989)
4(11898 11998 11999 11899)
4(10988 10989 11999 11998)
4(10890 11900 12000 10990)
4(11899 11999 12000 11900)
4(10989 10990 12000 11999)
4(11900 12000 12001 11901)
4(10990 10991 12001 12000)
4(11892 11902 12002 11992)
4(3984 4094 12002 11902)
4(4093 11992 12002 4094)
4(11893 11903 12003 11993)
4(11902 12002 12003 11903)
4(11992 11993 12003 12002)
4(11894 11904 12004 11994)
4(11903 12003 12004 11904)
4(11993 11994 12004 12003)
4(11895 11905 12005 11995)
4(11904 12004 12005 11905)
4(11994 11995 12005 12004)
4(11896 11906 12006 11996)
4(11905 12005 12006 11906)
4(11995 11996 12006 12005)
4(11897 11907 12007 11997)
4(11906 12006 12007 11907)
4(11996 11997 12007 12006)
4(11898 11908 12008 11998)
4(11907 12007 12008 11908)
4(11997 11998 12008 12007)
4(11899 11909 12009 11999)
4(11908 12008 12009 11909)
4(11998 11999 12009 12008)
4(11900 11910 12010 12000)
4(11909 12009 12010 11910)
4(11999 12000 12010 12009)
4(11910 12010 12011 11911)
4(12000 12001 12011 12010)
4(11902 11912 12012 12002)
4(3985 4095 12012 11912)
4(4094 12002 12012 4095)
4(11903 11913 12013 12003)
4(11912 12012 12013 11913)
4(12002 12003 12013 12012)
4(11904 11914 12014 12004)
4(11913 12013 12014 11914)
4(12003 12004 12014 12013)
4(11905 11915 12015 12005)
4(11914 12014 12015 11915)
4(12004 12005 12015 12014)
4(11906 11916 12016 12006)
4(11915 12015 12016 11916)
4(12005 12006 12016 12015)
4(11907 11917 12017 12007)
4(11916 12016 12017 11917)
4(12006 12007 12017 12016)
4(11908 11918 12018 12008)
4(11917 12017 12018 11918)
4(12007 12008 12018 12017)
4(11909 11919 12019 12009)
4(11918 12018 12019 11919)
4(12008 12009 12019 12018)
4(11910 11920 12020 12010)
4(11919 12019 12020 11920)
4(12009 12010 12020 12019)
4(11920 12020 12021 11921)
4(12010 12011 12021 12020)
4(11912 11922 12022 12012)
4(3986 4096 12022 11922)
4(4095 12012 12022 4096)
4(11913 11923 12023 12013)
4(11922 12022 12023 11923)
4(12012 12013 12023 12022)
4(11914 11924 12024 12014)
4(11923 12023 12024 11924)
4(12013 12014 12024 12023)
4(11915 11925 12025 12015)
4(11924 12024 12025 11925)
4(12014 12015 12025 12024)
4(11916 11926 12026 12016)
4(11925 12025 12026 11926)
4(12015 12016 12026 12025)
4(11917 11927 12027 12017)
4(11926 12026 12027 11927)
4(12016 12017 12027 12026)
4(11918 11928 12028 12018)
4(11927 12027 12028 11928)
4(12017 12018 12028 12027)
4(11919 11929 12029 12019)
4(11928 12028 12029 11929)
4(12018 12019 12029 12028)
4(11920 11930 12030 12020)
4(11929 12029 12030 11930)
4(12019 12020 12030 12029)
4(11930 12030 12031 11931)
4(12020 12021 12031 12030)
4(11922 11932 12032 12022)
4(3987 4097 12032 11932)
4(4096 12022 12032 4097)
4(11923 11933 12033 12023)
4(11932 12032 12033 11933)
4(12022 12023 12033 12032)
4(11924 11934 12034 12024)
4(11933 12033 12034 11934)
4(12023 12024 12034 12033)
4(11925 11935 12035 12025)
4(11934 12034 12035 11935)
4(12024 12025 12035 12034)
4(11926 11936 12036 12026)
4(11935 12035 12036 11936)
4(12025 12026 12036 12035)
4(11927 11937 12037 12027)
4(11936 12036 12037 11937)
4(12026 12027 12037 12036)
4(11928 11938 12038 12028)
4(11937 12037 12038 11938)
4(12027 12028 12038 12037)
4(11929 11939 12039 12029)
4(11938 12038 12039 11939)
4(12028 12029 12039 12038)
4(11930 11940 12040 12030)
4(11939 12039 12040 11940)
4(12029 12030 12040 12039)
4(11940 12040 12041 11941)
4(12030 12031 12041 12040)
4(11932 11942 12042 12032)
4(3988 4098 12042 11942)
4(4097 12032 12042 4098)
4(11933 11943 12043 12033)
4(11942 12042 12043 11943)
4(12032 12033 12043 12042)
4(11934 11944 12044 12034)
4(11943 12043 12044 11944)
4(12033 12034 12044 12043)
4(11935 11945 12045 12035)
4(11944 12044 12045 11945)
4(12034 12035 12045 12044)
4(11936 11946 12046 12036)
4(11945 12045 12046 11946)
4(12035 12036 12046 12045)
4(11937 11947 12047 12037)
4(11946 12046 12047 11947)
4(12036 12037 12047 12046)
4(11938 11948 12048 12038)
4(11947 12047 12048 11948)
4(12037 12038 12048 12047)
4(11939 11949 12049 12039)
4(11948 12048 12049 11949)
4(12038 12039 12049 12048)
4(11940 11950 12050 12040)
4(11949 12049 12050 11950)
4(12039 12040 12050 12049)
4(11950 12050 12051 11951)
4(12040 12041 12051 12050)
4(11942 11952 12052 12042)
4(3989 4099 12052 11952)
4(4098 12042 12052 4099)
4(11943 11953 12053 12043)
4(11952 12052 12053 11953)
4(12042 12043 12053 12052)
4(11944 11954 12054 12044)
4(11953 12053 12054 11954)
4(12043 12044 12054 12053)
4(11945 11955 12055 12045)
4(11954 12054 12055 11955)
4(12044 12045 12055 12054)
4(11946 11956 12056 12046)
4(11955 12055 12056 11956)
4(12045 12046 12056 12055)
4(11947 11957 12057 12047)
4(11956 12056 12057 11957)
4(12046 12047 12057 12056)
4(11948 11958 12058 12048)
4(11957 12057 12058 11958)
4(12047 12048 12058 12057)
4(11949 11959 12059 12049)
4(11958 12058 12059 11959)
4(12048 12049 12059 12058)
4(11950 11960 12060 12050)
4(11959 12059 12060 11960)
4(12049 12050 12060 12059)
4(11960 12060 12061 11961)
4(12050 12051 12061 12060)
4(11952 11962 12062 12052)
4(3990 4100 12062 11962)
4(4099 12052 12062 4100)
4(11953 11963 12063 12053)
4(11962 12062 12063 11963)
4(12052 12053 12063 12062)
4(11954 11964 12064 12054)
4(11963 12063 12064 11964)
4(12053 12054 12064 12063)
4(11955 11965 12065 12055)
4(11964 12064 12065 11965)
4(12054 12055 12065 12064)
4(11956 11966 12066 12056)
4(11965 12065 12066 11966)
4(12055 12056 12066 12065)
4(11957 11967 12067 12057)
4(11966 12066 12067 11967)
4(12056 12057 12067 12066)
4(11958 11968 12068 12058)
4(11967 12067 12068 11968)
4(12057 12058 12068 12067)
4(11959 11969 12069 12059)
4(11968 12068 12069 11969)
4(12058 12059 12069 12068)
4(11960 11970 12070 12060)
4(11969 12069 12070 11970)
4(12059 12060 12070 12069)
4(11970 12070 12071 11971)
4(12060 12061 12071 12070)
4(11962 11972 12072 12062)
4(3991 4101 12072 11972)
4(4100 12062 12072 4101)
4(11963 11973 12073 12063)
4(11972 12072 12073 11973)
4(12062 12063 12073 12072)
4(11964 11974 12074 12064)
4(11973 12073 12074 11974)
4(12063 12064 12074 12073)
4(11965 11975 12075 12065)
4(11974 12074 12075 11975)
4(12064 12065 12075 12074)
4(11966 11976 12076 12066)
4(11975 12075 12076 11976)
4(12065 12066 12076 12075)
4(11967 11977 12077 12067)
4(11976 12076 12077 11977)
4(12066 12067 12077 12076)
4(11968 11978 12078 12068)
4(11977 12077 12078 11978)
4(12067 12068 12078 12077)
4(11969 11979 12079 12069)
4(11978 12078 12079 11979)
4(12068 12069 12079 12078)
4(11970 11980 12080 12070)
4(11979 12079 12080 11980)
4(12069 12070 12080 12079)
4(11980 12080 12081 11981)
4(12070 12071 12081 12080)
4(11972 11982 12082 12072)
4(4101 12072 12082 4102)
4(3992 4102 12082 11982)
4(11973 11983 12083 12073)
4(12072 12073 12083 12082)
4(11982 12082 12083 11983)
4(11974 11984 12084 12074)
4(12073 12074 12084 12083)
4(11983 12083 12084 11984)
4(11975 11985 12085 12075)
4(12074 12075 12085 12084)
4(11984 12084 12085 11985)
4(11976 11986 12086 12076)
4(12075 12076 12086 12085)
4(11985 12085 12086 11986)
4(11977 11987 12087 12077)
4(12076 12077 12087 12086)
4(11986 12086 12087 11987)
4(11978 11988 12088 12078)
4(12077 12078 12088 12087)
4(11987 12087 12088 11988)
4(11979 11989 12089 12079)
4(12078 12079 12089 12088)
4(11988 12088 12089 11989)
4(11980 11990 12090 12080)
4(12079 12080 12090 12089)
4(11989 12089 12090 11990)
4(12080 12081 12091 12090)
4(11990 12090 12091 11991)
4(10982 11992 12092 11082)
4(4093 4203 12092 11992)
4(4202 11082 12092 4203)
4(10983 11993 12093 11083)
4(11992 12092 12093 11993)
4(11082 11083 12093 12092)
4(10984 11994 12094 11084)
4(11993 12093 12094 11994)
4(11083 11084 12094 12093)
4(10985 11995 12095 11085)
4(11994 12094 12095 11995)
4(11084 11085 12095 12094)
4(10986 11996 12096 11086)
4(11995 12095 12096 11996)
4(11085 11086 12096 12095)
4(10987 11997 12097 11087)
4(11996 12096 12097 11997)
4(11086 11087 12097 12096)
4(10988 11998 12098 11088)
4(11997 12097 12098 11998)
4(11087 11088 12098 12097)
4(10989 11999 12099 11089)
4(11998 12098 12099 11999)
4(11088 11089 12099 12098)
4(10990 12000 12100 11090)
4(11999 12099 12100 12000)
4(11089 11090 12100 12099)
4(12000 12100 12101 12001)
4(11090 11091 12101 12100)
4(11992 12002 12102 12092)
4(4094 4204 12102 12002)
4(4203 12092 12102 4204)
4(11993 12003 12103 12093)
4(12002 12102 12103 12003)
4(12092 12093 12103 12102)
4(11994 12004 12104 12094)
4(12003 12103 12104 12004)
4(12093 12094 12104 12103)
4(11995 12005 12105 12095)
4(12004 12104 12105 12005)
4(12094 12095 12105 12104)
4(11996 12006 12106 12096)
4(12005 12105 12106 12006)
4(12095 12096 12106 12105)
4(11997 12007 12107 12097)
4(12006 12106 12107 12007)
4(12096 12097 12107 12106)
4(11998 12008 12108 12098)
4(12007 12107 12108 12008)
4(12097 12098 12108 12107)
4(11999 12009 12109 12099)
4(12008 12108 12109 12009)
4(12098 12099 12109 12108)
4(12000 12010 12110 12100)
4(12009 12109 12110 12010)
4(12099 12100 12110 12109)
4(12010 12110 12111 12011)
4(12100 12101 12111 12110)
4(12002 12012 12112 12102)
4(4095 4205 12112 12012)
4(4204 12102 12112 4205)
4(12003 12013 12113 12103)
4(12012 12112 12113 12013)
4(12102 12103 12113 12112)
4(12004 12014 12114 12104)
4(12013 12113 12114 12014)
4(12103 12104 12114 12113)
4(12005 12015 12115 12105)
4(12014 12114 12115 12015)
4(12104 12105 12115 12114)
4(12006 12016 12116 12106)
4(12015 12115 12116 12016)
4(12105 12106 12116 12115)
4(12007 12017 12117 12107)
4(12016 12116 12117 12017)
4(12106 12107 12117 12116)
4(12008 12018 12118 12108)
4(12017 12117 12118 12018)
4(12107 12108 12118 12117)
4(12009 12019 12119 12109)
4(12018 12118 12119 12019)
4(12108 12109 12119 12118)
4(12010 12020 12120 12110)
4(12019 12119 12120 12020)
4(12109 12110 12120 12119)
4(12020 12120 12121 12021)
4(12110 12111 12121 12120)
4(12012 12022 12122 12112)
4(4096 4206 12122 12022)
4(4205 12112 12122 4206)
4(12013 12023 12123 12113)
4(12022 12122 12123 12023)
4(12112 12113 12123 12122)
4(12014 12024 12124 12114)
4(12023 12123 12124 12024)
4(12113 12114 12124 12123)
4(12015 12025 12125 12115)
4(12024 12124 12125 12025)
4(12114 12115 12125 12124)
4(12016 12026 12126 12116)
4(12025 12125 12126 12026)
4(12115 12116 12126 12125)
4(12017 12027 12127 12117)
4(12026 12126 12127 12027)
4(12116 12117 12127 12126)
4(12018 12028 12128 12118)
4(12027 12127 12128 12028)
4(12117 12118 12128 12127)
4(12019 12029 12129 12119)
4(12028 12128 12129 12029)
4(12118 12119 12129 12128)
4(12020 12030 12130 12120)
4(12029 12129 12130 12030)
4(12119 12120 12130 12129)
4(12030 12130 12131 12031)
4(12120 12121 12131 12130)
4(12022 12032 12132 12122)
4(4097 4207 12132 12032)
4(4206 12122 12132 4207)
4(12023 12033 12133 12123)
4(12032 12132 12133 12033)
4(12122 12123 12133 12132)
4(12024 12034 12134 12124)
4(12033 12133 12134 12034)
4(12123 12124 12134 12133)
4(12025 12035 12135 12125)
4(12034 12134 12135 12035)
4(12124 12125 12135 12134)
4(12026 12036 12136 12126)
4(12035 12135 12136 12036)
4(12125 12126 12136 12135)
4(12027 12037 12137 12127)
4(12036 12136 12137 12037)
4(12126 12127 12137 12136)
4(12028 12038 12138 12128)
4(12037 12137 12138 12038)
4(12127 12128 12138 12137)
4(12029 12039 12139 12129)
4(12038 12138 12139 12039)
4(12128 12129 12139 12138)
4(12030 12040 12140 12130)
4(12039 12139 12140 12040)
4(12129 12130 12140 12139)
4(12040 12140 12141 12041)
4(12130 12131 12141 12140)
4(12032 12042 12142 12132)
4(4098 4208 12142 12042)
4(4207 12132 12142 4208)
4(12033 12043 12143 12133)
4(12042 12142 12143 12043)
4(12132 12133 12143 12142)
4(12034 12044 12144 12134)
4(12043 12143 12144 12044)
4(12133 12134 12144 12143)
4(12035 12045 12145 12135)
4(12044 12144 12145 12045)
4(12134 12135 12145 12144)
4(12036 12046 12146 12136)
4(12045 12145 12146 12046)
4(12135 12136 12146 12145)
4(12037 12047 12147 12137)
4(12046 12146 12147 12047)
4(12136 12137 12147 12146)
4(12038 12048 12148 12138)
4(12047 12147 12148 12048)
4(12137 12138 12148 12147)
4(12039 12049 12149 12139)
4(12048 12148 12149 12049)
4(12138 12139 12149 12148)
4(12040 12050 12150 12140)
4(12049 12149 12150 12050)
4(12139 12140 12150 12149)
4(12050 12150 12151 12051)
4(12140 12141 12151 12150)
4(12042 12052 12152 12142)
4(4099 4209 12152 12052)
4(4208 12142 12152 4209)
4(12043 12053 12153 12143)
4(12052 12152 12153 12053)
4(12142 12143 12153 12152)
4(12044 12054 12154 12144)
4(12053 12153 12154 12054)
4(12143 12144 12154 12153)
4(12045 12055 12155 12145)
4(12054 12154 12155 12055)
4(12144 12145 12155 12154)
4(12046 12056 12156 12146)
4(12055 12155 12156 12056)
4(12145 12146 12156 12155)
4(12047 12057 12157 12147)
4(12056 12156 12157 12057)
4(12146 12147 12157 12156)
4(12048 12058 12158 12148)
4(12057 12157 12158 12058)
4(12147 12148 12158 12157)
4(12049 12059 12159 12149)
4(12058 12158 12159 12059)
4(12148 12149 12159 12158)
4(12050 12060 12160 12150)
4(12059 12159 12160 12060)
4(12149 12150 12160 12159)
4(12060 12160 12161 12061)
4(12150 12151 12161 12160)
4(12052 12062 12162 12152)
4(4100 4210 12162 12062)
4(4209 12152 12162 4210)
4(12053 12063 12163 12153)
4(12062 12162 12163 12063)
4(12152 12153 12163 12162)
4(12054 12064 12164 12154)
4(12063 12163 12164 12064)
4(12153 12154 12164 12163)
4(12055 12065 12165 12155)
4(12064 12164 12165 12065)
4(12154 12155 12165 12164)
4(12056 12066 12166 12156)
4(12065 12165 12166 12066)
4(12155 12156 12166 12165)
4(12057 12067 12167 12157)
4(12066 12166 12167 12067)
4(12156 12157 12167 12166)
4(12058 12068 12168 12158)
4(12067 12167 12168 12068)
4(12157 12158 12168 12167)
4(12059 12069 12169 12159)
4(12068 12168 12169 12069)
4(12158 12159 12169 12168)
4(12060 12070 12170 12160)
4(12069 12169 12170 12070)
4(12159 12160 12170 12169)
4(12070 12170 12171 12071)
4(12160 12161 12171 12170)
4(12062 12072 12172 12162)
4(4101 4211 12172 12072)
4(4210 12162 12172 4211)
4(12063 12073 12173 12163)
4(12072 12172 12173 12073)
4(12162 12163 12173 12172)
4(12064 12074 12174 12164)
4(12073 12173 12174 12074)
4(12163 12164 12174 12173)
4(12065 12075 12175 12165)
4(12074 12174 12175 12075)
4(12164 12165 12175 12174)
4(12066 12076 12176 12166)
4(12075 12175 12176 12076)
4(12165 12166 12176 12175)
4(12067 12077 12177 12167)
4(12076 12176 12177 12077)
4(12166 12167 12177 12176)
4(12068 12078 12178 12168)
4(12077 12177 12178 12078)
4(12167 12168 12178 12177)
4(12069 12079 12179 12169)
4(12078 12178 12179 12079)
4(12168 12169 12179 12178)
4(12070 12080 12180 12170)
4(12079 12179 12180 12080)
4(12169 12170 12180 12179)
4(12080 12180 12181 12081)
4(12170 12171 12181 12180)
4(12072 12082 12182 12172)
4(4211 12172 12182 4212)
4(4102 4212 12182 12082)
4(12073 12083 12183 12173)
4(12172 12173 12183 12182)
4(12082 12182 12183 12083)
4(12074 12084 12184 12174)
4(12173 12174 12184 12183)
4(12083 12183 12184 12084)
4(12075 12085 12185 12175)
4(12174 12175 12185 12184)
4(12084 12184 12185 12085)
4(12076 12086 12186 12176)
4(12175 12176 12186 12185)
4(12085 12185 12186 12086)
4(12077 12087 12187 12177)
4(12176 12177 12187 12186)
4(12086 12186 12187 12087)
4(12078 12088 12188 12178)
4(12177 12178 12188 12187)
4(12087 12187 12188 12088)
4(12079 12089 12189 12179)
4(12178 12179 12189 12188)
4(12088 12188 12189 12089)
4(12080 12090 12190 12180)
4(12179 12180 12190 12189)
4(12089 12189 12190 12090)
4(12180 12181 12191 12190)
4(12090 12190 12191 12091)
4(11082 12092 12192 11182)
4(4203 4313 12192 12092)
4(4312 11182 12192 4313)
4(11083 12093 12193 11183)
4(12092 12192 12193 12093)
4(11182 11183 12193 12192)
4(11084 12094 12194 11184)
4(12093 12193 12194 12094)
4(11183 11184 12194 12193)
4(11085 12095 12195 11185)
4(12094 12194 12195 12095)
4(11184 11185 12195 12194)
4(11086 12096 12196 11186)
4(12095 12195 12196 12096)
4(11185 11186 12196 12195)
4(11087 12097 12197 11187)
4(12096 12196 12197 12097)
4(11186 11187 12197 12196)
4(11088 12098 12198 11188)
4(12097 12197 12198 12098)
4(11187 11188 12198 12197)
4(11089 12099 12199 11189)
4(12098 12198 12199 12099)
4(11188 11189 12199 12198)
4(11090 12100 12200 11190)
4(12099 12199 12200 12100)
4(11189 11190 12200 12199)
4(12100 12200 12201 12101)
4(11190 11191 12201 12200)
4(12092 12102 12202 12192)
4(4204 4314 12202 12102)
4(4313 12192 12202 4314)
4(12093 12103 12203 12193)
4(12102 12202 12203 12103)
4(12192 12193 12203 12202)
4(12094 12104 12204 12194)
4(12103 12203 12204 12104)
4(12193 12194 12204 12203)
4(12095 12105 12205 12195)
4(12104 12204 12205 12105)
4(12194 12195 12205 12204)
4(12096 12106 12206 12196)
4(12105 12205 12206 12106)
4(12195 12196 12206 12205)
4(12097 12107 12207 12197)
4(12106 12206 12207 12107)
4(12196 12197 12207 12206)
4(12098 12108 12208 12198)
4(12107 12207 12208 12108)
4(12197 12198 12208 12207)
4(12099 12109 12209 12199)
4(12108 12208 12209 12109)
4(12198 12199 12209 12208)
4(12100 12110 12210 12200)
4(12109 12209 12210 12110)
4(12199 12200 12210 12209)
4(12110 12210 12211 12111)
4(12200 12201 12211 12210)
4(12102 12112 12212 12202)
4(4205 4315 12212 12112)
4(4314 12202 12212 4315)
4(12103 12113 12213 12203)
4(12112 12212 12213 12113)
4(12202 12203 12213 12212)
4(12104 12114 12214 12204)
4(12113 12213 12214 12114)
4(12203 12204 12214 12213)
4(12105 12115 12215 12205)
4(12114 12214 12215 12115)
4(12204 12205 12215 12214)
4(12106 12116 12216 12206)
4(12115 12215 12216 12116)
4(12205 12206 12216 12215)
4(12107 12117 12217 12207)
4(12116 12216 12217 12117)
4(12206 12207 12217 12216)
4(12108 12118 12218 12208)
4(12117 12217 12218 12118)
4(12207 12208 12218 12217)
4(12109 12119 12219 12209)
4(12118 12218 12219 12119)
4(12208 12209 12219 12218)
4(12110 12120 12220 12210)
4(12119 12219 12220 12120)
4(12209 12210 12220 12219)
4(12120 12220 12221 12121)
4(12210 12211 12221 12220)
4(12112 12122 12222 12212)
4(4206 4316 12222 12122)
4(4315 12212 12222 4316)
4(12113 12123 12223 12213)
4(12122 12222 12223 12123)
4(12212 12213 12223 12222)
4(12114 12124 12224 12214)
4(12123 12223 12224 12124)
4(12213 12214 12224 12223)
4(12115 12125 12225 12215)
4(12124 12224 12225 12125)
4(12214 12215 12225 12224)
4(12116 12126 12226 12216)
4(12125 12225 12226 12126)
4(12215 12216 12226 12225)
4(12117 12127 12227 12217)
4(12126 12226 12227 12127)
4(12216 12217 12227 12226)
4(12118 12128 12228 12218)
4(12127 12227 12228 12128)
4(12217 12218 12228 12227)
4(12119 12129 12229 12219)
4(12128 12228 12229 12129)
4(12218 12219 12229 12228)
4(12120 12130 12230 12220)
4(12129 12229 12230 12130)
4(12219 12220 12230 12229)
4(12130 12230 12231 12131)
4(12220 12221 12231 12230)
4(12122 12132 12232 12222)
4(4207 4317 12232 12132)
4(4316 12222 12232 4317)
4(12123 12133 12233 12223)
4(12132 12232 12233 12133)
4(12222 12223 12233 12232)
4(12124 12134 12234 12224)
4(12133 12233 12234 12134)
4(12223 12224 12234 12233)
4(12125 12135 12235 12225)
4(12134 12234 12235 12135)
4(12224 12225 12235 12234)
4(12126 12136 12236 12226)
4(12135 12235 12236 12136)
4(12225 12226 12236 12235)
4(12127 12137 12237 12227)
4(12136 12236 12237 12137)
4(12226 12227 12237 12236)
4(12128 12138 12238 12228)
4(12137 12237 12238 12138)
4(12227 12228 12238 12237)
4(12129 12139 12239 12229)
4(12138 12238 12239 12139)
4(12228 12229 12239 12238)
4(12130 12140 12240 12230)
4(12139 12239 12240 12140)
4(12229 12230 12240 12239)
4(12140 12240 12241 12141)
4(12230 12231 12241 12240)
4(12132 12142 12242 12232)
4(4208 4318 12242 12142)
4(4317 12232 12242 4318)
4(12133 12143 12243 12233)
4(12142 12242 12243 12143)
4(12232 12233 12243 12242)
4(12134 12144 12244 12234)
4(12143 12243 12244 12144)
4(12233 12234 12244 12243)
4(12135 12145 12245 12235)
4(12144 12244 12245 12145)
4(12234 12235 12245 12244)
4(12136 12146 12246 12236)
4(12145 12245 12246 12146)
4(12235 12236 12246 12245)
4(12137 12147 12247 12237)
4(12146 12246 12247 12147)
4(12236 12237 12247 12246)
4(12138 12148 12248 12238)
4(12147 12247 12248 12148)
4(12237 12238 12248 12247)
4(12139 12149 12249 12239)
4(12148 12248 12249 12149)
4(12238 12239 12249 12248)
4(12140 12150 12250 12240)
4(12149 12249 12250 12150)
4(12239 12240 12250 12249)
4(12150 12250 12251 12151)
4(12240 12241 12251 12250)
4(12142 12152 12252 12242)
4(4209 4319 12252 12152)
4(4318 12242 12252 4319)
4(12143 12153 12253 12243)
4(12152 12252 12253 12153)
4(12242 12243 12253 12252)
4(12144 12154 12254 12244)
4(12153 12253 12254 12154)
4(12243 12244 12254 12253)
4(12145 12155 12255 12245)
4(12154 12254 12255 12155)
4(12244 12245 12255 12254)
4(12146 12156 12256 12246)
4(12155 12255 12256 12156)
4(12245 12246 12256 12255)
4(12147 12157 12257 12247)
4(12156 12256 12257 12157)
4(12246 12247 12257 12256)
4(12148 12158 12258 12248)
4(12157 12257 12258 12158)
4(12247 12248 12258 12257)
4(12149 12159 12259 12249)
4(12158 12258 12259 12159)
4(12248 12249 12259 12258)
4(12150 12160 12260 12250)
4(12159 12259 12260 12160)
4(12249 12250 12260 12259)
4(12160 12260 12261 12161)
4(12250 12251 12261 12260)
4(12152 12162 12262 12252)
4(4210 4320 12262 12162)
4(4319 12252 12262 4320)
4(12153 12163 12263 12253)
4(12162 12262 12263 12163)
4(12252 12253 12263 12262)
4(12154 12164 12264 12254)
4(12163 12263 12264 12164)
4(12253 12254 12264 12263)
4(12155 12165 12265 12255)
4(12164 12264 12265 12165)
4(12254 12255 12265 12264)
4(12156 12166 12266 12256)
4(12165 12265 12266 12166)
4(12255 12256 12266 12265)
4(12157 12167 12267 12257)
4(12166 12266 12267 12167)
4(12256 12257 12267 12266)
4(12158 12168 12268 12258)
4(12167 12267 12268 12168)
4(12257 12258 12268 12267)
4(12159 12169 12269 12259)
4(12168 12268 12269 12169)
4(12258 12259 12269 12268)
4(12160 12170 12270 12260)
4(12169 12269 12270 12170)
4(12259 12260 12270 12269)
4(12170 12270 12271 12171)
4(12260 12261 12271 12270)
4(12162 12172 12272 12262)
4(4211 4321 12272 12172)
4(4320 12262 12272 4321)
4(12163 12173 12273 12263)
4(12172 12272 12273 12173)
4(12262 12263 12273 12272)
4(12164 12174 12274 12264)
4(12173 12273 12274 12174)
4(12263 12264 12274 12273)
4(12165 12175 12275 12265)
4(12174 12274 12275 12175)
4(12264 12265 12275 12274)
4(12166 12176 12276 12266)
4(12175 12275 12276 12176)
4(12265 12266 12276 12275)
4(12167 12177 12277 12267)
4(12176 12276 12277 12177)
4(12266 12267 12277 12276)
4(12168 12178 12278 12268)
4(12177 12277 12278 12178)
4(12267 12268 12278 12277)
4(12169 12179 12279 12269)
4(12178 12278 12279 12179)
4(12268 12269 12279 12278)
4(12170 12180 12280 12270)
4(12179 12279 12280 12180)
4(12269 12270 12280 12279)
4(12180 12280 12281 12181)
4(12270 12271 12281 12280)
4(12172 12182 12282 12272)
4(4321 12272 12282 4322)
4(4212 4322 12282 12182)
4(12173 12183 12283 12273)
4(12272 12273 12283 12282)
4(12182 12282 12283 12183)
4(12174 12184 12284 12274)
4(12273 12274 12284 12283)
4(12183 12283 12284 12184)
4(12175 12185 12285 12275)
4(12274 12275 12285 12284)
4(12184 12284 12285 12185)
4(12176 12186 12286 12276)
4(12275 12276 12286 12285)
4(12185 12285 12286 12186)
4(12177 12187 12287 12277)
4(12276 12277 12287 12286)
4(12186 12286 12287 12187)
4(12178 12188 12288 12278)
4(12277 12278 12288 12287)
4(12187 12287 12288 12188)
4(12179 12189 12289 12279)
4(12278 12279 12289 12288)
4(12188 12288 12289 12189)
4(12180 12190 12290 12280)
4(12279 12280 12290 12289)
4(12189 12289 12290 12190)
4(12280 12281 12291 12290)
4(12190 12290 12291 12191)
4(11182 12192 12292 11282)
4(4313 4423 12292 12192)
4(4422 11282 12292 4423)
4(11183 12193 12293 11283)
4(12192 12292 12293 12193)
4(11282 11283 12293 12292)
4(11184 12194 12294 11284)
4(12193 12293 12294 12194)
4(11283 11284 12294 12293)
4(11185 12195 12295 11285)
4(12194 12294 12295 12195)
4(11284 11285 12295 12294)
4(11186 12196 12296 11286)
4(12195 12295 12296 12196)
4(11285 11286 12296 12295)
4(11187 12197 12297 11287)
4(12196 12296 12297 12197)
4(11286 11287 12297 12296)
4(11188 12198 12298 11288)
4(12197 12297 12298 12198)
4(11287 11288 12298 12297)
4(11189 12199 12299 11289)
4(12198 12298 12299 12199)
4(11288 11289 12299 12298)
4(11190 12200 12300 11290)
4(12199 12299 12300 12200)
4(11289 11290 12300 12299)
4(12200 12300 12301 12201)
4(11290 11291 12301 12300)
4(12192 12202 12302 12292)
4(4314 4424 12302 12202)
4(4423 12292 12302 4424)
4(12193 12203 12303 12293)
4(12202 12302 12303 12203)
4(12292 12293 12303 12302)
4(12194 12204 12304 12294)
4(12203 12303 12304 12204)
4(12293 12294 12304 12303)
4(12195 12205 12305 12295)
4(12204 12304 12305 12205)
4(12294 12295 12305 12304)
4(12196 12206 12306 12296)
4(12205 12305 12306 12206)
4(12295 12296 12306 12305)
4(12197 12207 12307 12297)
4(12206 12306 12307 12207)
4(12296 12297 12307 12306)
4(12198 12208 12308 12298)
4(12207 12307 12308 12208)
4(12297 12298 12308 12307)
4(12199 12209 12309 12299)
4(12208 12308 12309 12209)
4(12298 12299 12309 12308)
4(12200 12210 12310 12300)
4(12209 12309 12310 12210)
4(12299 12300 12310 12309)
4(12210 12310 12311 12211)
4(12300 12301 12311 12310)
4(12202 12212 12312 12302)
4(4315 4425 12312 12212)
4(4424 12302 12312 4425)
4(12203 12213 12313 12303)
4(12212 12312 12313 12213)
4(12302 12303 12313 12312)
4(12204 12214 12314 12304)
4(12213 12313 12314 12214)
4(12303 12304 12314 12313)
4(12205 12215 12315 12305)
4(12214 12314 12315 12215)
4(12304 12305 12315 12314)
4(12206 12216 12316 12306)
4(12215 12315 12316 12216)
4(12305 12306 12316 12315)
4(12207 12217 12317 12307)
4(12216 12316 12317 12217)
4(12306 12307 12317 12316)
4(12208 12218 12318 12308)
4(12217 12317 12318 12218)
4(12307 12308 12318 12317)
4(12209 12219 12319 12309)
4(12218 12318 12319 12219)
4(12308 12309 12319 12318)
4(12210 12220 12320 12310)
4(12219 12319 12320 12220)
4(12309 12310 12320 12319)
4(12220 12320 12321 12221)
4(12310 12311 12321 12320)
4(12212 12222 12322 12312)
4(4316 4426 12322 12222)
4(4425 12312 12322 4426)
4(12213 12223 12323 12313)
4(12222 12322 12323 12223)
4(12312 12313 12323 12322)
4(12214 12224 12324 12314)
4(12223 12323 12324 12224)
4(12313 12314 12324 12323)
4(12215 12225 12325 12315)
4(12224 12324 12325 12225)
4(12314 12315 12325 12324)
4(12216 12226 12326 12316)
4(12225 12325 12326 12226)
4(12315 12316 12326 12325)
4(12217 12227 12327 12317)
4(12226 12326 12327 12227)
4(12316 12317 12327 12326)
4(12218 12228 12328 12318)
4(12227 12327 12328 12228)
4(12317 12318 12328 12327)
4(12219 12229 12329 12319)
4(12228 12328 12329 12229)
4(12318 12319 12329 12328)
4(12220 12230 12330 12320)
4(12229 12329 12330 12230)
4(12319 12320 12330 12329)
4(12230 12330 12331 12231)
4(12320 12321 12331 12330)
4(12222 12232 12332 12322)
4(4317 4427 12332 12232)
4(4426 12322 12332 4427)
4(12223 12233 12333 12323)
4(12232 12332 12333 12233)
4(12322 12323 12333 12332)
4(12224 12234 12334 12324)
4(12233 12333 12334 12234)
4(12323 12324 12334 12333)
4(12225 12235 12335 12325)
4(12234 12334 12335 12235)
4(12324 12325 12335 12334)
4(12226 12236 12336 12326)
4(12235 12335 12336 12236)
4(12325 12326 12336 12335)
4(12227 12237 12337 12327)
4(12236 12336 12337 12237)
4(12326 12327 12337 12336)
4(12228 12238 12338 12328)
4(12237 12337 12338 12238)
4(12327 12328 12338 12337)
4(12229 12239 12339 12329)
4(12238 12338 12339 12239)
4(12328 12329 12339 12338)
4(12230 12240 12340 12330)
4(12239 12339 12340 12240)
4(12329 12330 12340 12339)
4(12240 12340 12341 12241)
4(12330 12331 12341 12340)
4(12232 12242 12342 12332)
4(4318 4428 12342 12242)
4(4427 12332 12342 4428)
4(12233 12243 12343 12333)
4(12242 12342 12343 12243)
4(12332 12333 12343 12342)
4(12234 12244 12344 12334)
4(12243 12343 12344 12244)
4(12333 12334 12344 12343)
4(12235 12245 12345 12335)
4(12244 12344 12345 12245)
4(12334 12335 12345 12344)
4(12236 12246 12346 12336)
4(12245 12345 12346 12246)
4(12335 12336 12346 12345)
4(12237 12247 12347 12337)
4(12246 12346 12347 12247)
4(12336 12337 12347 12346)
4(12238 12248 12348 12338)
4(12247 12347 12348 12248)
4(12337 12338 12348 12347)
4(12239 12249 12349 12339)
4(12248 12348 12349 12249)
4(12338 12339 12349 12348)
4(12240 12250 12350 12340)
4(12249 12349 12350 12250)
4(12339 12340 12350 12349)
4(12250 12350 12351 12251)
4(12340 12341 12351 12350)
4(12242 12252 12352 12342)
4(4319 4429 12352 12252)
4(4428 12342 12352 4429)
4(12243 12253 12353 12343)
4(12252 12352 12353 12253)
4(12342 12343 12353 12352)
4(12244 12254 12354 12344)
4(12253 12353 12354 12254)
4(12343 12344 12354 12353)
4(12245 12255 12355 12345)
4(12254 12354 12355 12255)
4(12344 12345 12355 12354)
4(12246 12256 12356 12346)
4(12255 12355 12356 12256)
4(12345 12346 12356 12355)
4(12247 12257 12357 12347)
4(12256 12356 12357 12257)
4(12346 12347 12357 12356)
4(12248 12258 12358 12348)
4(12257 12357 12358 12258)
4(12347 12348 12358 12357)
4(12249 12259 12359 12349)
4(12258 12358 12359 12259)
4(12348 12349 12359 12358)
4(12250 12260 12360 12350)
4(12259 12359 12360 12260)
4(12349 12350 12360 12359)
4(12260 12360 12361 12261)
4(12350 12351 12361 12360)
4(12252 12262 12362 12352)
4(4320 4430 12362 12262)
4(4429 12352 12362 4430)
4(12253 12263 12363 12353)
4(12262 12362 12363 12263)
4(12352 12353 12363 12362)
4(12254 12264 12364 12354)
4(12263 12363 12364 12264)
4(12353 12354 12364 12363)
4(12255 12265 12365 12355)
4(12264 12364 12365 12265)
4(12354 12355 12365 12364)
4(12256 12266 12366 12356)
4(12265 12365 12366 12266)
4(12355 12356 12366 12365)
4(12257 12267 12367 12357)
4(12266 12366 12367 12267)
4(12356 12357 12367 12366)
4(12258 12268 12368 12358)
4(12267 12367 12368 12268)
4(12357 12358 12368 12367)
4(12259 12269 12369 12359)
4(12268 12368 12369 12269)
4(12358 12359 12369 12368)
4(12260 12270 12370 12360)
4(12269 12369 12370 12270)
4(12359 12360 12370 12369)
4(12270 12370 12371 12271)
4(12360 12361 12371 12370)
4(12262 12272 12372 12362)
4(4321 4431 12372 12272)
4(4430 12362 12372 4431)
4(12263 12273 12373 12363)
4(12272 12372 12373 12273)
4(12362 12363 12373 12372)
4(12264 12274 12374 12364)
4(12273 12373 12374 12274)
4(12363 12364 12374 12373)
4(12265 12275 12375 12365)
4(12274 12374 12375 12275)
4(12364 12365 12375 12374)
4(12266 12276 12376 12366)
4(12275 12375 12376 12276)
4(12365 12366 12376 12375)
4(12267 12277 12377 12367)
4(12276 12376 12377 12277)
4(12366 12367 12377 12376)
4(12268 12278 12378 12368)
4(12277 12377 12378 12278)
4(12367 12368 12378 12377)
4(12269 12279 12379 12369)
4(12278 12378 12379 12279)
4(12368 12369 12379 12378)
4(12270 12280 12380 12370)
4(12279 12379 12380 12280)
4(12369 12370 12380 12379)
4(12280 12380 12381 12281)
4(12370 12371 12381 12380)
4(12272 12282 12382 12372)
4(4431 12372 12382 4432)
4(4322 4432 12382 12282)
4(12273 12283 12383 12373)
4(12372 12373 12383 12382)
4(12282 12382 12383 12283)
4(12274 12284 12384 12374)
4(12373 12374 12384 12383)
4(12283 12383 12384 12284)
4(12275 12285 12385 12375)
4(12374 12375 12385 12384)
4(12284 12384 12385 12285)
4(12276 12286 12386 12376)
4(12375 12376 12386 12385)
4(12285 12385 12386 12286)
4(12277 12287 12387 12377)
4(12376 12377 12387 12386)
4(12286 12386 12387 12287)
4(12278 12288 12388 12378)
4(12377 12378 12388 12387)
4(12287 12387 12388 12288)
4(12279 12289 12389 12379)
4(12378 12379 12389 12388)
4(12288 12388 12389 12289)
4(12280 12290 12390 12380)
4(12379 12380 12390 12389)
4(12289 12389 12390 12290)
4(12380 12381 12391 12390)
4(12290 12390 12391 12291)
4(11282 12292 12392 11382)
4(4423 4533 12392 12292)
4(4532 11382 12392 4533)
4(11283 12293 12393 11383)
4(12292 12392 12393 12293)
4(11382 11383 12393 12392)
4(11284 12294 12394 11384)
4(12293 12393 12394 12294)
4(11383 11384 12394 12393)
4(11285 12295 12395 11385)
4(12294 12394 12395 12295)
4(11384 11385 12395 12394)
4(11286 12296 12396 11386)
4(12295 12395 12396 12296)
4(11385 11386 12396 12395)
4(11287 12297 12397 11387)
4(12296 12396 12397 12297)
4(11386 11387 12397 12396)
4(11288 12298 12398 11388)
4(12297 12397 12398 12298)
4(11387 11388 12398 12397)
4(11289 12299 12399 11389)
4(12298 12398 12399 12299)
4(11388 11389 12399 12398)
4(11290 12300 12400 11390)
4(12299 12399 12400 12300)
4(11389 11390 12400 12399)
4(12300 12400 12401 12301)
4(11390 11391 12401 12400)
4(12292 12302 12402 12392)
4(4424 4534 12402 12302)
4(4533 12392 12402 4534)
4(12293 12303 12403 12393)
4(12302 12402 12403 12303)
4(12392 12393 12403 12402)
4(12294 12304 12404 12394)
4(12303 12403 12404 12304)
4(12393 12394 12404 12403)
4(12295 12305 12405 12395)
4(12304 12404 12405 12305)
4(12394 12395 12405 12404)
4(12296 12306 12406 12396)
4(12305 12405 12406 12306)
4(12395 12396 12406 12405)
4(12297 12307 12407 12397)
4(12306 12406 12407 12307)
4(12396 12397 12407 12406)
4(12298 12308 12408 12398)
4(12307 12407 12408 12308)
4(12397 12398 12408 12407)
4(12299 12309 12409 12399)
4(12308 12408 12409 12309)
4(12398 12399 12409 12408)
4(12300 12310 12410 12400)
4(12309 12409 12410 12310)
4(12399 12400 12410 12409)
4(12310 12410 12411 12311)
4(12400 12401 12411 12410)
4(12302 12312 12412 12402)
4(4425 4535 12412 12312)
4(4534 12402 12412 4535)
4(12303 12313 12413 12403)
4(12312 12412 12413 12313)
4(12402 12403 12413 12412)
4(12304 12314 12414 12404)
4(12313 12413 12414 12314)
4(12403 12404 12414 12413)
4(12305 12315 12415 12405)
4(12314 12414 12415 12315)
4(12404 12405 12415 12414)
4(12306 12316 12416 12406)
4(12315 12415 12416 12316)
4(12405 12406 12416 12415)
4(12307 12317 12417 12407)
4(12316 12416 12417 12317)
4(12406 12407 12417 12416)
4(12308 12318 12418 12408)
4(12317 12417 12418 12318)
4(12407 12408 12418 12417)
4(12309 12319 12419 12409)
4(12318 12418 12419 12319)
4(12408 12409 12419 12418)
4(12310 12320 12420 12410)
4(12319 12419 12420 12320)
4(12409 12410 12420 12419)
4(12320 12420 12421 12321)
4(12410 12411 12421 12420)
4(12312 12322 12422 12412)
4(4426 4536 12422 12322)
4(4535 12412 12422 4536)
4(12313 12323 12423 12413)
4(12322 12422 12423 12323)
4(12412 12413 12423 12422)
4(12314 12324 12424 12414)
4(12323 12423 12424 12324)
4(12413 12414 12424 12423)
4(12315 12325 12425 12415)
4(12324 12424 12425 12325)
4(12414 12415 12425 12424)
4(12316 12326 12426 12416)
4(12325 12425 12426 12326)
4(12415 12416 12426 12425)
4(12317 12327 12427 12417)
4(12326 12426 12427 12327)
4(12416 12417 12427 12426)
4(12318 12328 12428 12418)
4(12327 12427 12428 12328)
4(12417 12418 12428 12427)
4(12319 12329 12429 12419)
4(12328 12428 12429 12329)
4(12418 12419 12429 12428)
4(12320 12330 12430 12420)
4(12329 12429 12430 12330)
4(12419 12420 12430 12429)
4(12330 12430 12431 12331)
4(12420 12421 12431 12430)
4(12322 12332 12432 12422)
4(4427 4537 12432 12332)
4(4536 12422 12432 4537)
4(12323 12333 12433 12423)
4(12332 12432 12433 12333)
4(12422 12423 12433 12432)
4(12324 12334 12434 12424)
4(12333 12433 12434 12334)
4(12423 12424 12434 12433)
4(12325 12335 12435 12425)
4(12334 12434 12435 12335)
4(12424 12425 12435 12434)
4(12326 12336 12436 12426)
4(12335 12435 12436 12336)
4(12425 12426 12436 12435)
4(12327 12337 12437 12427)
4(12336 12436 12437 12337)
4(12426 12427 12437 12436)
4(12328 12338 12438 12428)
4(12337 12437 12438 12338)
4(12427 12428 12438 12437)
4(12329 12339 12439 12429)
4(12338 12438 12439 12339)
4(12428 12429 12439 12438)
4(12330 12340 12440 12430)
4(12339 12439 12440 12340)
4(12429 12430 12440 12439)
4(12340 12440 12441 12341)
4(12430 12431 12441 12440)
4(12332 12342 12442 12432)
4(4428 4538 12442 12342)
4(4537 12432 12442 4538)
4(12333 12343 12443 12433)
4(12342 12442 12443 12343)
4(12432 12433 12443 12442)
4(12334 12344 12444 12434)
4(12343 12443 12444 12344)
4(12433 12434 12444 12443)
4(12335 12345 12445 12435)
4(12344 12444 12445 12345)
4(12434 12435 12445 12444)
4(12336 12346 12446 12436)
4(12345 12445 12446 12346)
4(12435 12436 12446 12445)
4(12337 12347 12447 12437)
4(12346 12446 12447 12347)
4(12436 12437 12447 12446)
4(12338 12348 12448 12438)
4(12347 12447 12448 12348)
4(12437 12438 12448 12447)
4(12339 12349 12449 12439)
4(12348 12448 12449 12349)
4(12438 12439 12449 12448)
4(12340 12350 12450 12440)
4(12349 12449 12450 12350)
4(12439 12440 12450 12449)
4(12350 12450 12451 12351)
4(12440 12441 12451 12450)
4(12342 12352 12452 12442)
4(4429 4539 12452 12352)
4(4538 12442 12452 4539)
4(12343 12353 12453 12443)
4(12352 12452 12453 12353)
4(12442 12443 12453 12452)
4(12344 12354 12454 12444)
4(12353 12453 12454 12354)
4(12443 12444 12454 12453)
4(12345 12355 12455 12445)
4(12354 12454 12455 12355)
4(12444 12445 12455 12454)
4(12346 12356 12456 12446)
4(12355 12455 12456 12356)
4(12445 12446 12456 12455)
4(12347 12357 12457 12447)
4(12356 12456 12457 12357)
4(12446 12447 12457 12456)
4(12348 12358 12458 12448)
4(12357 12457 12458 12358)
4(12447 12448 12458 12457)
4(12349 12359 12459 12449)
4(12358 12458 12459 12359)
4(12448 12449 12459 12458)
4(12350 12360 12460 12450)
4(12359 12459 12460 12360)
4(12449 12450 12460 12459)
4(12360 12460 12461 12361)
4(12450 12451 12461 12460)
4(12352 12362 12462 12452)
4(4430 4540 12462 12362)
4(4539 12452 12462 4540)
4(12353 12363 12463 12453)
4(12362 12462 12463 12363)
4(12452 12453 12463 12462)
4(12354 12364 12464 12454)
4(12363 12463 12464 12364)
4(12453 12454 12464 12463)
4(12355 12365 12465 12455)
4(12364 12464 12465 12365)
4(12454 12455 12465 12464)
4(12356 12366 12466 12456)
4(12365 12465 12466 12366)
4(12455 12456 12466 12465)
4(12357 12367 12467 12457)
4(12366 12466 12467 12367)
4(12456 12457 12467 12466)
4(12358 12368 12468 12458)
4(12367 12467 12468 12368)
4(12457 12458 12468 12467)
4(12359 12369 12469 12459)
4(12368 12468 12469 12369)
4(12458 12459 12469 12468)
4(12360 12370 12470 12460)
4(12369 12469 12470 12370)
4(12459 12460 12470 12469)
4(12370 12470 12471 12371)
4(12460 12461 12471 12470)
4(12362 12372 12472 12462)
4(4431 4541 12472 12372)
4(4540 12462 12472 4541)
4(12363 12373 12473 12463)
4(12372 12472 12473 12373)
4(12462 12463 12473 12472)
4(12364 12374 12474 12464)
4(12373 12473 12474 12374)
4(12463 12464 12474 12473)
4(12365 12375 12475 12465)
4(12374 12474 12475 12375)
4(12464 12465 12475 12474)
4(12366 12376 12476 12466)
4(12375 12475 12476 12376)
4(12465 12466 12476 12475)
4(12367 12377 12477 12467)
4(12376 12476 12477 12377)
4(12466 12467 12477 12476)
4(12368 12378 12478 12468)
4(12377 12477 12478 12378)
4(12467 12468 12478 12477)
4(12369 12379 12479 12469)
4(12378 12478 12479 12379)
4(12468 12469 12479 12478)
4(12370 12380 12480 12470)
4(12379 12479 12480 12380)
4(12469 12470 12480 12479)
4(12380 12480 12481 12381)
4(12470 12471 12481 12480)
4(12372 12382 12482 12472)
4(4541 12472 12482 4542)
4(4432 4542 12482 12382)
4(12373 12383 12483 12473)
4(12472 12473 12483 12482)
4(12382 12482 12483 12383)
4(12374 12384 12484 12474)
4(12473 12474 12484 12483)
4(12383 12483 12484 12384)
4(12375 12385 12485 12475)
4(12474 12475 12485 12484)
4(12384 12484 12485 12385)
4(12376 12386 12486 12476)
4(12475 12476 12486 12485)
4(12385 12485 12486 12386)
4(12377 12387 12487 12477)
4(12476 12477 12487 12486)
4(12386 12486 12487 12387)
4(12378 12388 12488 12478)
4(12477 12478 12488 12487)
4(12387 12487 12488 12388)
4(12379 12389 12489 12479)
4(12478 12479 12489 12488)
4(12388 12488 12489 12389)
4(12380 12390 12490 12480)
4(12479 12480 12490 12489)
4(12389 12489 12490 12390)
4(12480 12481 12491 12490)
4(12390 12490 12491 12391)
4(11382 12392 12492 11482)
4(4533 4643 12492 12392)
4(4642 11482 12492 4643)
4(11383 12393 12493 11483)
4(12392 12492 12493 12393)
4(11482 11483 12493 12492)
4(11384 12394 12494 11484)
4(12393 12493 12494 12394)
4(11483 11484 12494 12493)
4(11385 12395 12495 11485)
4(12394 12494 12495 12395)
4(11484 11485 12495 12494)
4(11386 12396 12496 11486)
4(12395 12495 12496 12396)
4(11485 11486 12496 12495)
4(11387 12397 12497 11487)
4(12396 12496 12497 12397)
4(11486 11487 12497 12496)
4(11388 12398 12498 11488)
4(12397 12497 12498 12398)
4(11487 11488 12498 12497)
4(11389 12399 12499 11489)
4(12398 12498 12499 12399)
4(11488 11489 12499 12498)
4(11390 12400 12500 11490)
4(12399 12499 12500 12400)
4(11489 11490 12500 12499)
4(12400 12500 12501 12401)
4(11490 11491 12501 12500)
4(12392 12402 12502 12492)
4(4534 4644 12502 12402)
4(4643 12492 12502 4644)
4(12393 12403 12503 12493)
4(12402 12502 12503 12403)
4(12492 12493 12503 12502)
4(12394 12404 12504 12494)
4(12403 12503 12504 12404)
4(12493 12494 12504 12503)
4(12395 12405 12505 12495)
4(12404 12504 12505 12405)
4(12494 12495 12505 12504)
4(12396 12406 12506 12496)
4(12405 12505 12506 12406)
4(12495 12496 12506 12505)
4(12397 12407 12507 12497)
4(12406 12506 12507 12407)
4(12496 12497 12507 12506)
4(12398 12408 12508 12498)
4(12407 12507 12508 12408)
4(12497 12498 12508 12507)
4(12399 12409 12509 12499)
4(12408 12508 12509 12409)
4(12498 12499 12509 12508)
4(12400 12410 12510 12500)
4(12409 12509 12510 12410)
4(12499 12500 12510 12509)
4(12410 12510 12511 12411)
4(12500 12501 12511 12510)
4(12402 12412 12512 12502)
4(4535 4645 12512 12412)
4(4644 12502 12512 4645)
4(12403 12413 12513 12503)
4(12412 12512 12513 12413)
4(12502 12503 12513 12512)
4(12404 12414 12514 12504)
4(12413 12513 12514 12414)
4(12503 12504 12514 12513)
4(12405 12415 12515 12505)
4(12414 12514 12515 12415)
4(12504 12505 12515 12514)
4(12406 12416 12516 12506)
4(12415 12515 12516 12416)
4(12505 12506 12516 12515)
4(12407 12417 12517 12507)
4(12416 12516 12517 12417)
4(12506 12507 12517 12516)
4(12408 12418 12518 12508)
4(12417 12517 12518 12418)
4(12507 12508 12518 12517)
4(12409 12419 12519 12509)
4(12418 12518 12519 12419)
4(12508 12509 12519 12518)
4(12410 12420 12520 12510)
4(12419 12519 12520 12420)
4(12509 12510 12520 12519)
4(12420 12520 12521 12421)
4(12510 12511 12521 12520)
4(12412 12422 12522 12512)
4(4536 4646 12522 12422)
4(4645 12512 12522 4646)
4(12413 12423 12523 12513)
4(12422 12522 12523 12423)
4(12512 12513 12523 12522)
4(12414 12424 12524 12514)
4(12423 12523 12524 12424)
4(12513 12514 12524 12523)
4(12415 12425 12525 12515)
4(12424 12524 12525 12425)
4(12514 12515 12525 12524)
4(12416 12426 12526 12516)
4(12425 12525 12526 12426)
4(12515 12516 12526 12525)
4(12417 12427 12527 12517)
4(12426 12526 12527 12427)
4(12516 12517 12527 12526)
4(12418 12428 12528 12518)
4(12427 12527 12528 12428)
4(12517 12518 12528 12527)
4(12419 12429 12529 12519)
4(12428 12528 12529 12429)
4(12518 12519 12529 12528)
4(12420 12430 12530 12520)
4(12429 12529 12530 12430)
4(12519 12520 12530 12529)
4(12430 12530 12531 12431)
4(12520 12521 12531 12530)
4(12422 12432 12532 12522)
4(4537 4647 12532 12432)
4(4646 12522 12532 4647)
4(12423 12433 12533 12523)
4(12432 12532 12533 12433)
4(12522 12523 12533 12532)
4(12424 12434 12534 12524)
4(12433 12533 12534 12434)
4(12523 12524 12534 12533)
4(12425 12435 12535 12525)
4(12434 12534 12535 12435)
4(12524 12525 12535 12534)
4(12426 12436 12536 12526)
4(12435 12535 12536 12436)
4(12525 12526 12536 12535)
4(12427 12437 12537 12527)
4(12436 12536 12537 12437)
4(12526 12527 12537 12536)
4(12428 12438 12538 12528)
4(12437 12537 12538 12438)
4(12527 12528 12538 12537)
4(12429 12439 12539 12529)
4(12438 12538 12539 12439)
4(12528 12529 12539 12538)
4(12430 12440 12540 12530)
4(12439 12539 12540 12440)
4(12529 12530 12540 12539)
4(12440 12540 12541 12441)
4(12530 12531 12541 12540)
4(12432 12442 12542 12532)
4(4538 4648 12542 12442)
4(4647 12532 12542 4648)
4(12433 12443 12543 12533)
4(12442 12542 12543 12443)
4(12532 12533 12543 12542)
4(12434 12444 12544 12534)
4(12443 12543 12544 12444)
4(12533 12534 12544 12543)
4(12435 12445 12545 12535)
4(12444 12544 12545 12445)
4(12534 12535 12545 12544)
4(12436 12446 12546 12536)
4(12445 12545 12546 12446)
4(12535 12536 12546 12545)
4(12437 12447 12547 12537)
4(12446 12546 12547 12447)
4(12536 12537 12547 12546)
4(12438 12448 12548 12538)
4(12447 12547 12548 12448)
4(12537 12538 12548 12547)
4(12439 12449 12549 12539)
4(12448 12548 12549 12449)
4(12538 12539 12549 12548)
4(12440 12450 12550 12540)
4(12449 12549 12550 12450)
4(12539 12540 12550 12549)
4(12450 12550 12551 12451)
4(12540 12541 12551 12550)
4(12442 12452 12552 12542)
4(4539 4649 12552 12452)
4(4648 12542 12552 4649)
4(12443 12453 12553 12543)
4(12452 12552 12553 12453)
4(12542 12543 12553 12552)
4(12444 12454 12554 12544)
4(12453 12553 12554 12454)
4(12543 12544 12554 12553)
4(12445 12455 12555 12545)
4(12454 12554 12555 12455)
4(12544 12545 12555 12554)
4(12446 12456 12556 12546)
4(12455 12555 12556 12456)
4(12545 12546 12556 12555)
4(12447 12457 12557 12547)
4(12456 12556 12557 12457)
4(12546 12547 12557 12556)
4(12448 12458 12558 12548)
4(12457 12557 12558 12458)
4(12547 12548 12558 12557)
4(12449 12459 12559 12549)
4(12458 12558 12559 12459)
4(12548 12549 12559 12558)
4(12450 12460 12560 12550)
4(12459 12559 12560 12460)
4(12549 12550 12560 12559)
4(12460 12560 12561 12461)
4(12550 12551 12561 12560)
4(12452 12462 12562 12552)
4(4540 4650 12562 12462)
4(4649 12552 12562 4650)
4(12453 12463 12563 12553)
4(12462 12562 12563 12463)
4(12552 12553 12563 12562)
4(12454 12464 12564 12554)
4(12463 12563 12564 12464)
4(12553 12554 12564 12563)
4(12455 12465 12565 12555)
4(12464 12564 12565 12465)
4(12554 12555 12565 12564)
4(12456 12466 12566 12556)
4(12465 12565 12566 12466)
4(12555 12556 12566 12565)
4(12457 12467 12567 12557)
4(12466 12566 12567 12467)
4(12556 12557 12567 12566)
4(12458 12468 12568 12558)
4(12467 12567 12568 12468)
4(12557 12558 12568 12567)
4(12459 12469 12569 12559)
4(12468 12568 12569 12469)
4(12558 12559 12569 12568)
4(12460 12470 12570 12560)
4(12469 12569 12570 12470)
4(12559 12560 12570 12569)
4(12470 12570 12571 12471)
4(12560 12561 12571 12570)
4(12462 12472 12572 12562)
4(4541 4651 12572 12472)
4(4650 12562 12572 4651)
4(12463 12473 12573 12563)
4(12472 12572 12573 12473)
4(12562 12563 12573 12572)
4(12464 12474 12574 12564)
4(12473 12573 12574 12474)
4(12563 12564 12574 12573)
4(12465 12475 12575 12565)
4(12474 12574 12575 12475)
4(12564 12565 12575 12574)
4(12466 12476 12576 12566)
4(12475 12575 12576 12476)
4(12565 12566 12576 12575)
4(12467 12477 12577 12567)
4(12476 12576 12577 12477)
4(12566 12567 12577 12576)
4(12468 12478 12578 12568)
4(12477 12577 12578 12478)
4(12567 12568 12578 12577)
4(12469 12479 12579 12569)
4(12478 12578 12579 12479)
4(12568 12569 12579 12578)
4(12470 12480 12580 12570)
4(12479 12579 12580 12480)
4(12569 12570 12580 12579)
4(12480 12580 12581 12481)
4(12570 12571 12581 12580)
4(12472 12482 12582 12572)
4(4651 12572 12582 4652)
4(4542 4652 12582 12482)
4(12473 12483 12583 12573)
4(12572 12573 12583 12582)
4(12482 12582 12583 12483)
4(12474 12484 12584 12574)
4(12573 12574 12584 12583)
4(12483 12583 12584 12484)
4(12475 12485 12585 12575)
4(12574 12575 12585 12584)
4(12484 12584 12585 12485)
4(12476 12486 12586 12576)
4(12575 12576 12586 12585)
4(12485 12585 12586 12486)
4(12477 12487 12587 12577)
4(12576 12577 12587 12586)
4(12486 12586 12587 12487)
4(12478 12488 12588 12578)
4(12577 12578 12588 12587)
4(12487 12587 12588 12488)
4(12479 12489 12589 12579)
4(12578 12579 12589 12588)
4(12488 12588 12589 12489)
4(12480 12490 12590 12580)
4(12579 12580 12590 12589)
4(12489 12589 12590 12490)
4(12580 12581 12591 12590)
4(12490 12590 12591 12491)
4(11482 12492 12592 11582)
4(4643 4753 12592 12492)
4(4752 11582 12592 4753)
4(11483 12493 12593 11583)
4(12492 12592 12593 12493)
4(11582 11583 12593 12592)
4(11484 12494 12594 11584)
4(12493 12593 12594 12494)
4(11583 11584 12594 12593)
4(11485 12495 12595 11585)
4(12494 12594 12595 12495)
4(11584 11585 12595 12594)
4(11486 12496 12596 11586)
4(12495 12595 12596 12496)
4(11585 11586 12596 12595)
4(11487 12497 12597 11587)
4(12496 12596 12597 12497)
4(11586 11587 12597 12596)
4(11488 12498 12598 11588)
4(12497 12597 12598 12498)
4(11587 11588 12598 12597)
4(11489 12499 12599 11589)
4(12498 12598 12599 12499)
4(11588 11589 12599 12598)
4(11490 12500 12600 11590)
4(12499 12599 12600 12500)
4(11589 11590 12600 12599)
4(12500 12600 12601 12501)
4(11590 11591 12601 12600)
4(12492 12502 12602 12592)
4(4644 4754 12602 12502)
4(4753 12592 12602 4754)
4(12493 12503 12603 12593)
4(12502 12602 12603 12503)
4(12592 12593 12603 12602)
4(12494 12504 12604 12594)
4(12503 12603 12604 12504)
4(12593 12594 12604 12603)
4(12495 12505 12605 12595)
4(12504 12604 12605 12505)
4(12594 12595 12605 12604)
4(12496 12506 12606 12596)
4(12505 12605 12606 12506)
4(12595 12596 12606 12605)
4(12497 12507 12607 12597)
4(12506 12606 12607 12507)
4(12596 12597 12607 12606)
4(12498 12508 12608 12598)
4(12507 12607 12608 12508)
4(12597 12598 12608 12607)
4(12499 12509 12609 12599)
4(12508 12608 12609 12509)
4(12598 12599 12609 12608)
4(12500 12510 12610 12600)
4(12509 12609 12610 12510)
4(12599 12600 12610 12609)
4(12510 12610 12611 12511)
4(12600 12601 12611 12610)
4(12502 12512 12612 12602)
4(4645 4755 12612 12512)
4(4754 12602 12612 4755)
4(12503 12513 12613 12603)
4(12512 12612 12613 12513)
4(12602 12603 12613 12612)
4(12504 12514 12614 12604)
4(12513 12613 12614 12514)
4(12603 12604 12614 12613)
4(12505 12515 12615 12605)
4(12514 12614 12615 12515)
4(12604 12605 12615 12614)
4(12506 12516 12616 12606)
4(12515 12615 12616 12516)
4(12605 12606 12616 12615)
4(12507 12517 12617 12607)
4(12516 12616 12617 12517)
4(12606 12607 12617 12616)
4(12508 12518 12618 12608)
4(12517 12617 12618 12518)
4(12607 12608 12618 12617)
4(12509 12519 12619 12609)
4(12518 12618 12619 12519)
4(12608 12609 12619 12618)
4(12510 12520 12620 12610)
4(12519 12619 12620 12520)
4(12609 12610 12620 12619)
4(12520 12620 12621 12521)
4(12610 12611 12621 12620)
4(12512 12522 12622 12612)
4(4646 4756 12622 12522)
4(4755 12612 12622 4756)
4(12513 12523 12623 12613)
4(12522 12622 12623 12523)
4(12612 12613 12623 12622)
4(12514 12524 12624 12614)
4(12523 12623 12624 12524)
4(12613 12614 12624 12623)
4(12515 12525 12625 12615)
4(12524 12624 12625 12525)
4(12614 12615 12625 12624)
4(12516 12526 12626 12616)
4(12525 12625 12626 12526)
4(12615 12616 12626 12625)
4(12517 12527 12627 12617)
4(12526 12626 12627 12527)
4(12616 12617 12627 12626)
4(12518 12528 12628 12618)
4(12527 12627 12628 12528)
4(12617 12618 12628 12627)
4(12519 12529 12629 12619)
4(12528 12628 12629 12529)
4(12618 12619 12629 12628)
4(12520 12530 12630 12620)
4(12529 12629 12630 12530)
4(12619 12620 12630 12629)
4(12530 12630 12631 12531)
4(12620 12621 12631 12630)
4(12522 12532 12632 12622)
4(4647 4757 12632 12532)
4(4756 12622 12632 4757)
4(12523 12533 12633 12623)
4(12532 12632 12633 12533)
4(12622 12623 12633 12632)
4(12524 12534 12634 12624)
4(12533 12633 12634 12534)
4(12623 12624 12634 12633)
4(12525 12535 12635 12625)
4(12534 12634 12635 12535)
4(12624 12625 12635 12634)
4(12526 12536 12636 12626)
4(12535 12635 12636 12536)
4(12625 12626 12636 12635)
4(12527 12537 12637 12627)
4(12536 12636 12637 12537)
4(12626 12627 12637 12636)
4(12528 12538 12638 12628)
4(12537 12637 12638 12538)
4(12627 12628 12638 12637)
4(12529 12539 12639 12629)
4(12538 12638 12639 12539)
4(12628 12629 12639 12638)
4(12530 12540 12640 12630)
4(12539 12639 12640 12540)
4(12629 12630 12640 12639)
4(12540 12640 12641 12541)
4(12630 12631 12641 12640)
4(12532 12542 12642 12632)
4(4648 4758 12642 12542)
4(4757 12632 12642 4758)
4(12533 12543 12643 12633)
4(12542 12642 12643 12543)
4(12632 12633 12643 12642)
4(12534 12544 12644 12634)
4(12543 12643 12644 12544)
4(12633 12634 12644 12643)
4(12535 12545 12645 12635)
4(12544 12644 12645 12545)
4(12634 12635 12645 12644)
4(12536 12546 12646 12636)
4(12545 12645 12646 12546)
4(12635 12636 12646 12645)
4(12537 12547 12647 12637)
4(12546 12646 12647 12547)
4(12636 12637 12647 12646)
4(12538 12548 12648 12638)
4(12547 12647 12648 12548)
4(12637 12638 12648 12647)
4(12539 12549 12649 12639)
4(12548 12648 12649 12549)
4(12638 12639 12649 12648)
4(12540 12550 12650 12640)
4(12549 12649 12650 12550)
4(12639 12640 12650 12649)
4(12550 12650 12651 12551)
4(12640 12641 12651 12650)
4(12542 12552 12652 12642)
4(4649 4759 12652 12552)
4(4758 12642 12652 4759)
4(12543 12553 12653 12643)
4(12552 12652 12653 12553)
4(12642 12643 12653 12652)
4(12544 12554 12654 12644)
4(12553 12653 12654 12554)
4(12643 12644 12654 12653)
4(12545 12555 12655 12645)
4(12554 12654 12655 12555)
4(12644 12645 12655 12654)
4(12546 12556 12656 12646)
4(12555 12655 12656 12556)
4(12645 12646 12656 12655)
4(12547 12557 12657 12647)
4(12556 12656 12657 12557)
4(12646 12647 12657 12656)
4(12548 12558 12658 12648)
4(12557 12657 12658 12558)
4(12647 12648 12658 12657)
4(12549 12559 12659 12649)
4(12558 12658 12659 12559)
4(12648 12649 12659 12658)
4(12550 12560 12660 12650)
4(12559 12659 12660 12560)
4(12649 12650 12660 12659)
4(12560 12660 12661 12561)
4(12650 12651 12661 12660)
4(12552 12562 12662 12652)
4(4650 4760 12662 12562)
4(4759 12652 12662 4760)
4(12553 12563 12663 12653)
4(12562 12662 12663 12563)
4(12652 12653 12663 12662)
4(12554 12564 12664 12654)
4(12563 12663 12664 12564)
4(12653 12654 12664 12663)
4(12555 12565 12665 12655)
4(12564 12664 12665 12565)
4(12654 12655 12665 12664)
4(12556 12566 12666 12656)
4(12565 12665 12666 12566)
4(12655 12656 12666 12665)
4(12557 12567 12667 12657)
4(12566 12666 12667 12567)
4(12656 12657 12667 12666)
4(12558 12568 12668 12658)
4(12567 12667 12668 12568)
4(12657 12658 12668 12667)
4(12559 12569 12669 12659)
4(12568 12668 12669 12569)
4(12658 12659 12669 12668)
4(12560 12570 12670 12660)
4(12569 12669 12670 12570)
4(12659 12660 12670 12669)
4(12570 12670 12671 12571)
4(12660 12661 12671 12670)
4(12562 12572 12672 12662)
4(4651 4761 12672 12572)
4(4760 12662 12672 4761)
4(12563 12573 12673 12663)
4(12572 12672 12673 12573)
4(12662 12663 12673 12672)
4(12564 12574 12674 12664)
4(12573 12673 12674 12574)
4(12663 12664 12674 12673)
4(12565 12575 12675 12665)
4(12574 12674 12675 12575)
4(12664 12665 12675 12674)
4(12566 12576 12676 12666)
4(12575 12675 12676 12576)
4(12665 12666 12676 12675)
4(12567 12577 12677 12667)
4(12576 12676 12677 12577)
4(12666 12667 12677 12676)
4(12568 12578 12678 12668)
4(12577 12677 12678 12578)
4(12667 12668 12678 12677)
4(12569 12579 12679 12669)
4(12578 12678 12679 12579)
4(12668 12669 12679 12678)
4(12570 12580 12680 12670)
4(12579 12679 12680 12580)
4(12669 12670 12680 12679)
4(12580 12680 12681 12581)
4(12670 12671 12681 12680)
4(12572 12582 12682 12672)
4(4761 12672 12682 4762)
4(4652 4762 12682 12582)
4(12573 12583 12683 12673)
4(12672 12673 12683 12682)
4(12582 12682 12683 12583)
4(12574 12584 12684 12674)
4(12673 12674 12684 12683)
4(12583 12683 12684 12584)
4(12575 12585 12685 12675)
4(12674 12675 12685 12684)
4(12584 12684 12685 12585)
4(12576 12586 12686 12676)
4(12675 12676 12686 12685)
4(12585 12685 12686 12586)
4(12577 12587 12687 12677)
4(12676 12677 12687 12686)
4(12586 12686 12687 12587)
4(12578 12588 12688 12678)
4(12677 12678 12688 12687)
4(12587 12687 12688 12588)
4(12579 12589 12689 12679)
4(12678 12679 12689 12688)
4(12588 12688 12689 12589)
4(12580 12590 12690 12680)
4(12679 12680 12690 12689)
4(12589 12689 12690 12590)
4(12680 12681 12691 12690)
4(12590 12690 12691 12591)
4(11582 12592 12692 11682)
4(4753 4863 12692 12592)
4(4862 11682 12692 4863)
4(11583 12593 12693 11683)
4(12592 12692 12693 12593)
4(11682 11683 12693 12692)
4(11584 12594 12694 11684)
4(12593 12693 12694 12594)
4(11683 11684 12694 12693)
4(11585 12595 12695 11685)
4(12594 12694 12695 12595)
4(11684 11685 12695 12694)
4(11586 12596 12696 11686)
4(12595 12695 12696 12596)
4(11685 11686 12696 12695)
4(11587 12597 12697 11687)
4(12596 12696 12697 12597)
4(11686 11687 12697 12696)
4(11588 12598 12698 11688)
4(12597 12697 12698 12598)
4(11687 11688 12698 12697)
4(11589 12599 12699 11689)
4(12598 12698 12699 12599)
4(11688 11689 12699 12698)
4(11590 12600 12700 11690)
4(12599 12699 12700 12600)
4(11689 11690 12700 12699)
4(12600 12700 12701 12601)
4(11690 11691 12701 12700)
4(12592 12602 12702 12692)
4(4754 4864 12702 12602)
4(4863 12692 12702 4864)
4(12593 12603 12703 12693)
4(12602 12702 12703 12603)
4(12692 12693 12703 12702)
4(12594 12604 12704 12694)
4(12603 12703 12704 12604)
4(12693 12694 12704 12703)
4(12595 12605 12705 12695)
4(12604 12704 12705 12605)
4(12694 12695 12705 12704)
4(12596 12606 12706 12696)
4(12605 12705 12706 12606)
4(12695 12696 12706 12705)
4(12597 12607 12707 12697)
4(12606 12706 12707 12607)
4(12696 12697 12707 12706)
4(12598 12608 12708 12698)
4(12607 12707 12708 12608)
4(12697 12698 12708 12707)
4(12599 12609 12709 12699)
4(12608 12708 12709 12609)
4(12698 12699 12709 12708)
4(12600 12610 12710 12700)
4(12609 12709 12710 12610)
4(12699 12700 12710 12709)
4(12610 12710 12711 12611)
4(12700 12701 12711 12710)
4(12602 12612 12712 12702)
4(4755 4865 12712 12612)
4(4864 12702 12712 4865)
4(12603 12613 12713 12703)
4(12612 12712 12713 12613)
4(12702 12703 12713 12712)
4(12604 12614 12714 12704)
4(12613 12713 12714 12614)
4(12703 12704 12714 12713)
4(12605 12615 12715 12705)
4(12614 12714 12715 12615)
4(12704 12705 12715 12714)
4(12606 12616 12716 12706)
4(12615 12715 12716 12616)
4(12705 12706 12716 12715)
4(12607 12617 12717 12707)
4(12616 12716 12717 12617)
4(12706 12707 12717 12716)
4(12608 12618 12718 12708)
4(12617 12717 12718 12618)
4(12707 12708 12718 12717)
4(12609 12619 12719 12709)
4(12618 12718 12719 12619)
4(12708 12709 12719 12718)
4(12610 12620 12720 12710)
4(12619 12719 12720 12620)
4(12709 12710 12720 12719)
4(12620 12720 12721 12621)
4(12710 12711 12721 12720)
4(12612 12622 12722 12712)
4(4756 4866 12722 12622)
4(4865 12712 12722 4866)
4(12613 12623 12723 12713)
4(12622 12722 12723 12623)
4(12712 12713 12723 12722)
4(12614 12624 12724 12714)
4(12623 12723 12724 12624)
4(12713 12714 12724 12723)
4(12615 12625 12725 12715)
4(12624 12724 12725 12625)
4(12714 12715 12725 12724)
4(12616 12626 12726 12716)
4(12625 12725 12726 12626)
4(12715 12716 12726 12725)
4(12617 12627 12727 12717)
4(12626 12726 12727 12627)
4(12716 12717 12727 12726)
4(12618 12628 12728 12718)
4(12627 12727 12728 12628)
4(12717 12718 12728 12727)
4(12619 12629 12729 12719)
4(12628 12728 12729 12629)
4(12718 12719 12729 12728)
4(12620 12630 12730 12720)
4(12629 12729 12730 12630)
4(12719 12720 12730 12729)
4(12630 12730 12731 12631)
4(12720 12721 12731 12730)
4(12622 12632 12732 12722)
4(4757 4867 12732 12632)
4(4866 12722 12732 4867)
4(12623 12633 12733 12723)
4(12632 12732 12733 12633)
4(12722 12723 12733 12732)
4(12624 12634 12734 12724)
4(12633 12733 12734 12634)
4(12723 12724 12734 12733)
4(12625 12635 12735 12725)
4(12634 12734 12735 12635)
4(12724 12725 12735 12734)
4(12626 12636 12736 12726)
4(12635 12735 12736 12636)
4(12725 12726 12736 12735)
4(12627 12637 12737 12727)
4(12636 12736 12737 12637)
4(12726 12727 12737 12736)
4(12628 12638 12738 12728)
4(12637 12737 12738 12638)
4(12727 12728 12738 12737)
4(12629 12639 12739 12729)
4(12638 12738 12739 12639)
4(12728 12729 12739 12738)
4(12630 12640 12740 12730)
4(12639 12739 12740 12640)
4(12729 12730 12740 12739)
4(12640 12740 12741 12641)
4(12730 12731 12741 12740)
4(12632 12642 12742 12732)
4(4758 4868 12742 12642)
4(4867 12732 12742 4868)
4(12633 12643 12743 12733)
4(12642 12742 12743 12643)
4(12732 12733 12743 12742)
4(12634 12644 12744 12734)
4(12643 12743 12744 12644)
4(12733 12734 12744 12743)
4(12635 12645 12745 12735)
4(12644 12744 12745 12645)
4(12734 12735 12745 12744)
4(12636 12646 12746 12736)
4(12645 12745 12746 12646)
4(12735 12736 12746 12745)
4(12637 12647 12747 12737)
4(12646 12746 12747 12647)
4(12736 12737 12747 12746)
4(12638 12648 12748 12738)
4(12647 12747 12748 12648)
4(12737 12738 12748 12747)
4(12639 12649 12749 12739)
4(12648 12748 12749 12649)
4(12738 12739 12749 12748)
4(12640 12650 12750 12740)
4(12649 12749 12750 12650)
4(12739 12740 12750 12749)
4(12650 12750 12751 12651)
4(12740 12741 12751 12750)
4(12642 12652 12752 12742)
4(4759 4869 12752 12652)
4(4868 12742 12752 4869)
4(12643 12653 12753 12743)
4(12652 12752 12753 12653)
4(12742 12743 12753 12752)
4(12644 12654 12754 12744)
4(12653 12753 12754 12654)
4(12743 12744 12754 12753)
4(12645 12655 12755 12745)
4(12654 12754 12755 12655)
4(12744 12745 12755 12754)
4(12646 12656 12756 12746)
4(12655 12755 12756 12656)
4(12745 12746 12756 12755)
4(12647 12657 12757 12747)
4(12656 12756 12757 12657)
4(12746 12747 12757 12756)
4(12648 12658 12758 12748)
4(12657 12757 12758 12658)
4(12747 12748 12758 12757)
4(12649 12659 12759 12749)
4(12658 12758 12759 12659)
4(12748 12749 12759 12758)
4(12650 12660 12760 12750)
4(12659 12759 12760 12660)
4(12749 12750 12760 12759)
4(12660 12760 12761 12661)
4(12750 12751 12761 12760)
4(12652 12662 12762 12752)
4(4760 4870 12762 12662)
4(4869 12752 12762 4870)
4(12653 12663 12763 12753)
4(12662 12762 12763 12663)
4(12752 12753 12763 12762)
4(12654 12664 12764 12754)
4(12663 12763 12764 12664)
4(12753 12754 12764 12763)
4(12655 12665 12765 12755)
4(12664 12764 12765 12665)
4(12754 12755 12765 12764)
4(12656 12666 12766 12756)
4(12665 12765 12766 12666)
4(12755 12756 12766 12765)
4(12657 12667 12767 12757)
4(12666 12766 12767 12667)
4(12756 12757 12767 12766)
4(12658 12668 12768 12758)
4(12667 12767 12768 12668)
4(12757 12758 12768 12767)
4(12659 12669 12769 12759)
4(12668 12768 12769 12669)
4(12758 12759 12769 12768)
4(12660 12670 12770 12760)
4(12669 12769 12770 12670)
4(12759 12760 12770 12769)
4(12670 12770 12771 12671)
4(12760 12761 12771 12770)
4(12662 12672 12772 12762)
4(4761 4871 12772 12672)
4(4870 12762 12772 4871)
4(12663 12673 12773 12763)
4(12672 12772 12773 12673)
4(12762 12763 12773 12772)
4(12664 12674 12774 12764)
4(12673 12773 12774 12674)
4(12763 12764 12774 12773)
4(12665 12675 12775 12765)
4(12674 12774 12775 12675)
4(12764 12765 12775 12774)
4(12666 12676 12776 12766)
4(12675 12775 12776 12676)
4(12765 12766 12776 12775)
4(12667 12677 12777 12767)
4(12676 12776 12777 12677)
4(12766 12767 12777 12776)
4(12668 12678 12778 12768)
4(12677 12777 12778 12678)
4(12767 12768 12778 12777)
4(12669 12679 12779 12769)
4(12678 12778 12779 12679)
4(12768 12769 12779 12778)
4(12670 12680 12780 12770)
4(12679 12779 12780 12680)
4(12769 12770 12780 12779)
4(12680 12780 12781 12681)
4(12770 12771 12781 12780)
4(12672 12682 12782 12772)
4(4871 12772 12782 4872)
4(4762 4872 12782 12682)
4(12673 12683 12783 12773)
4(12772 12773 12783 12782)
4(12682 12782 12783 12683)
4(12674 12684 12784 12774)
4(12773 12774 12784 12783)
4(12683 12783 12784 12684)
4(12675 12685 12785 12775)
4(12774 12775 12785 12784)
4(12684 12784 12785 12685)
4(12676 12686 12786 12776)
4(12775 12776 12786 12785)
4(12685 12785 12786 12686)
4(12677 12687 12787 12777)
4(12776 12777 12787 12786)
4(12686 12786 12787 12687)
4(12678 12688 12788 12778)
4(12777 12778 12788 12787)
4(12687 12787 12788 12688)
4(12679 12689 12789 12779)
4(12778 12779 12789 12788)
4(12688 12788 12789 12689)
4(12680 12690 12790 12780)
4(12779 12780 12790 12789)
4(12689 12789 12790 12690)
4(12780 12781 12791 12790)
4(12690 12790 12791 12691)
4(11682 12692 12792 11782)
4(4863 4973 12792 12692)
4(11683 12693 12793 11783)
4(12692 12792 12793 12693)
4(11684 12694 12794 11784)
4(12693 12793 12794 12694)
4(11685 12695 12795 11785)
4(12694 12794 12795 12695)
4(11686 12696 12796 11786)
4(12695 12795 12796 12696)
4(11687 12697 12797 11787)
4(12696 12796 12797 12697)
4(11688 12698 12798 11788)
4(12697 12797 12798 12698)
4(11689 12699 12799 11789)
4(12698 12798 12799 12699)
4(11690 12700 12800 11790)
4(12699 12799 12800 12700)
4(12700 12800 12801 12701)
4(12692 12702 12802 12792)
4(4864 4974 12802 12702)
4(12693 12703 12803 12793)
4(12702 12802 12803 12703)
4(12694 12704 12804 12794)
4(12703 12803 12804 12704)
4(12695 12705 12805 12795)
4(12704 12804 12805 12705)
4(12696 12706 12806 12796)
4(12705 12805 12806 12706)
4(12697 12707 12807 12797)
4(12706 12806 12807 12707)
4(12698 12708 12808 12798)
4(12707 12807 12808 12708)
4(12699 12709 12809 12799)
4(12708 12808 12809 12709)
4(12700 12710 12810 12800)
4(12709 12809 12810 12710)
4(12710 12810 12811 12711)
4(12702 12712 12812 12802)
4(4865 4975 12812 12712)
4(12703 12713 12813 12803)
4(12712 12812 12813 12713)
4(12704 12714 12814 12804)
4(12713 12813 12814 12714)
4(12705 12715 12815 12805)
4(12714 12814 12815 12715)
4(12706 12716 12816 12806)
4(12715 12815 12816 12716)
4(12707 12717 12817 12807)
4(12716 12816 12817 12717)
4(12708 12718 12818 12808)
4(12717 12817 12818 12718)
4(12709 12719 12819 12809)
4(12718 12818 12819 12719)
4(12710 12720 12820 12810)
4(12719 12819 12820 12720)
4(12720 12820 12821 12721)
4(12712 12722 12822 12812)
4(4866 4976 12822 12722)
4(12713 12723 12823 12813)
4(12722 12822 12823 12723)
4(12714 12724 12824 12814)
4(12723 12823 12824 12724)
4(12715 12725 12825 12815)
4(12724 12824 12825 12725)
4(12716 12726 12826 12816)
4(12725 12825 12826 12726)
4(12717 12727 12827 12817)
4(12726 12826 12827 12727)
4(12718 12728 12828 12818)
4(12727 12827 12828 12728)
4(12719 12729 12829 12819)
4(12728 12828 12829 12729)
4(12720 12730 12830 12820)
4(12729 12829 12830 12730)
4(12730 12830 12831 12731)
4(12722 12732 12832 12822)
4(4867 4977 12832 12732)
4(12723 12733 12833 12823)
4(12732 12832 12833 12733)
4(12724 12734 12834 12824)
4(12733 12833 12834 12734)
4(12725 12735 12835 12825)
4(12734 12834 12835 12735)
4(12726 12736 12836 12826)
4(12735 12835 12836 12736)
4(12727 12737 12837 12827)
4(12736 12836 12837 12737)
4(12728 12738 12838 12828)
4(12737 12837 12838 12738)
4(12729 12739 12839 12829)
4(12738 12838 12839 12739)
4(12730 12740 12840 12830)
4(12739 12839 12840 12740)
4(12740 12840 12841 12741)
4(12732 12742 12842 12832)
4(4868 4978 12842 12742)
4(12733 12743 12843 12833)
4(12742 12842 12843 12743)
4(12734 12744 12844 12834)
4(12743 12843 12844 12744)
4(12735 12745 12845 12835)
4(12744 12844 12845 12745)
4(12736 12746 12846 12836)
4(12745 12845 12846 12746)
4(12737 12747 12847 12837)
4(12746 12846 12847 12747)
4(12738 12748 12848 12838)
4(12747 12847 12848 12748)
4(12739 12749 12849 12839)
4(12748 12848 12849 12749)
4(12740 12750 12850 12840)
4(12749 12849 12850 12750)
4(12750 12850 12851 12751)
4(12742 12752 12852 12842)
4(4869 4979 12852 12752)
4(12743 12753 12853 12843)
4(12752 12852 12853 12753)
4(12744 12754 12854 12844)
4(12753 12853 12854 12754)
4(12745 12755 12855 12845)
4(12754 12854 12855 12755)
4(12746 12756 12856 12846)
4(12755 12855 12856 12756)
4(12747 12757 12857 12847)
4(12756 12856 12857 12757)
4(12748 12758 12858 12848)
4(12757 12857 12858 12758)
4(12749 12759 12859 12849)
4(12758 12858 12859 12759)
4(12750 12760 12860 12850)
4(12759 12859 12860 12760)
4(12760 12860 12861 12761)
4(12752 12762 12862 12852)
4(4870 4980 12862 12762)
4(12753 12763 12863 12853)
4(12762 12862 12863 12763)
4(12754 12764 12864 12854)
4(12763 12863 12864 12764)
4(12755 12765 12865 12855)
4(12764 12864 12865 12765)
4(12756 12766 12866 12856)
4(12765 12865 12866 12766)
4(12757 12767 12867 12857)
4(12766 12866 12867 12767)
4(12758 12768 12868 12858)
4(12767 12867 12868 12768)
4(12759 12769 12869 12859)
4(12768 12868 12869 12769)
4(12760 12770 12870 12860)
4(12769 12869 12870 12770)
4(12770 12870 12871 12771)
4(12762 12772 12872 12862)
4(4871 4981 12872 12772)
4(12763 12773 12873 12863)
4(12772 12872 12873 12773)
4(12764 12774 12874 12864)
4(12773 12873 12874 12774)
4(12765 12775 12875 12865)
4(12774 12874 12875 12775)
4(12766 12776 12876 12866)
4(12775 12875 12876 12776)
4(12767 12777 12877 12867)
4(12776 12876 12877 12777)
4(12768 12778 12878 12868)
4(12777 12877 12878 12778)
4(12769 12779 12879 12869)
4(12778 12878 12879 12779)
4(12770 12780 12880 12870)
4(12779 12879 12880 12780)
4(12780 12880 12881 12781)
4(12772 12782 12882 12872)
4(4872 4982 12882 12782)
4(12773 12783 12883 12873)
4(12782 12882 12883 12783)
4(12774 12784 12884 12874)
4(12783 12883 12884 12784)
4(12775 12785 12885 12875)
4(12784 12884 12885 12785)
4(12776 12786 12886 12876)
4(12785 12885 12886 12786)
4(12777 12787 12887 12877)
4(12786 12886 12887 12787)
4(12778 12788 12888 12878)
4(12787 12887 12888 12788)
4(12779 12789 12889 12879)
4(12788 12888 12889 12789)
4(12780 12790 12890 12880)
4(12789 12889 12890 12790)
4(12790 12890 12891 12791)
4(11882 12892 12992 11982)
4(5082 5182 12992 12892)
4(3992 11982 12992 5182)
4(11883 12893 12993 11983)
4(12892 12992 12993 12893)
4(11982 11983 12993 12992)
4(11884 12894 12994 11984)
4(12893 12993 12994 12894)
4(11983 11984 12994 12993)
4(11885 12895 12995 11985)
4(12894 12994 12995 12895)
4(11984 11985 12995 12994)
4(11886 12896 12996 11986)
4(12895 12995 12996 12896)
4(11985 11986 12996 12995)
4(11887 12897 12997 11987)
4(12896 12996 12997 12897)
4(11986 11987 12997 12996)
4(11888 12898 12998 11988)
4(12897 12997 12998 12898)
4(11987 11988 12998 12997)
4(11889 12899 12999 11989)
4(12898 12998 12999 12899)
4(11988 11989 12999 12998)
4(11890 12900 13000 11990)
4(12899 12999 13000 12900)
4(11989 11990 13000 12999)
4(12900 13000 13001 12901)
4(11990 11991 13001 13000)
4(12892 12902 13002 12992)
4(5083 5183 13002 12902)
4(5182 12992 13002 5183)
4(12893 12903 13003 12993)
4(12902 13002 13003 12903)
4(12992 12993 13003 13002)
4(12894 12904 13004 12994)
4(12903 13003 13004 12904)
4(12993 12994 13004 13003)
4(12895 12905 13005 12995)
4(12904 13004 13005 12905)
4(12994 12995 13005 13004)
4(12896 12906 13006 12996)
4(12905 13005 13006 12906)
4(12995 12996 13006 13005)
4(12897 12907 13007 12997)
4(12906 13006 13007 12907)
4(12996 12997 13007 13006)
4(12898 12908 13008 12998)
4(12907 13007 13008 12908)
4(12997 12998 13008 13007)
4(12899 12909 13009 12999)
4(12908 13008 13009 12909)
4(12998 12999 13009 13008)
4(12900 12910 13010 13000)
4(12909 13009 13010 12910)
4(12999 13000 13010 13009)
4(12910 13010 13011 12911)
4(13000 13001 13011 13010)
4(12902 12912 13012 13002)
4(5084 5184 13012 12912)
4(5183 13002 13012 5184)
4(12903 12913 13013 13003)
4(12912 13012 13013 12913)
4(13002 13003 13013 13012)
4(12904 12914 13014 13004)
4(12913 13013 13014 12914)
4(13003 13004 13014 13013)
4(12905 12915 13015 13005)
4(12914 13014 13015 12915)
4(13004 13005 13015 13014)
4(12906 12916 13016 13006)
4(12915 13015 13016 12916)
4(13005 13006 13016 13015)
4(12907 12917 13017 13007)
4(12916 13016 13017 12917)
4(13006 13007 13017 13016)
4(12908 12918 13018 13008)
4(12917 13017 13018 12918)
4(13007 13008 13018 13017)
4(12909 12919 13019 13009)
4(12918 13018 13019 12919)
4(13008 13009 13019 13018)
4(12910 12920 13020 13010)
4(12919 13019 13020 12920)
4(13009 13010 13020 13019)
4(12920 13020 13021 12921)
4(13010 13011 13021 13020)
4(12912 12922 13022 13012)
4(5085 5185 13022 12922)
4(5184 13012 13022 5185)
4(12913 12923 13023 13013)
4(12922 13022 13023 12923)
4(13012 13013 13023 13022)
4(12914 12924 13024 13014)
4(12923 13023 13024 12924)
4(13013 13014 13024 13023)
4(12915 12925 13025 13015)
4(12924 13024 13025 12925)
4(13014 13015 13025 13024)
4(12916 12926 13026 13016)
4(12925 13025 13026 12926)
4(13015 13016 13026 13025)
4(12917 12927 13027 13017)
4(12926 13026 13027 12927)
4(13016 13017 13027 13026)
4(12918 12928 13028 13018)
4(12927 13027 13028 12928)
4(13017 13018 13028 13027)
4(12919 12929 13029 13019)
4(12928 13028 13029 12929)
4(13018 13019 13029 13028)
4(12920 12930 13030 13020)
4(12929 13029 13030 12930)
4(13019 13020 13030 13029)
4(12930 13030 13031 12931)
4(13020 13021 13031 13030)
4(12922 12932 13032 13022)
4(5086 5186 13032 12932)
4(5185 13022 13032 5186)
4(12923 12933 13033 13023)
4(12932 13032 13033 12933)
4(13022 13023 13033 13032)
4(12924 12934 13034 13024)
4(12933 13033 13034 12934)
4(13023 13024 13034 13033)
4(12925 12935 13035 13025)
4(12934 13034 13035 12935)
4(13024 13025 13035 13034)
4(12926 12936 13036 13026)
4(12935 13035 13036 12936)
4(13025 13026 13036 13035)
4(12927 12937 13037 13027)
4(12936 13036 13037 12937)
4(13026 13027 13037 13036)
4(12928 12938 13038 13028)
4(12937 13037 13038 12938)
4(13027 13028 13038 13037)
4(12929 12939 13039 13029)
4(12938 13038 13039 12939)
4(13028 13029 13039 13038)
4(12930 12940 13040 13030)
4(12939 13039 13040 12940)
4(13029 13030 13040 13039)
4(12940 13040 13041 12941)
4(13030 13031 13041 13040)
4(12932 12942 13042 13032)
4(5087 5187 13042 12942)
4(5186 13032 13042 5187)
4(12933 12943 13043 13033)
4(12942 13042 13043 12943)
4(13032 13033 13043 13042)
4(12934 12944 13044 13034)
4(12943 13043 13044 12944)
4(13033 13034 13044 13043)
4(12935 12945 13045 13035)
4(12944 13044 13045 12945)
4(13034 13035 13045 13044)
4(12936 12946 13046 13036)
4(12945 13045 13046 12946)
4(13035 13036 13046 13045)
4(12937 12947 13047 13037)
4(12946 13046 13047 12947)
4(13036 13037 13047 13046)
4(12938 12948 13048 13038)
4(12947 13047 13048 12948)
4(13037 13038 13048 13047)
4(12939 12949 13049 13039)
4(12948 13048 13049 12949)
4(13038 13039 13049 13048)
4(12940 12950 13050 13040)
4(12949 13049 13050 12950)
4(13039 13040 13050 13049)
4(12950 13050 13051 12951)
4(13040 13041 13051 13050)
4(12942 12952 13052 13042)
4(5088 5188 13052 12952)
4(5187 13042 13052 5188)
4(12943 12953 13053 13043)
4(12952 13052 13053 12953)
4(13042 13043 13053 13052)
4(12944 12954 13054 13044)
4(12953 13053 13054 12954)
4(13043 13044 13054 13053)
4(12945 12955 13055 13045)
4(12954 13054 13055 12955)
4(13044 13045 13055 13054)
4(12946 12956 13056 13046)
4(12955 13055 13056 12956)
4(13045 13046 13056 13055)
4(12947 12957 13057 13047)
4(12956 13056 13057 12957)
4(13046 13047 13057 13056)
4(12948 12958 13058 13048)
4(12957 13057 13058 12958)
4(13047 13048 13058 13057)
4(12949 12959 13059 13049)
4(12958 13058 13059 12959)
4(13048 13049 13059 13058)
4(12950 12960 13060 13050)
4(12959 13059 13060 12960)
4(13049 13050 13060 13059)
4(12960 13060 13061 12961)
4(13050 13051 13061 13060)
4(12952 12962 13062 13052)
4(5089 5189 13062 12962)
4(5188 13052 13062 5189)
4(12953 12963 13063 13053)
4(12962 13062 13063 12963)
4(13052 13053 13063 13062)
4(12954 12964 13064 13054)
4(12963 13063 13064 12964)
4(13053 13054 13064 13063)
4(12955 12965 13065 13055)
4(12964 13064 13065 12965)
4(13054 13055 13065 13064)
4(12956 12966 13066 13056)
4(12965 13065 13066 12966)
4(13055 13056 13066 13065)
4(12957 12967 13067 13057)
4(12966 13066 13067 12967)
4(13056 13057 13067 13066)
4(12958 12968 13068 13058)
4(12967 13067 13068 12968)
4(13057 13058 13068 13067)
4(12959 12969 13069 13059)
4(12968 13068 13069 12969)
4(13058 13059 13069 13068)
4(12960 12970 13070 13060)
4(12969 13069 13070 12970)
4(13059 13060 13070 13069)
4(12970 13070 13071 12971)
4(13060 13061 13071 13070)
4(12962 12972 13072 13062)
4(5090 5190 13072 12972)
4(5189 13062 13072 5190)
4(12963 12973 13073 13063)
4(12972 13072 13073 12973)
4(13062 13063 13073 13072)
4(12964 12974 13074 13064)
4(12973 13073 13074 12974)
4(13063 13064 13074 13073)
4(12965 12975 13075 13065)
4(12974 13074 13075 12975)
4(13064 13065 13075 13074)
4(12966 12976 13076 13066)
4(12975 13075 13076 12976)
4(13065 13066 13076 13075)
4(12967 12977 13077 13067)
4(12976 13076 13077 12977)
4(13066 13067 13077 13076)
4(12968 12978 13078 13068)
4(12977 13077 13078 12978)
4(13067 13068 13078 13077)
4(12969 12979 13079 13069)
4(12978 13078 13079 12979)
4(13068 13069 13079 13078)
4(12970 12980 13080 13070)
4(12979 13079 13080 12980)
4(13069 13070 13080 13079)
4(12980 13080 13081 12981)
4(13070 13071 13081 13080)
4(12972 12982 13082 13072)
4(5190 13072 13082 5191)
4(5091 5191 13082 12982)
4(12973 12983 13083 13073)
4(13072 13073 13083 13082)
4(12982 13082 13083 12983)
4(12974 12984 13084 13074)
4(13073 13074 13084 13083)
4(12983 13083 13084 12984)
4(12975 12985 13085 13075)
4(13074 13075 13085 13084)
4(12984 13084 13085 12985)
4(12976 12986 13086 13076)
4(13075 13076 13086 13085)
4(12985 13085 13086 12986)
4(12977 12987 13087 13077)
4(13076 13077 13087 13086)
4(12986 13086 13087 12987)
4(12978 12988 13088 13078)
4(13077 13078 13088 13087)
4(12987 13087 13088 12988)
4(12979 12989 13089 13079)
4(13078 13079 13089 13088)
4(12988 13088 13089 12989)
4(12980 12990 13090 13080)
4(13079 13080 13090 13089)
4(12989 13089 13090 12990)
4(13080 13081 13091 13090)
4(12990 13090 13091 12991)
4(11982 12992 13092 12082)
4(5182 5282 13092 12992)
4(4102 12082 13092 5282)
4(11983 12993 13093 12083)
4(12992 13092 13093 12993)
4(12082 12083 13093 13092)
4(11984 12994 13094 12084)
4(12993 13093 13094 12994)
4(12083 12084 13094 13093)
4(11985 12995 13095 12085)
4(12994 13094 13095 12995)
4(12084 12085 13095 13094)
4(11986 12996 13096 12086)
4(12995 13095 13096 12996)
4(12085 12086 13096 13095)
4(11987 12997 13097 12087)
4(12996 13096 13097 12997)
4(12086 12087 13097 13096)
4(11988 12998 13098 12088)
4(12997 13097 13098 12998)
4(12087 12088 13098 13097)
4(11989 12999 13099 12089)
4(12998 13098 13099 12999)
4(12088 12089 13099 13098)
4(11990 13000 13100 12090)
4(12999 13099 13100 13000)
4(12089 12090 13100 13099)
4(13000 13100 13101 13001)
4(12090 12091 13101 13100)
4(12992 13002 13102 13092)
4(5183 5283 13102 13002)
4(5282 13092 13102 5283)
4(12993 13003 13103 13093)
4(13002 13102 13103 13003)
4(13092 13093 13103 13102)
4(12994 13004 13104 13094)
4(13003 13103 13104 13004)
4(13093 13094 13104 13103)
4(12995 13005 13105 13095)
4(13004 13104 13105 13005)
4(13094 13095 13105 13104)
4(12996 13006 13106 13096)
4(13005 13105 13106 13006)
4(13095 13096 13106 13105)
4(12997 13007 13107 13097)
4(13006 13106 13107 13007)
4(13096 13097 13107 13106)
4(12998 13008 13108 13098)
4(13007 13107 13108 13008)
4(13097 13098 13108 13107)
4(12999 13009 13109 13099)
4(13008 13108 13109 13009)
4(13098 13099 13109 13108)
4(13000 13010 13110 13100)
4(13009 13109 13110 13010)
4(13099 13100 13110 13109)
4(13010 13110 13111 13011)
4(13100 13101 13111 13110)
4(13002 13012 13112 13102)
4(5184 5284 13112 13012)
4(5283 13102 13112 5284)
4(13003 13013 13113 13103)
4(13012 13112 13113 13013)
4(13102 13103 13113 13112)
4(13004 13014 13114 13104)
4(13013 13113 13114 13014)
4(13103 13104 13114 13113)
4(13005 13015 13115 13105)
4(13014 13114 13115 13015)
4(13104 13105 13115 13114)
4(13006 13016 13116 13106)
4(13015 13115 13116 13016)
4(13105 13106 13116 13115)
4(13007 13017 13117 13107)
4(13016 13116 13117 13017)
4(13106 13107 13117 13116)
4(13008 13018 13118 13108)
4(13017 13117 13118 13018)
4(13107 13108 13118 13117)
4(13009 13019 13119 13109)
4(13018 13118 13119 13019)
4(13108 13109 13119 13118)
4(13010 13020 13120 13110)
4(13019 13119 13120 13020)
4(13109 13110 13120 13119)
4(13020 13120 13121 13021)
4(13110 13111 13121 13120)
4(13012 13022 13122 13112)
4(5185 5285 13122 13022)
4(5284 13112 13122 5285)
4(13013 13023 13123 13113)
4(13022 13122 13123 13023)
4(13112 13113 13123 13122)
4(13014 13024 13124 13114)
4(13023 13123 13124 13024)
4(13113 13114 13124 13123)
4(13015 13025 13125 13115)
4(13024 13124 13125 13025)
4(13114 13115 13125 13124)
4(13016 13026 13126 13116)
4(13025 13125 13126 13026)
4(13115 13116 13126 13125)
4(13017 13027 13127 13117)
4(13026 13126 13127 13027)
4(13116 13117 13127 13126)
4(13018 13028 13128 13118)
4(13027 13127 13128 13028)
4(13117 13118 13128 13127)
4(13019 13029 13129 13119)
4(13028 13128 13129 13029)
4(13118 13119 13129 13128)
4(13020 13030 13130 13120)
4(13029 13129 13130 13030)
4(13119 13120 13130 13129)
4(13030 13130 13131 13031)
4(13120 13121 13131 13130)
4(13022 13032 13132 13122)
4(5186 5286 13132 13032)
4(5285 13122 13132 5286)
4(13023 13033 13133 13123)
4(13032 13132 13133 13033)
4(13122 13123 13133 13132)
4(13024 13034 13134 13124)
4(13033 13133 13134 13034)
4(13123 13124 13134 13133)
4(13025 13035 13135 13125)
4(13034 13134 13135 13035)
4(13124 13125 13135 13134)
4(13026 13036 13136 13126)
4(13035 13135 13136 13036)
4(13125 13126 13136 13135)
4(13027 13037 13137 13127)
4(13036 13136 13137 13037)
4(13126 13127 13137 13136)
4(13028 13038 13138 13128)
4(13037 13137 13138 13038)
4(13127 13128 13138 13137)
4(13029 13039 13139 13129)
4(13038 13138 13139 13039)
4(13128 13129 13139 13138)
4(13030 13040 13140 13130)
4(13039 13139 13140 13040)
4(13129 13130 13140 13139)
4(13040 13140 13141 13041)
4(13130 13131 13141 13140)
4(13032 13042 13142 13132)
4(5187 5287 13142 13042)
4(5286 13132 13142 5287)
4(13033 13043 13143 13133)
4(13042 13142 13143 13043)
4(13132 13133 13143 13142)
4(13034 13044 13144 13134)
4(13043 13143 13144 13044)
4(13133 13134 13144 13143)
4(13035 13045 13145 13135)
4(13044 13144 13145 13045)
4(13134 13135 13145 13144)
4(13036 13046 13146 13136)
4(13045 13145 13146 13046)
4(13135 13136 13146 13145)
4(13037 13047 13147 13137)
4(13046 13146 13147 13047)
4(13136 13137 13147 13146)
4(13038 13048 13148 13138)
4(13047 13147 13148 13048)
4(13137 13138 13148 13147)
4(13039 13049 13149 13139)
4(13048 13148 13149 13049)
4(13138 13139 13149 13148)
4(13040 13050 13150 13140)
4(13049 13149 13150 13050)
4(13139 13140 13150 13149)
4(13050 13150 13151 13051)
4(13140 13141 13151 13150)
4(13042 13052 13152 13142)
4(5188 5288 13152 13052)
4(5287 13142 13152 5288)
4(13043 13053 13153 13143)
4(13052 13152 13153 13053)
4(13142 13143 13153 13152)
4(13044 13054 13154 13144)
4(13053 13153 13154 13054)
4(13143 13144 13154 13153)
4(13045 13055 13155 13145)
4(13054 13154 13155 13055)
4(13144 13145 13155 13154)
4(13046 13056 13156 13146)
4(13055 13155 13156 13056)
4(13145 13146 13156 13155)
4(13047 13057 13157 13147)
4(13056 13156 13157 13057)
4(13146 13147 13157 13156)
4(13048 13058 13158 13148)
4(13057 13157 13158 13058)
4(13147 13148 13158 13157)
4(13049 13059 13159 13149)
4(13058 13158 13159 13059)
4(13148 13149 13159 13158)
4(13050 13060 13160 13150)
4(13059 13159 13160 13060)
4(13149 13150 13160 13159)
4(13060 13160 13161 13061)
4(13150 13151 13161 13160)
4(13052 13062 13162 13152)
4(5189 5289 13162 13062)
4(5288 13152 13162 5289)
4(13053 13063 13163 13153)
4(13062 13162 13163 13063)
4(13152 13153 13163 13162)
4(13054 13064 13164 13154)
4(13063 13163 13164 13064)
4(13153 13154 13164 13163)
4(13055 13065 13165 13155)
4(13064 13164 13165 13065)
4(13154 13155 13165 13164)
4(13056 13066 13166 13156)
4(13065 13165 13166 13066)
4(13155 13156 13166 13165)
4(13057 13067 13167 13157)
4(13066 13166 13167 13067)
4(13156 13157 13167 13166)
4(13058 13068 13168 13158)
4(13067 13167 13168 13068)
4(13157 13158 13168 13167)
4(13059 13069 13169 13159)
4(13068 13168 13169 13069)
4(13158 13159 13169 13168)
4(13060 13070 13170 13160)
4(13069 13169 13170 13070)
4(13159 13160 13170 13169)
4(13070 13170 13171 13071)
4(13160 13161 13171 13170)
4(13062 13072 13172 13162)
4(5190 5290 13172 13072)
4(5289 13162 13172 5290)
4(13063 13073 13173 13163)
4(13072 13172 13173 13073)
4(13162 13163 13173 13172)
4(13064 13074 13174 13164)
4(13073 13173 13174 13074)
4(13163 13164 13174 13173)
4(13065 13075 13175 13165)
4(13074 13174 13175 13075)
4(13164 13165 13175 13174)
4(13066 13076 13176 13166)
4(13075 13175 13176 13076)
4(13165 13166 13176 13175)
4(13067 13077 13177 13167)
4(13076 13176 13177 13077)
4(13166 13167 13177 13176)
4(13068 13078 13178 13168)
4(13077 13177 13178 13078)
4(13167 13168 13178 13177)
4(13069 13079 13179 13169)
4(13078 13178 13179 13079)
4(13168 13169 13179 13178)
4(13070 13080 13180 13170)
4(13079 13179 13180 13080)
4(13169 13170 13180 13179)
4(13080 13180 13181 13081)
4(13170 13171 13181 13180)
4(13072 13082 13182 13172)
4(5290 13172 13182 5291)
4(5191 5291 13182 13082)
4(13073 13083 13183 13173)
4(13172 13173 13183 13182)
4(13082 13182 13183 13083)
4(13074 13084 13184 13174)
4(13173 13174 13184 13183)
4(13083 13183 13184 13084)
4(13075 13085 13185 13175)
4(13174 13175 13185 13184)
4(13084 13184 13185 13085)
4(13076 13086 13186 13176)
4(13175 13176 13186 13185)
4(13085 13185 13186 13086)
4(13077 13087 13187 13177)
4(13176 13177 13187 13186)
4(13086 13186 13187 13087)
4(13078 13088 13188 13178)
4(13177 13178 13188 13187)
4(13087 13187 13188 13088)
4(13079 13089 13189 13179)
4(13178 13179 13189 13188)
4(13088 13188 13189 13089)
4(13080 13090 13190 13180)
4(13179 13180 13190 13189)
4(13089 13189 13190 13090)
4(13180 13181 13191 13190)
4(13090 13190 13191 13091)
4(12082 13092 13192 12182)
4(5282 5382 13192 13092)
4(4212 12182 13192 5382)
4(12083 13093 13193 12183)
4(13092 13192 13193 13093)
4(12182 12183 13193 13192)
4(12084 13094 13194 12184)
4(13093 13193 13194 13094)
4(12183 12184 13194 13193)
4(12085 13095 13195 12185)
4(13094 13194 13195 13095)
4(12184 12185 13195 13194)
4(12086 13096 13196 12186)
4(13095 13195 13196 13096)
4(12185 12186 13196 13195)
4(12087 13097 13197 12187)
4(13096 13196 13197 13097)
4(12186 12187 13197 13196)
4(12088 13098 13198 12188)
4(13097 13197 13198 13098)
4(12187 12188 13198 13197)
4(12089 13099 13199 12189)
4(13098 13198 13199 13099)
4(12188 12189 13199 13198)
4(12090 13100 13200 12190)
4(13099 13199 13200 13100)
4(12189 12190 13200 13199)
4(13100 13200 13201 13101)
4(12190 12191 13201 13200)
4(13092 13102 13202 13192)
4(5283 5383 13202 13102)
4(5382 13192 13202 5383)
4(13093 13103 13203 13193)
4(13102 13202 13203 13103)
4(13192 13193 13203 13202)
4(13094 13104 13204 13194)
4(13103 13203 13204 13104)
4(13193 13194 13204 13203)
4(13095 13105 13205 13195)
4(13104 13204 13205 13105)
4(13194 13195 13205 13204)
4(13096 13106 13206 13196)
4(13105 13205 13206 13106)
4(13195 13196 13206 13205)
4(13097 13107 13207 13197)
4(13106 13206 13207 13107)
4(13196 13197 13207 13206)
4(13098 13108 13208 13198)
4(13107 13207 13208 13108)
4(13197 13198 13208 13207)
4(13099 13109 13209 13199)
4(13108 13208 13209 13109)
4(13198 13199 13209 13208)
4(13100 13110 13210 13200)
4(13109 13209 13210 13110)
4(13199 13200 13210 13209)
4(13110 13210 13211 13111)
4(13200 13201 13211 13210)
4(13102 13112 13212 13202)
4(5284 5384 13212 13112)
4(5383 13202 13212 5384)
4(13103 13113 13213 13203)
4(13112 13212 13213 13113)
4(13202 13203 13213 13212)
4(13104 13114 13214 13204)
4(13113 13213 13214 13114)
4(13203 13204 13214 13213)
4(13105 13115 13215 13205)
4(13114 13214 13215 13115)
4(13204 13205 13215 13214)
4(13106 13116 13216 13206)
4(13115 13215 13216 13116)
4(13205 13206 13216 13215)
4(13107 13117 13217 13207)
4(13116 13216 13217 13117)
4(13206 13207 13217 13216)
4(13108 13118 13218 13208)
4(13117 13217 13218 13118)
4(13207 13208 13218 13217)
4(13109 13119 13219 13209)
4(13118 13218 13219 13119)
4(13208 13209 13219 13218)
4(13110 13120 13220 13210)
4(13119 13219 13220 13120)
4(13209 13210 13220 13219)
4(13120 13220 13221 13121)
4(13210 13211 13221 13220)
4(13112 13122 13222 13212)
4(5285 5385 13222 13122)
4(5384 13212 13222 5385)
4(13113 13123 13223 13213)
4(13122 13222 13223 13123)
4(13212 13213 13223 13222)
4(13114 13124 13224 13214)
4(13123 13223 13224 13124)
4(13213 13214 13224 13223)
4(13115 13125 13225 13215)
4(13124 13224 13225 13125)
4(13214 13215 13225 13224)
4(13116 13126 13226 13216)
4(13125 13225 13226 13126)
4(13215 13216 13226 13225)
4(13117 13127 13227 13217)
4(13126 13226 13227 13127)
4(13216 13217 13227 13226)
4(13118 13128 13228 13218)
4(13127 13227 13228 13128)
4(13217 13218 13228 13227)
4(13119 13129 13229 13219)
4(13128 13228 13229 13129)
4(13218 13219 13229 13228)
4(13120 13130 13230 13220)
4(13129 13229 13230 13130)
4(13219 13220 13230 13229)
4(13130 13230 13231 13131)
4(13220 13221 13231 13230)
4(13122 13132 13232 13222)
4(5286 5386 13232 13132)
4(5385 13222 13232 5386)
4(13123 13133 13233 13223)
4(13132 13232 13233 13133)
4(13222 13223 13233 13232)
4(13124 13134 13234 13224)
4(13133 13233 13234 13134)
4(13223 13224 13234 13233)
4(13125 13135 13235 13225)
4(13134 13234 13235 13135)
4(13224 13225 13235 13234)
4(13126 13136 13236 13226)
4(13135 13235 13236 13136)
4(13225 13226 13236 13235)
4(13127 13137 13237 13227)
4(13136 13236 13237 13137)
4(13226 13227 13237 13236)
4(13128 13138 13238 13228)
4(13137 13237 13238 13138)
4(13227 13228 13238 13237)
4(13129 13139 13239 13229)
4(13138 13238 13239 13139)
4(13228 13229 13239 13238)
4(13130 13140 13240 13230)
4(13139 13239 13240 13140)
4(13229 13230 13240 13239)
4(13140 13240 13241 13141)
4(13230 13231 13241 13240)
4(13132 13142 13242 13232)
4(5287 5387 13242 13142)
4(5386 13232 13242 5387)
4(13133 13143 13243 13233)
4(13142 13242 13243 13143)
4(13232 13233 13243 13242)
4(13134 13144 13244 13234)
4(13143 13243 13244 13144)
4(13233 13234 13244 13243)
4(13135 13145 13245 13235)
4(13144 13244 13245 13145)
4(13234 13235 13245 13244)
4(13136 13146 13246 13236)
4(13145 13245 13246 13146)
4(13235 13236 13246 13245)
4(13137 13147 13247 13237)
4(13146 13246 13247 13147)
4(13236 13237 13247 13246)
4(13138 13148 13248 13238)
4(13147 13247 13248 13148)
4(13237 13238 13248 13247)
4(13139 13149 13249 13239)
4(13148 13248 13249 13149)
4(13238 13239 13249 13248)
4(13140 13150 13250 13240)
4(13149 13249 13250 13150)
4(13239 13240 13250 13249)
4(13150 13250 13251 13151)
4(13240 13241 13251 13250)
4(13142 13152 13252 13242)
4(5288 5388 13252 13152)
4(5387 13242 13252 5388)
4(13143 13153 13253 13243)
4(13152 13252 13253 13153)
4(13242 13243 13253 13252)
4(13144 13154 13254 13244)
4(13153 13253 13254 13154)
4(13243 13244 13254 13253)
4(13145 13155 13255 13245)
4(13154 13254 13255 13155)
4(13244 13245 13255 13254)
4(13146 13156 13256 13246)
4(13155 13255 13256 13156)
4(13245 13246 13256 13255)
4(13147 13157 13257 13247)
4(13156 13256 13257 13157)
4(13246 13247 13257 13256)
4(13148 13158 13258 13248)
4(13157 13257 13258 13158)
4(13247 13248 13258 13257)
4(13149 13159 13259 13249)
4(13158 13258 13259 13159)
4(13248 13249 13259 13258)
4(13150 13160 13260 13250)
4(13159 13259 13260 13160)
4(13249 13250 13260 13259)
4(13160 13260 13261 13161)
4(13250 13251 13261 13260)
4(13152 13162 13262 13252)
4(5289 5389 13262 13162)
4(5388 13252 13262 5389)
4(13153 13163 13263 13253)
4(13162 13262 13263 13163)
4(13252 13253 13263 13262)
4(13154 13164 13264 13254)
4(13163 13263 13264 13164)
4(13253 13254 13264 13263)
4(13155 13165 13265 13255)
4(13164 13264 13265 13165)
4(13254 13255 13265 13264)
4(13156 13166 13266 13256)
4(13165 13265 13266 13166)
4(13255 13256 13266 13265)
4(13157 13167 13267 13257)
4(13166 13266 13267 13167)
4(13256 13257 13267 13266)
4(13158 13168 13268 13258)
4(13167 13267 13268 13168)
4(13257 13258 13268 13267)
4(13159 13169 13269 13259)
4(13168 13268 13269 13169)
4(13258 13259 13269 13268)
4(13160 13170 13270 13260)
4(13169 13269 13270 13170)
4(13259 13260 13270 13269)
4(13170 13270 13271 13171)
4(13260 13261 13271 13270)
4(13162 13172 13272 13262)
4(5290 5390 13272 13172)
4(5389 13262 13272 5390)
4(13163 13173 13273 13263)
4(13172 13272 13273 13173)
4(13262 13263 13273 13272)
4(13164 13174 13274 13264)
4(13173 13273 13274 13174)
4(13263 13264 13274 13273)
4(13165 13175 13275 13265)
4(13174 13274 13275 13175)
4(13264 13265 13275 13274)
4(13166 13176 13276 13266)
4(13175 13275 13276 13176)
4(13265 13266 13276 13275)
4(13167 13177 13277 13267)
4(13176 13276 13277 13177)
4(13266 13267 13277 13276)
4(13168 13178 13278 13268)
4(13177 13277 13278 13178)
4(13267 13268 13278 13277)
4(13169 13179 13279 13269)
4(13178 13278 13279 13179)
4(13268 13269 13279 13278)
4(13170 13180 13280 13270)
4(13179 13279 13280 13180)
4(13269 13270 13280 13279)
4(13180 13280 13281 13181)
4(13270 13271 13281 13280)
4(13172 13182 13282 13272)
4(5390 13272 13282 5391)
4(5291 5391 13282 13182)
4(13173 13183 13283 13273)
4(13272 13273 13283 13282)
4(13182 13282 13283 13183)
4(13174 13184 13284 13274)
4(13273 13274 13284 13283)
4(13183 13283 13284 13184)
4(13175 13185 13285 13275)
4(13274 13275 13285 13284)
4(13184 13284 13285 13185)
4(13176 13186 13286 13276)
4(13275 13276 13286 13285)
4(13185 13285 13286 13186)
4(13177 13187 13287 13277)
4(13276 13277 13287 13286)
4(13186 13286 13287 13187)
4(13178 13188 13288 13278)
4(13277 13278 13288 13287)
4(13187 13287 13288 13188)
4(13179 13189 13289 13279)
4(13278 13279 13289 13288)
4(13188 13288 13289 13189)
4(13180 13190 13290 13280)
4(13279 13280 13290 13289)
4(13189 13289 13290 13190)
4(13280 13281 13291 13290)
4(13190 13290 13291 13191)
4(12182 13192 13292 12282)
4(5382 5482 13292 13192)
4(4322 12282 13292 5482)
4(12183 13193 13293 12283)
4(13192 13292 13293 13193)
4(12282 12283 13293 13292)
4(12184 13194 13294 12284)
4(13193 13293 13294 13194)
4(12283 12284 13294 13293)
4(12185 13195 13295 12285)
4(13194 13294 13295 13195)
4(12284 12285 13295 13294)
4(12186 13196 13296 12286)
4(13195 13295 13296 13196)
4(12285 12286 13296 13295)
4(12187 13197 13297 12287)
4(13196 13296 13297 13197)
4(12286 12287 13297 13296)
4(12188 13198 13298 12288)
4(13197 13297 13298 13198)
4(12287 12288 13298 13297)
4(12189 13199 13299 12289)
4(13198 13298 13299 13199)
4(12288 12289 13299 13298)
4(12190 13200 13300 12290)
4(13199 13299 13300 13200)
4(12289 12290 13300 13299)
4(13200 13300 13301 13201)
4(12290 12291 13301 13300)
4(13192 13202 13302 13292)
4(5383 5483 13302 13202)
4(5482 13292 13302 5483)
4(13193 13203 13303 13293)
4(13202 13302 13303 13203)
4(13292 13293 13303 13302)
4(13194 13204 13304 13294)
4(13203 13303 13304 13204)
4(13293 13294 13304 13303)
4(13195 13205 13305 13295)
4(13204 13304 13305 13205)
4(13294 13295 13305 13304)
4(13196 13206 13306 13296)
4(13205 13305 13306 13206)
4(13295 13296 13306 13305)
4(13197 13207 13307 13297)
4(13206 13306 13307 13207)
4(13296 13297 13307 13306)
4(13198 13208 13308 13298)
4(13207 13307 13308 13208)
4(13297 13298 13308 13307)
4(13199 13209 13309 13299)
4(13208 13308 13309 13209)
4(13298 13299 13309 13308)
4(13200 13210 13310 13300)
4(13209 13309 13310 13210)
4(13299 13300 13310 13309)
4(13210 13310 13311 13211)
4(13300 13301 13311 13310)
4(13202 13212 13312 13302)
4(5384 5484 13312 13212)
4(5483 13302 13312 5484)
4(13203 13213 13313 13303)
4(13212 13312 13313 13213)
4(13302 13303 13313 13312)
4(13204 13214 13314 13304)
4(13213 13313 13314 13214)
4(13303 13304 13314 13313)
4(13205 13215 13315 13305)
4(13214 13314 13315 13215)
4(13304 13305 13315 13314)
4(13206 13216 13316 13306)
4(13215 13315 13316 13216)
4(13305 13306 13316 13315)
4(13207 13217 13317 13307)
4(13216 13316 13317 13217)
4(13306 13307 13317 13316)
4(13208 13218 13318 13308)
4(13217 13317 13318 13218)
4(13307 13308 13318 13317)
4(13209 13219 13319 13309)
4(13218 13318 13319 13219)
4(13308 13309 13319 13318)
4(13210 13220 13320 13310)
4(13219 13319 13320 13220)
4(13309 13310 13320 13319)
4(13220 13320 13321 13221)
4(13310 13311 13321 13320)
4(13212 13222 13322 13312)
4(5385 5485 13322 13222)
4(5484 13312 13322 5485)
4(13213 13223 13323 13313)
4(13222 13322 13323 13223)
4(13312 13313 13323 13322)
4(13214 13224 13324 13314)
4(13223 13323 13324 13224)
4(13313 13314 13324 13323)
4(13215 13225 13325 13315)
4(13224 13324 13325 13225)
4(13314 13315 13325 13324)
4(13216 13226 13326 13316)
4(13225 13325 13326 13226)
4(13315 13316 13326 13325)
4(13217 13227 13327 13317)
4(13226 13326 13327 13227)
4(13316 13317 13327 13326)
4(13218 13228 13328 13318)
4(13227 13327 13328 13228)
4(13317 13318 13328 13327)
4(13219 13229 13329 13319)
4(13228 13328 13329 13229)
4(13318 13319 13329 13328)
4(13220 13230 13330 13320)
4(13229 13329 13330 13230)
4(13319 13320 13330 13329)
4(13230 13330 13331 13231)
4(13320 13321 13331 13330)
4(13222 13232 13332 13322)
4(5386 5486 13332 13232)
4(5485 13322 13332 5486)
4(13223 13233 13333 13323)
4(13232 13332 13333 13233)
4(13322 13323 13333 13332)
4(13224 13234 13334 13324)
4(13233 13333 13334 13234)
4(13323 13324 13334 13333)
4(13225 13235 13335 13325)
4(13234 13334 13335 13235)
4(13324 13325 13335 13334)
4(13226 13236 13336 13326)
4(13235 13335 13336 13236)
4(13325 13326 13336 13335)
4(13227 13237 13337 13327)
4(13236 13336 13337 13237)
4(13326 13327 13337 13336)
4(13228 13238 13338 13328)
4(13237 13337 13338 13238)
4(13327 13328 13338 13337)
4(13229 13239 13339 13329)
4(13238 13338 13339 13239)
4(13328 13329 13339 13338)
4(13230 13240 13340 13330)
4(13239 13339 13340 13240)
4(13329 13330 13340 13339)
4(13240 13340 13341 13241)
4(13330 13331 13341 13340)
4(13232 13242 13342 13332)
4(5387 5487 13342 13242)
4(5486 13332 13342 5487)
4(13233 13243 13343 13333)
4(13242 13342 13343 13243)
4(13332 13333 13343 13342)
4(13234 13244 13344 13334)
4(13243 13343 13344 13244)
4(13333 13334 13344 13343)
4(13235 13245 13345 13335)
4(13244 13344 13345 13245)
4(13334 13335 13345 13344)
4(13236 13246 13346 13336)
4(13245 13345 13346 13246)
4(13335 13336 13346 13345)
4(13237 13247 13347 13337)
4(13246 13346 13347 13247)
4(13336 13337 13347 13346)
4(13238 13248 13348 13338)
4(13247 13347 13348 13248)
4(13337 13338 13348 13347)
4(13239 13249 13349 13339)
4(13248 13348 13349 13249)
4(13338 13339 13349 13348)
4(13240 13250 13350 13340)
4(13249 13349 13350 13250)
4(13339 13340 13350 13349)
4(13250 13350 13351 13251)
4(13340 13341 13351 13350)
4(13242 13252 13352 13342)
4(5388 5488 13352 13252)
4(5487 13342 13352 5488)
4(13243 13253 13353 13343)
4(13252 13352 13353 13253)
4(13342 13343 13353 13352)
4(13244 13254 13354 13344)
4(13253 13353 13354 13254)
4(13343 13344 13354 13353)
4(13245 13255 13355 13345)
4(13254 13354 13355 13255)
4(13344 13345 13355 13354)
4(13246 13256 13356 13346)
4(13255 13355 13356 13256)
4(13345 13346 13356 13355)
4(13247 13257 13357 13347)
4(13256 13356 13357 13257)
4(13346 13347 13357 13356)
4(13248 13258 13358 13348)
4(13257 13357 13358 13258)
4(13347 13348 13358 13357)
4(13249 13259 13359 13349)
4(13258 13358 13359 13259)
4(13348 13349 13359 13358)
4(13250 13260 13360 13350)
4(13259 13359 13360 13260)
4(13349 13350 13360 13359)
4(13260 13360 13361 13261)
4(13350 13351 13361 13360)
4(13252 13262 13362 13352)
4(5389 5489 13362 13262)
4(5488 13352 13362 5489)
4(13253 13263 13363 13353)
4(13262 13362 13363 13263)
4(13352 13353 13363 13362)
4(13254 13264 13364 13354)
4(13263 13363 13364 13264)
4(13353 13354 13364 13363)
4(13255 13265 13365 13355)
4(13264 13364 13365 13265)
4(13354 13355 13365 13364)
4(13256 13266 13366 13356)
4(13265 13365 13366 13266)
4(13355 13356 13366 13365)
4(13257 13267 13367 13357)
4(13266 13366 13367 13267)
4(13356 13357 13367 13366)
4(13258 13268 13368 13358)
4(13267 13367 13368 13268)
4(13357 13358 13368 13367)
4(13259 13269 13369 13359)
4(13268 13368 13369 13269)
4(13358 13359 13369 13368)
4(13260 13270 13370 13360)
4(13269 13369 13370 13270)
4(13359 13360 13370 13369)
4(13270 13370 13371 13271)
4(13360 13361 13371 13370)
4(13262 13272 13372 13362)
4(5390 5490 13372 13272)
4(5489 13362 13372 5490)
4(13263 13273 13373 13363)
4(13272 13372 13373 13273)
4(13362 13363 13373 13372)
4(13264 13274 13374 13364)
4(13273 13373 13374 13274)
4(13363 13364 13374 13373)
4(13265 13275 13375 13365)
4(13274 13374 13375 13275)
4(13364 13365 13375 13374)
4(13266 13276 13376 13366)
4(13275 13375 13376 13276)
4(13365 13366 13376 13375)
4(13267 13277 13377 13367)
4(13276 13376 13377 13277)
4(13366 13367 13377 13376)
4(13268 13278 13378 13368)
4(13277 13377 13378 13278)
4(13367 13368 13378 13377)
4(13269 13279 13379 13369)
4(13278 13378 13379 13279)
4(13368 13369 13379 13378)
4(13270 13280 13380 13370)
4(13279 13379 13380 13280)
4(13369 13370 13380 13379)
4(13280 13380 13381 13281)
4(13370 13371 13381 13380)
4(13272 13282 13382 13372)
4(5490 13372 13382 5491)
4(5391 5491 13382 13282)
4(13273 13283 13383 13373)
4(13372 13373 13383 13382)
4(13282 13382 13383 13283)
4(13274 13284 13384 13374)
4(13373 13374 13384 13383)
4(13283 13383 13384 13284)
4(13275 13285 13385 13375)
4(13374 13375 13385 13384)
4(13284 13384 13385 13285)
4(13276 13286 13386 13376)
4(13375 13376 13386 13385)
4(13285 13385 13386 13286)
4(13277 13287 13387 13377)
4(13376 13377 13387 13386)
4(13286 13386 13387 13287)
4(13278 13288 13388 13378)
4(13377 13378 13388 13387)
4(13287 13387 13388 13288)
4(13279 13289 13389 13379)
4(13378 13379 13389 13388)
4(13288 13388 13389 13289)
4(13280 13290 13390 13380)
4(13379 13380 13390 13389)
4(13289 13389 13390 13290)
4(13380 13381 13391 13390)
4(13290 13390 13391 13291)
4(12282 13292 13392 12382)
4(5482 5582 13392 13292)
4(4432 12382 13392 5582)
4(12283 13293 13393 12383)
4(13292 13392 13393 13293)
4(12382 12383 13393 13392)
4(12284 13294 13394 12384)
4(13293 13393 13394 13294)
4(12383 12384 13394 13393)
4(12285 13295 13395 12385)
4(13294 13394 13395 13295)
4(12384 12385 13395 13394)
4(12286 13296 13396 12386)
4(13295 13395 13396 13296)
4(12385 12386 13396 13395)
4(12287 13297 13397 12387)
4(13296 13396 13397 13297)
4(12386 12387 13397 13396)
4(12288 13298 13398 12388)
4(13297 13397 13398 13298)
4(12387 12388 13398 13397)
4(12289 13299 13399 12389)
4(13298 13398 13399 13299)
4(12388 12389 13399 13398)
4(12290 13300 13400 12390)
4(13299 13399 13400 13300)
4(12389 12390 13400 13399)
4(13300 13400 13401 13301)
4(12390 12391 13401 13400)
4(13292 13302 13402 13392)
4(5483 5583 13402 13302)
4(5582 13392 13402 5583)
4(13293 13303 13403 13393)
4(13302 13402 13403 13303)
4(13392 13393 13403 13402)
4(13294 13304 13404 13394)
4(13303 13403 13404 13304)
4(13393 13394 13404 13403)
4(13295 13305 13405 13395)
4(13304 13404 13405 13305)
4(13394 13395 13405 13404)
4(13296 13306 13406 13396)
4(13305 13405 13406 13306)
4(13395 13396 13406 13405)
4(13297 13307 13407 13397)
4(13306 13406 13407 13307)
4(13396 13397 13407 13406)
4(13298 13308 13408 13398)
4(13307 13407 13408 13308)
4(13397 13398 13408 13407)
4(13299 13309 13409 13399)
4(13308 13408 13409 13309)
4(13398 13399 13409 13408)
4(13300 13310 13410 13400)
4(13309 13409 13410 13310)
4(13399 13400 13410 13409)
4(13310 13410 13411 13311)
4(13400 13401 13411 13410)
4(13302 13312 13412 13402)
4(5484 5584 13412 13312)
4(5583 13402 13412 5584)
4(13303 13313 13413 13403)
4(13312 13412 13413 13313)
4(13402 13403 13413 13412)
4(13304 13314 13414 13404)
4(13313 13413 13414 13314)
4(13403 13404 13414 13413)
4(13305 13315 13415 13405)
4(13314 13414 13415 13315)
4(13404 13405 13415 13414)
4(13306 13316 13416 13406)
4(13315 13415 13416 13316)
4(13405 13406 13416 13415)
4(13307 13317 13417 13407)
4(13316 13416 13417 13317)
4(13406 13407 13417 13416)
4(13308 13318 13418 13408)
4(13317 13417 13418 13318)
4(13407 13408 13418 13417)
4(13309 13319 13419 13409)
4(13318 13418 13419 13319)
4(13408 13409 13419 13418)
4(13310 13320 13420 13410)
4(13319 13419 13420 13320)
4(13409 13410 13420 13419)
4(13320 13420 13421 13321)
4(13410 13411 13421 13420)
4(13312 13322 13422 13412)
4(5485 5585 13422 13322)
4(5584 13412 13422 5585)
4(13313 13323 13423 13413)
4(13322 13422 13423 13323)
4(13412 13413 13423 13422)
4(13314 13324 13424 13414)
4(13323 13423 13424 13324)
4(13413 13414 13424 13423)
4(13315 13325 13425 13415)
4(13324 13424 13425 13325)
4(13414 13415 13425 13424)
4(13316 13326 13426 13416)
4(13325 13425 13426 13326)
4(13415 13416 13426 13425)
4(13317 13327 13427 13417)
4(13326 13426 13427 13327)
4(13416 13417 13427 13426)
4(13318 13328 13428 13418)
4(13327 13427 13428 13328)
4(13417 13418 13428 13427)
4(13319 13329 13429 13419)
4(13328 13428 13429 13329)
4(13418 13419 13429 13428)
4(13320 13330 13430 13420)
4(13329 13429 13430 13330)
4(13419 13420 13430 13429)
4(13330 13430 13431 13331)
4(13420 13421 13431 13430)
4(13322 13332 13432 13422)
4(5486 5586 13432 13332)
4(5585 13422 13432 5586)
4(13323 13333 13433 13423)
4(13332 13432 13433 13333)
4(13422 13423 13433 13432)
4(13324 13334 13434 13424)
4(13333 13433 13434 13334)
4(13423 13424 13434 13433)
4(13325 13335 13435 13425)
4(13334 13434 13435 13335)
4(13424 13425 13435 13434)
4(13326 13336 13436 13426)
4(13335 13435 13436 13336)
4(13425 13426 13436 13435)
4(13327 13337 13437 13427)
4(13336 13436 13437 13337)
4(13426 13427 13437 13436)
4(13328 13338 13438 13428)
4(13337 13437 13438 13338)
4(13427 13428 13438 13437)
4(13329 13339 13439 13429)
4(13338 13438 13439 13339)
4(13428 13429 13439 13438)
4(13330 13340 13440 13430)
4(13339 13439 13440 13340)
4(13429 13430 13440 13439)
4(13340 13440 13441 13341)
4(13430 13431 13441 13440)
4(13332 13342 13442 13432)
4(5487 5587 13442 13342)
4(5586 13432 13442 5587)
4(13333 13343 13443 13433)
4(13342 13442 13443 13343)
4(13432 13433 13443 13442)
4(13334 13344 13444 13434)
4(13343 13443 13444 13344)
4(13433 13434 13444 13443)
4(13335 13345 13445 13435)
4(13344 13444 13445 13345)
4(13434 13435 13445 13444)
4(13336 13346 13446 13436)
4(13345 13445 13446 13346)
4(13435 13436 13446 13445)
4(13337 13347 13447 13437)
4(13346 13446 13447 13347)
4(13436 13437 13447 13446)
4(13338 13348 13448 13438)
4(13347 13447 13448 13348)
4(13437 13438 13448 13447)
4(13339 13349 13449 13439)
4(13348 13448 13449 13349)
4(13438 13439 13449 13448)
4(13340 13350 13450 13440)
4(13349 13449 13450 13350)
4(13439 13440 13450 13449)
4(13350 13450 13451 13351)
4(13440 13441 13451 13450)
4(13342 13352 13452 13442)
4(5488 5588 13452 13352)
4(5587 13442 13452 5588)
4(13343 13353 13453 13443)
4(13352 13452 13453 13353)
4(13442 13443 13453 13452)
4(13344 13354 13454 13444)
4(13353 13453 13454 13354)
4(13443 13444 13454 13453)
4(13345 13355 13455 13445)
4(13354 13454 13455 13355)
4(13444 13445 13455 13454)
4(13346 13356 13456 13446)
4(13355 13455 13456 13356)
4(13445 13446 13456 13455)
4(13347 13357 13457 13447)
4(13356 13456 13457 13357)
4(13446 13447 13457 13456)
4(13348 13358 13458 13448)
4(13357 13457 13458 13358)
4(13447 13448 13458 13457)
4(13349 13359 13459 13449)
4(13358 13458 13459 13359)
4(13448 13449 13459 13458)
4(13350 13360 13460 13450)
4(13359 13459 13460 13360)
4(13449 13450 13460 13459)
4(13360 13460 13461 13361)
4(13450 13451 13461 13460)
4(13352 13362 13462 13452)
4(5489 5589 13462 13362)
4(5588 13452 13462 5589)
4(13353 13363 13463 13453)
4(13362 13462 13463 13363)
4(13452 13453 13463 13462)
4(13354 13364 13464 13454)
4(13363 13463 13464 13364)
4(13453 13454 13464 13463)
4(13355 13365 13465 13455)
4(13364 13464 13465 13365)
4(13454 13455 13465 13464)
4(13356 13366 13466 13456)
4(13365 13465 13466 13366)
4(13455 13456 13466 13465)
4(13357 13367 13467 13457)
4(13366 13466 13467 13367)
4(13456 13457 13467 13466)
4(13358 13368 13468 13458)
4(13367 13467 13468 13368)
4(13457 13458 13468 13467)
4(13359 13369 13469 13459)
4(13368 13468 13469 13369)
4(13458 13459 13469 13468)
4(13360 13370 13470 13460)
4(13369 13469 13470 13370)
4(13459 13460 13470 13469)
4(13370 13470 13471 13371)
4(13460 13461 13471 13470)
4(13362 13372 13472 13462)
4(5490 5590 13472 13372)
4(5589 13462 13472 5590)
4(13363 13373 13473 13463)
4(13372 13472 13473 13373)
4(13462 13463 13473 13472)
4(13364 13374 13474 13464)
4(13373 13473 13474 13374)
4(13463 13464 13474 13473)
4(13365 13375 13475 13465)
4(13374 13474 13475 13375)
4(13464 13465 13475 13474)
4(13366 13376 13476 13466)
4(13375 13475 13476 13376)
4(13465 13466 13476 13475)
4(13367 13377 13477 13467)
4(13376 13476 13477 13377)
4(13466 13467 13477 13476)
4(13368 13378 13478 13468)
4(13377 13477 13478 13378)
4(13467 13468 13478 13477)
4(13369 13379 13479 13469)
4(13378 13478 13479 13379)
4(13468 13469 13479 13478)
4(13370 13380 13480 13470)
4(13379 13479 13480 13380)
4(13469 13470 13480 13479)
4(13380 13480 13481 13381)
4(13470 13471 13481 13480)
4(13372 13382 13482 13472)
4(5590 13472 13482 5591)
4(5491 5591 13482 13382)
4(13373 13383 13483 13473)
4(13472 13473 13483 13482)
4(13382 13482 13483 13383)
4(13374 13384 13484 13474)
4(13473 13474 13484 13483)
4(13383 13483 13484 13384)
4(13375 13385 13485 13475)
4(13474 13475 13485 13484)
4(13384 13484 13485 13385)
4(13376 13386 13486 13476)
4(13475 13476 13486 13485)
4(13385 13485 13486 13386)
4(13377 13387 13487 13477)
4(13476 13477 13487 13486)
4(13386 13486 13487 13387)
4(13378 13388 13488 13478)
4(13477 13478 13488 13487)
4(13387 13487 13488 13388)
4(13379 13389 13489 13479)
4(13478 13479 13489 13488)
4(13388 13488 13489 13389)
4(13380 13390 13490 13480)
4(13479 13480 13490 13489)
4(13389 13489 13490 13390)
4(13480 13481 13491 13490)
4(13390 13490 13491 13391)
4(12382 13392 13492 12482)
4(5582 5682 13492 13392)
4(4542 12482 13492 5682)
4(12383 13393 13493 12483)
4(13392 13492 13493 13393)
4(12482 12483 13493 13492)
4(12384 13394 13494 12484)
4(13393 13493 13494 13394)
4(12483 12484 13494 13493)
4(12385 13395 13495 12485)
4(13394 13494 13495 13395)
4(12484 12485 13495 13494)
4(12386 13396 13496 12486)
4(13395 13495 13496 13396)
4(12485 12486 13496 13495)
4(12387 13397 13497 12487)
4(13396 13496 13497 13397)
4(12486 12487 13497 13496)
4(12388 13398 13498 12488)
4(13397 13497 13498 13398)
4(12487 12488 13498 13497)
4(12389 13399 13499 12489)
4(13398 13498 13499 13399)
4(12488 12489 13499 13498)
4(12390 13400 13500 12490)
4(13399 13499 13500 13400)
4(12489 12490 13500 13499)
4(13400 13500 13501 13401)
4(12490 12491 13501 13500)
4(13392 13402 13502 13492)
4(5583 5683 13502 13402)
4(5682 13492 13502 5683)
4(13393 13403 13503 13493)
4(13402 13502 13503 13403)
4(13492 13493 13503 13502)
4(13394 13404 13504 13494)
4(13403 13503 13504 13404)
4(13493 13494 13504 13503)
4(13395 13405 13505 13495)
4(13404 13504 13505 13405)
4(13494 13495 13505 13504)
4(13396 13406 13506 13496)
4(13405 13505 13506 13406)
4(13495 13496 13506 13505)
4(13397 13407 13507 13497)
4(13406 13506 13507 13407)
4(13496 13497 13507 13506)
4(13398 13408 13508 13498)
4(13407 13507 13508 13408)
4(13497 13498 13508 13507)
4(13399 13409 13509 13499)
4(13408 13508 13509 13409)
4(13498 13499 13509 13508)
4(13400 13410 13510 13500)
4(13409 13509 13510 13410)
4(13499 13500 13510 13509)
4(13410 13510 13511 13411)
4(13500 13501 13511 13510)
4(13402 13412 13512 13502)
4(5584 5684 13512 13412)
4(5683 13502 13512 5684)
4(13403 13413 13513 13503)
4(13412 13512 13513 13413)
4(13502 13503 13513 13512)
4(13404 13414 13514 13504)
4(13413 13513 13514 13414)
4(13503 13504 13514 13513)
4(13405 13415 13515 13505)
4(13414 13514 13515 13415)
4(13504 13505 13515 13514)
4(13406 13416 13516 13506)
4(13415 13515 13516 13416)
4(13505 13506 13516 13515)
4(13407 13417 13517 13507)
4(13416 13516 13517 13417)
4(13506 13507 13517 13516)
4(13408 13418 13518 13508)
4(13417 13517 13518 13418)
4(13507 13508 13518 13517)
4(13409 13419 13519 13509)
4(13418 13518 13519 13419)
4(13508 13509 13519 13518)
4(13410 13420 13520 13510)
4(13419 13519 13520 13420)
4(13509 13510 13520 13519)
4(13420 13520 13521 13421)
4(13510 13511 13521 13520)
4(13412 13422 13522 13512)
4(5585 5685 13522 13422)
4(5684 13512 13522 5685)
4(13413 13423 13523 13513)
4(13422 13522 13523 13423)
4(13512 13513 13523 13522)
4(13414 13424 13524 13514)
4(13423 13523 13524 13424)
4(13513 13514 13524 13523)
4(13415 13425 13525 13515)
4(13424 13524 13525 13425)
4(13514 13515 13525 13524)
4(13416 13426 13526 13516)
4(13425 13525 13526 13426)
4(13515 13516 13526 13525)
4(13417 13427 13527 13517)
4(13426 13526 13527 13427)
4(13516 13517 13527 13526)
4(13418 13428 13528 13518)
4(13427 13527 13528 13428)
4(13517 13518 13528 13527)
4(13419 13429 13529 13519)
4(13428 13528 13529 13429)
4(13518 13519 13529 13528)
4(13420 13430 13530 13520)
4(13429 13529 13530 13430)
4(13519 13520 13530 13529)
4(13430 13530 13531 13431)
4(13520 13521 13531 13530)
4(13422 13432 13532 13522)
4(5586 5686 13532 13432)
4(5685 13522 13532 5686)
4(13423 13433 13533 13523)
4(13432 13532 13533 13433)
4(13522 13523 13533 13532)
4(13424 13434 13534 13524)
4(13433 13533 13534 13434)
4(13523 13524 13534 13533)
4(13425 13435 13535 13525)
4(13434 13534 13535 13435)
4(13524 13525 13535 13534)
4(13426 13436 13536 13526)
4(13435 13535 13536 13436)
4(13525 13526 13536 13535)
4(13427 13437 13537 13527)
4(13436 13536 13537 13437)
4(13526 13527 13537 13536)
4(13428 13438 13538 13528)
4(13437 13537 13538 13438)
4(13527 13528 13538 13537)
4(13429 13439 13539 13529)
4(13438 13538 13539 13439)
4(13528 13529 13539 13538)
4(13430 13440 13540 13530)
4(13439 13539 13540 13440)
4(13529 13530 13540 13539)
4(13440 13540 13541 13441)
4(13530 13531 13541 13540)
4(13432 13442 13542 13532)
4(5587 5687 13542 13442)
4(5686 13532 13542 5687)
4(13433 13443 13543 13533)
4(13442 13542 13543 13443)
4(13532 13533 13543 13542)
4(13434 13444 13544 13534)
4(13443 13543 13544 13444)
4(13533 13534 13544 13543)
4(13435 13445 13545 13535)
4(13444 13544 13545 13445)
4(13534 13535 13545 13544)
4(13436 13446 13546 13536)
4(13445 13545 13546 13446)
4(13535 13536 13546 13545)
4(13437 13447 13547 13537)
4(13446 13546 13547 13447)
4(13536 13537 13547 13546)
4(13438 13448 13548 13538)
4(13447 13547 13548 13448)
4(13537 13538 13548 13547)
4(13439 13449 13549 13539)
4(13448 13548 13549 13449)
4(13538 13539 13549 13548)
4(13440 13450 13550 13540)
4(13449 13549 13550 13450)
4(13539 13540 13550 13549)
4(13450 13550 13551 13451)
4(13540 13541 13551 13550)
4(13442 13452 13552 13542)
4(5588 5688 13552 13452)
4(5687 13542 13552 5688)
4(13443 13453 13553 13543)
4(13452 13552 13553 13453)
4(13542 13543 13553 13552)
4(13444 13454 13554 13544)
4(13453 13553 13554 13454)
4(13543 13544 13554 13553)
4(13445 13455 13555 13545)
4(13454 13554 13555 13455)
4(13544 13545 13555 13554)
4(13446 13456 13556 13546)
4(13455 13555 13556 13456)
4(13545 13546 13556 13555)
4(13447 13457 13557 13547)
4(13456 13556 13557 13457)
4(13546 13547 13557 13556)
4(13448 13458 13558 13548)
4(13457 13557 13558 13458)
4(13547 13548 13558 13557)
4(13449 13459 13559 13549)
4(13458 13558 13559 13459)
4(13548 13549 13559 13558)
4(13450 13460 13560 13550)
4(13459 13559 13560 13460)
4(13549 13550 13560 13559)
4(13460 13560 13561 13461)
4(13550 13551 13561 13560)
4(13452 13462 13562 13552)
4(5589 5689 13562 13462)
4(5688 13552 13562 5689)
4(13453 13463 13563 13553)
4(13462 13562 13563 13463)
4(13552 13553 13563 13562)
4(13454 13464 13564 13554)
4(13463 13563 13564 13464)
4(13553 13554 13564 13563)
4(13455 13465 13565 13555)
4(13464 13564 13565 13465)
4(13554 13555 13565 13564)
4(13456 13466 13566 13556)
4(13465 13565 13566 13466)
4(13555 13556 13566 13565)
4(13457 13467 13567 13557)
4(13466 13566 13567 13467)
4(13556 13557 13567 13566)
4(13458 13468 13568 13558)
4(13467 13567 13568 13468)
4(13557 13558 13568 13567)
4(13459 13469 13569 13559)
4(13468 13568 13569 13469)
4(13558 13559 13569 13568)
4(13460 13470 13570 13560)
4(13469 13569 13570 13470)
4(13559 13560 13570 13569)
4(13470 13570 13571 13471)
4(13560 13561 13571 13570)
4(13462 13472 13572 13562)
4(5590 5690 13572 13472)
4(5689 13562 13572 5690)
4(13463 13473 13573 13563)
4(13472 13572 13573 13473)
4(13562 13563 13573 13572)
4(13464 13474 13574 13564)
4(13473 13573 13574 13474)
4(13563 13564 13574 13573)
4(13465 13475 13575 13565)
4(13474 13574 13575 13475)
4(13564 13565 13575 13574)
4(13466 13476 13576 13566)
4(13475 13575 13576 13476)
4(13565 13566 13576 13575)
4(13467 13477 13577 13567)
4(13476 13576 13577 13477)
4(13566 13567 13577 13576)
4(13468 13478 13578 13568)
4(13477 13577 13578 13478)
4(13567 13568 13578 13577)
4(13469 13479 13579 13569)
4(13478 13578 13579 13479)
4(13568 13569 13579 13578)
4(13470 13480 13580 13570)
4(13479 13579 13580 13480)
4(13569 13570 13580 13579)
4(13480 13580 13581 13481)
4(13570 13571 13581 13580)
4(13472 13482 13582 13572)
4(5690 13572 13582 5691)
4(5591 5691 13582 13482)
4(13473 13483 13583 13573)
4(13572 13573 13583 13582)
4(13482 13582 13583 13483)
4(13474 13484 13584 13574)
4(13573 13574 13584 13583)
4(13483 13583 13584 13484)
4(13475 13485 13585 13575)
4(13574 13575 13585 13584)
4(13484 13584 13585 13485)
4(13476 13486 13586 13576)
4(13575 13576 13586 13585)
4(13485 13585 13586 13486)
4(13477 13487 13587 13577)
4(13576 13577 13587 13586)
4(13486 13586 13587 13487)
4(13478 13488 13588 13578)
4(13577 13578 13588 13587)
4(13487 13587 13588 13488)
4(13479 13489 13589 13579)
4(13578 13579 13589 13588)
4(13488 13588 13589 13489)
4(13480 13490 13590 13580)
4(13579 13580 13590 13589)
4(13489 13589 13590 13490)
4(13580 13581 13591 13590)
4(13490 13590 13591 13491)
4(12482 13492 13592 12582)
4(5682 5782 13592 13492)
4(4652 12582 13592 5782)
4(12483 13493 13593 12583)
4(13492 13592 13593 13493)
4(12582 12583 13593 13592)
4(12484 13494 13594 12584)
4(13493 13593 13594 13494)
4(12583 12584 13594 13593)
4(12485 13495 13595 12585)
4(13494 13594 13595 13495)
4(12584 12585 13595 13594)
4(12486 13496 13596 12586)
4(13495 13595 13596 13496)
4(12585 12586 13596 13595)
4(12487 13497 13597 12587)
4(13496 13596 13597 13497)
4(12586 12587 13597 13596)
4(12488 13498 13598 12588)
4(13497 13597 13598 13498)
4(12587 12588 13598 13597)
4(12489 13499 13599 12589)
4(13498 13598 13599 13499)
4(12588 12589 13599 13598)
4(12490 13500 13600 12590)
4(13499 13599 13600 13500)
4(12589 12590 13600 13599)
4(13500 13600 13601 13501)
4(12590 12591 13601 13600)
4(13492 13502 13602 13592)
4(5683 5783 13602 13502)
4(5782 13592 13602 5783)
4(13493 13503 13603 13593)
4(13502 13602 13603 13503)
4(13592 13593 13603 13602)
4(13494 13504 13604 13594)
4(13503 13603 13604 13504)
4(13593 13594 13604 13603)
4(13495 13505 13605 13595)
4(13504 13604 13605 13505)
4(13594 13595 13605 13604)
4(13496 13506 13606 13596)
4(13505 13605 13606 13506)
4(13595 13596 13606 13605)
4(13497 13507 13607 13597)
4(13506 13606 13607 13507)
4(13596 13597 13607 13606)
4(13498 13508 13608 13598)
4(13507 13607 13608 13508)
4(13597 13598 13608 13607)
4(13499 13509 13609 13599)
4(13508 13608 13609 13509)
4(13598 13599 13609 13608)
4(13500 13510 13610 13600)
4(13509 13609 13610 13510)
4(13599 13600 13610 13609)
4(13510 13610 13611 13511)
4(13600 13601 13611 13610)
4(13502 13512 13612 13602)
4(5684 5784 13612 13512)
4(5783 13602 13612 5784)
4(13503 13513 13613 13603)
4(13512 13612 13613 13513)
4(13602 13603 13613 13612)
4(13504 13514 13614 13604)
4(13513 13613 13614 13514)
4(13603 13604 13614 13613)
4(13505 13515 13615 13605)
4(13514 13614 13615 13515)
4(13604 13605 13615 13614)
4(13506 13516 13616 13606)
4(13515 13615 13616 13516)
4(13605 13606 13616 13615)
4(13507 13517 13617 13607)
4(13516 13616 13617 13517)
4(13606 13607 13617 13616)
4(13508 13518 13618 13608)
4(13517 13617 13618 13518)
4(13607 13608 13618 13617)
4(13509 13519 13619 13609)
4(13518 13618 13619 13519)
4(13608 13609 13619 13618)
4(13510 13520 13620 13610)
4(13519 13619 13620 13520)
4(13609 13610 13620 13619)
4(13520 13620 13621 13521)
4(13610 13611 13621 13620)
4(13512 13522 13622 13612)
4(5685 5785 13622 13522)
4(5784 13612 13622 5785)
4(13513 13523 13623 13613)
4(13522 13622 13623 13523)
4(13612 13613 13623 13622)
4(13514 13524 13624 13614)
4(13523 13623 13624 13524)
4(13613 13614 13624 13623)
4(13515 13525 13625 13615)
4(13524 13624 13625 13525)
4(13614 13615 13625 13624)
4(13516 13526 13626 13616)
4(13525 13625 13626 13526)
4(13615 13616 13626 13625)
4(13517 13527 13627 13617)
4(13526 13626 13627 13527)
4(13616 13617 13627 13626)
4(13518 13528 13628 13618)
4(13527 13627 13628 13528)
4(13617 13618 13628 13627)
4(13519 13529 13629 13619)
4(13528 13628 13629 13529)
4(13618 13619 13629 13628)
4(13520 13530 13630 13620)
4(13529 13629 13630 13530)
4(13619 13620 13630 13629)
4(13530 13630 13631 13531)
4(13620 13621 13631 13630)
4(13522 13532 13632 13622)
4(5686 5786 13632 13532)
4(5785 13622 13632 5786)
4(13523 13533 13633 13623)
4(13532 13632 13633 13533)
4(13622 13623 13633 13632)
4(13524 13534 13634 13624)
4(13533 13633 13634 13534)
4(13623 13624 13634 13633)
4(13525 13535 13635 13625)
4(13534 13634 13635 13535)
4(13624 13625 13635 13634)
4(13526 13536 13636 13626)
4(13535 13635 13636 13536)
4(13625 13626 13636 13635)
4(13527 13537 13637 13627)
4(13536 13636 13637 13537)
4(13626 13627 13637 13636)
4(13528 13538 13638 13628)
4(13537 13637 13638 13538)
4(13627 13628 13638 13637)
4(13529 13539 13639 13629)
4(13538 13638 13639 13539)
4(13628 13629 13639 13638)
4(13530 13540 13640 13630)
4(13539 13639 13640 13540)
4(13629 13630 13640 13639)
4(13540 13640 13641 13541)
4(13630 13631 13641 13640)
4(13532 13542 13642 13632)
4(5687 5787 13642 13542)
4(5786 13632 13642 5787)
4(13533 13543 13643 13633)
4(13542 13642 13643 13543)
4(13632 13633 13643 13642)
4(13534 13544 13644 13634)
4(13543 13643 13644 13544)
4(13633 13634 13644 13643)
4(13535 13545 13645 13635)
4(13544 13644 13645 13545)
4(13634 13635 13645 13644)
4(13536 13546 13646 13636)
4(13545 13645 13646 13546)
4(13635 13636 13646 13645)
4(13537 13547 13647 13637)
4(13546 13646 13647 13547)
4(13636 13637 13647 13646)
4(13538 13548 13648 13638)
4(13547 13647 13648 13548)
4(13637 13638 13648 13647)
4(13539 13549 13649 13639)
4(13548 13648 13649 13549)
4(13638 13639 13649 13648)
4(13540 13550 13650 13640)
4(13549 13649 13650 13550)
4(13639 13640 13650 13649)
4(13550 13650 13651 13551)
4(13640 13641 13651 13650)
4(13542 13552 13652 13642)
4(5688 5788 13652 13552)
4(5787 13642 13652 5788)
4(13543 13553 13653 13643)
4(13552 13652 13653 13553)
4(13642 13643 13653 13652)
4(13544 13554 13654 13644)
4(13553 13653 13654 13554)
4(13643 13644 13654 13653)
4(13545 13555 13655 13645)
4(13554 13654 13655 13555)
4(13644 13645 13655 13654)
4(13546 13556 13656 13646)
4(13555 13655 13656 13556)
4(13645 13646 13656 13655)
4(13547 13557 13657 13647)
4(13556 13656 13657 13557)
4(13646 13647 13657 13656)
4(13548 13558 13658 13648)
4(13557 13657 13658 13558)
4(13647 13648 13658 13657)
4(13549 13559 13659 13649)
4(13558 13658 13659 13559)
4(13648 13649 13659 13658)
4(13550 13560 13660 13650)
4(13559 13659 13660 13560)
4(13649 13650 13660 13659)
4(13560 13660 13661 13561)
4(13650 13651 13661 13660)
4(13552 13562 13662 13652)
4(5689 5789 13662 13562)
4(5788 13652 13662 5789)
4(13553 13563 13663 13653)
4(13562 13662 13663 13563)
4(13652 13653 13663 13662)
4(13554 13564 13664 13654)
4(13563 13663 13664 13564)
4(13653 13654 13664 13663)
4(13555 13565 13665 13655)
4(13564 13664 13665 13565)
4(13654 13655 13665 13664)
4(13556 13566 13666 13656)
4(13565 13665 13666 13566)
4(13655 13656 13666 13665)
4(13557 13567 13667 13657)
4(13566 13666 13667 13567)
4(13656 13657 13667 13666)
4(13558 13568 13668 13658)
4(13567 13667 13668 13568)
4(13657 13658 13668 13667)
4(13559 13569 13669 13659)
4(13568 13668 13669 13569)
4(13658 13659 13669 13668)
4(13560 13570 13670 13660)
4(13569 13669 13670 13570)
4(13659 13660 13670 13669)
4(13570 13670 13671 13571)
4(13660 13661 13671 13670)
4(13562 13572 13672 13662)
4(5690 5790 13672 13572)
4(5789 13662 13672 5790)
4(13563 13573 13673 13663)
4(13572 13672 13673 13573)
4(13662 13663 13673 13672)
4(13564 13574 13674 13664)
4(13573 13673 13674 13574)
4(13663 13664 13674 13673)
4(13565 13575 13675 13665)
4(13574 13674 13675 13575)
4(13664 13665 13675 13674)
4(13566 13576 13676 13666)
4(13575 13675 13676 13576)
4(13665 13666 13676 13675)
4(13567 13577 13677 13667)
4(13576 13676 13677 13577)
4(13666 13667 13677 13676)
4(13568 13578 13678 13668)
4(13577 13677 13678 13578)
4(13667 13668 13678 13677)
4(13569 13579 13679 13669)
4(13578 13678 13679 13579)
4(13668 13669 13679 13678)
4(13570 13580 13680 13670)
4(13579 13679 13680 13580)
4(13669 13670 13680 13679)
4(13580 13680 13681 13581)
4(13670 13671 13681 13680)
4(13572 13582 13682 13672)
4(5790 13672 13682 5791)
4(5691 5791 13682 13582)
4(13573 13583 13683 13673)
4(13672 13673 13683 13682)
4(13582 13682 13683 13583)
4(13574 13584 13684 13674)
4(13673 13674 13684 13683)
4(13583 13683 13684 13584)
4(13575 13585 13685 13675)
4(13674 13675 13685 13684)
4(13584 13684 13685 13585)
4(13576 13586 13686 13676)
4(13675 13676 13686 13685)
4(13585 13685 13686 13586)
4(13577 13587 13687 13677)
4(13676 13677 13687 13686)
4(13586 13686 13687 13587)
4(13578 13588 13688 13678)
4(13677 13678 13688 13687)
4(13587 13687 13688 13588)
4(13579 13589 13689 13679)
4(13678 13679 13689 13688)
4(13588 13688 13689 13589)
4(13580 13590 13690 13680)
4(13679 13680 13690 13689)
4(13589 13689 13690 13590)
4(13680 13681 13691 13690)
4(13590 13690 13691 13591)
4(12582 13592 13692 12682)
4(5782 5882 13692 13592)
4(4762 12682 13692 5882)
4(12583 13593 13693 12683)
4(13592 13692 13693 13593)
4(12682 12683 13693 13692)
4(12584 13594 13694 12684)
4(13593 13693 13694 13594)
4(12683 12684 13694 13693)
4(12585 13595 13695 12685)
4(13594 13694 13695 13595)
4(12684 12685 13695 13694)
4(12586 13596 13696 12686)
4(13595 13695 13696 13596)
4(12685 12686 13696 13695)
4(12587 13597 13697 12687)
4(13596 13696 13697 13597)
4(12686 12687 13697 13696)
4(12588 13598 13698 12688)
4(13597 13697 13698 13598)
4(12687 12688 13698 13697)
4(12589 13599 13699 12689)
4(13598 13698 13699 13599)
4(12688 12689 13699 13698)
4(12590 13600 13700 12690)
4(13599 13699 13700 13600)
4(12689 12690 13700 13699)
4(13600 13700 13701 13601)
4(12690 12691 13701 13700)
4(13592 13602 13702 13692)
4(5783 5883 13702 13602)
4(5882 13692 13702 5883)
4(13593 13603 13703 13693)
4(13602 13702 13703 13603)
4(13692 13693 13703 13702)
4(13594 13604 13704 13694)
4(13603 13703 13704 13604)
4(13693 13694 13704 13703)
4(13595 13605 13705 13695)
4(13604 13704 13705 13605)
4(13694 13695 13705 13704)
4(13596 13606 13706 13696)
4(13605 13705 13706 13606)
4(13695 13696 13706 13705)
4(13597 13607 13707 13697)
4(13606 13706 13707 13607)
4(13696 13697 13707 13706)
4(13598 13608 13708 13698)
4(13607 13707 13708 13608)
4(13697 13698 13708 13707)
4(13599 13609 13709 13699)
4(13608 13708 13709 13609)
4(13698 13699 13709 13708)
4(13600 13610 13710 13700)
4(13609 13709 13710 13610)
4(13699 13700 13710 13709)
4(13610 13710 13711 13611)
4(13700 13701 13711 13710)
4(13602 13612 13712 13702)
4(5784 5884 13712 13612)
4(5883 13702 13712 5884)
4(13603 13613 13713 13703)
4(13612 13712 13713 13613)
4(13702 13703 13713 13712)
4(13604 13614 13714 13704)
4(13613 13713 13714 13614)
4(13703 13704 13714 13713)
4(13605 13615 13715 13705)
4(13614 13714 13715 13615)
4(13704 13705 13715 13714)
4(13606 13616 13716 13706)
4(13615 13715 13716 13616)
4(13705 13706 13716 13715)
4(13607 13617 13717 13707)
4(13616 13716 13717 13617)
4(13706 13707 13717 13716)
4(13608 13618 13718 13708)
4(13617 13717 13718 13618)
4(13707 13708 13718 13717)
4(13609 13619 13719 13709)
4(13618 13718 13719 13619)
4(13708 13709 13719 13718)
4(13610 13620 13720 13710)
4(13619 13719 13720 13620)
4(13709 13710 13720 13719)
4(13620 13720 13721 13621)
4(13710 13711 13721 13720)
4(13612 13622 13722 13712)
4(5785 5885 13722 13622)
4(5884 13712 13722 5885)
4(13613 13623 13723 13713)
4(13622 13722 13723 13623)
4(13712 13713 13723 13722)
4(13614 13624 13724 13714)
4(13623 13723 13724 13624)
4(13713 13714 13724 13723)
4(13615 13625 13725 13715)
4(13624 13724 13725 13625)
4(13714 13715 13725 13724)
4(13616 13626 13726 13716)
4(13625 13725 13726 13626)
4(13715 13716 13726 13725)
4(13617 13627 13727 13717)
4(13626 13726 13727 13627)
4(13716 13717 13727 13726)
4(13618 13628 13728 13718)
4(13627 13727 13728 13628)
4(13717 13718 13728 13727)
4(13619 13629 13729 13719)
4(13628 13728 13729 13629)
4(13718 13719 13729 13728)
4(13620 13630 13730 13720)
4(13629 13729 13730 13630)
4(13719 13720 13730 13729)
4(13630 13730 13731 13631)
4(13720 13721 13731 13730)
4(13622 13632 13732 13722)
4(5786 5886 13732 13632)
4(5885 13722 13732 5886)
4(13623 13633 13733 13723)
4(13632 13732 13733 13633)
4(13722 13723 13733 13732)
4(13624 13634 13734 13724)
4(13633 13733 13734 13634)
4(13723 13724 13734 13733)
4(13625 13635 13735 13725)
4(13634 13734 13735 13635)
4(13724 13725 13735 13734)
4(13626 13636 13736 13726)
4(13635 13735 13736 13636)
4(13725 13726 13736 13735)
4(13627 13637 13737 13727)
4(13636 13736 13737 13637)
4(13726 13727 13737 13736)
4(13628 13638 13738 13728)
4(13637 13737 13738 13638)
4(13727 13728 13738 13737)
4(13629 13639 13739 13729)
4(13638 13738 13739 13639)
4(13728 13729 13739 13738)
4(13630 13640 13740 13730)
4(13639 13739 13740 13640)
4(13729 13730 13740 13739)
4(13640 13740 13741 13641)
4(13730 13731 13741 13740)
4(13632 13642 13742 13732)
4(5787 5887 13742 13642)
4(5886 13732 13742 5887)
4(13633 13643 13743 13733)
4(13642 13742 13743 13643)
4(13732 13733 13743 13742)
4(13634 13644 13744 13734)
4(13643 13743 13744 13644)
4(13733 13734 13744 13743)
4(13635 13645 13745 13735)
4(13644 13744 13745 13645)
4(13734 13735 13745 13744)
4(13636 13646 13746 13736)
4(13645 13745 13746 13646)
4(13735 13736 13746 13745)
4(13637 13647 13747 13737)
4(13646 13746 13747 13647)
4(13736 13737 13747 13746)
4(13638 13648 13748 13738)
4(13647 13747 13748 13648)
4(13737 13738 13748 13747)
4(13639 13649 13749 13739)
4(13648 13748 13749 13649)
4(13738 13739 13749 13748)
4(13640 13650 13750 13740)
4(13649 13749 13750 13650)
4(13739 13740 13750 13749)
4(13650 13750 13751 13651)
4(13740 13741 13751 13750)
4(13642 13652 13752 13742)
4(5788 5888 13752 13652)
4(5887 13742 13752 5888)
4(13643 13653 13753 13743)
4(13652 13752 13753 13653)
4(13742 13743 13753 13752)
4(13644 13654 13754 13744)
4(13653 13753 13754 13654)
4(13743 13744 13754 13753)
4(13645 13655 13755 13745)
4(13654 13754 13755 13655)
4(13744 13745 13755 13754)
4(13646 13656 13756 13746)
4(13655 13755 13756 13656)
4(13745 13746 13756 13755)
4(13647 13657 13757 13747)
4(13656 13756 13757 13657)
4(13746 13747 13757 13756)
4(13648 13658 13758 13748)
4(13657 13757 13758 13658)
4(13747 13748 13758 13757)
4(13649 13659 13759 13749)
4(13658 13758 13759 13659)
4(13748 13749 13759 13758)
4(13650 13660 13760 13750)
4(13659 13759 13760 13660)
4(13749 13750 13760 13759)
4(13660 13760 13761 13661)
4(13750 13751 13761 13760)
4(13652 13662 13762 13752)
4(5789 5889 13762 13662)
4(5888 13752 13762 5889)
4(13653 13663 13763 13753)
4(13662 13762 13763 13663)
4(13752 13753 13763 13762)
4(13654 13664 13764 13754)
4(13663 13763 13764 13664)
4(13753 13754 13764 13763)
4(13655 13665 13765 13755)
4(13664 13764 13765 13665)
4(13754 13755 13765 13764)
4(13656 13666 13766 13756)
4(13665 13765 13766 13666)
4(13755 13756 13766 13765)
4(13657 13667 13767 13757)
4(13666 13766 13767 13667)
4(13756 13757 13767 13766)
4(13658 13668 13768 13758)
4(13667 13767 13768 13668)
4(13757 13758 13768 13767)
4(13659 13669 13769 13759)
4(13668 13768 13769 13669)
4(13758 13759 13769 13768)
4(13660 13670 13770 13760)
4(13669 13769 13770 13670)
4(13759 13760 13770 13769)
4(13670 13770 13771 13671)
4(13760 13761 13771 13770)
4(13662 13672 13772 13762)
4(5790 5890 13772 13672)
4(5889 13762 13772 5890)
4(13663 13673 13773 13763)
4(13672 13772 13773 13673)
4(13762 13763 13773 13772)
4(13664 13674 13774 13764)
4(13673 13773 13774 13674)
4(13763 13764 13774 13773)
4(13665 13675 13775 13765)
4(13674 13774 13775 13675)
4(13764 13765 13775 13774)
4(13666 13676 13776 13766)
4(13675 13775 13776 13676)
4(13765 13766 13776 13775)
4(13667 13677 13777 13767)
4(13676 13776 13777 13677)
4(13766 13767 13777 13776)
4(13668 13678 13778 13768)
4(13677 13777 13778 13678)
4(13767 13768 13778 13777)
4(13669 13679 13779 13769)
4(13678 13778 13779 13679)
4(13768 13769 13779 13778)
4(13670 13680 13780 13770)
4(13679 13779 13780 13680)
4(13769 13770 13780 13779)
4(13680 13780 13781 13681)
4(13770 13771 13781 13780)
4(13672 13682 13782 13772)
4(5890 13772 13782 5891)
4(5791 5891 13782 13682)
4(13673 13683 13783 13773)
4(13772 13773 13783 13782)
4(13682 13782 13783 13683)
4(13674 13684 13784 13774)
4(13773 13774 13784 13783)
4(13683 13783 13784 13684)
4(13675 13685 13785 13775)
4(13774 13775 13785 13784)
4(13684 13784 13785 13685)
4(13676 13686 13786 13776)
4(13775 13776 13786 13785)
4(13685 13785 13786 13686)
4(13677 13687 13787 13777)
4(13776 13777 13787 13786)
4(13686 13786 13787 13687)
4(13678 13688 13788 13778)
4(13777 13778 13788 13787)
4(13687 13787 13788 13688)
4(13679 13689 13789 13779)
4(13778 13779 13789 13788)
4(13688 13788 13789 13689)
4(13680 13690 13790 13780)
4(13779 13780 13790 13789)
4(13689 13789 13790 13690)
4(13780 13781 13791 13790)
4(13690 13790 13791 13691)
4(12682 13692 13792 12782)
4(5882 5982 13792 13692)
4(4872 12782 13792 5982)
4(12683 13693 13793 12783)
4(13692 13792 13793 13693)
4(12782 12783 13793 13792)
4(12684 13694 13794 12784)
4(13693 13793 13794 13694)
4(12783 12784 13794 13793)
4(12685 13695 13795 12785)
4(13694 13794 13795 13695)
4(12784 12785 13795 13794)
4(12686 13696 13796 12786)
4(13695 13795 13796 13696)
4(12785 12786 13796 13795)
4(12687 13697 13797 12787)
4(13696 13796 13797 13697)
4(12786 12787 13797 13796)
4(12688 13698 13798 12788)
4(13697 13797 13798 13698)
4(12787 12788 13798 13797)
4(12689 13699 13799 12789)
4(13698 13798 13799 13699)
4(12788 12789 13799 13798)
4(12690 13700 13800 12790)
4(13699 13799 13800 13700)
4(12789 12790 13800 13799)
4(13700 13800 13801 13701)
4(12790 12791 13801 13800)
4(13692 13702 13802 13792)
4(5883 5983 13802 13702)
4(5982 13792 13802 5983)
4(13693 13703 13803 13793)
4(13702 13802 13803 13703)
4(13792 13793 13803 13802)
4(13694 13704 13804 13794)
4(13703 13803 13804 13704)
4(13793 13794 13804 13803)
4(13695 13705 13805 13795)
4(13704 13804 13805 13705)
4(13794 13795 13805 13804)
4(13696 13706 13806 13796)
4(13705 13805 13806 13706)
4(13795 13796 13806 13805)
4(13697 13707 13807 13797)
4(13706 13806 13807 13707)
4(13796 13797 13807 13806)
4(13698 13708 13808 13798)
4(13707 13807 13808 13708)
4(13797 13798 13808 13807)
4(13699 13709 13809 13799)
4(13708 13808 13809 13709)
4(13798 13799 13809 13808)
4(13700 13710 13810 13800)
4(13709 13809 13810 13710)
4(13799 13800 13810 13809)
4(13710 13810 13811 13711)
4(13800 13801 13811 13810)
4(13702 13712 13812 13802)
4(5884 5984 13812 13712)
4(5983 13802 13812 5984)
4(13703 13713 13813 13803)
4(13712 13812 13813 13713)
4(13802 13803 13813 13812)
4(13704 13714 13814 13804)
4(13713 13813 13814 13714)
4(13803 13804 13814 13813)
4(13705 13715 13815 13805)
4(13714 13814 13815 13715)
4(13804 13805 13815 13814)
4(13706 13716 13816 13806)
4(13715 13815 13816 13716)
4(13805 13806 13816 13815)
4(13707 13717 13817 13807)
4(13716 13816 13817 13717)
4(13806 13807 13817 13816)
4(13708 13718 13818 13808)
4(13717 13817 13818 13718)
4(13807 13808 13818 13817)
4(13709 13719 13819 13809)
4(13718 13818 13819 13719)
4(13808 13809 13819 13818)
4(13710 13720 13820 13810)
4(13719 13819 13820 13720)
4(13809 13810 13820 13819)
4(13720 13820 13821 13721)
4(13810 13811 13821 13820)
4(13712 13722 13822 13812)
4(5885 5985 13822 13722)
4(5984 13812 13822 5985)
4(13713 13723 13823 13813)
4(13722 13822 13823 13723)
4(13812 13813 13823 13822)
4(13714 13724 13824 13814)
4(13723 13823 13824 13724)
4(13813 13814 13824 13823)
4(13715 13725 13825 13815)
4(13724 13824 13825 13725)
4(13814 13815 13825 13824)
4(13716 13726 13826 13816)
4(13725 13825 13826 13726)
4(13815 13816 13826 13825)
4(13717 13727 13827 13817)
4(13726 13826 13827 13727)
4(13816 13817 13827 13826)
4(13718 13728 13828 13818)
4(13727 13827 13828 13728)
4(13817 13818 13828 13827)
4(13719 13729 13829 13819)
4(13728 13828 13829 13729)
4(13818 13819 13829 13828)
4(13720 13730 13830 13820)
4(13729 13829 13830 13730)
4(13819 13820 13830 13829)
4(13730 13830 13831 13731)
4(13820 13821 13831 13830)
4(13722 13732 13832 13822)
4(5886 5986 13832 13732)
4(5985 13822 13832 5986)
4(13723 13733 13833 13823)
4(13732 13832 13833 13733)
4(13822 13823 13833 13832)
4(13724 13734 13834 13824)
4(13733 13833 13834 13734)
4(13823 13824 13834 13833)
4(13725 13735 13835 13825)
4(13734 13834 13835 13735)
4(13824 13825 13835 13834)
4(13726 13736 13836 13826)
4(13735 13835 13836 13736)
4(13825 13826 13836 13835)
4(13727 13737 13837 13827)
4(13736 13836 13837 13737)
4(13826 13827 13837 13836)
4(13728 13738 13838 13828)
4(13737 13837 13838 13738)
4(13827 13828 13838 13837)
4(13729 13739 13839 13829)
4(13738 13838 13839 13739)
4(13828 13829 13839 13838)
4(13730 13740 13840 13830)
4(13739 13839 13840 13740)
4(13829 13830 13840 13839)
4(13740 13840 13841 13741)
4(13830 13831 13841 13840)
4(13732 13742 13842 13832)
4(5887 5987 13842 13742)
4(5986 13832 13842 5987)
4(13733 13743 13843 13833)
4(13742 13842 13843 13743)
4(13832 13833 13843 13842)
4(13734 13744 13844 13834)
4(13743 13843 13844 13744)
4(13833 13834 13844 13843)
4(13735 13745 13845 13835)
4(13744 13844 13845 13745)
4(13834 13835 13845 13844)
4(13736 13746 13846 13836)
4(13745 13845 13846 13746)
4(13835 13836 13846 13845)
4(13737 13747 13847 13837)
4(13746 13846 13847 13747)
4(13836 13837 13847 13846)
4(13738 13748 13848 13838)
4(13747 13847 13848 13748)
4(13837 13838 13848 13847)
4(13739 13749 13849 13839)
4(13748 13848 13849 13749)
4(13838 13839 13849 13848)
4(13740 13750 13850 13840)
4(13749 13849 13850 13750)
4(13839 13840 13850 13849)
4(13750 13850 13851 13751)
4(13840 13841 13851 13850)
4(13742 13752 13852 13842)
4(5888 5988 13852 13752)
4(5987 13842 13852 5988)
4(13743 13753 13853 13843)
4(13752 13852 13853 13753)
4(13842 13843 13853 13852)
4(13744 13754 13854 13844)
4(13753 13853 13854 13754)
4(13843 13844 13854 13853)
4(13745 13755 13855 13845)
4(13754 13854 13855 13755)
4(13844 13845 13855 13854)
4(13746 13756 13856 13846)
4(13755 13855 13856 13756)
4(13845 13846 13856 13855)
4(13747 13757 13857 13847)
4(13756 13856 13857 13757)
4(13846 13847 13857 13856)
4(13748 13758 13858 13848)
4(13757 13857 13858 13758)
4(13847 13848 13858 13857)
4(13749 13759 13859 13849)
4(13758 13858 13859 13759)
4(13848 13849 13859 13858)
4(13750 13760 13860 13850)
4(13759 13859 13860 13760)
4(13849 13850 13860 13859)
4(13760 13860 13861 13761)
4(13850 13851 13861 13860)
4(13752 13762 13862 13852)
4(5889 5989 13862 13762)
4(5988 13852 13862 5989)
4(13753 13763 13863 13853)
4(13762 13862 13863 13763)
4(13852 13853 13863 13862)
4(13754 13764 13864 13854)
4(13763 13863 13864 13764)
4(13853 13854 13864 13863)
4(13755 13765 13865 13855)
4(13764 13864 13865 13765)
4(13854 13855 13865 13864)
4(13756 13766 13866 13856)
4(13765 13865 13866 13766)
4(13855 13856 13866 13865)
4(13757 13767 13867 13857)
4(13766 13866 13867 13767)
4(13856 13857 13867 13866)
4(13758 13768 13868 13858)
4(13767 13867 13868 13768)
4(13857 13858 13868 13867)
4(13759 13769 13869 13859)
4(13768 13868 13869 13769)
4(13858 13859 13869 13868)
4(13760 13770 13870 13860)
4(13769 13869 13870 13770)
4(13859 13860 13870 13869)
4(13770 13870 13871 13771)
4(13860 13861 13871 13870)
4(13762 13772 13872 13862)
4(5890 5990 13872 13772)
4(5989 13862 13872 5990)
4(13763 13773 13873 13863)
4(13772 13872 13873 13773)
4(13862 13863 13873 13872)
4(13764 13774 13874 13864)
4(13773 13873 13874 13774)
4(13863 13864 13874 13873)
4(13765 13775 13875 13865)
4(13774 13874 13875 13775)
4(13864 13865 13875 13874)
4(13766 13776 13876 13866)
4(13775 13875 13876 13776)
4(13865 13866 13876 13875)
4(13767 13777 13877 13867)
4(13776 13876 13877 13777)
4(13866 13867 13877 13876)
4(13768 13778 13878 13868)
4(13777 13877 13878 13778)
4(13867 13868 13878 13877)
4(13769 13779 13879 13869)
4(13778 13878 13879 13779)
4(13868 13869 13879 13878)
4(13770 13780 13880 13870)
4(13779 13879 13880 13780)
4(13869 13870 13880 13879)
4(13780 13880 13881 13781)
4(13870 13871 13881 13880)
4(13772 13782 13882 13872)
4(5990 13872 13882 5991)
4(5891 5991 13882 13782)
4(13773 13783 13883 13873)
4(13872 13873 13883 13882)
4(13782 13882 13883 13783)
4(13774 13784 13884 13874)
4(13873 13874 13884 13883)
4(13783 13883 13884 13784)
4(13775 13785 13885 13875)
4(13874 13875 13885 13884)
4(13784 13884 13885 13785)
4(13776 13786 13886 13876)
4(13875 13876 13886 13885)
4(13785 13885 13886 13786)
4(13777 13787 13887 13877)
4(13876 13877 13887 13886)
4(13786 13886 13887 13787)
4(13778 13788 13888 13878)
4(13877 13878 13888 13887)
4(13787 13887 13888 13788)
4(13779 13789 13889 13879)
4(13878 13879 13889 13888)
4(13788 13888 13889 13789)
4(13780 13790 13890 13880)
4(13879 13880 13890 13889)
4(13789 13889 13890 13790)
4(13880 13881 13891 13890)
4(13790 13890 13891 13791)
4(12782 13792 13892 12882)
4(5982 6082 13892 13792)
4(12783 13793 13893 12883)
4(13792 13892 13893 13793)
4(12784 13794 13894 12884)
4(13793 13893 13894 13794)
4(12785 13795 13895 12885)
4(13794 13894 13895 13795)
4(12786 13796 13896 12886)
4(13795 13895 13896 13796)
4(12787 13797 13897 12887)
4(13796 13896 13897 13797)
4(12788 13798 13898 12888)
4(13797 13897 13898 13798)
4(12789 13799 13899 12889)
4(13798 13898 13899 13799)
4(12790 13800 13900 12890)
4(13799 13899 13900 13800)
4(13800 13900 13901 13801)
4(13792 13802 13902 13892)
4(5983 6083 13902 13802)
4(13793 13803 13903 13893)
4(13802 13902 13903 13803)
4(13794 13804 13904 13894)
4(13803 13903 13904 13804)
4(13795 13805 13905 13895)
4(13804 13904 13905 13805)
4(13796 13806 13906 13896)
4(13805 13905 13906 13806)
4(13797 13807 13907 13897)
4(13806 13906 13907 13807)
4(13798 13808 13908 13898)
4(13807 13907 13908 13808)
4(13799 13809 13909 13899)
4(13808 13908 13909 13809)
4(13800 13810 13910 13900)
4(13809 13909 13910 13810)
4(13810 13910 13911 13811)
4(13802 13812 13912 13902)
4(5984 6084 13912 13812)
4(13803 13813 13913 13903)
4(13812 13912 13913 13813)
4(13804 13814 13914 13904)
4(13813 13913 13914 13814)
4(13805 13815 13915 13905)
4(13814 13914 13915 13815)
4(13806 13816 13916 13906)
4(13815 13915 13916 13816)
4(13807 13817 13917 13907)
4(13816 13916 13917 13817)
4(13808 13818 13918 13908)
4(13817 13917 13918 13818)
4(13809 13819 13919 13909)
4(13818 13918 13919 13819)
4(13810 13820 13920 13910)
4(13819 13919 13920 13820)
4(13820 13920 13921 13821)
4(13812 13822 13922 13912)
4(5985 6085 13922 13822)
4(13813 13823 13923 13913)
4(13822 13922 13923 13823)
4(13814 13824 13924 13914)
4(13823 13923 13924 13824)
4(13815 13825 13925 13915)
4(13824 13924 13925 13825)
4(13816 13826 13926 13916)
4(13825 13925 13926 13826)
4(13817 13827 13927 13917)
4(13826 13926 13927 13827)
4(13818 13828 13928 13918)
4(13827 13927 13928 13828)
4(13819 13829 13929 13919)
4(13828 13928 13929 13829)
4(13820 13830 13930 13920)
4(13829 13929 13930 13830)
4(13830 13930 13931 13831)
4(13822 13832 13932 13922)
4(5986 6086 13932 13832)
4(13823 13833 13933 13923)
4(13832 13932 13933 13833)
4(13824 13834 13934 13924)
4(13833 13933 13934 13834)
4(13825 13835 13935 13925)
4(13834 13934 13935 13835)
4(13826 13836 13936 13926)
4(13835 13935 13936 13836)
4(13827 13837 13937 13927)
4(13836 13936 13937 13837)
4(13828 13838 13938 13928)
4(13837 13937 13938 13838)
4(13829 13839 13939 13929)
4(13838 13938 13939 13839)
4(13830 13840 13940 13930)
4(13839 13939 13940 13840)
4(13840 13940 13941 13841)
4(13832 13842 13942 13932)
4(5987 6087 13942 13842)
4(13833 13843 13943 13933)
4(13842 13942 13943 13843)
4(13834 13844 13944 13934)
4(13843 13943 13944 13844)
4(13835 13845 13945 13935)
4(13844 13944 13945 13845)
4(13836 13846 13946 13936)
4(13845 13945 13946 13846)
4(13837 13847 13947 13937)
4(13846 13946 13947 13847)
4(13838 13848 13948 13938)
4(13847 13947 13948 13848)
4(13839 13849 13949 13939)
4(13848 13948 13949 13849)
4(13840 13850 13950 13940)
4(13849 13949 13950 13850)
4(13850 13950 13951 13851)
4(13842 13852 13952 13942)
4(5988 6088 13952 13852)
4(13843 13853 13953 13943)
4(13852 13952 13953 13853)
4(13844 13854 13954 13944)
4(13853 13953 13954 13854)
4(13845 13855 13955 13945)
4(13854 13954 13955 13855)
4(13846 13856 13956 13946)
4(13855 13955 13956 13856)
4(13847 13857 13957 13947)
4(13856 13956 13957 13857)
4(13848 13858 13958 13948)
4(13857 13957 13958 13858)
4(13849 13859 13959 13949)
4(13858 13958 13959 13859)
4(13850 13860 13960 13950)
4(13859 13959 13960 13860)
4(13860 13960 13961 13861)
4(13852 13862 13962 13952)
4(5989 6089 13962 13862)
4(13853 13863 13963 13953)
4(13862 13962 13963 13863)
4(13854 13864 13964 13954)
4(13863 13963 13964 13864)
4(13855 13865 13965 13955)
4(13864 13964 13965 13865)
4(13856 13866 13966 13956)
4(13865 13965 13966 13866)
4(13857 13867 13967 13957)
4(13866 13966 13967 13867)
4(13858 13868 13968 13958)
4(13867 13967 13968 13868)
4(13859 13869 13969 13959)
4(13868 13968 13969 13869)
4(13860 13870 13970 13960)
4(13869 13969 13970 13870)
4(13870 13970 13971 13871)
4(13862 13872 13972 13962)
4(5990 6090 13972 13872)
4(13863 13873 13973 13963)
4(13872 13972 13973 13873)
4(13864 13874 13974 13964)
4(13873 13973 13974 13874)
4(13865 13875 13975 13965)
4(13874 13974 13975 13875)
4(13866 13876 13976 13966)
4(13875 13975 13976 13876)
4(13867 13877 13977 13967)
4(13876 13976 13977 13877)
4(13868 13878 13978 13968)
4(13877 13977 13978 13878)
4(13869 13879 13979 13969)
4(13878 13978 13979 13879)
4(13870 13880 13980 13970)
4(13879 13979 13980 13880)
4(13880 13980 13981 13881)
4(13872 13882 13982 13972)
4(5991 6091 13982 13882)
4(13873 13883 13983 13973)
4(13882 13982 13983 13883)
4(13874 13884 13984 13974)
4(13883 13983 13984 13884)
4(13875 13885 13985 13975)
4(13884 13984 13985 13885)
4(13876 13886 13986 13976)
4(13885 13985 13986 13886)
4(13877 13887 13987 13977)
4(13886 13986 13987 13887)
4(13878 13888 13988 13978)
4(13887 13987 13988 13888)
4(13879 13889 13989 13979)
4(13888 13988 13989 13889)
4(13880 13890 13990 13980)
4(13889 13989 13990 13890)
4(13890 13990 13991 13891)
4(12982 13992 14082 13082)
4(5101 5201 14082 13992)
4(5191 13082 14082 5201)
4(12983 13993 14083 13083)
4(13992 14082 14083 13993)
4(13082 13083 14083 14082)
4(12984 13994 14084 13084)
4(13993 14083 14084 13994)
4(13083 13084 14084 14083)
4(12985 13995 14085 13085)
4(13994 14084 14085 13995)
4(13084 13085 14085 14084)
4(12986 13996 14086 13086)
4(13995 14085 14086 13996)
4(13085 13086 14086 14085)
4(12987 13997 14087 13087)
4(13996 14086 14087 13997)
4(13086 13087 14087 14086)
4(12988 13998 14088 13088)
4(13997 14087 14088 13998)
4(13087 13088 14088 14087)
4(12989 13999 14089 13089)
4(13998 14088 14089 13999)
4(13088 13089 14089 14088)
4(12990 14000 14090 13090)
4(13999 14089 14090 14000)
4(13089 13090 14090 14089)
4(14000 14090 14091 14001)
4(13090 13091 14091 14090)
4(13992 14002 14092 14082)
4(5111 5211 14092 14002)
4(5201 14082 14092 5211)
4(13993 14003 14093 14083)
4(14002 14092 14093 14003)
4(14082 14083 14093 14092)
4(13994 14004 14094 14084)
4(14003 14093 14094 14004)
4(14083 14084 14094 14093)
4(13995 14005 14095 14085)
4(14004 14094 14095 14005)
4(14084 14085 14095 14094)
4(13996 14006 14096 14086)
4(14005 14095 14096 14006)
4(14085 14086 14096 14095)
4(13997 14007 14097 14087)
4(14006 14096 14097 14007)
4(14086 14087 14097 14096)
4(13998 14008 14098 14088)
4(14007 14097 14098 14008)
4(14087 14088 14098 14097)
4(13999 14009 14099 14089)
4(14008 14098 14099 14009)
4(14088 14089 14099 14098)
4(14000 14010 14100 14090)
4(14009 14099 14100 14010)
4(14089 14090 14100 14099)
4(14010 14100 14101 14011)
4(14090 14091 14101 14100)
4(14002 14012 14102 14092)
4(5121 5221 14102 14012)
4(5211 14092 14102 5221)
4(14003 14013 14103 14093)
4(14012 14102 14103 14013)
4(14092 14093 14103 14102)
4(14004 14014 14104 14094)
4(14013 14103 14104 14014)
4(14093 14094 14104 14103)
4(14005 14015 14105 14095)
4(14014 14104 14105 14015)
4(14094 14095 14105 14104)
4(14006 14016 14106 14096)
4(14015 14105 14106 14016)
4(14095 14096 14106 14105)
4(14007 14017 14107 14097)
4(14016 14106 14107 14017)
4(14096 14097 14107 14106)
4(14008 14018 14108 14098)
4(14017 14107 14108 14018)
4(14097 14098 14108 14107)
4(14009 14019 14109 14099)
4(14018 14108 14109 14019)
4(14098 14099 14109 14108)
4(14010 14020 14110 14100)
4(14019 14109 14110 14020)
4(14099 14100 14110 14109)
4(14020 14110 14111 14021)
4(14100 14101 14111 14110)
4(14012 14022 14112 14102)
4(5131 5231 14112 14022)
4(5221 14102 14112 5231)
4(14013 14023 14113 14103)
4(14022 14112 14113 14023)
4(14102 14103 14113 14112)
4(14014 14024 14114 14104)
4(14023 14113 14114 14024)
4(14103 14104 14114 14113)
4(14015 14025 14115 14105)
4(14024 14114 14115 14025)
4(14104 14105 14115 14114)
4(14016 14026 14116 14106)
4(14025 14115 14116 14026)
4(14105 14106 14116 14115)
4(14017 14027 14117 14107)
4(14026 14116 14117 14027)
4(14106 14107 14117 14116)
4(14018 14028 14118 14108)
4(14027 14117 14118 14028)
4(14107 14108 14118 14117)
4(14019 14029 14119 14109)
4(14028 14118 14119 14029)
4(14108 14109 14119 14118)
4(14020 14030 14120 14110)
4(14029 14119 14120 14030)
4(14109 14110 14120 14119)
4(14030 14120 14121 14031)
4(14110 14111 14121 14120)
4(14022 14032 14122 14112)
4(5141 5241 14122 14032)
4(5231 14112 14122 5241)
4(14023 14033 14123 14113)
4(14032 14122 14123 14033)
4(14112 14113 14123 14122)
4(14024 14034 14124 14114)
4(14033 14123 14124 14034)
4(14113 14114 14124 14123)
4(14025 14035 14125 14115)
4(14034 14124 14125 14035)
4(14114 14115 14125 14124)
4(14026 14036 14126 14116)
4(14035 14125 14126 14036)
4(14115 14116 14126 14125)
4(14027 14037 14127 14117)
4(14036 14126 14127 14037)
4(14116 14117 14127 14126)
4(14028 14038 14128 14118)
4(14037 14127 14128 14038)
4(14117 14118 14128 14127)
4(14029 14039 14129 14119)
4(14038 14128 14129 14039)
4(14118 14119 14129 14128)
4(14030 14040 14130 14120)
4(14039 14129 14130 14040)
4(14119 14120 14130 14129)
4(14040 14130 14131 14041)
4(14120 14121 14131 14130)
4(14032 14042 14132 14122)
4(5151 5251 14132 14042)
4(5241 14122 14132 5251)
4(14033 14043 14133 14123)
4(14042 14132 14133 14043)
4(14122 14123 14133 14132)
4(14034 14044 14134 14124)
4(14043 14133 14134 14044)
4(14123 14124 14134 14133)
4(14035 14045 14135 14125)
4(14044 14134 14135 14045)
4(14124 14125 14135 14134)
4(14036 14046 14136 14126)
4(14045 14135 14136 14046)
4(14125 14126 14136 14135)
4(14037 14047 14137 14127)
4(14046 14136 14137 14047)
4(14126 14127 14137 14136)
4(14038 14048 14138 14128)
4(14047 14137 14138 14048)
4(14127 14128 14138 14137)
4(14039 14049 14139 14129)
4(14048 14138 14139 14049)
4(14128 14129 14139 14138)
4(14040 14050 14140 14130)
4(14049 14139 14140 14050)
4(14129 14130 14140 14139)
4(14050 14140 14141 14051)
4(14130 14131 14141 14140)
4(14042 14052 14142 14132)
4(5161 5261 14142 14052)
4(5251 14132 14142 5261)
4(14043 14053 14143 14133)
4(14052 14142 14143 14053)
4(14132 14133 14143 14142)
4(14044 14054 14144 14134)
4(14053 14143 14144 14054)
4(14133 14134 14144 14143)
4(14045 14055 14145 14135)
4(14054 14144 14145 14055)
4(14134 14135 14145 14144)
4(14046 14056 14146 14136)
4(14055 14145 14146 14056)
4(14135 14136 14146 14145)
4(14047 14057 14147 14137)
4(14056 14146 14147 14057)
4(14136 14137 14147 14146)
4(14048 14058 14148 14138)
4(14057 14147 14148 14058)
4(14137 14138 14148 14147)
4(14049 14059 14149 14139)
4(14058 14148 14149 14059)
4(14138 14139 14149 14148)
4(14050 14060 14150 14140)
4(14059 14149 14150 14060)
4(14139 14140 14150 14149)
4(14060 14150 14151 14061)
4(14140 14141 14151 14150)
4(14052 14062 14152 14142)
4(5171 5271 14152 14062)
4(5261 14142 14152 5271)
4(14053 14063 14153 14143)
4(14062 14152 14153 14063)
4(14142 14143 14153 14152)
4(14054 14064 14154 14144)
4(14063 14153 14154 14064)
4(14143 14144 14154 14153)
4(14055 14065 14155 14145)
4(14064 14154 14155 14065)
4(14144 14145 14155 14154)
4(14056 14066 14156 14146)
4(14065 14155 14156 14066)
4(14145 14146 14156 14155)
4(14057 14067 14157 14147)
4(14066 14156 14157 14067)
4(14146 14147 14157 14156)
4(14058 14068 14158 14148)
4(14067 14157 14158 14068)
4(14147 14148 14158 14157)
4(14059 14069 14159 14149)
4(14068 14158 14159 14069)
4(14148 14149 14159 14158)
4(14060 14070 14160 14150)
4(14069 14159 14160 14070)
4(14149 14150 14160 14159)
4(14070 14160 14161 14071)
4(14150 14151 14161 14160)
4(14062 14072 14162 14152)
4(5181 5281 14162 14072)
4(5271 14152 14162 5281)
4(14063 14073 14163 14153)
4(14072 14162 14163 14073)
4(14152 14153 14163 14162)
4(14064 14074 14164 14154)
4(14073 14163 14164 14074)
4(14153 14154 14164 14163)
4(14065 14075 14165 14155)
4(14074 14164 14165 14075)
4(14154 14155 14165 14164)
4(14066 14076 14166 14156)
4(14075 14165 14166 14076)
4(14155 14156 14166 14165)
4(14067 14077 14167 14157)
4(14076 14166 14167 14077)
4(14156 14157 14167 14166)
4(14068 14078 14168 14158)
4(14077 14167 14168 14078)
4(14157 14158 14168 14167)
4(14069 14079 14169 14159)
4(14078 14168 14169 14079)
4(14158 14159 14169 14168)
4(14070 14080 14170 14160)
4(14079 14169 14170 14080)
4(14159 14160 14170 14169)
4(14080 14170 14171 14081)
4(14160 14161 14171 14170)
4(14072 6182 6292 14162)
4(5281 14162 6292 1462)
4(14073 6183 6293 14163)
4(14162 14163 6293 6292)
4(14074 6184 6294 14164)
4(14163 14164 6294 6293)
4(14075 6185 6295 14165)
4(14164 14165 6295 6294)
4(14076 6186 6296 14166)
4(14165 14166 6296 6295)
4(14077 6187 6297 14167)
4(14166 14167 6297 6296)
4(14078 6188 6298 14168)
4(14167 14168 6298 6297)
4(14079 6189 6299 14169)
4(14168 14169 6299 6298)
4(14080 6190 6300 14170)
4(14169 14170 6300 6299)
4(14170 14171 6301 6300)
4(13082 14082 14172 13182)
4(5201 5301 14172 14082)
4(5291 13182 14172 5301)
4(13083 14083 14173 13183)
4(14082 14172 14173 14083)
4(13182 13183 14173 14172)
4(13084 14084 14174 13184)
4(14083 14173 14174 14084)
4(13183 13184 14174 14173)
4(13085 14085 14175 13185)
4(14084 14174 14175 14085)
4(13184 13185 14175 14174)
4(13086 14086 14176 13186)
4(14085 14175 14176 14086)
4(13185 13186 14176 14175)
4(13087 14087 14177 13187)
4(14086 14176 14177 14087)
4(13186 13187 14177 14176)
4(13088 14088 14178 13188)
4(14087 14177 14178 14088)
4(13187 13188 14178 14177)
4(13089 14089 14179 13189)
4(14088 14178 14179 14089)
4(13188 13189 14179 14178)
4(13090 14090 14180 13190)
4(14089 14179 14180 14090)
4(13189 13190 14180 14179)
4(14090 14180 14181 14091)
4(13190 13191 14181 14180)
4(14082 14092 14182 14172)
4(5211 5311 14182 14092)
4(5301 14172 14182 5311)
4(14083 14093 14183 14173)
4(14092 14182 14183 14093)
4(14172 14173 14183 14182)
4(14084 14094 14184 14174)
4(14093 14183 14184 14094)
4(14173 14174 14184 14183)
4(14085 14095 14185 14175)
4(14094 14184 14185 14095)
4(14174 14175 14185 14184)
4(14086 14096 14186 14176)
4(14095 14185 14186 14096)
4(14175 14176 14186 14185)
4(14087 14097 14187 14177)
4(14096 14186 14187 14097)
4(14176 14177 14187 14186)
4(14088 14098 14188 14178)
4(14097 14187 14188 14098)
4(14177 14178 14188 14187)
4(14089 14099 14189 14179)
4(14098 14188 14189 14099)
4(14178 14179 14189 14188)
4(14090 14100 14190 14180)
4(14099 14189 14190 14100)
4(14179 14180 14190 14189)
4(14100 14190 14191 14101)
4(14180 14181 14191 14190)
4(14092 14102 14192 14182)
4(5221 5321 14192 14102)
4(5311 14182 14192 5321)
4(14093 14103 14193 14183)
4(14102 14192 14193 14103)
4(14182 14183 14193 14192)
4(14094 14104 14194 14184)
4(14103 14193 14194 14104)
4(14183 14184 14194 14193)
4(14095 14105 14195 14185)
4(14104 14194 14195 14105)
4(14184 14185 14195 14194)
4(14096 14106 14196 14186)
4(14105 14195 14196 14106)
4(14185 14186 14196 14195)
4(14097 14107 14197 14187)
4(14106 14196 14197 14107)
4(14186 14187 14197 14196)
4(14098 14108 14198 14188)
4(14107 14197 14198 14108)
4(14187 14188 14198 14197)
4(14099 14109 14199 14189)
4(14108 14198 14199 14109)
4(14188 14189 14199 14198)
4(14100 14110 14200 14190)
4(14109 14199 14200 14110)
4(14189 14190 14200 14199)
4(14110 14200 14201 14111)
4(14190 14191 14201 14200)
4(14102 14112 14202 14192)
4(5231 5331 14202 14112)
4(5321 14192 14202 5331)
4(14103 14113 14203 14193)
4(14112 14202 14203 14113)
4(14192 14193 14203 14202)
4(14104 14114 14204 14194)
4(14113 14203 14204 14114)
4(14193 14194 14204 14203)
4(14105 14115 14205 14195)
4(14114 14204 14205 14115)
4(14194 14195 14205 14204)
4(14106 14116 14206 14196)
4(14115 14205 14206 14116)
4(14195 14196 14206 14205)
4(14107 14117 14207 14197)
4(14116 14206 14207 14117)
4(14196 14197 14207 14206)
4(14108 14118 14208 14198)
4(14117 14207 14208 14118)
4(14197 14198 14208 14207)
4(14109 14119 14209 14199)
4(14118 14208 14209 14119)
4(14198 14199 14209 14208)
4(14110 14120 14210 14200)
4(14119 14209 14210 14120)
4(14199 14200 14210 14209)
4(14120 14210 14211 14121)
4(14200 14201 14211 14210)
4(14112 14122 14212 14202)
4(5241 5341 14212 14122)
4(5331 14202 14212 5341)
4(14113 14123 14213 14203)
4(14122 14212 14213 14123)
4(14202 14203 14213 14212)
4(14114 14124 14214 14204)
4(14123 14213 14214 14124)
4(14203 14204 14214 14213)
4(14115 14125 14215 14205)
4(14124 14214 14215 14125)
4(14204 14205 14215 14214)
4(14116 14126 14216 14206)
4(14125 14215 14216 14126)
4(14205 14206 14216 14215)
4(14117 14127 14217 14207)
4(14126 14216 14217 14127)
4(14206 14207 14217 14216)
4(14118 14128 14218 14208)
4(14127 14217 14218 14128)
4(14207 14208 14218 14217)
4(14119 14129 14219 14209)
4(14128 14218 14219 14129)
4(14208 14209 14219 14218)
4(14120 14130 14220 14210)
4(14129 14219 14220 14130)
4(14209 14210 14220 14219)
4(14130 14220 14221 14131)
4(14210 14211 14221 14220)
4(14122 14132 14222 14212)
4(5251 5351 14222 14132)
4(5341 14212 14222 5351)
4(14123 14133 14223 14213)
4(14132 14222 14223 14133)
4(14212 14213 14223 14222)
4(14124 14134 14224 14214)
4(14133 14223 14224 14134)
4(14213 14214 14224 14223)
4(14125 14135 14225 14215)
4(14134 14224 14225 14135)
4(14214 14215 14225 14224)
4(14126 14136 14226 14216)
4(14135 14225 14226 14136)
4(14215 14216 14226 14225)
4(14127 14137 14227 14217)
4(14136 14226 14227 14137)
4(14216 14217 14227 14226)
4(14128 14138 14228 14218)
4(14137 14227 14228 14138)
4(14217 14218 14228 14227)
4(14129 14139 14229 14219)
4(14138 14228 14229 14139)
4(14218 14219 14229 14228)
4(14130 14140 14230 14220)
4(14139 14229 14230 14140)
4(14219 14220 14230 14229)
4(14140 14230 14231 14141)
4(14220 14221 14231 14230)
4(14132 14142 14232 14222)
4(5261 5361 14232 14142)
4(5351 14222 14232 5361)
4(14133 14143 14233 14223)
4(14142 14232 14233 14143)
4(14222 14223 14233 14232)
4(14134 14144 14234 14224)
4(14143 14233 14234 14144)
4(14223 14224 14234 14233)
4(14135 14145 14235 14225)
4(14144 14234 14235 14145)
4(14224 14225 14235 14234)
4(14136 14146 14236 14226)
4(14145 14235 14236 14146)
4(14225 14226 14236 14235)
4(14137 14147 14237 14227)
4(14146 14236 14237 14147)
4(14226 14227 14237 14236)
4(14138 14148 14238 14228)
4(14147 14237 14238 14148)
4(14227 14228 14238 14237)
4(14139 14149 14239 14229)
4(14148 14238 14239 14149)
4(14228 14229 14239 14238)
4(14140 14150 14240 14230)
4(14149 14239 14240 14150)
4(14229 14230 14240 14239)
4(14150 14240 14241 14151)
4(14230 14231 14241 14240)
4(14142 14152 14242 14232)
4(5271 5371 14242 14152)
4(5361 14232 14242 5371)
4(14143 14153 14243 14233)
4(14152 14242 14243 14153)
4(14232 14233 14243 14242)
4(14144 14154 14244 14234)
4(14153 14243 14244 14154)
4(14233 14234 14244 14243)
4(14145 14155 14245 14235)
4(14154 14244 14245 14155)
4(14234 14235 14245 14244)
4(14146 14156 14246 14236)
4(14155 14245 14246 14156)
4(14235 14236 14246 14245)
4(14147 14157 14247 14237)
4(14156 14246 14247 14157)
4(14236 14237 14247 14246)
4(14148 14158 14248 14238)
4(14157 14247 14248 14158)
4(14237 14238 14248 14247)
4(14149 14159 14249 14239)
4(14158 14248 14249 14159)
4(14238 14239 14249 14248)
4(14150 14160 14250 14240)
4(14159 14249 14250 14160)
4(14239 14240 14250 14249)
4(14160 14250 14251 14161)
4(14240 14241 14251 14250)
4(14152 14162 14252 14242)
4(5281 5381 14252 14162)
4(5371 14242 14252 5381)
4(14153 14163 14253 14243)
4(14162 14252 14253 14163)
4(14242 14243 14253 14252)
4(14154 14164 14254 14244)
4(14163 14253 14254 14164)
4(14243 14244 14254 14253)
4(14155 14165 14255 14245)
4(14164 14254 14255 14165)
4(14244 14245 14255 14254)
4(14156 14166 14256 14246)
4(14165 14255 14256 14166)
4(14245 14246 14256 14255)
4(14157 14167 14257 14247)
4(14166 14256 14257 14167)
4(14246 14247 14257 14256)
4(14158 14168 14258 14248)
4(14167 14257 14258 14168)
4(14247 14248 14258 14257)
4(14159 14169 14259 14249)
4(14168 14258 14259 14169)
4(14248 14249 14259 14258)
4(14160 14170 14260 14250)
4(14169 14259 14260 14170)
4(14249 14250 14260 14259)
4(14170 14260 14261 14171)
4(14250 14251 14261 14260)
4(14162 6292 6402 14252)
4(5381 14252 6402 1583)
4(14163 6293 6403 14253)
4(14252 14253 6403 6402)
4(14164 6294 6404 14254)
4(14253 14254 6404 6403)
4(14165 6295 6405 14255)
4(14254 14255 6405 6404)
4(14166 6296 6406 14256)
4(14255 14256 6406 6405)
4(14167 6297 6407 14257)
4(14256 14257 6407 6406)
4(14168 6298 6408 14258)
4(14257 14258 6408 6407)
4(14169 6299 6409 14259)
4(14258 14259 6409 6408)
4(14170 6300 6410 14260)
4(14259 14260 6410 6409)
4(14260 14261 6411 6410)
4(13182 14172 14262 13282)
4(5301 5401 14262 14172)
4(5391 13282 14262 5401)
4(13183 14173 14263 13283)
4(14172 14262 14263 14173)
4(13282 13283 14263 14262)
4(13184 14174 14264 13284)
4(14173 14263 14264 14174)
4(13283 13284 14264 14263)
4(13185 14175 14265 13285)
4(14174 14264 14265 14175)
4(13284 13285 14265 14264)
4(13186 14176 14266 13286)
4(14175 14265 14266 14176)
4(13285 13286 14266 14265)
4(13187 14177 14267 13287)
4(14176 14266 14267 14177)
4(13286 13287 14267 14266)
4(13188 14178 14268 13288)
4(14177 14267 14268 14178)
4(13287 13288 14268 14267)
4(13189 14179 14269 13289)
4(14178 14268 14269 14179)
4(13288 13289 14269 14268)
4(13190 14180 14270 13290)
4(14179 14269 14270 14180)
4(13289 13290 14270 14269)
4(14180 14270 14271 14181)
4(13290 13291 14271 14270)
4(14172 14182 14272 14262)
4(5311 5411 14272 14182)
4(5401 14262 14272 5411)
4(14173 14183 14273 14263)
4(14182 14272 14273 14183)
4(14262 14263 14273 14272)
4(14174 14184 14274 14264)
4(14183 14273 14274 14184)
4(14263 14264 14274 14273)
4(14175 14185 14275 14265)
4(14184 14274 14275 14185)
4(14264 14265 14275 14274)
4(14176 14186 14276 14266)
4(14185 14275 14276 14186)
4(14265 14266 14276 14275)
4(14177 14187 14277 14267)
4(14186 14276 14277 14187)
4(14266 14267 14277 14276)
4(14178 14188 14278 14268)
4(14187 14277 14278 14188)
4(14267 14268 14278 14277)
4(14179 14189 14279 14269)
4(14188 14278 14279 14189)
4(14268 14269 14279 14278)
4(14180 14190 14280 14270)
4(14189 14279 14280 14190)
4(14269 14270 14280 14279)
4(14190 14280 14281 14191)
4(14270 14271 14281 14280)
4(14182 14192 14282 14272)
4(5321 5421 14282 14192)
4(5411 14272 14282 5421)
4(14183 14193 14283 14273)
4(14192 14282 14283 14193)
4(14272 14273 14283 14282)
4(14184 14194 14284 14274)
4(14193 14283 14284 14194)
4(14273 14274 14284 14283)
4(14185 14195 14285 14275)
4(14194 14284 14285 14195)
4(14274 14275 14285 14284)
4(14186 14196 14286 14276)
4(14195 14285 14286 14196)
4(14275 14276 14286 14285)
4(14187 14197 14287 14277)
4(14196 14286 14287 14197)
4(14276 14277 14287 14286)
4(14188 14198 14288 14278)
4(14197 14287 14288 14198)
4(14277 14278 14288 14287)
4(14189 14199 14289 14279)
4(14198 14288 14289 14199)
4(14278 14279 14289 14288)
4(14190 14200 14290 14280)
4(14199 14289 14290 14200)
4(14279 14280 14290 14289)
4(14200 14290 14291 14201)
4(14280 14281 14291 14290)
4(14192 14202 14292 14282)
4(5331 5431 14292 14202)
4(5421 14282 14292 5431)
4(14193 14203 14293 14283)
4(14202 14292 14293 14203)
4(14282 14283 14293 14292)
4(14194 14204 14294 14284)
4(14203 14293 14294 14204)
4(14283 14284 14294 14293)
4(14195 14205 14295 14285)
4(14204 14294 14295 14205)
4(14284 14285 14295 14294)
4(14196 14206 14296 14286)
4(14205 14295 14296 14206)
4(14285 14286 14296 14295)
4(14197 14207 14297 14287)
4(14206 14296 14297 14207)
4(14286 14287 14297 14296)
4(14198 14208 14298 14288)
4(14207 14297 14298 14208)
4(14287 14288 14298 14297)
4(14199 14209 14299 14289)
4(14208 14298 14299 14209)
4(14288 14289 14299 14298)
4(14200 14210 14300 14290)
4(14209 14299 14300 14210)
4(14289 14290 14300 14299)
4(14210 14300 14301 14211)
4(14290 14291 14301 14300)
4(14202 14212 14302 14292)
4(5341 5441 14302 14212)
4(5431 14292 14302 5441)
4(14203 14213 14303 14293)
4(14212 14302 14303 14213)
4(14292 14293 14303 14302)
4(14204 14214 14304 14294)
4(14213 14303 14304 14214)
4(14293 14294 14304 14303)
4(14205 14215 14305 14295)
4(14214 14304 14305 14215)
4(14294 14295 14305 14304)
4(14206 14216 14306 14296)
4(14215 14305 14306 14216)
4(14295 14296 14306 14305)
4(14207 14217 14307 14297)
4(14216 14306 14307 14217)
4(14296 14297 14307 14306)
4(14208 14218 14308 14298)
4(14217 14307 14308 14218)
4(14297 14298 14308 14307)
4(14209 14219 14309 14299)
4(14218 14308 14309 14219)
4(14298 14299 14309 14308)
4(14210 14220 14310 14300)
4(14219 14309 14310 14220)
4(14299 14300 14310 14309)
4(14220 14310 14311 14221)
4(14300 14301 14311 14310)
4(14212 14222 14312 14302)
4(5351 5451 14312 14222)
4(5441 14302 14312 5451)
4(14213 14223 14313 14303)
4(14222 14312 14313 14223)
4(14302 14303 14313 14312)
4(14214 14224 14314 14304)
4(14223 14313 14314 14224)
4(14303 14304 14314 14313)
4(14215 14225 14315 14305)
4(14224 14314 14315 14225)
4(14304 14305 14315 14314)
4(14216 14226 14316 14306)
4(14225 14315 14316 14226)
4(14305 14306 14316 14315)
4(14217 14227 14317 14307)
4(14226 14316 14317 14227)
4(14306 14307 14317 14316)
4(14218 14228 14318 14308)
4(14227 14317 14318 14228)
4(14307 14308 14318 14317)
4(14219 14229 14319 14309)
4(14228 14318 14319 14229)
4(14308 14309 14319 14318)
4(14220 14230 14320 14310)
4(14229 14319 14320 14230)
4(14309 14310 14320 14319)
4(14230 14320 14321 14231)
4(14310 14311 14321 14320)
4(14222 14232 14322 14312)
4(5361 5461 14322 14232)
4(5451 14312 14322 5461)
4(14223 14233 14323 14313)
4(14232 14322 14323 14233)
4(14312 14313 14323 14322)
4(14224 14234 14324 14314)
4(14233 14323 14324 14234)
4(14313 14314 14324 14323)
4(14225 14235 14325 14315)
4(14234 14324 14325 14235)
4(14314 14315 14325 14324)
4(14226 14236 14326 14316)
4(14235 14325 14326 14236)
4(14315 14316 14326 14325)
4(14227 14237 14327 14317)
4(14236 14326 14327 14237)
4(14316 14317 14327 14326)
4(14228 14238 14328 14318)
4(14237 14327 14328 14238)
4(14317 14318 14328 14327)
4(14229 14239 14329 14319)
4(14238 14328 14329 14239)
4(14318 14319 14329 14328)
4(14230 14240 14330 14320)
4(14239 14329 14330 14240)
4(14319 14320 14330 14329)
4(14240 14330 14331 14241)
4(14320 14321 14331 14330)
4(14232 14242 14332 14322)
4(5371 5471 14332 14242)
4(5461 14322 14332 5471)
4(14233 14243 14333 14323)
4(14242 14332 14333 14243)
4(14322 14323 14333 14332)
4(14234 14244 14334 14324)
4(14243 14333 14334 14244)
4(14323 14324 14334 14333)
4(14235 14245 14335 14325)
4(14244 14334 14335 14245)
4(14324 14325 14335 14334)
4(14236 14246 14336 14326)
4(14245 14335 14336 14246)
4(14325 14326 14336 14335)
4(14237 14247 14337 14327)
4(14246 14336 14337 14247)
4(14326 14327 14337 14336)
4(14238 14248 14338 14328)
4(14247 14337 14338 14248)
4(14327 14328 14338 14337)
4(14239 14249 14339 14329)
4(14248 14338 14339 14249)
4(14328 14329 14339 14338)
4(14240 14250 14340 14330)
4(14249 14339 14340 14250)
4(14329 14330 14340 14339)
4(14250 14340 14341 14251)
4(14330 14331 14341 14340)
4(14242 14252 14342 14332)
4(5381 5481 14342 14252)
4(5471 14332 14342 5481)
4(14243 14253 14343 14333)
4(14252 14342 14343 14253)
4(14332 14333 14343 14342)
4(14244 14254 14344 14334)
4(14253 14343 14344 14254)
4(14333 14334 14344 14343)
4(14245 14255 14345 14335)
4(14254 14344 14345 14255)
4(14334 14335 14345 14344)
4(14246 14256 14346 14336)
4(14255 14345 14346 14256)
4(14335 14336 14346 14345)
4(14247 14257 14347 14337)
4(14256 14346 14347 14257)
4(14336 14337 14347 14346)
4(14248 14258 14348 14338)
4(14257 14347 14348 14258)
4(14337 14338 14348 14347)
4(14249 14259 14349 14339)
4(14258 14348 14349 14259)
4(14338 14339 14349 14348)
4(14250 14260 14350 14340)
4(14259 14349 14350 14260)
4(14339 14340 14350 14349)
4(14260 14350 14351 14261)
4(14340 14341 14351 14350)
4(14252 6402 6512 14342)
4(5481 14342 6512 1704)
4(14253 6403 6513 14343)
4(14342 14343 6513 6512)
4(14254 6404 6514 14344)
4(14343 14344 6514 6513)
4(14255 6405 6515 14345)
4(14344 14345 6515 6514)
4(14256 6406 6516 14346)
4(14345 14346 6516 6515)
4(14257 6407 6517 14347)
4(14346 14347 6517 6516)
4(14258 6408 6518 14348)
4(14347 14348 6518 6517)
4(14259 6409 6519 14349)
4(14348 14349 6519 6518)
4(14260 6410 6520 14350)
4(14349 14350 6520 6519)
4(14350 14351 6521 6520)
4(13282 14262 14352 13382)
4(5401 5501 14352 14262)
4(5491 13382 14352 5501)
4(13283 14263 14353 13383)
4(14262 14352 14353 14263)
4(13382 13383 14353 14352)
4(13284 14264 14354 13384)
4(14263 14353 14354 14264)
4(13383 13384 14354 14353)
4(13285 14265 14355 13385)
4(14264 14354 14355 14265)
4(13384 13385 14355 14354)
4(13286 14266 14356 13386)
4(14265 14355 14356 14266)
4(13385 13386 14356 14355)
4(13287 14267 14357 13387)
4(14266 14356 14357 14267)
4(13386 13387 14357 14356)
4(13288 14268 14358 13388)
4(14267 14357 14358 14268)
4(13387 13388 14358 14357)
4(13289 14269 14359 13389)
4(14268 14358 14359 14269)
4(13388 13389 14359 14358)
4(13290 14270 14360 13390)
4(14269 14359 14360 14270)
4(13389 13390 14360 14359)
4(14270 14360 14361 14271)
4(13390 13391 14361 14360)
4(14262 14272 14362 14352)
4(5411 5511 14362 14272)
4(5501 14352 14362 5511)
4(14263 14273 14363 14353)
4(14272 14362 14363 14273)
4(14352 14353 14363 14362)
4(14264 14274 14364 14354)
4(14273 14363 14364 14274)
4(14353 14354 14364 14363)
4(14265 14275 14365 14355)
4(14274 14364 14365 14275)
4(14354 14355 14365 14364)
4(14266 14276 14366 14356)
4(14275 14365 14366 14276)
4(14355 14356 14366 14365)
4(14267 14277 14367 14357)
4(14276 14366 14367 14277)
4(14356 14357 14367 14366)
4(14268 14278 14368 14358)
4(14277 14367 14368 14278)
4(14357 14358 14368 14367)
4(14269 14279 14369 14359)
4(14278 14368 14369 14279)
4(14358 14359 14369 14368)
4(14270 14280 14370 14360)
4(14279 14369 14370 14280)
4(14359 14360 14370 14369)
4(14280 14370 14371 14281)
4(14360 14361 14371 14370)
4(14272 14282 14372 14362)
4(5421 5521 14372 14282)
4(5511 14362 14372 5521)
4(14273 14283 14373 14363)
4(14282 14372 14373 14283)
4(14362 14363 14373 14372)
4(14274 14284 14374 14364)
4(14283 14373 14374 14284)
4(14363 14364 14374 14373)
4(14275 14285 14375 14365)
4(14284 14374 14375 14285)
4(14364 14365 14375 14374)
4(14276 14286 14376 14366)
4(14285 14375 14376 14286)
4(14365 14366 14376 14375)
4(14277 14287 14377 14367)
4(14286 14376 14377 14287)
4(14366 14367 14377 14376)
4(14278 14288 14378 14368)
4(14287 14377 14378 14288)
4(14367 14368 14378 14377)
4(14279 14289 14379 14369)
4(14288 14378 14379 14289)
4(14368 14369 14379 14378)
4(14280 14290 14380 14370)
4(14289 14379 14380 14290)
4(14369 14370 14380 14379)
4(14290 14380 14381 14291)
4(14370 14371 14381 14380)
4(14282 14292 14382 14372)
4(5431 5531 14382 14292)
4(5521 14372 14382 5531)
4(14283 14293 14383 14373)
4(14292 14382 14383 14293)
4(14372 14373 14383 14382)
4(14284 14294 14384 14374)
4(14293 14383 14384 14294)
4(14373 14374 14384 14383)
4(14285 14295 14385 14375)
4(14294 14384 14385 14295)
4(14374 14375 14385 14384)
4(14286 14296 14386 14376)
4(14295 14385 14386 14296)
4(14375 14376 14386 14385)
4(14287 14297 14387 14377)
4(14296 14386 14387 14297)
4(14376 14377 14387 14386)
4(14288 14298 14388 14378)
4(14297 14387 14388 14298)
4(14377 14378 14388 14387)
4(14289 14299 14389 14379)
4(14298 14388 14389 14299)
4(14378 14379 14389 14388)
4(14290 14300 14390 14380)
4(14299 14389 14390 14300)
4(14379 14380 14390 14389)
4(14300 14390 14391 14301)
4(14380 14381 14391 14390)
4(14292 14302 14392 14382)
4(5441 5541 14392 14302)
4(5531 14382 14392 5541)
4(14293 14303 14393 14383)
4(14302 14392 14393 14303)
4(14382 14383 14393 14392)
4(14294 14304 14394 14384)
4(14303 14393 14394 14304)
4(14383 14384 14394 14393)
4(14295 14305 14395 14385)
4(14304 14394 14395 14305)
4(14384 14385 14395 14394)
4(14296 14306 14396 14386)
4(14305 14395 14396 14306)
4(14385 14386 14396 14395)
4(14297 14307 14397 14387)
4(14306 14396 14397 14307)
4(14386 14387 14397 14396)
4(14298 14308 14398 14388)
4(14307 14397 14398 14308)
4(14387 14388 14398 14397)
4(14299 14309 14399 14389)
4(14308 14398 14399 14309)
4(14388 14389 14399 14398)
4(14300 14310 14400 14390)
4(14309 14399 14400 14310)
4(14389 14390 14400 14399)
4(14310 14400 14401 14311)
4(14390 14391 14401 14400)
4(14302 14312 14402 14392)
4(5451 5551 14402 14312)
4(5541 14392 14402 5551)
4(14303 14313 14403 14393)
4(14312 14402 14403 14313)
4(14392 14393 14403 14402)
4(14304 14314 14404 14394)
4(14313 14403 14404 14314)
4(14393 14394 14404 14403)
4(14305 14315 14405 14395)
4(14314 14404 14405 14315)
4(14394 14395 14405 14404)
4(14306 14316 14406 14396)
4(14315 14405 14406 14316)
4(14395 14396 14406 14405)
4(14307 14317 14407 14397)
4(14316 14406 14407 14317)
4(14396 14397 14407 14406)
4(14308 14318 14408 14398)
4(14317 14407 14408 14318)
4(14397 14398 14408 14407)
4(14309 14319 14409 14399)
4(14318 14408 14409 14319)
4(14398 14399 14409 14408)
4(14310 14320 14410 14400)
4(14319 14409 14410 14320)
4(14399 14400 14410 14409)
4(14320 14410 14411 14321)
4(14400 14401 14411 14410)
4(14312 14322 14412 14402)
4(5461 5561 14412 14322)
4(5551 14402 14412 5561)
4(14313 14323 14413 14403)
4(14322 14412 14413 14323)
4(14402 14403 14413 14412)
4(14314 14324 14414 14404)
4(14323 14413 14414 14324)
4(14403 14404 14414 14413)
4(14315 14325 14415 14405)
4(14324 14414 14415 14325)
4(14404 14405 14415 14414)
4(14316 14326 14416 14406)
4(14325 14415 14416 14326)
4(14405 14406 14416 14415)
4(14317 14327 14417 14407)
4(14326 14416 14417 14327)
4(14406 14407 14417 14416)
4(14318 14328 14418 14408)
4(14327 14417 14418 14328)
4(14407 14408 14418 14417)
4(14319 14329 14419 14409)
4(14328 14418 14419 14329)
4(14408 14409 14419 14418)
4(14320 14330 14420 14410)
4(14329 14419 14420 14330)
4(14409 14410 14420 14419)
4(14330 14420 14421 14331)
4(14410 14411 14421 14420)
4(14322 14332 14422 14412)
4(5471 5571 14422 14332)
4(5561 14412 14422 5571)
4(14323 14333 14423 14413)
4(14332 14422 14423 14333)
4(14412 14413 14423 14422)
4(14324 14334 14424 14414)
4(14333 14423 14424 14334)
4(14413 14414 14424 14423)
4(14325 14335 14425 14415)
4(14334 14424 14425 14335)
4(14414 14415 14425 14424)
4(14326 14336 14426 14416)
4(14335 14425 14426 14336)
4(14415 14416 14426 14425)
4(14327 14337 14427 14417)
4(14336 14426 14427 14337)
4(14416 14417 14427 14426)
4(14328 14338 14428 14418)
4(14337 14427 14428 14338)
4(14417 14418 14428 14427)
4(14329 14339 14429 14419)
4(14338 14428 14429 14339)
4(14418 14419 14429 14428)
4(14330 14340 14430 14420)
4(14339 14429 14430 14340)
4(14419 14420 14430 14429)
4(14340 14430 14431 14341)
4(14420 14421 14431 14430)
4(14332 14342 14432 14422)
4(5481 5581 14432 14342)
4(5571 14422 14432 5581)
4(14333 14343 14433 14423)
4(14342 14432 14433 14343)
4(14422 14423 14433 14432)
4(14334 14344 14434 14424)
4(14343 14433 14434 14344)
4(14423 14424 14434 14433)
4(14335 14345 14435 14425)
4(14344 14434 14435 14345)
4(14424 14425 14435 14434)
4(14336 14346 14436 14426)
4(14345 14435 14436 14346)
4(14425 14426 14436 14435)
4(14337 14347 14437 14427)
4(14346 14436 14437 14347)
4(14426 14427 14437 14436)
4(14338 14348 14438 14428)
4(14347 14437 14438 14348)
4(14427 14428 14438 14437)
4(14339 14349 14439 14429)
4(14348 14438 14439 14349)
4(14428 14429 14439 14438)
4(14340 14350 14440 14430)
4(14349 14439 14440 14350)
4(14429 14430 14440 14439)
4(14350 14440 14441 14351)
4(14430 14431 14441 14440)
4(14342 6512 6622 14432)
4(5581 14432 6622 1825)
4(14343 6513 6623 14433)
4(14432 14433 6623 6622)
4(14344 6514 6624 14434)
4(14433 14434 6624 6623)
4(14345 6515 6625 14435)
4(14434 14435 6625 6624)
4(14346 6516 6626 14436)
4(14435 14436 6626 6625)
4(14347 6517 6627 14437)
4(14436 14437 6627 6626)
4(14348 6518 6628 14438)
4(14437 14438 6628 6627)
4(14349 6519 6629 14439)
4(14438 14439 6629 6628)
4(14350 6520 6630 14440)
4(14439 14440 6630 6629)
4(14440 14441 6631 6630)
4(13382 14352 14442 13482)
4(5501 5601 14442 14352)
4(5591 13482 14442 5601)
4(13383 14353 14443 13483)
4(14352 14442 14443 14353)
4(13482 13483 14443 14442)
4(13384 14354 14444 13484)
4(14353 14443 14444 14354)
4(13483 13484 14444 14443)
4(13385 14355 14445 13485)
4(14354 14444 14445 14355)
4(13484 13485 14445 14444)
4(13386 14356 14446 13486)
4(14355 14445 14446 14356)
4(13485 13486 14446 14445)
4(13387 14357 14447 13487)
4(14356 14446 14447 14357)
4(13486 13487 14447 14446)
4(13388 14358 14448 13488)
4(14357 14447 14448 14358)
4(13487 13488 14448 14447)
4(13389 14359 14449 13489)
4(14358 14448 14449 14359)
4(13488 13489 14449 14448)
4(13390 14360 14450 13490)
4(14359 14449 14450 14360)
4(13489 13490 14450 14449)
4(14360 14450 14451 14361)
4(13490 13491 14451 14450)
4(14352 14362 14452 14442)
4(5511 5611 14452 14362)
4(5601 14442 14452 5611)
4(14353 14363 14453 14443)
4(14362 14452 14453 14363)
4(14442 14443 14453 14452)
4(14354 14364 14454 14444)
4(14363 14453 14454 14364)
4(14443 14444 14454 14453)
4(14355 14365 14455 14445)
4(14364 14454 14455 14365)
4(14444 14445 14455 14454)
4(14356 14366 14456 14446)
4(14365 14455 14456 14366)
4(14445 14446 14456 14455)
4(14357 14367 14457 14447)
4(14366 14456 14457 14367)
4(14446 14447 14457 14456)
4(14358 14368 14458 14448)
4(14367 14457 14458 14368)
4(14447 14448 14458 14457)
4(14359 14369 14459 14449)
4(14368 14458 14459 14369)
4(14448 14449 14459 14458)
4(14360 14370 14460 14450)
4(14369 14459 14460 14370)
4(14449 14450 14460 14459)
4(14370 14460 14461 14371)
4(14450 14451 14461 14460)
4(14362 14372 14462 14452)
4(5521 5621 14462 14372)
4(5611 14452 14462 5621)
4(14363 14373 14463 14453)
4(14372 14462 14463 14373)
4(14452 14453 14463 14462)
4(14364 14374 14464 14454)
4(14373 14463 14464 14374)
4(14453 14454 14464 14463)
4(14365 14375 14465 14455)
4(14374 14464 14465 14375)
4(14454 14455 14465 14464)
4(14366 14376 14466 14456)
4(14375 14465 14466 14376)
4(14455 14456 14466 14465)
4(14367 14377 14467 14457)
4(14376 14466 14467 14377)
4(14456 14457 14467 14466)
4(14368 14378 14468 14458)
4(14377 14467 14468 14378)
4(14457 14458 14468 14467)
4(14369 14379 14469 14459)
4(14378 14468 14469 14379)
4(14458 14459 14469 14468)
4(14370 14380 14470 14460)
4(14379 14469 14470 14380)
4(14459 14460 14470 14469)
4(14380 14470 14471 14381)
4(14460 14461 14471 14470)
4(14372 14382 14472 14462)
4(5531 5631 14472 14382)
4(5621 14462 14472 5631)
4(14373 14383 14473 14463)
4(14382 14472 14473 14383)
4(14462 14463 14473 14472)
4(14374 14384 14474 14464)
4(14383 14473 14474 14384)
4(14463 14464 14474 14473)
4(14375 14385 14475 14465)
4(14384 14474 14475 14385)
4(14464 14465 14475 14474)
4(14376 14386 14476 14466)
4(14385 14475 14476 14386)
4(14465 14466 14476 14475)
4(14377 14387 14477 14467)
4(14386 14476 14477 14387)
4(14466 14467 14477 14476)
4(14378 14388 14478 14468)
4(14387 14477 14478 14388)
4(14467 14468 14478 14477)
4(14379 14389 14479 14469)
4(14388 14478 14479 14389)
4(14468 14469 14479 14478)
4(14380 14390 14480 14470)
4(14389 14479 14480 14390)
4(14469 14470 14480 14479)
4(14390 14480 14481 14391)
4(14470 14471 14481 14480)
4(14382 14392 14482 14472)
4(5541 5641 14482 14392)
4(5631 14472 14482 5641)
4(14383 14393 14483 14473)
4(14392 14482 14483 14393)
4(14472 14473 14483 14482)
4(14384 14394 14484 14474)
4(14393 14483 14484 14394)
4(14473 14474 14484 14483)
4(14385 14395 14485 14475)
4(14394 14484 14485 14395)
4(14474 14475 14485 14484)
4(14386 14396 14486 14476)
4(14395 14485 14486 14396)
4(14475 14476 14486 14485)
4(14387 14397 14487 14477)
4(14396 14486 14487 14397)
4(14476 14477 14487 14486)
4(14388 14398 14488 14478)
4(14397 14487 14488 14398)
4(14477 14478 14488 14487)
4(14389 14399 14489 14479)
4(14398 14488 14489 14399)
4(14478 14479 14489 14488)
4(14390 14400 14490 14480)
4(14399 14489 14490 14400)
4(14479 14480 14490 14489)
4(14400 14490 14491 14401)
4(14480 14481 14491 14490)
4(14392 14402 14492 14482)
4(5551 5651 14492 14402)
4(5641 14482 14492 5651)
4(14393 14403 14493 14483)
4(14402 14492 14493 14403)
4(14482 14483 14493 14492)
4(14394 14404 14494 14484)
4(14403 14493 14494 14404)
4(14483 14484 14494 14493)
4(14395 14405 14495 14485)
4(14404 14494 14495 14405)
4(14484 14485 14495 14494)
4(14396 14406 14496 14486)
4(14405 14495 14496 14406)
4(14485 14486 14496 14495)
4(14397 14407 14497 14487)
4(14406 14496 14497 14407)
4(14486 14487 14497 14496)
4(14398 14408 14498 14488)
4(14407 14497 14498 14408)
4(14487 14488 14498 14497)
4(14399 14409 14499 14489)
4(14408 14498 14499 14409)
4(14488 14489 14499 14498)
4(14400 14410 14500 14490)
4(14409 14499 14500 14410)
4(14489 14490 14500 14499)
4(14410 14500 14501 14411)
4(14490 14491 14501 14500)
4(14402 14412 14502 14492)
4(5561 5661 14502 14412)
4(5651 14492 14502 5661)
4(14403 14413 14503 14493)
4(14412 14502 14503 14413)
4(14492 14493 14503 14502)
4(14404 14414 14504 14494)
4(14413 14503 14504 14414)
4(14493 14494 14504 14503)
4(14405 14415 14505 14495)
4(14414 14504 14505 14415)
4(14494 14495 14505 14504)
4(14406 14416 14506 14496)
4(14415 14505 14506 14416)
4(14495 14496 14506 14505)
4(14407 14417 14507 14497)
4(14416 14506 14507 14417)
4(14496 14497 14507 14506)
4(14408 14418 14508 14498)
4(14417 14507 14508 14418)
4(14497 14498 14508 14507)
4(14409 14419 14509 14499)
4(14418 14508 14509 14419)
4(14498 14499 14509 14508)
4(14410 14420 14510 14500)
4(14419 14509 14510 14420)
4(14499 14500 14510 14509)
4(14420 14510 14511 14421)
4(14500 14501 14511 14510)
4(14412 14422 14512 14502)
4(5571 5671 14512 14422)
4(5661 14502 14512 5671)
4(14413 14423 14513 14503)
4(14422 14512 14513 14423)
4(14502 14503 14513 14512)
4(14414 14424 14514 14504)
4(14423 14513 14514 14424)
4(14503 14504 14514 14513)
4(14415 14425 14515 14505)
4(14424 14514 14515 14425)
4(14504 14505 14515 14514)
4(14416 14426 14516 14506)
4(14425 14515 14516 14426)
4(14505 14506 14516 14515)
4(14417 14427 14517 14507)
4(14426 14516 14517 14427)
4(14506 14507 14517 14516)
4(14418 14428 14518 14508)
4(14427 14517 14518 14428)
4(14507 14508 14518 14517)
4(14419 14429 14519 14509)
4(14428 14518 14519 14429)
4(14508 14509 14519 14518)
4(14420 14430 14520 14510)
4(14429 14519 14520 14430)
4(14509 14510 14520 14519)
4(14430 14520 14521 14431)
4(14510 14511 14521 14520)
4(14422 14432 14522 14512)
4(5581 5681 14522 14432)
4(5671 14512 14522 5681)
4(14423 14433 14523 14513)
4(14432 14522 14523 14433)
4(14512 14513 14523 14522)
4(14424 14434 14524 14514)
4(14433 14523 14524 14434)
4(14513 14514 14524 14523)
4(14425 14435 14525 14515)
4(14434 14524 14525 14435)
4(14514 14515 14525 14524)
4(14426 14436 14526 14516)
4(14435 14525 14526 14436)
4(14515 14516 14526 14525)
4(14427 14437 14527 14517)
4(14436 14526 14527 14437)
4(14516 14517 14527 14526)
4(14428 14438 14528 14518)
4(14437 14527 14528 14438)
4(14517 14518 14528 14527)
4(14429 14439 14529 14519)
4(14438 14528 14529 14439)
4(14518 14519 14529 14528)
4(14430 14440 14530 14520)
4(14439 14529 14530 14440)
4(14519 14520 14530 14529)
4(14440 14530 14531 14441)
4(14520 14521 14531 14530)
4(14432 6622 6732 14522)
4(5681 14522 6732 1946)
4(14433 6623 6733 14523)
4(14522 14523 6733 6732)
4(14434 6624 6734 14524)
4(14523 14524 6734 6733)
4(14435 6625 6735 14525)
4(14524 14525 6735 6734)
4(14436 6626 6736 14526)
4(14525 14526 6736 6735)
4(14437 6627 6737 14527)
4(14526 14527 6737 6736)
4(14438 6628 6738 14528)
4(14527 14528 6738 6737)
4(14439 6629 6739 14529)
4(14528 14529 6739 6738)
4(14440 6630 6740 14530)
4(14529 14530 6740 6739)
4(14530 14531 6741 6740)
4(13482 14442 14532 13582)
4(5601 5701 14532 14442)
4(5691 13582 14532 5701)
4(13483 14443 14533 13583)
4(14442 14532 14533 14443)
4(13582 13583 14533 14532)
4(13484 14444 14534 13584)
4(14443 14533 14534 14444)
4(13583 13584 14534 14533)
4(13485 14445 14535 13585)
4(14444 14534 14535 14445)
4(13584 13585 14535 14534)
4(13486 14446 14536 13586)
4(14445 14535 14536 14446)
4(13585 13586 14536 14535)
4(13487 14447 14537 13587)
4(14446 14536 14537 14447)
4(13586 13587 14537 14536)
4(13488 14448 14538 13588)
4(14447 14537 14538 14448)
4(13587 13588 14538 14537)
4(13489 14449 14539 13589)
4(14448 14538 14539 14449)
4(13588 13589 14539 14538)
4(13490 14450 14540 13590)
4(14449 14539 14540 14450)
4(13589 13590 14540 14539)
4(14450 14540 14541 14451)
4(13590 13591 14541 14540)
4(14442 14452 14542 14532)
4(5611 5711 14542 14452)
4(5701 14532 14542 5711)
4(14443 14453 14543 14533)
4(14452 14542 14543 14453)
4(14532 14533 14543 14542)
4(14444 14454 14544 14534)
4(14453 14543 14544 14454)
4(14533 14534 14544 14543)
4(14445 14455 14545 14535)
4(14454 14544 14545 14455)
4(14534 14535 14545 14544)
4(14446 14456 14546 14536)
4(14455 14545 14546 14456)
4(14535 14536 14546 14545)
4(14447 14457 14547 14537)
4(14456 14546 14547 14457)
4(14536 14537 14547 14546)
4(14448 14458 14548 14538)
4(14457 14547 14548 14458)
4(14537 14538 14548 14547)
4(14449 14459 14549 14539)
4(14458 14548 14549 14459)
4(14538 14539 14549 14548)
4(14450 14460 14550 14540)
4(14459 14549 14550 14460)
4(14539 14540 14550 14549)
4(14460 14550 14551 14461)
4(14540 14541 14551 14550)
4(14452 14462 14552 14542)
4(5621 5721 14552 14462)
4(5711 14542 14552 5721)
4(14453 14463 14553 14543)
4(14462 14552 14553 14463)
4(14542 14543 14553 14552)
4(14454 14464 14554 14544)
4(14463 14553 14554 14464)
4(14543 14544 14554 14553)
4(14455 14465 14555 14545)
4(14464 14554 14555 14465)
4(14544 14545 14555 14554)
4(14456 14466 14556 14546)
4(14465 14555 14556 14466)
4(14545 14546 14556 14555)
4(14457 14467 14557 14547)
4(14466 14556 14557 14467)
4(14546 14547 14557 14556)
4(14458 14468 14558 14548)
4(14467 14557 14558 14468)
4(14547 14548 14558 14557)
4(14459 14469 14559 14549)
4(14468 14558 14559 14469)
4(14548 14549 14559 14558)
4(14460 14470 14560 14550)
4(14469 14559 14560 14470)
4(14549 14550 14560 14559)
4(14470 14560 14561 14471)
4(14550 14551 14561 14560)
4(14462 14472 14562 14552)
4(5631 5731 14562 14472)
4(5721 14552 14562 5731)
4(14463 14473 14563 14553)
4(14472 14562 14563 14473)
4(14552 14553 14563 14562)
4(14464 14474 14564 14554)
4(14473 14563 14564 14474)
4(14553 14554 14564 14563)
4(14465 14475 14565 14555)
4(14474 14564 14565 14475)
4(14554 14555 14565 14564)
4(14466 14476 14566 14556)
4(14475 14565 14566 14476)
4(14555 14556 14566 14565)
4(14467 14477 14567 14557)
4(14476 14566 14567 14477)
4(14556 14557 14567 14566)
4(14468 14478 14568 14558)
4(14477 14567 14568 14478)
4(14557 14558 14568 14567)
4(14469 14479 14569 14559)
4(14478 14568 14569 14479)
4(14558 14559 14569 14568)
4(14470 14480 14570 14560)
4(14479 14569 14570 14480)
4(14559 14560 14570 14569)
4(14480 14570 14571 14481)
4(14560 14561 14571 14570)
4(14472 14482 14572 14562)
4(5641 5741 14572 14482)
4(5731 14562 14572 5741)
4(14473 14483 14573 14563)
4(14482 14572 14573 14483)
4(14562 14563 14573 14572)
4(14474 14484 14574 14564)
4(14483 14573 14574 14484)
4(14563 14564 14574 14573)
4(14475 14485 14575 14565)
4(14484 14574 14575 14485)
4(14564 14565 14575 14574)
4(14476 14486 14576 14566)
4(14485 14575 14576 14486)
4(14565 14566 14576 14575)
4(14477 14487 14577 14567)
4(14486 14576 14577 14487)
4(14566 14567 14577 14576)
4(14478 14488 14578 14568)
4(14487 14577 14578 14488)
4(14567 14568 14578 14577)
4(14479 14489 14579 14569)
4(14488 14578 14579 14489)
4(14568 14569 14579 14578)
4(14480 14490 14580 14570)
4(14489 14579 14580 14490)
4(14569 14570 14580 14579)
4(14490 14580 14581 14491)
4(14570 14571 14581 14580)
4(14482 14492 14582 14572)
4(5651 5751 14582 14492)
4(5741 14572 14582 5751)
4(14483 14493 14583 14573)
4(14492 14582 14583 14493)
4(14572 14573 14583 14582)
4(14484 14494 14584 14574)
4(14493 14583 14584 14494)
4(14573 14574 14584 14583)
4(14485 14495 14585 14575)
4(14494 14584 14585 14495)
4(14574 14575 14585 14584)
4(14486 14496 14586 14576)
4(14495 14585 14586 14496)
4(14575 14576 14586 14585)
4(14487 14497 14587 14577)
4(14496 14586 14587 14497)
4(14576 14577 14587 14586)
4(14488 14498 14588 14578)
4(14497 14587 14588 14498)
4(14577 14578 14588 14587)
4(14489 14499 14589 14579)
4(14498 14588 14589 14499)
4(14578 14579 14589 14588)
4(14490 14500 14590 14580)
4(14499 14589 14590 14500)
4(14579 14580 14590 14589)
4(14500 14590 14591 14501)
4(14580 14581 14591 14590)
4(14492 14502 14592 14582)
4(5661 5761 14592 14502)
4(5751 14582 14592 5761)
4(14493 14503 14593 14583)
4(14502 14592 14593 14503)
4(14582 14583 14593 14592)
4(14494 14504 14594 14584)
4(14503 14593 14594 14504)
4(14583 14584 14594 14593)
4(14495 14505 14595 14585)
4(14504 14594 14595 14505)
4(14584 14585 14595 14594)
4(14496 14506 14596 14586)
4(14505 14595 14596 14506)
4(14585 14586 14596 14595)
4(14497 14507 14597 14587)
4(14506 14596 14597 14507)
4(14586 14587 14597 14596)
4(14498 14508 14598 14588)
4(14507 14597 14598 14508)
4(14587 14588 14598 14597)
4(14499 14509 14599 14589)
4(14508 14598 14599 14509)
4(14588 14589 14599 14598)
4(14500 14510 14600 14590)
4(14509 14599 14600 14510)
4(14589 14590 14600 14599)
4(14510 14600 14601 14511)
4(14590 14591 14601 14600)
4(14502 14512 14602 14592)
4(5671 5771 14602 14512)
4(5761 14592 14602 5771)
4(14503 14513 14603 14593)
4(14512 14602 14603 14513)
4(14592 14593 14603 14602)
4(14504 14514 14604 14594)
4(14513 14603 14604 14514)
4(14593 14594 14604 14603)
4(14505 14515 14605 14595)
4(14514 14604 14605 14515)
4(14594 14595 14605 14604)
4(14506 14516 14606 14596)
4(14515 14605 14606 14516)
4(14595 14596 14606 14605)
4(14507 14517 14607 14597)
4(14516 14606 14607 14517)
4(14596 14597 14607 14606)
4(14508 14518 14608 14598)
4(14517 14607 14608 14518)
4(14597 14598 14608 14607)
4(14509 14519 14609 14599)
4(14518 14608 14609 14519)
4(14598 14599 14609 14608)
4(14510 14520 14610 14600)
4(14519 14609 14610 14520)
4(14599 14600 14610 14609)
4(14520 14610 14611 14521)
4(14600 14601 14611 14610)
4(14512 14522 14612 14602)
4(5681 5781 14612 14522)
4(5771 14602 14612 5781)
4(14513 14523 14613 14603)
4(14522 14612 14613 14523)
4(14602 14603 14613 14612)
4(14514 14524 14614 14604)
4(14523 14613 14614 14524)
4(14603 14604 14614 14613)
4(14515 14525 14615 14605)
4(14524 14614 14615 14525)
4(14604 14605 14615 14614)
4(14516 14526 14616 14606)
4(14525 14615 14616 14526)
4(14605 14606 14616 14615)
4(14517 14527 14617 14607)
4(14526 14616 14617 14527)
4(14606 14607 14617 14616)
4(14518 14528 14618 14608)
4(14527 14617 14618 14528)
4(14607 14608 14618 14617)
4(14519 14529 14619 14609)
4(14528 14618 14619 14529)
4(14608 14609 14619 14618)
4(14520 14530 14620 14610)
4(14529 14619 14620 14530)
4(14609 14610 14620 14619)
4(14530 14620 14621 14531)
4(14610 14611 14621 14620)
4(14522 6732 6842 14612)
4(5781 14612 6842 2067)
4(14523 6733 6843 14613)
4(14612 14613 6843 6842)
4(14524 6734 6844 14614)
4(14613 14614 6844 6843)
4(14525 6735 6845 14615)
4(14614 14615 6845 6844)
4(14526 6736 6846 14616)
4(14615 14616 6846 6845)
4(14527 6737 6847 14617)
4(14616 14617 6847 6846)
4(14528 6738 6848 14618)
4(14617 14618 6848 6847)
4(14529 6739 6849 14619)
4(14618 14619 6849 6848)
4(14530 6740 6850 14620)
4(14619 14620 6850 6849)
4(14620 14621 6851 6850)
4(13582 14532 14622 13682)
4(5701 5801 14622 14532)
4(5791 13682 14622 5801)
4(13583 14533 14623 13683)
4(14532 14622 14623 14533)
4(13682 13683 14623 14622)
4(13584 14534 14624 13684)
4(14533 14623 14624 14534)
4(13683 13684 14624 14623)
4(13585 14535 14625 13685)
4(14534 14624 14625 14535)
4(13684 13685 14625 14624)
4(13586 14536 14626 13686)
4(14535 14625 14626 14536)
4(13685 13686 14626 14625)
4(13587 14537 14627 13687)
4(14536 14626 14627 14537)
4(13686 13687 14627 14626)
4(13588 14538 14628 13688)
4(14537 14627 14628 14538)
4(13687 13688 14628 14627)
4(13589 14539 14629 13689)
4(14538 14628 14629 14539)
4(13688 13689 14629 14628)
4(13590 14540 14630 13690)
4(14539 14629 14630 14540)
4(13689 13690 14630 14629)
4(14540 14630 14631 14541)
4(13690 13691 14631 14630)
4(14532 14542 14632 14622)
4(5711 5811 14632 14542)
4(5801 14622 14632 5811)
4(14533 14543 14633 14623)
4(14542 14632 14633 14543)
4(14622 14623 14633 14632)
4(14534 14544 14634 14624)
4(14543 14633 14634 14544)
4(14623 14624 14634 14633)
4(14535 14545 14635 14625)
4(14544 14634 14635 14545)
4(14624 14625 14635 14634)
4(14536 14546 14636 14626)
4(14545 14635 14636 14546)
4(14625 14626 14636 14635)
4(14537 14547 14637 14627)
4(14546 14636 14637 14547)
4(14626 14627 14637 14636)
4(14538 14548 14638 14628)
4(14547 14637 14638 14548)
4(14627 14628 14638 14637)
4(14539 14549 14639 14629)
4(14548 14638 14639 14549)
4(14628 14629 14639 14638)
4(14540 14550 14640 14630)
4(14549 14639 14640 14550)
4(14629 14630 14640 14639)
4(14550 14640 14641 14551)
4(14630 14631 14641 14640)
4(14542 14552 14642 14632)
4(5721 5821 14642 14552)
4(5811 14632 14642 5821)
4(14543 14553 14643 14633)
4(14552 14642 14643 14553)
4(14632 14633 14643 14642)
4(14544 14554 14644 14634)
4(14553 14643 14644 14554)
4(14633 14634 14644 14643)
4(14545 14555 14645 14635)
4(14554 14644 14645 14555)
4(14634 14635 14645 14644)
4(14546 14556 14646 14636)
4(14555 14645 14646 14556)
4(14635 14636 14646 14645)
4(14547 14557 14647 14637)
4(14556 14646 14647 14557)
4(14636 14637 14647 14646)
4(14548 14558 14648 14638)
4(14557 14647 14648 14558)
4(14637 14638 14648 14647)
4(14549 14559 14649 14639)
4(14558 14648 14649 14559)
4(14638 14639 14649 14648)
4(14550 14560 14650 14640)
4(14559 14649 14650 14560)
4(14639 14640 14650 14649)
4(14560 14650 14651 14561)
4(14640 14641 14651 14650)
4(14552 14562 14652 14642)
4(5731 5831 14652 14562)
4(5821 14642 14652 5831)
4(14553 14563 14653 14643)
4(14562 14652 14653 14563)
4(14642 14643 14653 14652)
4(14554 14564 14654 14644)
4(14563 14653 14654 14564)
4(14643 14644 14654 14653)
4(14555 14565 14655 14645)
4(14564 14654 14655 14565)
4(14644 14645 14655 14654)
4(14556 14566 14656 14646)
4(14565 14655 14656 14566)
4(14645 14646 14656 14655)
4(14557 14567 14657 14647)
4(14566 14656 14657 14567)
4(14646 14647 14657 14656)
4(14558 14568 14658 14648)
4(14567 14657 14658 14568)
4(14647 14648 14658 14657)
4(14559 14569 14659 14649)
4(14568 14658 14659 14569)
4(14648 14649 14659 14658)
4(14560 14570 14660 14650)
4(14569 14659 14660 14570)
4(14649 14650 14660 14659)
4(14570 14660 14661 14571)
4(14650 14651 14661 14660)
4(14562 14572 14662 14652)
4(5741 5841 14662 14572)
4(5831 14652 14662 5841)
4(14563 14573 14663 14653)
4(14572 14662 14663 14573)
4(14652 14653 14663 14662)
4(14564 14574 14664 14654)
4(14573 14663 14664 14574)
4(14653 14654 14664 14663)
4(14565 14575 14665 14655)
4(14574 14664 14665 14575)
4(14654 14655 14665 14664)
4(14566 14576 14666 14656)
4(14575 14665 14666 14576)
4(14655 14656 14666 14665)
4(14567 14577 14667 14657)
4(14576 14666 14667 14577)
4(14656 14657 14667 14666)
4(14568 14578 14668 14658)
4(14577 14667 14668 14578)
4(14657 14658 14668 14667)
4(14569 14579 14669 14659)
4(14578 14668 14669 14579)
4(14658 14659 14669 14668)
4(14570 14580 14670 14660)
4(14579 14669 14670 14580)
4(14659 14660 14670 14669)
4(14580 14670 14671 14581)
4(14660 14661 14671 14670)
4(14572 14582 14672 14662)
4(5751 5851 14672 14582)
4(5841 14662 14672 5851)
4(14573 14583 14673 14663)
4(14582 14672 14673 14583)
4(14662 14663 14673 14672)
4(14574 14584 14674 14664)
4(14583 14673 14674 14584)
4(14663 14664 14674 14673)
4(14575 14585 14675 14665)
4(14584 14674 14675 14585)
4(14664 14665 14675 14674)
4(14576 14586 14676 14666)
4(14585 14675 14676 14586)
4(14665 14666 14676 14675)
4(14577 14587 14677 14667)
4(14586 14676 14677 14587)
4(14666 14667 14677 14676)
4(14578 14588 14678 14668)
4(14587 14677 14678 14588)
4(14667 14668 14678 14677)
4(14579 14589 14679 14669)
4(14588 14678 14679 14589)
4(14668 14669 14679 14678)
4(14580 14590 14680 14670)
4(14589 14679 14680 14590)
4(14669 14670 14680 14679)
4(14590 14680 14681 14591)
4(14670 14671 14681 14680)
4(14582 14592 14682 14672)
4(5761 5861 14682 14592)
4(5851 14672 14682 5861)
4(14583 14593 14683 14673)
4(14592 14682 14683 14593)
4(14672 14673 14683 14682)
4(14584 14594 14684 14674)
4(14593 14683 14684 14594)
4(14673 14674 14684 14683)
4(14585 14595 14685 14675)
4(14594 14684 14685 14595)
4(14674 14675 14685 14684)
4(14586 14596 14686 14676)
4(14595 14685 14686 14596)
4(14675 14676 14686 14685)
4(14587 14597 14687 14677)
4(14596 14686 14687 14597)
4(14676 14677 14687 14686)
4(14588 14598 14688 14678)
4(14597 14687 14688 14598)
4(14677 14678 14688 14687)
4(14589 14599 14689 14679)
4(14598 14688 14689 14599)
4(14678 14679 14689 14688)
4(14590 14600 14690 14680)
4(14599 14689 14690 14600)
4(14679 14680 14690 14689)
4(14600 14690 14691 14601)
4(14680 14681 14691 14690)
4(14592 14602 14692 14682)
4(5771 5871 14692 14602)
4(5861 14682 14692 5871)
4(14593 14603 14693 14683)
4(14602 14692 14693 14603)
4(14682 14683 14693 14692)
4(14594 14604 14694 14684)
4(14603 14693 14694 14604)
4(14683 14684 14694 14693)
4(14595 14605 14695 14685)
4(14604 14694 14695 14605)
4(14684 14685 14695 14694)
4(14596 14606 14696 14686)
4(14605 14695 14696 14606)
4(14685 14686 14696 14695)
4(14597 14607 14697 14687)
4(14606 14696 14697 14607)
4(14686 14687 14697 14696)
4(14598 14608 14698 14688)
4(14607 14697 14698 14608)
4(14687 14688 14698 14697)
4(14599 14609 14699 14689)
4(14608 14698 14699 14609)
4(14688 14689 14699 14698)
4(14600 14610 14700 14690)
4(14609 14699 14700 14610)
4(14689 14690 14700 14699)
4(14610 14700 14701 14611)
4(14690 14691 14701 14700)
4(14602 14612 14702 14692)
4(5781 5881 14702 14612)
4(5871 14692 14702 5881)
4(14603 14613 14703 14693)
4(14612 14702 14703 14613)
4(14692 14693 14703 14702)
4(14604 14614 14704 14694)
4(14613 14703 14704 14614)
4(14693 14694 14704 14703)
4(14605 14615 14705 14695)
4(14614 14704 14705 14615)
4(14694 14695 14705 14704)
4(14606 14616 14706 14696)
4(14615 14705 14706 14616)
4(14695 14696 14706 14705)
4(14607 14617 14707 14697)
4(14616 14706 14707 14617)
4(14696 14697 14707 14706)
4(14608 14618 14708 14698)
4(14617 14707 14708 14618)
4(14697 14698 14708 14707)
4(14609 14619 14709 14699)
4(14618 14708 14709 14619)
4(14698 14699 14709 14708)
4(14610 14620 14710 14700)
4(14619 14709 14710 14620)
4(14699 14700 14710 14709)
4(14620 14710 14711 14621)
4(14700 14701 14711 14710)
4(14612 6842 6952 14702)
4(5881 14702 6952 2188)
4(14613 6843 6953 14703)
4(14702 14703 6953 6952)
4(14614 6844 6954 14704)
4(14703 14704 6954 6953)
4(14615 6845 6955 14705)
4(14704 14705 6955 6954)
4(14616 6846 6956 14706)
4(14705 14706 6956 6955)
4(14617 6847 6957 14707)
4(14706 14707 6957 6956)
4(14618 6848 6958 14708)
4(14707 14708 6958 6957)
4(14619 6849 6959 14709)
4(14708 14709 6959 6958)
4(14620 6850 6960 14710)
4(14709 14710 6960 6959)
4(14710 14711 6961 6960)
4(13682 14622 14712 13782)
4(5801 5901 14712 14622)
4(5891 13782 14712 5901)
4(13683 14623 14713 13783)
4(14622 14712 14713 14623)
4(13782 13783 14713 14712)
4(13684 14624 14714 13784)
4(14623 14713 14714 14624)
4(13783 13784 14714 14713)
4(13685 14625 14715 13785)
4(14624 14714 14715 14625)
4(13784 13785 14715 14714)
4(13686 14626 14716 13786)
4(14625 14715 14716 14626)
4(13785 13786 14716 14715)
4(13687 14627 14717 13787)
4(14626 14716 14717 14627)
4(13786 13787 14717 14716)
4(13688 14628 14718 13788)
4(14627 14717 14718 14628)
4(13787 13788 14718 14717)
4(13689 14629 14719 13789)
4(14628 14718 14719 14629)
4(13788 13789 14719 14718)
4(13690 14630 14720 13790)
4(14629 14719 14720 14630)
4(13789 13790 14720 14719)
4(14630 14720 14721 14631)
4(13790 13791 14721 14720)
4(14622 14632 14722 14712)
4(5811 5911 14722 14632)
4(5901 14712 14722 5911)
4(14623 14633 14723 14713)
4(14632 14722 14723 14633)
4(14712 14713 14723 14722)
4(14624 14634 14724 14714)
4(14633 14723 14724 14634)
4(14713 14714 14724 14723)
4(14625 14635 14725 14715)
4(14634 14724 14725 14635)
4(14714 14715 14725 14724)
4(14626 14636 14726 14716)
4(14635 14725 14726 14636)
4(14715 14716 14726 14725)
4(14627 14637 14727 14717)
4(14636 14726 14727 14637)
4(14716 14717 14727 14726)
4(14628 14638 14728 14718)
4(14637 14727 14728 14638)
4(14717 14718 14728 14727)
4(14629 14639 14729 14719)
4(14638 14728 14729 14639)
4(14718 14719 14729 14728)
4(14630 14640 14730 14720)
4(14639 14729 14730 14640)
4(14719 14720 14730 14729)
4(14640 14730 14731 14641)
4(14720 14721 14731 14730)
4(14632 14642 14732 14722)
4(5821 5921 14732 14642)
4(5911 14722 14732 5921)
4(14633 14643 14733 14723)
4(14642 14732 14733 14643)
4(14722 14723 14733 14732)
4(14634 14644 14734 14724)
4(14643 14733 14734 14644)
4(14723 14724 14734 14733)
4(14635 14645 14735 14725)
4(14644 14734 14735 14645)
4(14724 14725 14735 14734)
4(14636 14646 14736 14726)
4(14645 14735 14736 14646)
4(14725 14726 14736 14735)
4(14637 14647 14737 14727)
4(14646 14736 14737 14647)
4(14726 14727 14737 14736)
4(14638 14648 14738 14728)
4(14647 14737 14738 14648)
4(14727 14728 14738 14737)
4(14639 14649 14739 14729)
4(14648 14738 14739 14649)
4(14728 14729 14739 14738)
4(14640 14650 14740 14730)
4(14649 14739 14740 14650)
4(14729 14730 14740 14739)
4(14650 14740 14741 14651)
4(14730 14731 14741 14740)
4(14642 14652 14742 14732)
4(5831 5931 14742 14652)
4(5921 14732 14742 5931)
4(14643 14653 14743 14733)
4(14652 14742 14743 14653)
4(14732 14733 14743 14742)
4(14644 14654 14744 14734)
4(14653 14743 14744 14654)
4(14733 14734 14744 14743)
4(14645 14655 14745 14735)
4(14654 14744 14745 14655)
4(14734 14735 14745 14744)
4(14646 14656 14746 14736)
4(14655 14745 14746 14656)
4(14735 14736 14746 14745)
4(14647 14657 14747 14737)
4(14656 14746 14747 14657)
4(14736 14737 14747 14746)
4(14648 14658 14748 14738)
4(14657 14747 14748 14658)
4(14737 14738 14748 14747)
4(14649 14659 14749 14739)
4(14658 14748 14749 14659)
4(14738 14739 14749 14748)
4(14650 14660 14750 14740)
4(14659 14749 14750 14660)
4(14739 14740 14750 14749)
4(14660 14750 14751 14661)
4(14740 14741 14751 14750)
4(14652 14662 14752 14742)
4(5841 5941 14752 14662)
4(5931 14742 14752 5941)
4(14653 14663 14753 14743)
4(14662 14752 14753 14663)
4(14742 14743 14753 14752)
4(14654 14664 14754 14744)
4(14663 14753 14754 14664)
4(14743 14744 14754 14753)
4(14655 14665 14755 14745)
4(14664 14754 14755 14665)
4(14744 14745 14755 14754)
4(14656 14666 14756 14746)
4(14665 14755 14756 14666)
4(14745 14746 14756 14755)
4(14657 14667 14757 14747)
4(14666 14756 14757 14667)
4(14746 14747 14757 14756)
4(14658 14668 14758 14748)
4(14667 14757 14758 14668)
4(14747 14748 14758 14757)
4(14659 14669 14759 14749)
4(14668 14758 14759 14669)
4(14748 14749 14759 14758)
4(14660 14670 14760 14750)
4(14669 14759 14760 14670)
4(14749 14750 14760 14759)
4(14670 14760 14761 14671)
4(14750 14751 14761 14760)
4(14662 14672 14762 14752)
4(5851 5951 14762 14672)
4(5941 14752 14762 5951)
4(14663 14673 14763 14753)
4(14672 14762 14763 14673)
4(14752 14753 14763 14762)
4(14664 14674 14764 14754)
4(14673 14763 14764 14674)
4(14753 14754 14764 14763)
4(14665 14675 14765 14755)
4(14674 14764 14765 14675)
4(14754 14755 14765 14764)
4(14666 14676 14766 14756)
4(14675 14765 14766 14676)
4(14755 14756 14766 14765)
4(14667 14677 14767 14757)
4(14676 14766 14767 14677)
4(14756 14757 14767 14766)
4(14668 14678 14768 14758)
4(14677 14767 14768 14678)
4(14757 14758 14768 14767)
4(14669 14679 14769 14759)
4(14678 14768 14769 14679)
4(14758 14759 14769 14768)
4(14670 14680 14770 14760)
4(14679 14769 14770 14680)
4(14759 14760 14770 14769)
4(14680 14770 14771 14681)
4(14760 14761 14771 14770)
4(14672 14682 14772 14762)
4(5861 5961 14772 14682)
4(5951 14762 14772 5961)
4(14673 14683 14773 14763)
4(14682 14772 14773 14683)
4(14762 14763 14773 14772)
4(14674 14684 14774 14764)
4(14683 14773 14774 14684)
4(14763 14764 14774 14773)
4(14675 14685 14775 14765)
4(14684 14774 14775 14685)
4(14764 14765 14775 14774)
4(14676 14686 14776 14766)
4(14685 14775 14776 14686)
4(14765 14766 14776 14775)
4(14677 14687 14777 14767)
4(14686 14776 14777 14687)
4(14766 14767 14777 14776)
4(14678 14688 14778 14768)
4(14687 14777 14778 14688)
4(14767 14768 14778 14777)
4(14679 14689 14779 14769)
4(14688 14778 14779 14689)
4(14768 14769 14779 14778)
4(14680 14690 14780 14770)
4(14689 14779 14780 14690)
4(14769 14770 14780 14779)
4(14690 14780 14781 14691)
4(14770 14771 14781 14780)
4(14682 14692 14782 14772)
4(5871 5971 14782 14692)
4(5961 14772 14782 5971)
4(14683 14693 14783 14773)
4(14692 14782 14783 14693)
4(14772 14773 14783 14782)
4(14684 14694 14784 14774)
4(14693 14783 14784 14694)
4(14773 14774 14784 14783)
4(14685 14695 14785 14775)
4(14694 14784 14785 14695)
4(14774 14775 14785 14784)
4(14686 14696 14786 14776)
4(14695 14785 14786 14696)
4(14775 14776 14786 14785)
4(14687 14697 14787 14777)
4(14696 14786 14787 14697)
4(14776 14777 14787 14786)
4(14688 14698 14788 14778)
4(14697 14787 14788 14698)
4(14777 14778 14788 14787)
4(14689 14699 14789 14779)
4(14698 14788 14789 14699)
4(14778 14779 14789 14788)
4(14690 14700 14790 14780)
4(14699 14789 14790 14700)
4(14779 14780 14790 14789)
4(14700 14790 14791 14701)
4(14780 14781 14791 14790)
4(14692 14702 14792 14782)
4(5881 5981 14792 14702)
4(5971 14782 14792 5981)
4(14693 14703 14793 14783)
4(14702 14792 14793 14703)
4(14782 14783 14793 14792)
4(14694 14704 14794 14784)
4(14703 14793 14794 14704)
4(14783 14784 14794 14793)
4(14695 14705 14795 14785)
4(14704 14794 14795 14705)
4(14784 14785 14795 14794)
4(14696 14706 14796 14786)
4(14705 14795 14796 14706)
4(14785 14786 14796 14795)
4(14697 14707 14797 14787)
4(14706 14796 14797 14707)
4(14786 14787 14797 14796)
4(14698 14708 14798 14788)
4(14707 14797 14798 14708)
4(14787 14788 14798 14797)
4(14699 14709 14799 14789)
4(14708 14798 14799 14709)
4(14788 14789 14799 14798)
4(14700 14710 14800 14790)
4(14709 14799 14800 14710)
4(14789 14790 14800 14799)
4(14710 14800 14801 14711)
4(14790 14791 14801 14800)
4(14702 6952 7062 14792)
4(5981 14792 7062 2309)
4(14703 6953 7063 14793)
4(14792 14793 7063 7062)
4(14704 6954 7064 14794)
4(14793 14794 7064 7063)
4(14705 6955 7065 14795)
4(14794 14795 7065 7064)
4(14706 6956 7066 14796)
4(14795 14796 7066 7065)
4(14707 6957 7067 14797)
4(14796 14797 7067 7066)
4(14708 6958 7068 14798)
4(14797 14798 7068 7067)
4(14709 6959 7069 14799)
4(14798 14799 7069 7068)
4(14710 6960 7070 14800)
4(14799 14800 7070 7069)
4(14800 14801 7071 7070)
4(13782 14712 14802 13882)
4(5901 6001 14802 14712)
4(5991 13882 14802 6001)
4(13783 14713 14803 13883)
4(14712 14802 14803 14713)
4(13882 13883 14803 14802)
4(13784 14714 14804 13884)
4(14713 14803 14804 14714)
4(13883 13884 14804 14803)
4(13785 14715 14805 13885)
4(14714 14804 14805 14715)
4(13884 13885 14805 14804)
4(13786 14716 14806 13886)
4(14715 14805 14806 14716)
4(13885 13886 14806 14805)
4(13787 14717 14807 13887)
4(14716 14806 14807 14717)
4(13886 13887 14807 14806)
4(13788 14718 14808 13888)
4(14717 14807 14808 14718)
4(13887 13888 14808 14807)
4(13789 14719 14809 13889)
4(14718 14808 14809 14719)
4(13888 13889 14809 14808)
4(13790 14720 14810 13890)
4(14719 14809 14810 14720)
4(13889 13890 14810 14809)
4(14720 14810 14811 14721)
4(13890 13891 14811 14810)
4(14712 14722 14812 14802)
4(5911 6011 14812 14722)
4(6001 14802 14812 6011)
4(14713 14723 14813 14803)
4(14722 14812 14813 14723)
4(14802 14803 14813 14812)
4(14714 14724 14814 14804)
4(14723 14813 14814 14724)
4(14803 14804 14814 14813)
4(14715 14725 14815 14805)
4(14724 14814 14815 14725)
4(14804 14805 14815 14814)
4(14716 14726 14816 14806)
4(14725 14815 14816 14726)
4(14805 14806 14816 14815)
4(14717 14727 14817 14807)
4(14726 14816 14817 14727)
4(14806 14807 14817 14816)
4(14718 14728 14818 14808)
4(14727 14817 14818 14728)
4(14807 14808 14818 14817)
4(14719 14729 14819 14809)
4(14728 14818 14819 14729)
4(14808 14809 14819 14818)
4(14720 14730 14820 14810)
4(14729 14819 14820 14730)
4(14809 14810 14820 14819)
4(14730 14820 14821 14731)
4(14810 14811 14821 14820)
4(14722 14732 14822 14812)
4(5921 6021 14822 14732)
4(6011 14812 14822 6021)
4(14723 14733 14823 14813)
4(14732 14822 14823 14733)
4(14812 14813 14823 14822)
4(14724 14734 14824 14814)
4(14733 14823 14824 14734)
4(14813 14814 14824 14823)
4(14725 14735 14825 14815)
4(14734 14824 14825 14735)
4(14814 14815 14825 14824)
4(14726 14736 14826 14816)
4(14735 14825 14826 14736)
4(14815 14816 14826 14825)
4(14727 14737 14827 14817)
4(14736 14826 14827 14737)
4(14816 14817 14827 14826)
4(14728 14738 14828 14818)
4(14737 14827 14828 14738)
4(14817 14818 14828 14827)
4(14729 14739 14829 14819)
4(14738 14828 14829 14739)
4(14818 14819 14829 14828)
4(14730 14740 14830 14820)
4(14739 14829 14830 14740)
4(14819 14820 14830 14829)
4(14740 14830 14831 14741)
4(14820 14821 14831 14830)
4(14732 14742 14832 14822)
4(5931 6031 14832 14742)
4(6021 14822 14832 6031)
4(14733 14743 14833 14823)
4(14742 14832 14833 14743)
4(14822 14823 14833 14832)
4(14734 14744 14834 14824)
4(14743 14833 14834 14744)
4(14823 14824 14834 14833)
4(14735 14745 14835 14825)
4(14744 14834 14835 14745)
4(14824 14825 14835 14834)
4(14736 14746 14836 14826)
4(14745 14835 14836 14746)
4(14825 14826 14836 14835)
4(14737 14747 14837 14827)
4(14746 14836 14837 14747)
4(14826 14827 14837 14836)
4(14738 14748 14838 14828)
4(14747 14837 14838 14748)
4(14827 14828 14838 14837)
4(14739 14749 14839 14829)
4(14748 14838 14839 14749)
4(14828 14829 14839 14838)
4(14740 14750 14840 14830)
4(14749 14839 14840 14750)
4(14829 14830 14840 14839)
4(14750 14840 14841 14751)
4(14830 14831 14841 14840)
4(14742 14752 14842 14832)
4(5941 6041 14842 14752)
4(6031 14832 14842 6041)
4(14743 14753 14843 14833)
4(14752 14842 14843 14753)
4(14832 14833 14843 14842)
4(14744 14754 14844 14834)
4(14753 14843 14844 14754)
4(14833 14834 14844 14843)
4(14745 14755 14845 14835)
4(14754 14844 14845 14755)
4(14834 14835 14845 14844)
4(14746 14756 14846 14836)
4(14755 14845 14846 14756)
4(14835 14836 14846 14845)
4(14747 14757 14847 14837)
4(14756 14846 14847 14757)
4(14836 14837 14847 14846)
4(14748 14758 14848 14838)
4(14757 14847 14848 14758)
4(14837 14838 14848 14847)
4(14749 14759 14849 14839)
4(14758 14848 14849 14759)
4(14838 14839 14849 14848)
4(14750 14760 14850 14840)
4(14759 14849 14850 14760)
4(14839 14840 14850 14849)
4(14760 14850 14851 14761)
4(14840 14841 14851 14850)
4(14752 14762 14852 14842)
4(5951 6051 14852 14762)
4(6041 14842 14852 6051)
4(14753 14763 14853 14843)
4(14762 14852 14853 14763)
4(14842 14843 14853 14852)
4(14754 14764 14854 14844)
4(14763 14853 14854 14764)
4(14843 14844 14854 14853)
4(14755 14765 14855 14845)
4(14764 14854 14855 14765)
4(14844 14845 14855 14854)
4(14756 14766 14856 14846)
4(14765 14855 14856 14766)
4(14845 14846 14856 14855)
4(14757 14767 14857 14847)
4(14766 14856 14857 14767)
4(14846 14847 14857 14856)
4(14758 14768 14858 14848)
4(14767 14857 14858 14768)
4(14847 14848 14858 14857)
4(14759 14769 14859 14849)
4(14768 14858 14859 14769)
4(14848 14849 14859 14858)
4(14760 14770 14860 14850)
4(14769 14859 14860 14770)
4(14849 14850 14860 14859)
4(14770 14860 14861 14771)
4(14850 14851 14861 14860)
4(14762 14772 14862 14852)
4(5961 6061 14862 14772)
4(6051 14852 14862 6061)
4(14763 14773 14863 14853)
4(14772 14862 14863 14773)
4(14852 14853 14863 14862)
4(14764 14774 14864 14854)
4(14773 14863 14864 14774)
4(14853 14854 14864 14863)
4(14765 14775 14865 14855)
4(14774 14864 14865 14775)
4(14854 14855 14865 14864)
4(14766 14776 14866 14856)
4(14775 14865 14866 14776)
4(14855 14856 14866 14865)
4(14767 14777 14867 14857)
4(14776 14866 14867 14777)
4(14856 14857 14867 14866)
4(14768 14778 14868 14858)
4(14777 14867 14868 14778)
4(14857 14858 14868 14867)
4(14769 14779 14869 14859)
4(14778 14868 14869 14779)
4(14858 14859 14869 14868)
4(14770 14780 14870 14860)
4(14779 14869 14870 14780)
4(14859 14860 14870 14869)
4(14780 14870 14871 14781)
4(14860 14861 14871 14870)
4(14772 14782 14872 14862)
4(5971 6071 14872 14782)
4(6061 14862 14872 6071)
4(14773 14783 14873 14863)
4(14782 14872 14873 14783)
4(14862 14863 14873 14872)
4(14774 14784 14874 14864)
4(14783 14873 14874 14784)
4(14863 14864 14874 14873)
4(14775 14785 14875 14865)
4(14784 14874 14875 14785)
4(14864 14865 14875 14874)
4(14776 14786 14876 14866)
4(14785 14875 14876 14786)
4(14865 14866 14876 14875)
4(14777 14787 14877 14867)
4(14786 14876 14877 14787)
4(14866 14867 14877 14876)
4(14778 14788 14878 14868)
4(14787 14877 14878 14788)
4(14867 14868 14878 14877)
4(14779 14789 14879 14869)
4(14788 14878 14879 14789)
4(14868 14869 14879 14878)
4(14780 14790 14880 14870)
4(14789 14879 14880 14790)
4(14869 14870 14880 14879)
4(14790 14880 14881 14791)
4(14870 14871 14881 14880)
4(14782 14792 14882 14872)
4(5981 6081 14882 14792)
4(6071 14872 14882 6081)
4(14783 14793 14883 14873)
4(14792 14882 14883 14793)
4(14872 14873 14883 14882)
4(14784 14794 14884 14874)
4(14793 14883 14884 14794)
4(14873 14874 14884 14883)
4(14785 14795 14885 14875)
4(14794 14884 14885 14795)
4(14874 14875 14885 14884)
4(14786 14796 14886 14876)
4(14795 14885 14886 14796)
4(14875 14876 14886 14885)
4(14787 14797 14887 14877)
4(14796 14886 14887 14797)
4(14876 14877 14887 14886)
4(14788 14798 14888 14878)
4(14797 14887 14888 14798)
4(14877 14878 14888 14887)
4(14789 14799 14889 14879)
4(14798 14888 14889 14799)
4(14878 14879 14889 14888)
4(14790 14800 14890 14880)
4(14799 14889 14890 14800)
4(14879 14880 14890 14889)
4(14800 14890 14891 14801)
4(14880 14881 14891 14890)
4(14792 7062 7172 14882)
4(6081 14882 7172 2430)
4(14793 7063 7173 14883)
4(14882 14883 7173 7172)
4(14794 7064 7174 14884)
4(14883 14884 7174 7173)
4(14795 7065 7175 14885)
4(14884 14885 7175 7174)
4(14796 7066 7176 14886)
4(14885 14886 7176 7175)
4(14797 7067 7177 14887)
4(14886 14887 7177 7176)
4(14798 7068 7178 14888)
4(14887 14888 7178 7177)
4(14799 7069 7179 14889)
4(14888 14889 7179 7178)
4(14800 7070 7180 14890)
4(14889 14890 7180 7179)
4(14890 14891 7181 7180)
4(13882 14802 14892 13982)
4(6001 6101 14892 14802)
4(13883 14803 14893 13983)
4(14802 14892 14893 14803)
4(13884 14804 14894 13984)
4(14803 14893 14894 14804)
4(13885 14805 14895 13985)
4(14804 14894 14895 14805)
4(13886 14806 14896 13986)
4(14805 14895 14896 14806)
4(13887 14807 14897 13987)
4(14806 14896 14897 14807)
4(13888 14808 14898 13988)
4(14807 14897 14898 14808)
4(13889 14809 14899 13989)
4(14808 14898 14899 14809)
4(13890 14810 14900 13990)
4(14809 14899 14900 14810)
4(14810 14900 14901 14811)
4(14802 14812 14902 14892)
4(6011 6111 14902 14812)
4(14803 14813 14903 14893)
4(14812 14902 14903 14813)
4(14804 14814 14904 14894)
4(14813 14903 14904 14814)
4(14805 14815 14905 14895)
4(14814 14904 14905 14815)
4(14806 14816 14906 14896)
4(14815 14905 14906 14816)
4(14807 14817 14907 14897)
4(14816 14906 14907 14817)
4(14808 14818 14908 14898)
4(14817 14907 14908 14818)
4(14809 14819 14909 14899)
4(14818 14908 14909 14819)
4(14810 14820 14910 14900)
4(14819 14909 14910 14820)
4(14820 14910 14911 14821)
4(14812 14822 14912 14902)
4(6021 6121 14912 14822)
4(14813 14823 14913 14903)
4(14822 14912 14913 14823)
4(14814 14824 14914 14904)
4(14823 14913 14914 14824)
4(14815 14825 14915 14905)
4(14824 14914 14915 14825)
4(14816 14826 14916 14906)
4(14825 14915 14916 14826)
4(14817 14827 14917 14907)
4(14826 14916 14917 14827)
4(14818 14828 14918 14908)
4(14827 14917 14918 14828)
4(14819 14829 14919 14909)
4(14828 14918 14919 14829)
4(14820 14830 14920 14910)
4(14829 14919 14920 14830)
4(14830 14920 14921 14831)
4(14822 14832 14922 14912)
4(6031 6131 14922 14832)
4(14823 14833 14923 14913)
4(14832 14922 14923 14833)
4(14824 14834 14924 14914)
4(14833 14923 14924 14834)
4(14825 14835 14925 14915)
4(14834 14924 14925 14835)
4(14826 14836 14926 14916)
4(14835 14925 14926 14836)
4(14827 14837 14927 14917)
4(14836 14926 14927 14837)
4(14828 14838 14928 14918)
4(14837 14927 14928 14838)
4(14829 14839 14929 14919)
4(14838 14928 14929 14839)
4(14830 14840 14930 14920)
4(14839 14929 14930 14840)
4(14840 14930 14931 14841)
4(14832 14842 14932 14922)
4(6041 6141 14932 14842)
4(14833 14843 14933 14923)
4(14842 14932 14933 14843)
4(14834 14844 14934 14924)
4(14843 14933 14934 14844)
4(14835 14845 14935 14925)
4(14844 14934 14935 14845)
4(14836 14846 14936 14926)
4(14845 14935 14936 14846)
4(14837 14847 14937 14927)
4(14846 14936 14937 14847)
4(14838 14848 14938 14928)
4(14847 14937 14938 14848)
4(14839 14849 14939 14929)
4(14848 14938 14939 14849)
4(14840 14850 14940 14930)
4(14849 14939 14940 14850)
4(14850 14940 14941 14851)
4(14842 14852 14942 14932)
4(6051 6151 14942 14852)
4(14843 14853 14943 14933)
4(14852 14942 14943 14853)
4(14844 14854 14944 14934)
4(14853 14943 14944 14854)
4(14845 14855 14945 14935)
4(14854 14944 14945 14855)
4(14846 14856 14946 14936)
4(14855 14945 14946 14856)
4(14847 14857 14947 14937)
4(14856 14946 14947 14857)
4(14848 14858 14948 14938)
4(14857 14947 14948 14858)
4(14849 14859 14949 14939)
4(14858 14948 14949 14859)
4(14850 14860 14950 14940)
4(14859 14949 14950 14860)
4(14860 14950 14951 14861)
4(14852 14862 14952 14942)
4(6061 6161 14952 14862)
4(14853 14863 14953 14943)
4(14862 14952 14953 14863)
4(14854 14864 14954 14944)
4(14863 14953 14954 14864)
4(14855 14865 14955 14945)
4(14864 14954 14955 14865)
4(14856 14866 14956 14946)
4(14865 14955 14956 14866)
4(14857 14867 14957 14947)
4(14866 14956 14957 14867)
4(14858 14868 14958 14948)
4(14867 14957 14958 14868)
4(14859 14869 14959 14949)
4(14868 14958 14959 14869)
4(14860 14870 14960 14950)
4(14869 14959 14960 14870)
4(14870 14960 14961 14871)
4(14862 14872 14962 14952)
4(6071 6171 14962 14872)
4(14863 14873 14963 14953)
4(14872 14962 14963 14873)
4(14864 14874 14964 14954)
4(14873 14963 14964 14874)
4(14865 14875 14965 14955)
4(14874 14964 14965 14875)
4(14866 14876 14966 14956)
4(14875 14965 14966 14876)
4(14867 14877 14967 14957)
4(14876 14966 14967 14877)
4(14868 14878 14968 14958)
4(14877 14967 14968 14878)
4(14869 14879 14969 14959)
4(14878 14968 14969 14879)
4(14870 14880 14970 14960)
4(14879 14969 14970 14880)
4(14880 14970 14971 14881)
4(14872 14882 14972 14962)
4(6081 6181 14972 14882)
4(14873 14883 14973 14963)
4(14882 14972 14973 14883)
4(14874 14884 14974 14964)
4(14883 14973 14974 14884)
4(14875 14885 14975 14965)
4(14884 14974 14975 14885)
4(14876 14886 14976 14966)
4(14885 14975 14976 14886)
4(14877 14887 14977 14967)
4(14886 14976 14977 14887)
4(14878 14888 14978 14968)
4(14887 14977 14978 14888)
4(14879 14889 14979 14969)
4(14888 14978 14979 14889)
4(14880 14890 14980 14970)
4(14889 14979 14980 14890)
4(14890 14980 14981 14891)
4(14882 7172 7282 14972)
4(14883 7173 7283 14973)
4(14884 7174 7284 14974)
4(14885 7175 7285 14975)
4(14886 7176 7286 14976)
4(14887 7177 7287 14977)
4(14888 7178 7288 14978)
4(14889 7179 7289 14979)
4(14890 7180 7290 14980)
4(0 121 132 11)
4(11 132 143 22)
4(22 143 154 33)
4(33 154 165 44)
4(44 165 176 55)
4(55 176 187 66)
4(66 187 198 77)
4(77 198 209 88)
4(88 209 220 99)
4(99 220 231 110)
4(121 242 253 132)
4(132 253 264 143)
4(143 264 275 154)
4(154 275 286 165)
4(165 286 297 176)
4(176 297 308 187)
4(187 308 319 198)
4(198 319 330 209)
4(209 330 341 220)
4(220 341 352 231)
4(242 363 374 253)
4(253 374 385 264)
4(264 385 396 275)
4(275 396 407 286)
4(286 407 418 297)
4(297 418 429 308)
4(308 429 440 319)
4(319 440 451 330)
4(330 451 462 341)
4(341 462 473 352)
4(363 484 495 374)
4(374 495 506 385)
4(385 506 517 396)
4(396 517 528 407)
4(407 528 539 418)
4(418 539 550 429)
4(429 550 561 440)
4(440 561 572 451)
4(451 572 583 462)
4(462 583 594 473)
4(484 605 616 495)
4(495 616 627 506)
4(506 627 638 517)
4(517 638 649 528)
4(528 649 660 539)
4(539 660 671 550)
4(550 671 682 561)
4(561 682 693 572)
4(572 693 704 583)
4(583 704 715 594)
4(605 726 737 616)
4(616 737 748 627)
4(627 748 759 638)
4(638 759 770 649)
4(649 770 781 660)
4(660 781 792 671)
4(671 792 803 682)
4(682 803 814 693)
4(693 814 825 704)
4(704 825 836 715)
4(726 847 858 737)
4(737 858 869 748)
4(748 869 880 759)
4(759 880 891 770)
4(770 891 902 781)
4(781 902 913 792)
4(792 913 924 803)
4(803 924 935 814)
4(814 935 946 825)
4(825 946 957 836)
4(847 968 979 858)
4(858 979 990 869)
4(869 990 1001 880)
4(880 1001 1012 891)
4(891 1012 1023 902)
4(902 1023 1034 913)
4(913 1034 1045 924)
4(924 1045 1056 935)
4(935 1056 1067 946)
4(946 1067 1078 957)
4(968 1089 1100 979)
4(979 1100 1111 990)
4(990 1111 1122 1001)
4(1001 1122 1133 1012)
4(1012 1133 1144 1023)
4(1023 1144 1155 1034)
4(1034 1155 1166 1045)
4(1045 1166 1177 1056)
4(1056 1177 1188 1067)
4(1067 1188 1199 1078)
4(1089 1210 1221 1100)
4(1100 1221 1232 1111)
4(1111 1232 1243 1122)
4(1122 1243 1254 1133)
4(1133 1254 1265 1144)
4(1144 1265 1276 1155)
4(1155 1276 1287 1166)
4(1166 1287 1298 1177)
4(1177 1298 1309 1188)
4(1188 1309 1320 1199)
4(10 21 142 131)
4(21 32 153 142)
4(32 43 164 153)
4(43 54 175 164)
4(54 65 186 175)
4(65 76 197 186)
4(76 87 208 197)
4(87 98 219 208)
4(98 109 230 219)
4(109 120 241 230)
4(131 142 263 252)
4(142 153 274 263)
4(153 164 285 274)
4(164 175 296 285)
4(175 186 307 296)
4(186 197 318 307)
4(197 208 329 318)
4(208 219 340 329)
4(219 230 351 340)
4(230 241 362 351)
4(252 263 384 373)
4(263 274 395 384)
4(274 285 406 395)
4(285 296 417 406)
4(296 307 428 417)
4(307 318 439 428)
4(318 329 450 439)
4(329 340 461 450)
4(340 351 472 461)
4(351 362 483 472)
4(373 384 505 494)
4(384 395 516 505)
4(395 406 527 516)
4(406 417 538 527)
4(417 428 549 538)
4(428 439 560 549)
4(439 450 571 560)
4(450 461 582 571)
4(461 472 593 582)
4(472 483 604 593)
4(494 505 626 615)
4(505 516 637 626)
4(516 527 648 637)
4(527 538 659 648)
4(538 549 670 659)
4(549 560 681 670)
4(560 571 692 681)
4(571 582 703 692)
4(582 593 714 703)
4(593 604 725 714)
4(615 626 747 736)
4(626 637 758 747)
4(637 648 769 758)
4(648 659 780 769)
4(659 670 791 780)
4(670 681 802 791)
4(681 692 813 802)
4(692 703 824 813)
4(703 714 835 824)
4(714 725 846 835)
4(736 747 868 857)
4(747 758 879 868)
4(758 769 890 879)
4(769 780 901 890)
4(780 791 912 901)
4(791 802 923 912)
4(802 813 934 923)
4(813 824 945 934)
4(824 835 956 945)
4(835 846 967 956)
4(857 868 989 978)
4(868 879 1000 989)
4(879 890 1011 1000)
4(890 901 1022 1011)
4(901 912 1033 1022)
4(912 923 1044 1033)
4(923 934 1055 1044)
4(934 945 1066 1055)
4(945 956 1077 1066)
4(956 967 1088 1077)
4(978 989 1110 1099)
4(989 1000 1121 1110)
4(1000 1011 1132 1121)
4(1011 1022 1143 1132)
4(1022 1033 1154 1143)
4(1033 1044 1165 1154)
4(1044 1055 1176 1165)
4(1055 1066 1187 1176)
4(1066 1077 1198 1187)
4(1077 1088 1209 1198)
4(1099 1110 1231 1220)
4(1110 1121 1242 1231)
4(1121 1132 1253 1242)
4(1132 1143 1264 1253)
4(1143 1154 1275 1264)
4(1154 1165 1286 1275)
4(1165 1176 1297 1286)
4(1176 1187 1308 1297)
4(1187 1198 1319 1308)
4(1198 1209 1330 1319)
4(0 1 122 121)
4(121 122 243 242)
4(242 243 364 363)
4(363 364 485 484)
4(484 485 606 605)
4(605 606 727 726)
4(726 727 848 847)
4(847 848 969 968)
4(968 969 1090 1089)
4(1089 1090 1211 1210)
4(1 2 123 122)
4(122 123 244 243)
4(243 244 365 364)
4(364 365 486 485)
4(485 486 607 606)
4(606 607 728 727)
4(727 728 849 848)
4(848 849 970 969)
4(969 970 1091 1090)
4(1090 1091 1212 1211)
4(2 3 124 123)
4(123 124 245 244)
4(244 245 366 365)
4(365 366 487 486)
4(486 487 608 607)
4(607 608 729 728)
4(728 729 850 849)
4(849 850 971 970)
4(970 971 1092 1091)
4(1091 1092 1213 1212)
4(3 4 125 124)
4(124 125 246 245)
4(245 246 367 366)
4(366 367 488 487)
4(487 488 609 608)
4(608 609 730 729)
4(729 730 851 850)
4(850 851 972 971)
4(971 972 1093 1092)
4(1092 1093 1214 1213)
4(4 5 126 125)
4(125 126 247 246)
4(246 247 368 367)
4(367 368 489 488)
4(488 489 610 609)
4(609 610 731 730)
4(730 731 852 851)
4(851 852 973 972)
4(972 973 1094 1093)
4(1093 1094 1215 1214)
4(5 6 127 126)
4(126 127 248 247)
4(247 248 369 368)
4(368 369 490 489)
4(489 490 611 610)
4(610 611 732 731)
4(731 732 853 852)
4(852 853 974 973)
4(973 974 1095 1094)
4(1094 1095 1216 1215)
4(6 7 128 127)
4(127 128 249 248)
4(248 249 370 369)
4(369 370 491 490)
4(490 491 612 611)
4(611 612 733 732)
4(732 733 854 853)
4(853 854 975 974)
4(974 975 1096 1095)
4(1095 1096 1217 1216)
4(7 8 129 128)
4(128 129 250 249)
4(249 250 371 370)
4(370 371 492 491)
4(491 492 613 612)
4(612 613 734 733)
4(733 734 855 854)
4(854 855 976 975)
4(975 976 1097 1096)
4(1096 1097 1218 1217)
4(8 9 130 129)
4(129 130 251 250)
4(250 251 372 371)
4(371 372 493 492)
4(492 493 614 613)
4(613 614 735 734)
4(734 735 856 855)
4(855 856 977 976)
4(976 977 1098 1097)
4(1097 1098 1219 1218)
4(9 10 131 130)
4(130 131 252 251)
4(251 252 373 372)
4(372 373 494 493)
4(493 494 615 614)
4(614 615 736 735)
4(735 736 857 856)
4(856 857 978 977)
4(977 978 1099 1098)
4(1098 1099 1220 1219)
4(110 231 232 111)
4(231 352 353 232)
4(352 473 474 353)
4(473 594 595 474)
4(594 715 716 595)
4(715 836 837 716)
4(836 957 958 837)
4(957 1078 1079 958)
4(1078 1199 1200 1079)
4(1199 1320 1321 1200)
4(111 232 233 112)
4(232 353 354 233)
4(353 474 475 354)
4(474 595 596 475)
4(595 716 717 596)
4(716 837 838 717)
4(837 958 959 838)
4(958 1079 1080 959)
4(1079 1200 1201 1080)
4(1200 1321 1322 1201)
4(112 233 234 113)
4(233 354 355 234)
4(354 475 476 355)
4(475 596 597 476)
4(596 717 718 597)
4(717 838 839 718)
4(838 959 960 839)
4(959 1080 1081 960)
4(1080 1201 1202 1081)
4(1201 1322 1323 1202)
4(113 234 235 114)
4(234 355 356 235)
4(355 476 477 356)
4(476 597 598 477)
4(597 718 719 598)
4(718 839 840 719)
4(839 960 961 840)
4(960 1081 1082 961)
4(1081 1202 1203 1082)
4(1202 1323 1324 1203)
4(114 235 236 115)
4(235 356 357 236)
4(356 477 478 357)
4(477 598 599 478)
4(598 719 720 599)
4(719 840 841 720)
4(840 961 962 841)
4(961 1082 1083 962)
4(1082 1203 1204 1083)
4(1203 1324 1325 1204)
4(115 236 237 116)
4(236 357 358 237)
4(357 478 479 358)
4(478 599 600 479)
4(599 720 721 600)
4(720 841 842 721)
4(841 962 963 842)
4(962 1083 1084 963)
4(1083 1204 1205 1084)
4(1204 1325 1326 1205)
4(116 237 238 117)
4(237 358 359 238)
4(358 479 480 359)
4(479 600 601 480)
4(600 721 722 601)
4(721 842 843 722)
4(842 963 964 843)
4(963 1084 1085 964)
4(1084 1205 1206 1085)
4(1205 1326 1327 1206)
4(117 238 239 118)
4(238 359 360 239)
4(359 480 481 360)
4(480 601 602 481)
4(601 722 723 602)
4(722 843 844 723)
4(843 964 965 844)
4(964 1085 1086 965)
4(1085 1206 1207 1086)
4(1206 1327 1328 1207)
4(118 239 240 119)
4(239 360 361 240)
4(360 481 482 361)
4(481 602 603 482)
4(602 723 724 603)
4(723 844 845 724)
4(844 965 966 845)
4(965 1086 1087 966)
4(1086 1207 1208 1087)
4(1207 1328 1329 1208)
4(119 240 241 120)
4(240 361 362 241)
4(361 482 483 362)
4(482 603 604 483)
4(603 724 725 604)
4(724 845 846 725)
4(845 966 967 846)
4(966 1087 1088 967)
4(1087 1208 1209 1088)
4(1208 1329 1330 1209)
4(0 11 12 1)
4(11 22 23 12)
4(22 33 34 23)
4(33 44 45 34)
4(44 55 56 45)
4(55 66 67 56)
4(66 77 78 67)
4(77 88 89 78)
4(88 99 100 89)
4(99 110 111 100)
4(1 12 13 2)
4(12 23 24 13)
4(23 34 35 24)
4(34 45 46 35)
4(45 56 57 46)
4(56 67 68 57)
4(67 78 79 68)
4(78 89 90 79)
4(89 100 101 90)
4(100 111 112 101)
4(2 13 14 3)
4(13 24 25 14)
4(24 35 36 25)
4(35 46 47 36)
4(46 57 58 47)
4(57 68 69 58)
4(68 79 80 69)
4(79 90 91 80)
4(90 101 102 91)
4(101 112 113 102)
4(3 14 15 4)
4(14 25 26 15)
4(25 36 37 26)
4(36 47 48 37)
4(47 58 59 48)
4(58 69 70 59)
4(69 80 81 70)
4(80 91 92 81)
4(91 102 103 92)
4(102 113 114 103)
4(4 15 16 5)
4(15 26 27 16)
4(26 37 38 27)
4(37 48 49 38)
4(48 59 60 49)
4(59 70 71 60)
4(70 81 82 71)
4(81 92 93 82)
4(92 103 104 93)
4(103 114 115 104)
4(5 16 17 6)
4(16 27 28 17)
4(27 38 39 28)
4(38 49 50 39)
4(49 60 61 50)
4(60 71 72 61)
4(71 82 83 72)
4(82 93 94 83)
4(93 104 105 94)
4(104 115 116 105)
4(6 17 18 7)
4(17 28 29 18)
4(28 39 40 29)
4(39 50 51 40)
4(50 61 62 51)
4(61 72 73 62)
4(72 83 84 73)
4(83 94 95 84)
4(94 105 106 95)
4(105 116 117 106)
4(7 18 19 8)
4(18 29 30 19)
4(29 40 41 30)
4(40 51 52 41)
4(51 62 63 52)
4(62 73 74 63)
4(73 84 85 74)
4(84 95 96 85)
4(95 106 107 96)
4(106 117 118 107)
4(8 19 20 9)
4(19 30 31 20)
4(30 41 42 31)
4(41 52 53 42)
4(52 63 64 53)
4(63 74 75 64)
4(74 85 86 75)
4(85 96 97 86)
4(96 107 108 97)
4(107 118 119 108)
4(9 20 21 10)
4(20 31 32 21)
4(31 42 43 32)
4(42 53 54 43)
4(53 64 65 54)
4(64 75 76 65)
4(75 86 87 76)
4(86 97 98 87)
4(97 108 109 98)
4(108 119 120 109)
4(1210 1211 1222 1221)
4(1221 1222 1233 1232)
4(1232 1233 1244 1243)
4(1243 1244 1255 1254)
4(1254 1255 1266 1265)
4(1265 1266 1277 1276)
4(1276 1277 1288 1287)
4(1287 1288 1299 1298)
4(1298 1299 1310 1309)
4(1309 1310 1321 1320)
4(1211 1212 1223 1222)
4(1222 1223 1234 1233)
4(1233 1234 1245 1244)
4(1244 1245 1256 1255)
4(1255 1256 1267 1266)
4(1266 1267 1278 1277)
4(1277 1278 1289 1288)
4(1288 1289 1300 1299)
4(1299 1300 1311 1310)
4(1310 1311 1322 1321)
4(1212 1213 1224 1223)
4(1223 1224 1235 1234)
4(1234 1235 1246 1245)
4(1245 1246 1257 1256)
4(1256 1257 1268 1267)
4(1267 1268 1279 1278)
4(1278 1279 1290 1289)
4(1289 1290 1301 1300)
4(1300 1301 1312 1311)
4(1311 1312 1323 1322)
4(1213 1214 1225 1224)
4(1224 1225 1236 1235)
4(1235 1236 1247 1246)
4(1246 1247 1258 1257)
4(1257 1258 1269 1268)
4(1268 1269 1280 1279)
4(1279 1280 1291 1290)
4(1290 1291 1302 1301)
4(1301 1302 1313 1312)
4(1312 1313 1324 1323)
4(1214 1215 1226 1225)
4(1225 1226 1237 1236)
4(1236 1237 1248 1247)
4(1247 1248 1259 1258)
4(1258 1259 1270 1269)
4(1269 1270 1281 1280)
4(1280 1281 1292 1291)
4(1291 1292 1303 1302)
4(1302 1303 1314 1313)
4(1313 1314 1325 1324)
4(1215 1216 1227 1226)
4(1226 1227 1238 1237)
4(1237 1238 1249 1248)
4(1248 1249 1260 1259)
4(1259 1260 1271 1270)
4(1270 1271 1282 1281)
4(1281 1282 1293 1292)
4(1292 1293 1304 1303)
4(1303 1304 1315 1314)
4(1314 1315 1326 1325)
4(1216 1217 1228 1227)
4(1227 1228 1239 1238)
4(1238 1239 1250 1249)
4(1249 1250 1261 1260)
4(1260 1261 1272 1271)
4(1271 1272 1283 1282)
4(1282 1283 1294 1293)
4(1293 1294 1305 1304)
4(1304 1305 1316 1315)
4(1315 1316 1327 1326)
4(1217 1218 1229 1228)
4(1228 1229 1240 1239)
4(1239 1240 1251 1250)
4(1250 1251 1262 1261)
4(1261 1262 1273 1272)
4(1272 1273 1284 1283)
4(1283 1284 1295 1294)
4(1294 1295 1306 1305)
4(1305 1306 1317 1316)
4(1316 1317 1328 1327)
4(1218 1219 1230 1229)
4(1229 1230 1241 1240)
4(1240 1241 1252 1251)
4(1251 1252 1263 1262)
4(1262 1263 1274 1273)
4(1273 1274 1285 1284)
4(1284 1285 1296 1295)
4(1295 1296 1307 1306)
4(1306 1307 1318 1317)
4(1317 1318 1329 1328)
4(1219 1220 1231 1230)
4(1230 1231 1242 1241)
4(1241 1242 1253 1252)
4(1252 1253 1264 1263)
4(1263 1264 1275 1274)
4(1274 1275 1286 1285)
4(1285 1286 1297 1296)
4(1296 1297 1308 1307)
4(1307 1308 1319 1318)
4(1318 1319 1330 1329)
4(1331 1342 1343 1332)
4(1342 1353 1354 1343)
4(1353 1364 1365 1354)
4(1364 1375 1376 1365)
4(1375 1386 1387 1376)
4(1386 1397 1398 1387)
4(1397 1408 1409 1398)
4(1408 1419 1420 1409)
4(1419 1430 1431 1420)
4(1430 1441 1442 1431)
4(1332 1343 1344 1333)
4(1343 1354 1355 1344)
4(1354 1365 1366 1355)
4(1365 1376 1377 1366)
4(1376 1387 1388 1377)
4(1387 1398 1399 1388)
4(1398 1409 1410 1399)
4(1409 1420 1421 1410)
4(1420 1431 1432 1421)
4(1431 1442 1443 1432)
4(1333 1344 1345 1334)
4(1344 1355 1356 1345)
4(1355 1366 1367 1356)
4(1366 1377 1378 1367)
4(1377 1388 1389 1378)
4(1388 1399 1400 1389)
4(1399 1410 1411 1400)
4(1410 1421 1422 1411)
4(1421 1432 1433 1422)
4(1432 1443 1444 1433)
4(1334 1345 1346 1335)
4(1345 1356 1357 1346)
4(1356 1367 1368 1357)
4(1367 1378 1379 1368)
4(1378 1389 1390 1379)
4(1389 1400 1401 1390)
4(1400 1411 1412 1401)
4(1411 1422 1423 1412)
4(1422 1433 1434 1423)
4(1433 1444 1445 1434)
4(1335 1346 1347 1336)
4(1346 1357 1358 1347)
4(1357 1368 1369 1358)
4(1368 1379 1380 1369)
4(1379 1390 1391 1380)
4(1390 1401 1402 1391)
4(1401 1412 1413 1402)
4(1412 1423 1424 1413)
4(1423 1434 1435 1424)
4(1434 1445 1446 1435)
4(1336 1347 1348 1337)
4(1347 1358 1359 1348)
4(1358 1369 1370 1359)
4(1369 1380 1381 1370)
4(1380 1391 1392 1381)
4(1391 1402 1403 1392)
4(1402 1413 1414 1403)
4(1413 1424 1425 1414)
4(1424 1435 1436 1425)
4(1435 1446 1447 1436)
4(1337 1348 1349 1338)
4(1348 1359 1360 1349)
4(1359 1370 1371 1360)
4(1370 1381 1382 1371)
4(1381 1392 1393 1382)
4(1392 1403 1404 1393)
4(1403 1414 1415 1404)
4(1414 1425 1426 1415)
4(1425 1436 1437 1426)
4(1436 1447 1448 1437)
4(1338 1349 1350 1339)
4(1349 1360 1361 1350)
4(1360 1371 1372 1361)
4(1371 1382 1383 1372)
4(1382 1393 1394 1383)
4(1393 1404 1405 1394)
4(1404 1415 1416 1405)
4(1415 1426 1427 1416)
4(1426 1437 1438 1427)
4(1437 1448 1449 1438)
4(1339 1350 1351 1340)
4(1350 1361 1362 1351)
4(1361 1372 1373 1362)
4(1372 1383 1384 1373)
4(1383 1394 1395 1384)
4(1394 1405 1406 1395)
4(1405 1416 1417 1406)
4(1416 1427 1428 1417)
4(1427 1438 1439 1428)
4(1438 1449 1450 1439)
4(1340 1351 1352 1341)
4(1351 1362 1363 1352)
4(1362 1373 1374 1363)
4(1373 1384 1385 1374)
4(1384 1395 1396 1385)
4(1395 1406 1407 1396)
4(1406 1417 1418 1407)
4(1417 1428 1429 1418)
4(1428 1439 1440 1429)
4(1439 1450 1451 1440)
4(2541 2542 2553 2552)
4(2552 2553 2564 2563)
4(2563 2564 2575 2574)
4(2574 2575 2586 2585)
4(2585 2586 2597 2596)
4(2596 2597 2608 2607)
4(2607 2608 2619 2618)
4(2618 2619 2630 2629)
4(2629 2630 2641 2640)
4(2640 2641 2652 2651)
4(2542 2543 2554 2553)
4(2553 2554 2565 2564)
4(2564 2565 2576 2575)
4(2575 2576 2587 2586)
4(2586 2587 2598 2597)
4(2597 2598 2609 2608)
4(2608 2609 2620 2619)
4(2619 2620 2631 2630)
4(2630 2631 2642 2641)
4(2641 2642 2653 2652)
4(2543 2544 2555 2554)
4(2554 2555 2566 2565)
4(2565 2566 2577 2576)
4(2576 2577 2588 2587)
4(2587 2588 2599 2598)
4(2598 2599 2610 2609)
4(2609 2610 2621 2620)
4(2620 2621 2632 2631)
4(2631 2632 2643 2642)
4(2642 2643 2654 2653)
4(2544 2545 2556 2555)
4(2555 2556 2567 2566)
4(2566 2567 2578 2577)
4(2577 2578 2589 2588)
4(2588 2589 2600 2599)
4(2599 2600 2611 2610)
4(2610 2611 2622 2621)
4(2621 2622 2633 2632)
4(2632 2633 2644 2643)
4(2643 2644 2655 2654)
4(2545 2546 2557 2556)
4(2556 2557 2568 2567)
4(2567 2568 2579 2578)
4(2578 2579 2590 2589)
4(2589 2590 2601 2600)
4(2600 2601 2612 2611)
4(2611 2612 2623 2622)
4(2622 2623 2634 2633)
4(2633 2634 2645 2644)
4(2644 2645 2656 2655)
4(2546 2547 2558 2557)
4(2557 2558 2569 2568)
4(2568 2569 2580 2579)
4(2579 2580 2591 2590)
4(2590 2591 2602 2601)
4(2601 2602 2613 2612)
4(2612 2613 2624 2623)
4(2623 2624 2635 2634)
4(2634 2635 2646 2645)
4(2645 2646 2657 2656)
4(2547 2548 2559 2558)
4(2558 2559 2570 2569)
4(2569 2570 2581 2580)
4(2580 2581 2592 2591)
4(2591 2592 2603 2602)
4(2602 2603 2614 2613)
4(2613 2614 2625 2624)
4(2624 2625 2636 2635)
4(2635 2636 2647 2646)
4(2646 2647 2658 2657)
4(2548 2549 2560 2559)
4(2559 2560 2571 2570)
4(2570 2571 2582 2581)
4(2581 2582 2593 2592)
4(2592 2593 2604 2603)
4(2603 2604 2615 2614)
4(2614 2615 2626 2625)
4(2625 2626 2637 2636)
4(2636 2637 2648 2647)
4(2647 2648 2659 2658)
4(2549 2550 2561 2560)
4(2560 2561 2572 2571)
4(2571 2572 2583 2582)
4(2582 2583 2594 2593)
4(2593 2594 2605 2604)
4(2604 2605 2616 2615)
4(2615 2616 2627 2626)
4(2626 2627 2638 2637)
4(2637 2638 2649 2648)
4(2648 2649 2660 2659)
4(2550 2551 2562 2561)
4(2561 2562 2573 2572)
4(2572 2573 2584 2583)
4(2583 2584 2595 2594)
4(2594 2595 2606 2605)
4(2605 2606 2617 2616)
4(2616 2617 2628 2627)
4(2627 2628 2639 2638)
4(2638 2639 2650 2649)
4(2649 2650 2661 2660)
4(2662 2672 2673 2663)
4(2672 2682 2683 2673)
4(2682 2692 2693 2683)
4(2692 2702 2703 2693)
4(2702 2712 2713 2703)
4(2712 2722 2723 2713)
4(2722 2732 2733 2723)
4(2732 2742 2743 2733)
4(2742 2752 2753 2743)
4(2752 2762 2763 2753)
4(2663 2673 2674 2664)
4(2673 2683 2684 2674)
4(2683 2693 2694 2684)
4(2693 2703 2704 2694)
4(2703 2713 2714 2704)
4(2713 2723 2724 2714)
4(2723 2733 2734 2724)
4(2733 2743 2744 2734)
4(2743 2753 2754 2744)
4(2753 2763 2764 2754)
4(2664 2674 2675 2665)
4(2674 2684 2685 2675)
4(2684 2694 2695 2685)
4(2694 2704 2705 2695)
4(2704 2714 2715 2705)
4(2714 2724 2725 2715)
4(2724 2734 2735 2725)
4(2734 2744 2745 2735)
4(2744 2754 2755 2745)
4(2754 2764 2765 2755)
4(2665 2675 2676 2666)
4(2675 2685 2686 2676)
4(2685 2695 2696 2686)
4(2695 2705 2706 2696)
4(2705 2715 2716 2706)
4(2715 2725 2726 2716)
4(2725 2735 2736 2726)
4(2735 2745 2746 2736)
4(2745 2755 2756 2746)
4(2755 2765 2766 2756)
4(2666 2676 2677 2667)
4(2676 2686 2687 2677)
4(2686 2696 2697 2687)
4(2696 2706 2707 2697)
4(2706 2716 2717 2707)
4(2716 2726 2727 2717)
4(2726 2736 2737 2727)
4(2736 2746 2747 2737)
4(2746 2756 2757 2747)
4(2756 2766 2767 2757)
4(2667 2677 2678 2668)
4(2677 2687 2688 2678)
4(2687 2697 2698 2688)
4(2697 2707 2708 2698)
4(2707 2717 2718 2708)
4(2717 2727 2728 2718)
4(2727 2737 2738 2728)
4(2737 2747 2748 2738)
4(2747 2757 2758 2748)
4(2757 2767 2768 2758)
4(2668 2678 2679 2669)
4(2678 2688 2689 2679)
4(2688 2698 2699 2689)
4(2698 2708 2709 2699)
4(2708 2718 2719 2709)
4(2718 2728 2729 2719)
4(2728 2738 2739 2729)
4(2738 2748 2749 2739)
4(2748 2758 2759 2749)
4(2758 2768 2769 2759)
4(2669 2679 2680 2670)
4(2679 2689 2690 2680)
4(2689 2699 2700 2690)
4(2699 2709 2710 2700)
4(2709 2719 2720 2710)
4(2719 2729 2730 2720)
4(2729 2739 2740 2730)
4(2739 2749 2750 2740)
4(2749 2759 2760 2750)
4(2759 2769 2770 2760)
4(2670 2680 2681 2671)
4(2680 2690 2691 2681)
4(2690 2700 2701 2691)
4(2700 2710 2711 2701)
4(2710 2720 2721 2711)
4(2720 2730 2731 2721)
4(2730 2740 2741 2731)
4(2740 2750 2751 2741)
4(2750 2760 2761 2751)
4(2760 2770 2771 2761)
4(2671 2681 1342 1331)
4(2681 2691 1353 1342)
4(2691 2701 1364 1353)
4(2701 2711 1375 1364)
4(2711 2721 1386 1375)
4(2721 2731 1397 1386)
4(2731 2741 1408 1397)
4(2741 2751 1419 1408)
4(2751 2761 1430 1419)
4(2761 2771 1441 1430)
4(3762 3763 3773 3772)
4(3772 3773 3783 3782)
4(3782 3783 3793 3792)
4(3792 3793 3803 3802)
4(3802 3803 3813 3812)
4(3812 3813 3823 3822)
4(3822 3823 3833 3832)
4(3832 3833 3843 3842)
4(3842 3843 3853 3852)
4(3852 3853 3863 3862)
4(3763 3764 3774 3773)
4(3773 3774 3784 3783)
4(3783 3784 3794 3793)
4(3793 3794 3804 3803)
4(3803 3804 3814 3813)
4(3813 3814 3824 3823)
4(3823 3824 3834 3833)
4(3833 3834 3844 3843)
4(3843 3844 3854 3853)
4(3853 3854 3864 3863)
4(3764 3765 3775 3774)
4(3774 3775 3785 3784)
4(3784 3785 3795 3794)
4(3794 3795 3805 3804)
4(3804 3805 3815 3814)
4(3814 3815 3825 3824)
4(3824 3825 3835 3834)
4(3834 3835 3845 3844)
4(3844 3845 3855 3854)
4(3854 3855 3865 3864)
4(3765 3766 3776 3775)
4(3775 3776 3786 3785)
4(3785 3786 3796 3795)
4(3795 3796 3806 3805)
4(3805 3806 3816 3815)
4(3815 3816 3826 3825)
4(3825 3826 3836 3835)
4(3835 3836 3846 3845)
4(3845 3846 3856 3855)
4(3855 3856 3866 3865)
4(3766 3767 3777 3776)
4(3776 3777 3787 3786)
4(3786 3787 3797 3796)
4(3796 3797 3807 3806)
4(3806 3807 3817 3816)
4(3816 3817 3827 3826)
4(3826 3827 3837 3836)
4(3836 3837 3847 3846)
4(3846 3847 3857 3856)
4(3856 3857 3867 3866)
4(3767 3768 3778 3777)
4(3777 3778 3788 3787)
4(3787 3788 3798 3797)
4(3797 3798 3808 3807)
4(3807 3808 3818 3817)
4(3817 3818 3828 3827)
4(3827 3828 3838 3837)
4(3837 3838 3848 3847)
4(3847 3848 3858 3857)
4(3857 3858 3868 3867)
4(3768 3769 3779 3778)
4(3778 3779 3789 3788)
4(3788 3789 3799 3798)
4(3798 3799 3809 3808)
4(3808 3809 3819 3818)
4(3818 3819 3829 3828)
4(3828 3829 3839 3838)
4(3838 3839 3849 3848)
4(3848 3849 3859 3858)
4(3858 3859 3869 3868)
4(3769 3770 3780 3779)
4(3779 3780 3790 3789)
4(3789 3790 3800 3799)
4(3799 3800 3810 3809)
4(3809 3810 3820 3819)
4(3819 3820 3830 3829)
4(3829 3830 3840 3839)
4(3839 3840 3850 3849)
4(3849 3850 3860 3859)
4(3859 3860 3870 3869)
4(3770 3771 3781 3780)
4(3780 3781 3791 3790)
4(3790 3791 3801 3800)
4(3800 3801 3811 3810)
4(3810 3811 3821 3820)
4(3820 3821 3831 3830)
4(3830 3831 3841 3840)
4(3840 3841 3851 3850)
4(3850 3851 3861 3860)
4(3860 3861 3871 3870)
4(3771 2541 2552 3781)
4(3781 2552 2563 3791)
4(3791 2563 2574 3801)
4(3801 2574 2585 3811)
4(3811 2585 2596 3821)
4(3821 2596 2607 3831)
4(3831 2607 2618 3841)
4(3841 2618 2629 3851)
4(3851 2629 2640 3861)
4(3861 2640 2651 3871)
4(3872 3883 3884 3873)
4(3883 3894 3895 3884)
4(3894 3905 3906 3895)
4(3905 3916 3917 3906)
4(3916 3927 3928 3917)
4(3927 3938 3939 3928)
4(3938 3949 3950 3939)
4(3949 3960 3961 3950)
4(3960 3971 3972 3961)
4(3971 2662 2663 3972)
4(3873 3884 3885 3874)
4(3884 3895 3896 3885)
4(3895 3906 3907 3896)
4(3906 3917 3918 3907)
4(3917 3928 3929 3918)
4(3928 3939 3940 3929)
4(3939 3950 3951 3940)
4(3950 3961 3962 3951)
4(3961 3972 3973 3962)
4(3972 2663 2664 3973)
4(3874 3885 3886 3875)
4(3885 3896 3897 3886)
4(3896 3907 3908 3897)
4(3907 3918 3919 3908)
4(3918 3929 3930 3919)
4(3929 3940 3941 3930)
4(3940 3951 3952 3941)
4(3951 3962 3963 3952)
4(3962 3973 3974 3963)
4(3973 2664 2665 3974)
4(3875 3886 3887 3876)
4(3886 3897 3898 3887)
4(3897 3908 3909 3898)
4(3908 3919 3920 3909)
4(3919 3930 3931 3920)
4(3930 3941 3942 3931)
4(3941 3952 3953 3942)
4(3952 3963 3964 3953)
4(3963 3974 3975 3964)
4(3974 2665 2666 3975)
4(3876 3887 3888 3877)
4(3887 3898 3899 3888)
4(3898 3909 3910 3899)
4(3909 3920 3921 3910)
4(3920 3931 3932 3921)
4(3931 3942 3943 3932)
4(3942 3953 3954 3943)
4(3953 3964 3965 3954)
4(3964 3975 3976 3965)
4(3975 2666 2667 3976)
4(3877 3888 3889 3878)
4(3888 3899 3900 3889)
4(3899 3910 3911 3900)
4(3910 3921 3922 3911)
4(3921 3932 3933 3922)
4(3932 3943 3944 3933)
4(3943 3954 3955 3944)
4(3954 3965 3966 3955)
4(3965 3976 3977 3966)
4(3976 2667 2668 3977)
4(3878 3889 3890 3879)
4(3889 3900 3901 3890)
4(3900 3911 3912 3901)
4(3911 3922 3923 3912)
4(3922 3933 3934 3923)
4(3933 3944 3945 3934)
4(3944 3955 3956 3945)
4(3955 3966 3967 3956)
4(3966 3977 3978 3967)
4(3977 2668 2669 3978)
4(3879 3890 3891 3880)
4(3890 3901 3902 3891)
4(3901 3912 3913 3902)
4(3912 3923 3924 3913)
4(3923 3934 3935 3924)
4(3934 3945 3946 3935)
4(3945 3956 3957 3946)
4(3956 3967 3968 3957)
4(3967 3978 3979 3968)
4(3978 2669 2670 3979)
4(3880 3891 3892 3881)
4(3891 3902 3903 3892)
4(3902 3913 3914 3903)
4(3913 3924 3925 3914)
4(3924 3935 3936 3925)
4(3935 3946 3947 3936)
4(3946 3957 3958 3947)
4(3957 3968 3969 3958)
4(3968 3979 3980 3969)
4(3979 2670 2671 3980)
4(3881 3892 3893 3882)
4(3892 3903 3904 3893)
4(3903 3914 3915 3904)
4(3914 3925 3926 3915)
4(3925 3936 3937 3926)
4(3936 3947 3948 3937)
4(3947 3958 3959 3948)
4(3958 3969 3970 3959)
4(3969 3980 3981 3970)
4(3980 2671 1331 3981)
4(4972 4973 4984 4983)
4(4983 4984 4995 4994)
4(4994 4995 5006 5005)
4(5005 5006 5017 5016)
4(5016 5017 5028 5027)
4(5027 5028 5039 5038)
4(5038 5039 5050 5049)
4(5049 5050 5061 5060)
4(5060 5061 5072 5071)
4(5071 5072 3763 3762)
4(4973 4974 4985 4984)
4(4984 4985 4996 4995)
4(4995 4996 5007 5006)
4(5006 5007 5018 5017)
4(5017 5018 5029 5028)
4(5028 5029 5040 5039)
4(5039 5040 5051 5050)
4(5050 5051 5062 5061)
4(5061 5062 5073 5072)
4(5072 5073 3764 3763)
4(4974 4975 4986 4985)
4(4985 4986 4997 4996)
4(4996 4997 5008 5007)
4(5007 5008 5019 5018)
4(5018 5019 5030 5029)
4(5029 5030 5041 5040)
4(5040 5041 5052 5051)
4(5051 5052 5063 5062)
4(5062 5063 5074 5073)
4(5073 5074 3765 3764)
4(4975 4976 4987 4986)
4(4986 4987 4998 4997)
4(4997 4998 5009 5008)
4(5008 5009 5020 5019)
4(5019 5020 5031 5030)
4(5030 5031 5042 5041)
4(5041 5042 5053 5052)
4(5052 5053 5064 5063)
4(5063 5064 5075 5074)
4(5074 5075 3766 3765)
4(4976 4977 4988 4987)
4(4987 4988 4999 4998)
4(4998 4999 5010 5009)
4(5009 5010 5021 5020)
4(5020 5021 5032 5031)
4(5031 5032 5043 5042)
4(5042 5043 5054 5053)
4(5053 5054 5065 5064)
4(5064 5065 5076 5075)
4(5075 5076 3767 3766)
4(4977 4978 4989 4988)
4(4988 4989 5000 4999)
4(4999 5000 5011 5010)
4(5010 5011 5022 5021)
4(5021 5022 5033 5032)
4(5032 5033 5044 5043)
4(5043 5044 5055 5054)
4(5054 5055 5066 5065)
4(5065 5066 5077 5076)
4(5076 5077 3768 3767)
4(4978 4979 4990 4989)
4(4989 4990 5001 5000)
4(5000 5001 5012 5011)
4(5011 5012 5023 5022)
4(5022 5023 5034 5033)
4(5033 5034 5045 5044)
4(5044 5045 5056 5055)
4(5055 5056 5067 5066)
4(5066 5067 5078 5077)
4(5077 5078 3769 3768)
4(4979 4980 4991 4990)
4(4990 4991 5002 5001)
4(5001 5002 5013 5012)
4(5012 5013 5024 5023)
4(5023 5024 5035 5034)
4(5034 5035 5046 5045)
4(5045 5046 5057 5056)
4(5056 5057 5068 5067)
4(5067 5068 5079 5078)
4(5078 5079 3770 3769)
4(4980 4981 4992 4991)
4(4991 4992 5003 5002)
4(5002 5003 5014 5013)
4(5013 5014 5025 5024)
4(5024 5025 5036 5035)
4(5035 5036 5047 5046)
4(5046 5047 5058 5057)
4(5057 5058 5069 5068)
4(5068 5069 5080 5079)
4(5079 5080 3771 3770)
4(4981 4982 4993 4992)
4(4992 4993 5004 5003)
4(5003 5004 5015 5014)
4(5014 5015 5026 5025)
4(5025 5026 5037 5036)
4(5036 5037 5048 5047)
4(5047 5048 5059 5058)
4(5058 5059 5070 5069)
4(5069 5070 5081 5080)
4(5080 5081 2541 3771)
4(3882 3893 5092 5082)
4(3893 3904 5102 5092)
4(3904 3915 5112 5102)
4(3915 3926 5122 5112)
4(3926 3937 5132 5122)
4(3937 3948 5142 5132)
4(3948 3959 5152 5142)
4(3959 3970 5162 5152)
4(3970 3981 5172 5162)
4(3981 1331 1332 5172)
4(5082 5092 5093 5083)
4(5092 5102 5103 5093)
4(5102 5112 5113 5103)
4(5112 5122 5123 5113)
4(5122 5132 5133 5123)
4(5132 5142 5143 5133)
4(5142 5152 5153 5143)
4(5152 5162 5163 5153)
4(5162 5172 5173 5163)
4(5172 1332 1333 5173)
4(5083 5093 5094 5084)
4(5093 5103 5104 5094)
4(5103 5113 5114 5104)
4(5113 5123 5124 5114)
4(5123 5133 5134 5124)
4(5133 5143 5144 5134)
4(5143 5153 5154 5144)
4(5153 5163 5164 5154)
4(5163 5173 5174 5164)
4(5173 1333 1334 5174)
4(5084 5094 5095 5085)
4(5094 5104 5105 5095)
4(5104 5114 5115 5105)
4(5114 5124 5125 5115)
4(5124 5134 5135 5125)
4(5134 5144 5145 5135)
4(5144 5154 5155 5145)
4(5154 5164 5165 5155)
4(5164 5174 5175 5165)
4(5174 1334 1335 5175)
4(5085 5095 5096 5086)
4(5095 5105 5106 5096)
4(5105 5115 5116 5106)
4(5115 5125 5126 5116)
4(5125 5135 5136 5126)
4(5135 5145 5146 5136)
4(5145 5155 5156 5146)
4(5155 5165 5166 5156)
4(5165 5175 5176 5166)
4(5175 1335 1336 5176)
4(5086 5096 5097 5087)
4(5096 5106 5107 5097)
4(5106 5116 5117 5107)
4(5116 5126 5127 5117)
4(5126 5136 5137 5127)
4(5136 5146 5147 5137)
4(5146 5156 5157 5147)
4(5156 5166 5167 5157)
4(5166 5176 5177 5167)
4(5176 1336 1337 5177)
4(5087 5097 5098 5088)
4(5097 5107 5108 5098)
4(5107 5117 5118 5108)
4(5117 5127 5128 5118)
4(5127 5137 5138 5128)
4(5137 5147 5148 5138)
4(5147 5157 5158 5148)
4(5157 5167 5168 5158)
4(5167 5177 5178 5168)
4(5177 1337 1338 5178)
4(5088 5098 5099 5089)
4(5098 5108 5109 5099)
4(5108 5118 5119 5109)
4(5118 5128 5129 5119)
4(5128 5138 5139 5129)
4(5138 5148 5149 5139)
4(5148 5158 5159 5149)
4(5158 5168 5169 5159)
4(5168 5178 5179 5169)
4(5178 1338 1339 5179)
4(5089 5099 5100 5090)
4(5099 5109 5110 5100)
4(5109 5119 5120 5110)
4(5119 5129 5130 5120)
4(5129 5139 5140 5130)
4(5139 5149 5150 5140)
4(5149 5159 5160 5150)
4(5159 5169 5170 5160)
4(5169 5179 5180 5170)
4(5179 1339 1340 5180)
4(5090 5100 5101 5091)
4(5100 5110 5111 5101)
4(5110 5120 5121 5111)
4(5120 5130 5131 5121)
4(5130 5140 5141 5131)
4(5140 5150 5151 5141)
4(5150 5160 5161 5151)
4(5160 5170 5171 5161)
4(5170 5180 5181 5171)
4(5180 1340 1341 5181)
4(4982 6082 6092 4993)
4(4993 6092 6102 5004)
4(5004 6102 6112 5015)
4(5015 6112 6122 5026)
4(5026 6122 6132 5037)
4(5037 6132 6142 5048)
4(5048 6142 6152 5059)
4(5059 6152 6162 5070)
4(5070 6162 6172 5081)
4(5081 6172 2542 2541)
4(6082 6083 6093 6092)
4(6092 6093 6103 6102)
4(6102 6103 6113 6112)
4(6112 6113 6123 6122)
4(6122 6123 6133 6132)
4(6132 6133 6143 6142)
4(6142 6143 6153 6152)
4(6152 6153 6163 6162)
4(6162 6163 6173 6172)
4(6172 6173 2543 2542)
4(6083 6084 6094 6093)
4(6093 6094 6104 6103)
4(6103 6104 6114 6113)
4(6113 6114 6124 6123)
4(6123 6124 6134 6133)
4(6133 6134 6144 6143)
4(6143 6144 6154 6153)
4(6153 6154 6164 6163)
4(6163 6164 6174 6173)
4(6173 6174 2544 2543)
4(6084 6085 6095 6094)
4(6094 6095 6105 6104)
4(6104 6105 6115 6114)
4(6114 6115 6125 6124)
4(6124 6125 6135 6134)
4(6134 6135 6145 6144)
4(6144 6145 6155 6154)
4(6154 6155 6165 6164)
4(6164 6165 6175 6174)
4(6174 6175 2545 2544)
4(6085 6086 6096 6095)
4(6095 6096 6106 6105)
4(6105 6106 6116 6115)
4(6115 6116 6126 6125)
4(6125 6126 6136 6135)
4(6135 6136 6146 6145)
4(6145 6146 6156 6155)
4(6155 6156 6166 6165)
4(6165 6166 6176 6175)
4(6175 6176 2546 2545)
4(6086 6087 6097 6096)
4(6096 6097 6107 6106)
4(6106 6107 6117 6116)
4(6116 6117 6127 6126)
4(6126 6127 6137 6136)
4(6136 6137 6147 6146)
4(6146 6147 6157 6156)
4(6156 6157 6167 6166)
4(6166 6167 6177 6176)
4(6176 6177 2547 2546)
4(6087 6088 6098 6097)
4(6097 6098 6108 6107)
4(6107 6108 6118 6117)
4(6117 6118 6128 6127)
4(6127 6128 6138 6137)
4(6137 6138 6148 6147)
4(6147 6148 6158 6157)
4(6157 6158 6168 6167)
4(6167 6168 6178 6177)
4(6177 6178 2548 2547)
4(6088 6089 6099 6098)
4(6098 6099 6109 6108)
4(6108 6109 6119 6118)
4(6118 6119 6129 6128)
4(6128 6129 6139 6138)
4(6138 6139 6149 6148)
4(6148 6149 6159 6158)
4(6158 6159 6169 6168)
4(6168 6169 6179 6178)
4(6178 6179 2549 2548)
4(6089 6090 6100 6099)
4(6099 6100 6110 6109)
4(6109 6110 6120 6119)
4(6119 6120 6130 6129)
4(6129 6130 6140 6139)
4(6139 6140 6150 6149)
4(6149 6150 6160 6159)
4(6159 6160 6170 6169)
4(6169 6170 6180 6179)
4(6179 6180 2550 2549)
4(6090 6091 6101 6100)
4(6100 6101 6111 6110)
4(6110 6111 6121 6120)
4(6120 6121 6131 6130)
4(6130 6131 6141 6140)
4(6140 6141 6151 6150)
4(6150 6151 6161 6160)
4(6160 6161 6171 6170)
4(6170 6171 6181 6180)
4(6180 6181 2551 2550)
4(6191 6201 6311 6301)
4(6201 6211 6321 6311)
4(6211 6221 6331 6321)
4(6221 6231 6341 6331)
4(6231 6241 6351 6341)
4(6241 6251 6361 6351)
4(6251 6261 6371 6361)
4(6261 6271 6381 6371)
4(6271 6281 6391 6381)
4(6281 6291 6401 6391)
4(6301 6311 6421 6411)
4(6311 6321 6431 6421)
4(6321 6331 6441 6431)
4(6331 6341 6451 6441)
4(6341 6351 6461 6451)
4(6351 6361 6471 6461)
4(6361 6371 6481 6471)
4(6371 6381 6491 6481)
4(6381 6391 6501 6491)
4(6391 6401 6511 6501)
4(6411 6421 6531 6521)
4(6421 6431 6541 6531)
4(6431 6441 6551 6541)
4(6441 6451 6561 6551)
4(6451 6461 6571 6561)
4(6461 6471 6581 6571)
4(6471 6481 6591 6581)
4(6481 6491 6601 6591)
4(6491 6501 6611 6601)
4(6501 6511 6621 6611)
4(6521 6531 6641 6631)
4(6531 6541 6651 6641)
4(6541 6551 6661 6651)
4(6551 6561 6671 6661)
4(6561 6571 6681 6671)
4(6571 6581 6691 6681)
4(6581 6591 6701 6691)
4(6591 6601 6711 6701)
4(6601 6611 6721 6711)
4(6611 6621 6731 6721)
4(6631 6641 6751 6741)
4(6641 6651 6761 6751)
4(6651 6661 6771 6761)
4(6661 6671 6781 6771)
4(6671 6681 6791 6781)
4(6681 6691 6801 6791)
4(6691 6701 6811 6801)
4(6701 6711 6821 6811)
4(6711 6721 6831 6821)
4(6721 6731 6841 6831)
4(6741 6751 6861 6851)
4(6751 6761 6871 6861)
4(6761 6771 6881 6871)
4(6771 6781 6891 6881)
4(6781 6791 6901 6891)
4(6791 6801 6911 6901)
4(6801 6811 6921 6911)
4(6811 6821 6931 6921)
4(6821 6831 6941 6931)
4(6831 6841 6951 6941)
4(6851 6861 6971 6961)
4(6861 6871 6981 6971)
4(6871 6881 6991 6981)
4(6881 6891 7001 6991)
4(6891 6901 7011 7001)
4(6901 6911 7021 7011)
4(6911 6921 7031 7021)
4(6921 6931 7041 7031)
4(6931 6941 7051 7041)
4(6941 6951 7061 7051)
4(6961 6971 7081 7071)
4(6971 6981 7091 7081)
4(6981 6991 7101 7091)
4(6991 7001 7111 7101)
4(7001 7011 7121 7111)
4(7011 7021 7131 7121)
4(7021 7031 7141 7131)
4(7031 7041 7151 7141)
4(7041 7051 7161 7151)
4(7051 7061 7171 7161)
4(7071 7081 7191 7181)
4(7081 7091 7201 7191)
4(7091 7101 7211 7201)
4(7101 7111 7221 7211)
4(7111 7121 7231 7221)
4(7121 7131 7241 7231)
4(7131 7141 7251 7241)
4(7141 7151 7261 7251)
4(7151 7161 7271 7261)
4(7161 7171 7281 7271)
4(7181 7191 7301 7291)
4(7191 7201 7311 7301)
4(7201 7211 7321 7311)
4(7211 7221 7331 7321)
4(7221 7231 7341 7331)
4(7231 7241 7351 7341)
4(7241 7251 7361 7351)
4(7251 7261 7371 7361)
4(7261 7271 7381 7371)
4(7271 7281 7391 7381)
4(1341 1352 6192 6182)
4(1352 1363 6202 6192)
4(1363 1374 6212 6202)
4(1374 1385 6222 6212)
4(1385 1396 6232 6222)
4(1396 1407 6242 6232)
4(1407 1418 6252 6242)
4(1418 1429 6262 6252)
4(1429 1440 6272 6262)
4(1440 1451 6282 6272)
4(6182 6192 6193 6183)
4(6192 6202 6203 6193)
4(6202 6212 6213 6203)
4(6212 6222 6223 6213)
4(6222 6232 6233 6223)
4(6232 6242 6243 6233)
4(6242 6252 6253 6243)
4(6252 6262 6263 6253)
4(6262 6272 6273 6263)
4(6272 6282 6283 6273)
4(6183 6193 6194 6184)
4(6193 6203 6204 6194)
4(6203 6213 6214 6204)
4(6213 6223 6224 6214)
4(6223 6233 6234 6224)
4(6233 6243 6244 6234)
4(6243 6253 6254 6244)
4(6253 6263 6264 6254)
4(6263 6273 6274 6264)
4(6273 6283 6284 6274)
4(6184 6194 6195 6185)
4(6194 6204 6205 6195)
4(6204 6214 6215 6205)
4(6214 6224 6225 6215)
4(6224 6234 6235 6225)
4(6234 6244 6245 6235)
4(6244 6254 6255 6245)
4(6254 6264 6265 6255)
4(6264 6274 6275 6265)
4(6274 6284 6285 6275)
4(6185 6195 6196 6186)
4(6195 6205 6206 6196)
4(6205 6215 6216 6206)
4(6215 6225 6226 6216)
4(6225 6235 6236 6226)
4(6235 6245 6246 6236)
4(6245 6255 6256 6246)
4(6255 6265 6266 6256)
4(6265 6275 6276 6266)
4(6275 6285 6286 6276)
4(6186 6196 6197 6187)
4(6196 6206 6207 6197)
4(6206 6216 6217 6207)
4(6216 6226 6227 6217)
4(6226 6236 6237 6227)
4(6236 6246 6247 6237)
4(6246 6256 6257 6247)
4(6256 6266 6267 6257)
4(6266 6276 6277 6267)
4(6276 6286 6287 6277)
4(6187 6197 6198 6188)
4(6197 6207 6208 6198)
4(6207 6217 6218 6208)
4(6217 6227 6228 6218)
4(6227 6237 6238 6228)
4(6237 6247 6248 6238)
4(6247 6257 6258 6248)
4(6257 6267 6268 6258)
4(6267 6277 6278 6268)
4(6277 6287 6288 6278)
4(6188 6198 6199 6189)
4(6198 6208 6209 6199)
4(6208 6218 6219 6209)
4(6218 6228 6229 6219)
4(6228 6238 6239 6229)
4(6238 6248 6249 6239)
4(6248 6258 6259 6249)
4(6258 6268 6269 6259)
4(6268 6278 6279 6269)
4(6278 6288 6289 6279)
4(6189 6199 6200 6190)
4(6199 6209 6210 6200)
4(6209 6219 6220 6210)
4(6219 6229 6230 6220)
4(6229 6239 6240 6230)
4(6239 6249 6250 6240)
4(6249 6259 6260 6250)
4(6259 6269 6270 6260)
4(6269 6279 6280 6270)
4(6279 6289 6290 6280)
4(6190 6200 6201 6191)
4(6200 6210 6211 6201)
4(6210 6220 6221 6211)
4(6220 6230 6231 6221)
4(6230 6240 6241 6231)
4(6240 6250 6251 6241)
4(6250 6260 6261 6251)
4(6260 6270 6271 6261)
4(6270 6280 6281 6271)
4(6280 6290 6291 6281)
4(2551 7282 7292 2562)
4(2562 7292 7302 2573)
4(2573 7302 7312 2584)
4(2584 7312 7322 2595)
4(2595 7322 7332 2606)
4(2606 7332 7342 2617)
4(2617 7342 7352 2628)
4(2628 7352 7362 2639)
4(2639 7362 7372 2650)
4(2650 7372 7382 2661)
4(7282 7283 7293 7292)
4(7292 7293 7303 7302)
4(7302 7303 7313 7312)
4(7312 7313 7323 7322)
4(7322 7323 7333 7332)
4(7332 7333 7343 7342)
4(7342 7343 7353 7352)
4(7352 7353 7363 7362)
4(7362 7363 7373 7372)
4(7372 7373 7383 7382)
4(7283 7284 7294 7293)
4(7293 7294 7304 7303)
4(7303 7304 7314 7313)
4(7313 7314 7324 7323)
4(7323 7324 7334 7333)
4(7333 7334 7344 7343)
4(7343 7344 7354 7353)
4(7353 7354 7364 7363)
4(7363 7364 7374 7373)
4(7373 7374 7384 7383)
4(7284 7285 7295 7294)
4(7294 7295 7305 7304)
4(7304 7305 7315 7314)
4(7314 7315 7325 7324)
4(7324 7325 7335 7334)
4(7334 7335 7345 7344)
4(7344 7345 7355 7354)
4(7354 7355 7365 7364)
4(7364 7365 7375 7374)
4(7374 7375 7385 7384)
4(7285 7286 7296 7295)
4(7295 7296 7306 7305)
4(7305 7306 7316 7315)
4(7315 7316 7326 7325)
4(7325 7326 7336 7335)
4(7335 7336 7346 7345)
4(7345 7346 7356 7355)
4(7355 7356 7366 7365)
4(7365 7366 7376 7375)
4(7375 7376 7386 7385)
4(7286 7287 7297 7296)
4(7296 7297 7307 7306)
4(7306 7307 7317 7316)
4(7316 7317 7327 7326)
4(7326 7327 7337 7336)
4(7336 7337 7347 7346)
4(7346 7347 7357 7356)
4(7356 7357 7367 7366)
4(7366 7367 7377 7376)
4(7376 7377 7387 7386)
4(7287 7288 7298 7297)
4(7297 7298 7308 7307)
4(7307 7308 7318 7317)
4(7317 7318 7328 7327)
4(7327 7328 7338 7337)
4(7337 7338 7348 7347)
4(7347 7348 7358 7357)
4(7357 7358 7368 7367)
4(7367 7368 7378 7377)
4(7377 7378 7388 7387)
4(7288 7289 7299 7298)
4(7298 7299 7309 7308)
4(7308 7309 7319 7318)
4(7318 7319 7329 7328)
4(7328 7329 7339 7338)
4(7338 7339 7349 7348)
4(7348 7349 7359 7358)
4(7358 7359 7369 7368)
4(7368 7369 7379 7378)
4(7378 7379 7389 7388)
4(7289 7290 7300 7299)
4(7299 7300 7310 7309)
4(7309 7310 7320 7319)
4(7319 7320 7330 7329)
4(7329 7330 7340 7339)
4(7339 7340 7350 7349)
4(7349 7350 7360 7359)
4(7359 7360 7370 7369)
4(7369 7370 7380 7379)
4(7379 7380 7390 7389)
4(7290 7291 7301 7300)
4(7300 7301 7311 7310)
4(7310 7311 7321 7320)
4(7320 7321 7331 7330)
4(7330 7331 7341 7340)
4(7340 7341 7351 7350)
4(7350 7351 7361 7360)
4(7360 7361 7371 7370)
4(7370 7371 7381 7380)
4(7380 7381 7391 7390)
4(6291 7401 7501 6401)
4(7401 7411 7511 7501)
4(7411 7421 7521 7511)
4(7421 7431 7531 7521)
4(7431 7441 7541 7531)
4(7441 7451 7551 7541)
4(7451 7461 7561 7551)
4(7461 7471 7571 7561)
4(7471 7481 7581 7571)
4(7481 7491 7591 7581)
4(6401 7501 7601 6511)
4(7501 7511 7611 7601)
4(7511 7521 7621 7611)
4(7521 7531 7631 7621)
4(7531 7541 7641 7631)
4(7541 7551 7651 7641)
4(7551 7561 7661 7651)
4(7561 7571 7671 7661)
4(7571 7581 7681 7671)
4(7581 7591 7691 7681)
4(6511 7601 7701 6621)
4(7601 7611 7711 7701)
4(7611 7621 7721 7711)
4(7621 7631 7731 7721)
4(7631 7641 7741 7731)
4(7641 7651 7751 7741)
4(7651 7661 7761 7751)
4(7661 7671 7771 7761)
4(7671 7681 7781 7771)
4(7681 7691 7791 7781)
4(6621 7701 7801 6731)
4(7701 7711 7811 7801)
4(7711 7721 7821 7811)
4(7721 7731 7831 7821)
4(7731 7741 7841 7831)
4(7741 7751 7851 7841)
4(7751 7761 7861 7851)
4(7761 7771 7871 7861)
4(7771 7781 7881 7871)
4(7781 7791 7891 7881)
4(6731 7801 7901 6841)
4(7801 7811 7911 7901)
4(7811 7821 7921 7911)
4(7821 7831 7931 7921)
4(7831 7841 7941 7931)
4(7841 7851 7951 7941)
4(7851 7861 7961 7951)
4(7861 7871 7971 7961)
4(7871 7881 7981 7971)
4(7881 7891 7991 7981)
4(6841 7901 8001 6951)
4(7901 7911 8011 8001)
4(7911 7921 8021 8011)
4(7921 7931 8031 8021)
4(7931 7941 8041 8031)
4(7941 7951 8051 8041)
4(7951 7961 8061 8051)
4(7961 7971 8071 8061)
4(7971 7981 8081 8071)
4(7981 7991 8091 8081)
4(6951 8001 8101 7061)
4(8001 8011 8111 8101)
4(8011 8021 8121 8111)
4(8021 8031 8131 8121)
4(8031 8041 8141 8131)
4(8041 8051 8151 8141)
4(8051 8061 8161 8151)
4(8061 8071 8171 8161)
4(8071 8081 8181 8171)
4(8081 8091 8191 8181)
4(7061 8101 8201 7171)
4(8101 8111 8211 8201)
4(8111 8121 8221 8211)
4(8121 8131 8231 8221)
4(8131 8141 8241 8231)
4(8141 8151 8251 8241)
4(8151 8161 8261 8251)
4(8161 8171 8271 8261)
4(8171 8181 8281 8271)
4(8181 8191 8291 8281)
4(7171 8201 8301 7281)
4(8201 8211 8311 8301)
4(8211 8221 8321 8311)
4(8221 8231 8331 8321)
4(8231 8241 8341 8331)
4(8241 8251 8351 8341)
4(8251 8261 8361 8351)
4(8261 8271 8371 8361)
4(8271 8281 8381 8371)
4(8281 8291 8391 8381)
4(7281 8301 8401 7391)
4(8301 8311 8411 8401)
4(8311 8321 8421 8411)
4(8321 8331 8431 8421)
4(8331 8341 8441 8431)
4(8341 8351 8451 8441)
4(8351 8361 8461 8451)
4(8361 8371 8471 8461)
4(8371 8381 8481 8471)
4(8381 8391 8491 8481)
4(1451 1450 7392 6282)
4(1450 1449 7402 7392)
4(1449 1448 7412 7402)
4(1448 1447 7422 7412)
4(1447 1446 7432 7422)
4(1446 1445 7442 7432)
4(1445 1444 7452 7442)
4(1444 1443 7462 7452)
4(1443 1442 7472 7462)
4(1442 1441 7482 7472)
4(6282 7392 7393 6283)
4(7392 7402 7403 7393)
4(7402 7412 7413 7403)
4(7412 7422 7423 7413)
4(7422 7432 7433 7423)
4(7432 7442 7443 7433)
4(7442 7452 7453 7443)
4(7452 7462 7463 7453)
4(7462 7472 7473 7463)
4(7472 7482 7483 7473)
4(6283 7393 7394 6284)
4(7393 7403 7404 7394)
4(7403 7413 7414 7404)
4(7413 7423 7424 7414)
4(7423 7433 7434 7424)
4(7433 7443 7444 7434)
4(7443 7453 7454 7444)
4(7453 7463 7464 7454)
4(7463 7473 7474 7464)
4(7473 7483 7484 7474)
4(6284 7394 7395 6285)
4(7394 7404 7405 7395)
4(7404 7414 7415 7405)
4(7414 7424 7425 7415)
4(7424 7434 7435 7425)
4(7434 7444 7445 7435)
4(7444 7454 7455 7445)
4(7454 7464 7465 7455)
4(7464 7474 7475 7465)
4(7474 7484 7485 7475)
4(6285 7395 7396 6286)
4(7395 7405 7406 7396)
4(7405 7415 7416 7406)
4(7415 7425 7426 7416)
4(7425 7435 7436 7426)
4(7435 7445 7446 7436)
4(7445 7455 7456 7446)
4(7455 7465 7466 7456)
4(7465 7475 7476 7466)
4(7475 7485 7486 7476)
4(6286 7396 7397 6287)
4(7396 7406 7407 7397)
4(7406 7416 7417 7407)
4(7416 7426 7427 7417)
4(7426 7436 7437 7427)
4(7436 7446 7447 7437)
4(7446 7456 7457 7447)
4(7456 7466 7467 7457)
4(7466 7476 7477 7467)
4(7476 7486 7487 7477)
4(6287 7397 7398 6288)
4(7397 7407 7408 7398)
4(7407 7417 7418 7408)
4(7417 7427 7428 7418)
4(7427 7437 7438 7428)
4(7437 7447 7448 7438)
4(7447 7457 7458 7448)
4(7457 7467 7468 7458)
4(7467 7477 7478 7468)
4(7477 7487 7488 7478)
4(6288 7398 7399 6289)
4(7398 7408 7409 7399)
4(7408 7418 7419 7409)
4(7418 7428 7429 7419)
4(7428 7438 7439 7429)
4(7438 7448 7449 7439)
4(7448 7458 7459 7449)
4(7458 7468 7469 7459)
4(7468 7478 7479 7469)
4(7478 7488 7489 7479)
4(6289 7399 7400 6290)
4(7399 7409 7410 7400)
4(7409 7419 7420 7410)
4(7419 7429 7430 7420)
4(7429 7439 7440 7430)
4(7439 7449 7450 7440)
4(7449 7459 7460 7450)
4(7459 7469 7470 7460)
4(7469 7479 7480 7470)
4(7479 7489 7490 7480)
4(6290 7400 7401 6291)
4(7400 7410 7411 7401)
4(7410 7420 7421 7411)
4(7420 7430 7431 7421)
4(7430 7440 7441 7431)
4(7440 7450 7451 7441)
4(7450 7460 7461 7451)
4(7460 7470 7471 7461)
4(7470 7480 7481 7471)
4(7480 7490 7491 7481)
4(2661 7382 8392 2660)
4(2660 8392 8402 2659)
4(2659 8402 8412 2658)
4(2658 8412 8422 2657)
4(2657 8422 8432 2656)
4(2656 8432 8442 2655)
4(2655 8442 8452 2654)
4(2654 8452 8462 2653)
4(2653 8462 8472 2652)
4(2652 8472 8482 2651)
4(7382 7383 8393 8392)
4(8392 8393 8403 8402)
4(8402 8403 8413 8412)
4(8412 8413 8423 8422)
4(8422 8423 8433 8432)
4(8432 8433 8443 8442)
4(8442 8443 8453 8452)
4(8452 8453 8463 8462)
4(8462 8463 8473 8472)
4(8472 8473 8483 8482)
4(7383 7384 8394 8393)
4(8393 8394 8404 8403)
4(8403 8404 8414 8413)
4(8413 8414 8424 8423)
4(8423 8424 8434 8433)
4(8433 8434 8444 8443)
4(8443 8444 8454 8453)
4(8453 8454 8464 8463)
4(8463 8464 8474 8473)
4(8473 8474 8484 8483)
4(7384 7385 8395 8394)
4(8394 8395 8405 8404)
4(8404 8405 8415 8414)
4(8414 8415 8425 8424)
4(8424 8425 8435 8434)
4(8434 8435 8445 8444)
4(8444 8445 8455 8454)
4(8454 8455 8465 8464)
4(8464 8465 8475 8474)
4(8474 8475 8485 8484)
4(7385 7386 8396 8395)
4(8395 8396 8406 8405)
4(8405 8406 8416 8415)
4(8415 8416 8426 8425)
4(8425 8426 8436 8435)
4(8435 8436 8446 8445)
4(8445 8446 8456 8455)
4(8455 8456 8466 8465)
4(8465 8466 8476 8475)
4(8475 8476 8486 8485)
4(7386 7387 8397 8396)
4(8396 8397 8407 8406)
4(8406 8407 8417 8416)
4(8416 8417 8427 8426)
4(8426 8427 8437 8436)
4(8436 8437 8447 8446)
4(8446 8447 8457 8456)
4(8456 8457 8467 8466)
4(8466 8467 8477 8476)
4(8476 8477 8487 8486)
4(7387 7388 8398 8397)
4(8397 8398 8408 8407)
4(8407 8408 8418 8417)
4(8417 8418 8428 8427)
4(8427 8428 8438 8437)
4(8437 8438 8448 8447)
4(8447 8448 8458 8457)
4(8457 8458 8468 8467)
4(8467 8468 8478 8477)
4(8477 8478 8488 8487)
4(7388 7389 8399 8398)
4(8398 8399 8409 8408)
4(8408 8409 8419 8418)
4(8418 8419 8429 8428)
4(8428 8429 8439 8438)
4(8438 8439 8449 8448)
4(8448 8449 8459 8458)
4(8458 8459 8469 8468)
4(8468 8469 8479 8478)
4(8478 8479 8489 8488)
4(7389 7390 8400 8399)
4(8399 8400 8410 8409)
4(8409 8410 8420 8419)
4(8419 8420 8430 8429)
4(8429 8430 8440 8439)
4(8439 8440 8450 8449)
4(8449 8450 8460 8459)
4(8459 8460 8470 8469)
4(8469 8470 8480 8479)
4(8479 8480 8490 8489)
4(7390 7391 8401 8400)
4(8400 8401 8411 8410)
4(8410 8411 8421 8420)
4(8420 8421 8431 8430)
4(8430 8431 8441 8440)
4(8440 8441 8451 8450)
4(8450 8451 8461 8460)
4(8460 8461 8471 8470)
4(8470 8471 8481 8480)
4(8480 8481 8491 8490)
4(7491 8501 8601 7591)
4(8501 8511 8611 8601)
4(8511 8521 8621 8611)
4(8521 8531 8631 8621)
4(8531 8541 8641 8631)
4(8541 8551 8651 8641)
4(8551 8561 8661 8651)
4(8561 8571 8671 8661)
4(8571 8581 8681 8671)
4(8581 8591 8691 8681)
4(7591 8601 8701 7691)
4(8601 8611 8711 8701)
4(8611 8621 8721 8711)
4(8621 8631 8731 8721)
4(8631 8641 8741 8731)
4(8641 8651 8751 8741)
4(8651 8661 8761 8751)
4(8661 8671 8771 8761)
4(8671 8681 8781 8771)
4(8681 8691 8791 8781)
4(7691 8701 8801 7791)
4(8701 8711 8811 8801)
4(8711 8721 8821 8811)
4(8721 8731 8831 8821)
4(8731 8741 8841 8831)
4(8741 8751 8851 8841)
4(8751 8761 8861 8851)
4(8761 8771 8871 8861)
4(8771 8781 8881 8871)
4(8781 8791 8891 8881)
4(7791 8801 8901 7891)
4(8801 8811 8911 8901)
4(8811 8821 8921 8911)
4(8821 8831 8931 8921)
4(8831 8841 8941 8931)
4(8841 8851 8951 8941)
4(8851 8861 8961 8951)
4(8861 8871 8971 8961)
4(8871 8881 8981 8971)
4(8881 8891 8991 8981)
4(7891 8901 9001 7991)
4(8901 8911 9011 9001)
4(8911 8921 9021 9011)
4(8921 8931 9031 9021)
4(8931 8941 9041 9031)
4(8941 8951 9051 9041)
4(8951 8961 9061 9051)
4(8961 8971 9071 9061)
4(8971 8981 9081 9071)
4(8981 8991 9091 9081)
4(7991 9001 9101 8091)
4(9001 9011 9111 9101)
4(9011 9021 9121 9111)
4(9021 9031 9131 9121)
4(9031 9041 9141 9131)
4(9041 9051 9151 9141)
4(9051 9061 9161 9151)
4(9061 9071 9171 9161)
4(9071 9081 9181 9171)
4(9081 9091 9191 9181)
4(8091 9101 9201 8191)
4(9101 9111 9211 9201)
4(9111 9121 9221 9211)
4(9121 9131 9231 9221)
4(9131 9141 9241 9231)
4(9141 9151 9251 9241)
4(9151 9161 9261 9251)
4(9161 9171 9271 9261)
4(9171 9181 9281 9271)
4(9181 9191 9291 9281)
4(8191 9201 9301 8291)
4(9201 9211 9311 9301)
4(9211 9221 9321 9311)
4(9221 9231 9331 9321)
4(9231 9241 9341 9331)
4(9241 9251 9351 9341)
4(9251 9261 9361 9351)
4(9261 9271 9371 9361)
4(9271 9281 9381 9371)
4(9281 9291 9391 9381)
4(8291 9301 9401 8391)
4(9301 9311 9411 9401)
4(9311 9321 9421 9411)
4(9321 9331 9431 9421)
4(9331 9341 9441 9431)
4(9341 9351 9451 9441)
4(9351 9361 9461 9451)
4(9361 9371 9471 9461)
4(9371 9381 9481 9471)
4(9381 9391 9491 9481)
4(8391 9401 9501 8491)
4(9401 9411 9511 9501)
4(9411 9421 9521 9511)
4(9421 9431 9531 9521)
4(9431 9441 9541 9531)
4(9441 9451 9551 9541)
4(9451 9461 9561 9551)
4(9461 9471 9571 9561)
4(9471 9481 9581 9571)
4(9481 9491 9591 9581)
4(1441 2771 8492 7482)
4(2771 2770 8502 8492)
4(2770 2769 8512 8502)
4(2769 2768 8522 8512)
4(2768 2767 8532 8522)
4(2767 2766 8542 8532)
4(2766 2765 8552 8542)
4(2765 2764 8562 8552)
4(2764 2763 8572 8562)
4(2763 2762 8582 8572)
4(7482 8492 8493 7483)
4(8492 8502 8503 8493)
4(8502 8512 8513 8503)
4(8512 8522 8523 8513)
4(8522 8532 8533 8523)
4(8532 8542 8543 8533)
4(8542 8552 8553 8543)
4(8552 8562 8563 8553)
4(8562 8572 8573 8563)
4(8572 8582 8583 8573)
4(7483 8493 8494 7484)
4(8493 8503 8504 8494)
4(8503 8513 8514 8504)
4(8513 8523 8524 8514)
4(8523 8533 8534 8524)
4(8533 8543 8544 8534)
4(8543 8553 8554 8544)
4(8553 8563 8564 8554)
4(8563 8573 8574 8564)
4(8573 8583 8584 8574)
4(7484 8494 8495 7485)
4(8494 8504 8505 8495)
4(8504 8514 8515 8505)
4(8514 8524 8525 8515)
4(8524 8534 8535 8525)
4(8534 8544 8545 8535)
4(8544 8554 8555 8545)
4(8554 8564 8565 8555)
4(8564 8574 8575 8565)
4(8574 8584 8585 8575)
4(7485 8495 8496 7486)
4(8495 8505 8506 8496)
4(8505 8515 8516 8506)
4(8515 8525 8526 8516)
4(8525 8535 8536 8526)
4(8535 8545 8546 8536)
4(8545 8555 8556 8546)
4(8555 8565 8566 8556)
4(8565 8575 8576 8566)
4(8575 8585 8586 8576)
4(7486 8496 8497 7487)
4(8496 8506 8507 8497)
4(8506 8516 8517 8507)
4(8516 8526 8527 8517)
4(8526 8536 8537 8527)
4(8536 8546 8547 8537)
4(8546 8556 8557 8547)
4(8556 8566 8567 8557)
4(8566 8576 8577 8567)
4(8576 8586 8587 8577)
4(7487 8497 8498 7488)
4(8497 8507 8508 8498)
4(8507 8517 8518 8508)
4(8517 8527 8528 8518)
4(8527 8537 8538 8528)
4(8537 8547 8548 8538)
4(8547 8557 8558 8548)
4(8557 8567 8568 8558)
4(8567 8577 8578 8568)
4(8577 8587 8588 8578)
4(7488 8498 8499 7489)
4(8498 8508 8509 8499)
4(8508 8518 8519 8509)
4(8518 8528 8529 8519)
4(8528 8538 8539 8529)
4(8538 8548 8549 8539)
4(8548 8558 8559 8549)
4(8558 8568 8569 8559)
4(8568 8578 8579 8569)
4(8578 8588 8589 8579)
4(7489 8499 8500 7490)
4(8499 8509 8510 8500)
4(8509 8519 8520 8510)
4(8519 8529 8530 8520)
4(8529 8539 8540 8530)
4(8539 8549 8550 8540)
4(8549 8559 8560 8550)
4(8559 8569 8570 8560)
4(8569 8579 8580 8570)
4(8579 8589 8590 8580)
4(7490 8500 8501 7491)
4(8500 8510 8511 8501)
4(8510 8520 8521 8511)
4(8520 8530 8531 8521)
4(8530 8540 8541 8531)
4(8540 8550 8551 8541)
4(8550 8560 8561 8551)
4(8560 8570 8571 8561)
4(8570 8580 8581 8571)
4(8580 8590 8591 8581)
4(2651 8482 9492 3871)
4(3871 9492 9502 3870)
4(3870 9502 9512 3869)
4(3869 9512 9522 3868)
4(3868 9522 9532 3867)
4(3867 9532 9542 3866)
4(3866 9542 9552 3865)
4(3865 9552 9562 3864)
4(3864 9562 9572 3863)
4(3863 9572 9582 3862)
4(8482 8483 9493 9492)
4(9492 9493 9503 9502)
4(9502 9503 9513 9512)
4(9512 9513 9523 9522)
4(9522 9523 9533 9532)
4(9532 9533 9543 9542)
4(9542 9543 9553 9552)
4(9552 9553 9563 9562)
4(9562 9563 9573 9572)
4(9572 9573 9583 9582)
4(8483 8484 9494 9493)
4(9493 9494 9504 9503)
4(9503 9504 9514 9513)
4(9513 9514 9524 9523)
4(9523 9524 9534 9533)
4(9533 9534 9544 9543)
4(9543 9544 9554 9553)
4(9553 9554 9564 9563)
4(9563 9564 9574 9573)
4(9573 9574 9584 9583)
4(8484 8485 9495 9494)
4(9494 9495 9505 9504)
4(9504 9505 9515 9514)
4(9514 9515 9525 9524)
4(9524 9525 9535 9534)
4(9534 9535 9545 9544)
4(9544 9545 9555 9554)
4(9554 9555 9565 9564)
4(9564 9565 9575 9574)
4(9574 9575 9585 9584)
4(8485 8486 9496 9495)
4(9495 9496 9506 9505)
4(9505 9506 9516 9515)
4(9515 9516 9526 9525)
4(9525 9526 9536 9535)
4(9535 9536 9546 9545)
4(9545 9546 9556 9555)
4(9555 9556 9566 9565)
4(9565 9566 9576 9575)
4(9575 9576 9586 9585)
4(8486 8487 9497 9496)
4(9496 9497 9507 9506)
4(9506 9507 9517 9516)
4(9516 9517 9527 9526)
4(9526 9527 9537 9536)
4(9536 9537 9547 9546)
4(9546 9547 9557 9556)
4(9556 9557 9567 9566)
4(9566 9567 9577 9576)
4(9576 9577 9587 9586)
4(8487 8488 9498 9497)
4(9497 9498 9508 9507)
4(9507 9508 9518 9517)
4(9517 9518 9528 9527)
4(9527 9528 9538 9537)
4(9537 9538 9548 9547)
4(9547 9548 9558 9557)
4(9557 9558 9568 9567)
4(9567 9568 9578 9577)
4(9577 9578 9588 9587)
4(8488 8489 9499 9498)
4(9498 9499 9509 9508)
4(9508 9509 9519 9518)
4(9518 9519 9529 9528)
4(9528 9529 9539 9538)
4(9538 9539 9549 9548)
4(9548 9549 9559 9558)
4(9558 9559 9569 9568)
4(9568 9569 9579 9578)
4(9578 9579 9589 9588)
4(8489 8490 9500 9499)
4(9499 9500 9510 9509)
4(9509 9510 9520 9519)
4(9519 9520 9530 9529)
4(9529 9530 9540 9539)
4(9539 9540 9550 9549)
4(9549 9550 9560 9559)
4(9559 9560 9570 9569)
4(9569 9570 9580 9579)
4(9579 9580 9590 9589)
4(8490 8491 9501 9500)
4(9500 9501 9511 9510)
4(9510 9511 9521 9520)
4(9520 9521 9531 9530)
4(9530 9531 9541 9540)
4(9540 9541 9551 9550)
4(9550 9551 9561 9560)
4(9560 9561 9571 9570)
4(9570 9571 9581 9580)
4(9580 9581 9591 9590)
4(8591 9601 9701 8691)
4(9601 9611 9711 9701)
4(9611 9621 9721 9711)
4(9621 9631 9731 9721)
4(9631 9641 9741 9731)
4(9641 9651 9751 9741)
4(9651 9661 9761 9751)
4(9661 9671 9771 9761)
4(9671 9681 9781 9771)
4(9681 9691 9791 9781)
4(8691 9701 9801 8791)
4(9701 9711 9811 9801)
4(9711 9721 9821 9811)
4(9721 9731 9831 9821)
4(9731 9741 9841 9831)
4(9741 9751 9851 9841)
4(9751 9761 9861 9851)
4(9761 9771 9871 9861)
4(9771 9781 9881 9871)
4(9781 9791 9891 9881)
4(8791 9801 9901 8891)
4(9801 9811 9911 9901)
4(9811 9821 9921 9911)
4(9821 9831 9931 9921)
4(9831 9841 9941 9931)
4(9841 9851 9951 9941)
4(9851 9861 9961 9951)
4(9861 9871 9971 9961)
4(9871 9881 9981 9971)
4(9881 9891 9991 9981)
4(8891 9901 10001 8991)
4(9901 9911 10011 10001)
4(9911 9921 10021 10011)
4(9921 9931 10031 10021)
4(9931 9941 10041 10031)
4(9941 9951 10051 10041)
4(9951 9961 10061 10051)
4(9961 9971 10071 10061)
4(9971 9981 10081 10071)
4(9981 9991 10091 10081)
4(8991 10001 10101 9091)
4(10001 10011 10111 10101)
4(10011 10021 10121 10111)
4(10021 10031 10131 10121)
4(10031 10041 10141 10131)
4(10041 10051 10151 10141)
4(10051 10061 10161 10151)
4(10061 10071 10171 10161)
4(10071 10081 10181 10171)
4(10081 10091 10191 10181)
4(9091 10101 10201 9191)
4(10101 10111 10211 10201)
4(10111 10121 10221 10211)
4(10121 10131 10231 10221)
4(10131 10141 10241 10231)
4(10141 10151 10251 10241)
4(10151 10161 10261 10251)
4(10161 10171 10271 10261)
4(10171 10181 10281 10271)
4(10181 10191 10291 10281)
4(9191 10201 10301 9291)
4(10201 10211 10311 10301)
4(10211 10221 10321 10311)
4(10221 10231 10331 10321)
4(10231 10241 10341 10331)
4(10241 10251 10351 10341)
4(10251 10261 10361 10351)
4(10261 10271 10371 10361)
4(10271 10281 10381 10371)
4(10281 10291 10391 10381)
4(9291 10301 10401 9391)
4(10301 10311 10411 10401)
4(10311 10321 10421 10411)
4(10321 10331 10431 10421)
4(10331 10341 10441 10431)
4(10341 10351 10451 10441)
4(10351 10361 10461 10451)
4(10361 10371 10471 10461)
4(10371 10381 10481 10471)
4(10381 10391 10491 10481)
4(9391 10401 10501 9491)
4(10401 10411 10511 10501)
4(10411 10421 10521 10511)
4(10421 10431 10531 10521)
4(10431 10441 10541 10531)
4(10441 10451 10551 10541)
4(10451 10461 10561 10551)
4(10461 10471 10571 10561)
4(10471 10481 10581 10571)
4(10481 10491 10591 10581)
4(9491 10501 10601 9591)
4(10501 10511 10611 10601)
4(10511 10521 10621 10611)
4(10521 10531 10631 10621)
4(10531 10541 10641 10631)
4(10541 10551 10651 10641)
4(10551 10561 10661 10651)
4(10561 10571 10671 10661)
4(10571 10581 10681 10671)
4(10581 10591 10691 10681)
4(2762 2752 9592 8582)
4(2752 2742 9602 9592)
4(2742 2732 9612 9602)
4(2732 2722 9622 9612)
4(2722 2712 9632 9622)
4(2712 2702 9642 9632)
4(2702 2692 9652 9642)
4(2692 2682 9662 9652)
4(2682 2672 9672 9662)
4(2672 2662 9682 9672)
4(8582 9592 9593 8583)
4(9592 9602 9603 9593)
4(9602 9612 9613 9603)
4(9612 9622 9623 9613)
4(9622 9632 9633 9623)
4(9632 9642 9643 9633)
4(9642 9652 9653 9643)
4(9652 9662 9663 9653)
4(9662 9672 9673 9663)
4(9672 9682 9683 9673)
4(8583 9593 9594 8584)
4(9593 9603 9604 9594)
4(9603 9613 9614 9604)
4(9613 9623 9624 9614)
4(9623 9633 9634 9624)
4(9633 9643 9644 9634)
4(9643 9653 9654 9644)
4(9653 9663 9664 9654)
4(9663 9673 9674 9664)
4(9673 9683 9684 9674)
4(8584 9594 9595 8585)
4(9594 9604 9605 9595)
4(9604 9614 9615 9605)
4(9614 9624 9625 9615)
4(9624 9634 9635 9625)
4(9634 9644 9645 9635)
4(9644 9654 9655 9645)
4(9654 9664 9665 9655)
4(9664 9674 9675 9665)
4(9674 9684 9685 9675)
4(8585 9595 9596 8586)
4(9595 9605 9606 9596)
4(9605 9615 9616 9606)
4(9615 9625 9626 9616)
4(9625 9635 9636 9626)
4(9635 9645 9646 9636)
4(9645 9655 9656 9646)
4(9655 9665 9666 9656)
4(9665 9675 9676 9666)
4(9675 9685 9686 9676)
4(8586 9596 9597 8587)
4(9596 9606 9607 9597)
4(9606 9616 9617 9607)
4(9616 9626 9627 9617)
4(9626 9636 9637 9627)
4(9636 9646 9647 9637)
4(9646 9656 9657 9647)
4(9656 9666 9667 9657)
4(9666 9676 9677 9667)
4(9676 9686 9687 9677)
4(8587 9597 9598 8588)
4(9597 9607 9608 9598)
4(9607 9617 9618 9608)
4(9617 9627 9628 9618)
4(9627 9637 9638 9628)
4(9637 9647 9648 9638)
4(9647 9657 9658 9648)
4(9657 9667 9668 9658)
4(9667 9677 9678 9668)
4(9677 9687 9688 9678)
4(8588 9598 9599 8589)
4(9598 9608 9609 9599)
4(9608 9618 9619 9609)
4(9618 9628 9629 9619)
4(9628 9638 9639 9629)
4(9638 9648 9649 9639)
4(9648 9658 9659 9649)
4(9658 9668 9669 9659)
4(9668 9678 9679 9669)
4(9678 9688 9689 9679)
4(8589 9599 9600 8590)
4(9599 9609 9610 9600)
4(9609 9619 9620 9610)
4(9619 9629 9630 9620)
4(9629 9639 9640 9630)
4(9639 9649 9650 9640)
4(9649 9659 9660 9650)
4(9659 9669 9670 9660)
4(9669 9679 9680 9670)
4(9679 9689 9690 9680)
4(8590 9600 9601 8591)
4(9600 9610 9611 9601)
4(9610 9620 9621 9611)
4(9620 9630 9631 9621)
4(9630 9640 9641 9631)
4(9640 9650 9651 9641)
4(9650 9660 9661 9651)
4(9660 9670 9671 9661)
4(9670 9680 9681 9671)
4(9680 9690 9691 9681)
4(3862 9582 10592 3852)
4(3852 10592 10602 3842)
4(3842 10602 10612 3832)
4(3832 10612 10622 3822)
4(3822 10622 10632 3812)
4(3812 10632 10642 3802)
4(3802 10642 10652 3792)
4(3792 10652 10662 3782)
4(3782 10662 10672 3772)
4(3772 10672 10682 3762)
4(9582 9583 10593 10592)
4(10592 10593 10603 10602)
4(10602 10603 10613 10612)
4(10612 10613 10623 10622)
4(10622 10623 10633 10632)
4(10632 10633 10643 10642)
4(10642 10643 10653 10652)
4(10652 10653 10663 10662)
4(10662 10663 10673 10672)
4(10672 10673 10683 10682)
4(9583 9584 10594 10593)
4(10593 10594 10604 10603)
4(10603 10604 10614 10613)
4(10613 10614 10624 10623)
4(10623 10624 10634 10633)
4(10633 10634 10644 10643)
4(10643 10644 10654 10653)
4(10653 10654 10664 10663)
4(10663 10664 10674 10673)
4(10673 10674 10684 10683)
4(9584 9585 10595 10594)
4(10594 10595 10605 10604)
4(10604 10605 10615 10614)
4(10614 10615 10625 10624)
4(10624 10625 10635 10634)
4(10634 10635 10645 10644)
4(10644 10645 10655 10654)
4(10654 10655 10665 10664)
4(10664 10665 10675 10674)
4(10674 10675 10685 10684)
4(9585 9586 10596 10595)
4(10595 10596 10606 10605)
4(10605 10606 10616 10615)
4(10615 10616 10626 10625)
4(10625 10626 10636 10635)
4(10635 10636 10646 10645)
4(10645 10646 10656 10655)
4(10655 10656 10666 10665)
4(10665 10666 10676 10675)
4(10675 10676 10686 10685)
4(9586 9587 10597 10596)
4(10596 10597 10607 10606)
4(10606 10607 10617 10616)
4(10616 10617 10627 10626)
4(10626 10627 10637 10636)
4(10636 10637 10647 10646)
4(10646 10647 10657 10656)
4(10656 10657 10667 10666)
4(10666 10667 10677 10676)
4(10676 10677 10687 10686)
4(9587 9588 10598 10597)
4(10597 10598 10608 10607)
4(10607 10608 10618 10617)
4(10617 10618 10628 10627)
4(10627 10628 10638 10637)
4(10637 10638 10648 10647)
4(10647 10648 10658 10657)
4(10657 10658 10668 10667)
4(10667 10668 10678 10677)
4(10677 10678 10688 10687)
4(9588 9589 10599 10598)
4(10598 10599 10609 10608)
4(10608 10609 10619 10618)
4(10618 10619 10629 10628)
4(10628 10629 10639 10638)
4(10638 10639 10649 10648)
4(10648 10649 10659 10658)
4(10658 10659 10669 10668)
4(10668 10669 10679 10678)
4(10678 10679 10689 10688)
4(9589 9590 10600 10599)
4(10599 10600 10610 10609)
4(10609 10610 10620 10619)
4(10619 10620 10630 10629)
4(10629 10630 10640 10639)
4(10639 10640 10650 10649)
4(10649 10650 10660 10659)
4(10659 10660 10670 10669)
4(10669 10670 10680 10679)
4(10679 10680 10690 10689)
4(9590 9591 10601 10600)
4(10600 10601 10611 10610)
4(10610 10611 10621 10620)
4(10620 10621 10631 10630)
4(10630 10631 10641 10640)
4(10640 10641 10651 10650)
4(10650 10651 10661 10660)
4(10660 10661 10671 10670)
4(10670 10671 10681 10680)
4(10680 10681 10691 10690)
4(9691 10701 10801 9791)
4(10701 10711 10811 10801)
4(10711 10721 10821 10811)
4(10721 10731 10831 10821)
4(10731 10741 10841 10831)
4(10741 10751 10851 10841)
4(10751 10761 10861 10851)
4(10761 10771 10871 10861)
4(10771 10781 10881 10871)
4(10781 10791 10891 10881)
4(9791 10801 10901 9891)
4(10801 10811 10911 10901)
4(10811 10821 10921 10911)
4(10821 10831 10931 10921)
4(10831 10841 10941 10931)
4(10841 10851 10951 10941)
4(10851 10861 10961 10951)
4(10861 10871 10971 10961)
4(10871 10881 10981 10971)
4(10881 10891 10991 10981)
4(9891 10901 11001 9991)
4(10901 10911 11011 11001)
4(10911 10921 11021 11011)
4(10921 10931 11031 11021)
4(10931 10941 11041 11031)
4(10941 10951 11051 11041)
4(10951 10961 11061 11051)
4(10961 10971 11071 11061)
4(10971 10981 11081 11071)
4(10981 10991 11091 11081)
4(9991 11001 11101 10091)
4(11001 11011 11111 11101)
4(11011 11021 11121 11111)
4(11021 11031 11131 11121)
4(11031 11041 11141 11131)
4(11041 11051 11151 11141)
4(11051 11061 11161 11151)
4(11061 11071 11171 11161)
4(11071 11081 11181 11171)
4(11081 11091 11191 11181)
4(10091 11101 11201 10191)
4(11101 11111 11211 11201)
4(11111 11121 11221 11211)
4(11121 11131 11231 11221)
4(11131 11141 11241 11231)
4(11141 11151 11251 11241)
4(11151 11161 11261 11251)
4(11161 11171 11271 11261)
4(11171 11181 11281 11271)
4(11181 11191 11291 11281)
4(10191 11201 11301 10291)
4(11201 11211 11311 11301)
4(11211 11221 11321 11311)
4(11221 11231 11331 11321)
4(11231 11241 11341 11331)
4(11241 11251 11351 11341)
4(11251 11261 11361 11351)
4(11261 11271 11371 11361)
4(11271 11281 11381 11371)
4(11281 11291 11391 11381)
4(10291 11301 11401 10391)
4(11301 11311 11411 11401)
4(11311 11321 11421 11411)
4(11321 11331 11431 11421)
4(11331 11341 11441 11431)
4(11341 11351 11451 11441)
4(11351 11361 11461 11451)
4(11361 11371 11471 11461)
4(11371 11381 11481 11471)
4(11381 11391 11491 11481)
4(10391 11401 11501 10491)
4(11401 11411 11511 11501)
4(11411 11421 11521 11511)
4(11421 11431 11531 11521)
4(11431 11441 11541 11531)
4(11441 11451 11551 11541)
4(11451 11461 11561 11551)
4(11461 11471 11571 11561)
4(11471 11481 11581 11571)
4(11481 11491 11591 11581)
4(10491 11501 11601 10591)
4(11501 11511 11611 11601)
4(11511 11521 11621 11611)
4(11521 11531 11631 11621)
4(11531 11541 11641 11631)
4(11541 11551 11651 11641)
4(11551 11561 11661 11651)
4(11561 11571 11671 11661)
4(11571 11581 11681 11671)
4(11581 11591 11691 11681)
4(10591 11601 11701 10691)
4(11601 11611 11711 11701)
4(11611 11621 11721 11711)
4(11621 11631 11731 11721)
4(11631 11641 11741 11731)
4(11641 11651 11751 11741)
4(11651 11661 11761 11751)
4(11661 11671 11771 11761)
4(11671 11681 11781 11771)
4(11681 11691 11791 11781)
4(2662 3971 10692 9682)
4(3971 3960 10702 10692)
4(3960 3949 10712 10702)
4(3949 3938 10722 10712)
4(3938 3927 10732 10722)
4(3927 3916 10742 10732)
4(3916 3905 10752 10742)
4(3905 3894 10762 10752)
4(3894 3883 10772 10762)
4(3883 3872 10782 10772)
4(9682 10692 10693 9683)
4(10692 10702 10703 10693)
4(10702 10712 10713 10703)
4(10712 10722 10723 10713)
4(10722 10732 10733 10723)
4(10732 10742 10743 10733)
4(10742 10752 10753 10743)
4(10752 10762 10763 10753)
4(10762 10772 10773 10763)
4(10772 10782 10783 10773)
4(9683 10693 10694 9684)
4(10693 10703 10704 10694)
4(10703 10713 10714 10704)
4(10713 10723 10724 10714)
4(10723 10733 10734 10724)
4(10733 10743 10744 10734)
4(10743 10753 10754 10744)
4(10753 10763 10764 10754)
4(10763 10773 10774 10764)
4(10773 10783 10784 10774)
4(9684 10694 10695 9685)
4(10694 10704 10705 10695)
4(10704 10714 10715 10705)
4(10714 10724 10725 10715)
4(10724 10734 10735 10725)
4(10734 10744 10745 10735)
4(10744 10754 10755 10745)
4(10754 10764 10765 10755)
4(10764 10774 10775 10765)
4(10774 10784 10785 10775)
4(9685 10695 10696 9686)
4(10695 10705 10706 10696)
4(10705 10715 10716 10706)
4(10715 10725 10726 10716)
4(10725 10735 10736 10726)
4(10735 10745 10746 10736)
4(10745 10755 10756 10746)
4(10755 10765 10766 10756)
4(10765 10775 10776 10766)
4(10775 10785 10786 10776)
4(9686 10696 10697 9687)
4(10696 10706 10707 10697)
4(10706 10716 10717 10707)
4(10716 10726 10727 10717)
4(10726 10736 10737 10727)
4(10736 10746 10747 10737)
4(10746 10756 10757 10747)
4(10756 10766 10767 10757)
4(10766 10776 10777 10767)
4(10776 10786 10787 10777)
4(9687 10697 10698 9688)
4(10697 10707 10708 10698)
4(10707 10717 10718 10708)
4(10717 10727 10728 10718)
4(10727 10737 10738 10728)
4(10737 10747 10748 10738)
4(10747 10757 10758 10748)
4(10757 10767 10768 10758)
4(10767 10777 10778 10768)
4(10777 10787 10788 10778)
4(9688 10698 10699 9689)
4(10698 10708 10709 10699)
4(10708 10718 10719 10709)
4(10718 10728 10729 10719)
4(10728 10738 10739 10729)
4(10738 10748 10749 10739)
4(10748 10758 10759 10749)
4(10758 10768 10769 10759)
4(10768 10778 10779 10769)
4(10778 10788 10789 10779)
4(9689 10699 10700 9690)
4(10699 10709 10710 10700)
4(10709 10719 10720 10710)
4(10719 10729 10730 10720)
4(10729 10739 10740 10730)
4(10739 10749 10750 10740)
4(10749 10759 10760 10750)
4(10759 10769 10770 10760)
4(10769 10779 10780 10770)
4(10779 10789 10790 10780)
4(9690 10700 10701 9691)
4(10700 10710 10711 10701)
4(10710 10720 10721 10711)
4(10720 10730 10731 10721)
4(10730 10740 10741 10731)
4(10740 10750 10751 10741)
4(10750 10760 10761 10751)
4(10760 10770 10771 10761)
4(10770 10780 10781 10771)
4(10780 10790 10791 10781)
4(3762 10682 11692 5071)
4(5071 11692 11702 5060)
4(5060 11702 11712 5049)
4(5049 11712 11722 5038)
4(5038 11722 11732 5027)
4(5027 11732 11742 5016)
4(5016 11742 11752 5005)
4(5005 11752 11762 4994)
4(4994 11762 11772 4983)
4(4983 11772 11782 4972)
4(10682 10683 11693 11692)
4(11692 11693 11703 11702)
4(11702 11703 11713 11712)
4(11712 11713 11723 11722)
4(11722 11723 11733 11732)
4(11732 11733 11743 11742)
4(11742 11743 11753 11752)
4(11752 11753 11763 11762)
4(11762 11763 11773 11772)
4(11772 11773 11783 11782)
4(10683 10684 11694 11693)
4(11693 11694 11704 11703)
4(11703 11704 11714 11713)
4(11713 11714 11724 11723)
4(11723 11724 11734 11733)
4(11733 11734 11744 11743)
4(11743 11744 11754 11753)
4(11753 11754 11764 11763)
4(11763 11764 11774 11773)
4(11773 11774 11784 11783)
4(10684 10685 11695 11694)
4(11694 11695 11705 11704)
4(11704 11705 11715 11714)
4(11714 11715 11725 11724)
4(11724 11725 11735 11734)
4(11734 11735 11745 11744)
4(11744 11745 11755 11754)
4(11754 11755 11765 11764)
4(11764 11765 11775 11774)
4(11774 11775 11785 11784)
4(10685 10686 11696 11695)
4(11695 11696 11706 11705)
4(11705 11706 11716 11715)
4(11715 11716 11726 11725)
4(11725 11726 11736 11735)
4(11735 11736 11746 11745)
4(11745 11746 11756 11755)
4(11755 11756 11766 11765)
4(11765 11766 11776 11775)
4(11775 11776 11786 11785)
4(10686 10687 11697 11696)
4(11696 11697 11707 11706)
4(11706 11707 11717 11716)
4(11716 11717 11727 11726)
4(11726 11727 11737 11736)
4(11736 11737 11747 11746)
4(11746 11747 11757 11756)
4(11756 11757 11767 11766)
4(11766 11767 11777 11776)
4(11776 11777 11787 11786)
4(10687 10688 11698 11697)
4(11697 11698 11708 11707)
4(11707 11708 11718 11717)
4(11717 11718 11728 11727)
4(11727 11728 11738 11737)
4(11737 11738 11748 11747)
4(11747 11748 11758 11757)
4(11757 11758 11768 11767)
4(11767 11768 11778 11777)
4(11777 11778 11788 11787)
4(10688 10689 11699 11698)
4(11698 11699 11709 11708)
4(11708 11709 11719 11718)
4(11718 11719 11729 11728)
4(11728 11729 11739 11738)
4(11738 11739 11749 11748)
4(11748 11749 11759 11758)
4(11758 11759 11769 11768)
4(11768 11769 11779 11778)
4(11778 11779 11789 11788)
4(10689 10690 11700 11699)
4(11699 11700 11710 11709)
4(11709 11710 11720 11719)
4(11719 11720 11730 11729)
4(11729 11730 11740 11739)
4(11739 11740 11750 11749)
4(11749 11750 11760 11759)
4(11759 11760 11770 11769)
4(11769 11770 11780 11779)
4(11779 11780 11790 11789)
4(10690 10691 11701 11700)
4(11700 11701 11711 11710)
4(11710 11711 11721 11720)
4(11720 11721 11731 11730)
4(11730 11731 11741 11740)
4(11740 11741 11751 11750)
4(11750 11751 11761 11760)
4(11760 11761 11771 11770)
4(11770 11771 11781 11780)
4(11780 11781 11791 11790)
4(10791 11801 11901 10891)
4(11801 11811 11911 11901)
4(11811 11821 11921 11911)
4(11821 11831 11931 11921)
4(11831 11841 11941 11931)
4(11841 11851 11951 11941)
4(11851 11861 11961 11951)
4(11861 11871 11971 11961)
4(11871 11881 11981 11971)
4(11881 11891 11991 11981)
4(10891 11901 12001 10991)
4(11901 11911 12011 12001)
4(11911 11921 12021 12011)
4(11921 11931 12031 12021)
4(11931 11941 12041 12031)
4(11941 11951 12051 12041)
4(11951 11961 12061 12051)
4(11961 11971 12071 12061)
4(11971 11981 12081 12071)
4(11981 11991 12091 12081)
4(10991 12001 12101 11091)
4(12001 12011 12111 12101)
4(12011 12021 12121 12111)
4(12021 12031 12131 12121)
4(12031 12041 12141 12131)
4(12041 12051 12151 12141)
4(12051 12061 12161 12151)
4(12061 12071 12171 12161)
4(12071 12081 12181 12171)
4(12081 12091 12191 12181)
4(11091 12101 12201 11191)
4(12101 12111 12211 12201)
4(12111 12121 12221 12211)
4(12121 12131 12231 12221)
4(12131 12141 12241 12231)
4(12141 12151 12251 12241)
4(12151 12161 12261 12251)
4(12161 12171 12271 12261)
4(12171 12181 12281 12271)
4(12181 12191 12291 12281)
4(11191 12201 12301 11291)
4(12201 12211 12311 12301)
4(12211 12221 12321 12311)
4(12221 12231 12331 12321)
4(12231 12241 12341 12331)
4(12241 12251 12351 12341)
4(12251 12261 12361 12351)
4(12261 12271 12371 12361)
4(12271 12281 12381 12371)
4(12281 12291 12391 12381)
4(11291 12301 12401 11391)
4(12301 12311 12411 12401)
4(12311 12321 12421 12411)
4(12321 12331 12431 12421)
4(12331 12341 12441 12431)
4(12341 12351 12451 12441)
4(12351 12361 12461 12451)
4(12361 12371 12471 12461)
4(12371 12381 12481 12471)
4(12381 12391 12491 12481)
4(11391 12401 12501 11491)
4(12401 12411 12511 12501)
4(12411 12421 12521 12511)
4(12421 12431 12531 12521)
4(12431 12441 12541 12531)
4(12441 12451 12551 12541)
4(12451 12461 12561 12551)
4(12461 12471 12571 12561)
4(12471 12481 12581 12571)
4(12481 12491 12591 12581)
4(11491 12501 12601 11591)
4(12501 12511 12611 12601)
4(12511 12521 12621 12611)
4(12521 12531 12631 12621)
4(12531 12541 12641 12631)
4(12541 12551 12651 12641)
4(12551 12561 12661 12651)
4(12561 12571 12671 12661)
4(12571 12581 12681 12671)
4(12581 12591 12691 12681)
4(11591 12601 12701 11691)
4(12601 12611 12711 12701)
4(12611 12621 12721 12711)
4(12621 12631 12731 12721)
4(12631 12641 12741 12731)
4(12641 12651 12751 12741)
4(12651 12661 12761 12751)
4(12661 12671 12771 12761)
4(12671 12681 12781 12771)
4(12681 12691 12791 12781)
4(11691 12701 12801 11791)
4(12701 12711 12811 12801)
4(12711 12721 12821 12811)
4(12721 12731 12831 12821)
4(12731 12741 12841 12831)
4(12741 12751 12851 12841)
4(12751 12761 12861 12851)
4(12761 12771 12871 12861)
4(12771 12781 12881 12871)
4(12781 12791 12891 12881)
4(3872 3873 11792 10782)
4(3873 3874 11802 11792)
4(3874 3875 11812 11802)
4(3875 3876 11822 11812)
4(3876 3877 11832 11822)
4(3877 3878 11842 11832)
4(3878 3879 11852 11842)
4(3879 3880 11862 11852)
4(3880 3881 11872 11862)
4(3881 3882 11882 11872)
4(10782 11792 11793 10783)
4(11792 11802 11803 11793)
4(11802 11812 11813 11803)
4(11812 11822 11823 11813)
4(11822 11832 11833 11823)
4(11832 11842 11843 11833)
4(11842 11852 11853 11843)
4(11852 11862 11863 11853)
4(11862 11872 11873 11863)
4(11872 11882 11883 11873)
4(10783 11793 11794 10784)
4(11793 11803 11804 11794)
4(11803 11813 11814 11804)
4(11813 11823 11824 11814)
4(11823 11833 11834 11824)
4(11833 11843 11844 11834)
4(11843 11853 11854 11844)
4(11853 11863 11864 11854)
4(11863 11873 11874 11864)
4(11873 11883 11884 11874)
4(10784 11794 11795 10785)
4(11794 11804 11805 11795)
4(11804 11814 11815 11805)
4(11814 11824 11825 11815)
4(11824 11834 11835 11825)
4(11834 11844 11845 11835)
4(11844 11854 11855 11845)
4(11854 11864 11865 11855)
4(11864 11874 11875 11865)
4(11874 11884 11885 11875)
4(10785 11795 11796 10786)
4(11795 11805 11806 11796)
4(11805 11815 11816 11806)
4(11815 11825 11826 11816)
4(11825 11835 11836 11826)
4(11835 11845 11846 11836)
4(11845 11855 11856 11846)
4(11855 11865 11866 11856)
4(11865 11875 11876 11866)
4(11875 11885 11886 11876)
4(10786 11796 11797 10787)
4(11796 11806 11807 11797)
4(11806 11816 11817 11807)
4(11816 11826 11827 11817)
4(11826 11836 11837 11827)
4(11836 11846 11847 11837)
4(11846 11856 11857 11847)
4(11856 11866 11867 11857)
4(11866 11876 11877 11867)
4(11876 11886 11887 11877)
4(10787 11797 11798 10788)
4(11797 11807 11808 11798)
4(11807 11817 11818 11808)
4(11817 11827 11828 11818)
4(11827 11837 11838 11828)
4(11837 11847 11848 11838)
4(11847 11857 11858 11848)
4(11857 11867 11868 11858)
4(11867 11877 11878 11868)
4(11877 11887 11888 11878)
4(10788 11798 11799 10789)
4(11798 11808 11809 11799)
4(11808 11818 11819 11809)
4(11818 11828 11829 11819)
4(11828 11838 11839 11829)
4(11838 11848 11849 11839)
4(11848 11858 11859 11849)
4(11858 11868 11869 11859)
4(11868 11878 11879 11869)
4(11878 11888 11889 11879)
4(10789 11799 11800 10790)
4(11799 11809 11810 11800)
4(11809 11819 11820 11810)
4(11819 11829 11830 11820)
4(11829 11839 11840 11830)
4(11839 11849 11850 11840)
4(11849 11859 11860 11850)
4(11859 11869 11870 11860)
4(11869 11879 11880 11870)
4(11879 11889 11890 11880)
4(10790 11800 11801 10791)
4(11800 11810 11811 11801)
4(11810 11820 11821 11811)
4(11820 11830 11831 11821)
4(11830 11840 11841 11831)
4(11840 11850 11851 11841)
4(11850 11860 11861 11851)
4(11860 11870 11871 11861)
4(11870 11880 11881 11871)
4(11880 11890 11891 11881)
4(4972 11782 12792 4973)
4(4973 12792 12802 4974)
4(4974 12802 12812 4975)
4(4975 12812 12822 4976)
4(4976 12822 12832 4977)
4(4977 12832 12842 4978)
4(4978 12842 12852 4979)
4(4979 12852 12862 4980)
4(4980 12862 12872 4981)
4(4981 12872 12882 4982)
4(11782 11783 12793 12792)
4(12792 12793 12803 12802)
4(12802 12803 12813 12812)
4(12812 12813 12823 12822)
4(12822 12823 12833 12832)
4(12832 12833 12843 12842)
4(12842 12843 12853 12852)
4(12852 12853 12863 12862)
4(12862 12863 12873 12872)
4(12872 12873 12883 12882)
4(11783 11784 12794 12793)
4(12793 12794 12804 12803)
4(12803 12804 12814 12813)
4(12813 12814 12824 12823)
4(12823 12824 12834 12833)
4(12833 12834 12844 12843)
4(12843 12844 12854 12853)
4(12853 12854 12864 12863)
4(12863 12864 12874 12873)
4(12873 12874 12884 12883)
4(11784 11785 12795 12794)
4(12794 12795 12805 12804)
4(12804 12805 12815 12814)
4(12814 12815 12825 12824)
4(12824 12825 12835 12834)
4(12834 12835 12845 12844)
4(12844 12845 12855 12854)
4(12854 12855 12865 12864)
4(12864 12865 12875 12874)
4(12874 12875 12885 12884)
4(11785 11786 12796 12795)
4(12795 12796 12806 12805)
4(12805 12806 12816 12815)
4(12815 12816 12826 12825)
4(12825 12826 12836 12835)
4(12835 12836 12846 12845)
4(12845 12846 12856 12855)
4(12855 12856 12866 12865)
4(12865 12866 12876 12875)
4(12875 12876 12886 12885)
4(11786 11787 12797 12796)
4(12796 12797 12807 12806)
4(12806 12807 12817 12816)
4(12816 12817 12827 12826)
4(12826 12827 12837 12836)
4(12836 12837 12847 12846)
4(12846 12847 12857 12856)
4(12856 12857 12867 12866)
4(12866 12867 12877 12876)
4(12876 12877 12887 12886)
4(11787 11788 12798 12797)
4(12797 12798 12808 12807)
4(12807 12808 12818 12817)
4(12817 12818 12828 12827)
4(12827 12828 12838 12837)
4(12837 12838 12848 12847)
4(12847 12848 12858 12857)
4(12857 12858 12868 12867)
4(12867 12868 12878 12877)
4(12877 12878 12888 12887)
4(11788 11789 12799 12798)
4(12798 12799 12809 12808)
4(12808 12809 12819 12818)
4(12818 12819 12829 12828)
4(12828 12829 12839 12838)
4(12838 12839 12849 12848)
4(12848 12849 12859 12858)
4(12858 12859 12869 12868)
4(12868 12869 12879 12878)
4(12878 12879 12889 12888)
4(11789 11790 12800 12799)
4(12799 12800 12810 12809)
4(12809 12810 12820 12819)
4(12819 12820 12830 12829)
4(12829 12830 12840 12839)
4(12839 12840 12850 12849)
4(12849 12850 12860 12859)
4(12859 12860 12870 12869)
4(12869 12870 12880 12879)
4(12879 12880 12890 12889)
4(11790 11791 12801 12800)
4(12800 12801 12811 12810)
4(12810 12811 12821 12820)
4(12820 12821 12831 12830)
4(12830 12831 12841 12840)
4(12840 12841 12851 12850)
4(12850 12851 12861 12860)
4(12860 12861 12871 12870)
4(12870 12871 12881 12880)
4(12880 12881 12891 12890)
4(11891 12901 13001 11991)
4(12901 12911 13011 13001)
4(12911 12921 13021 13011)
4(12921 12931 13031 13021)
4(12931 12941 13041 13031)
4(12941 12951 13051 13041)
4(12951 12961 13061 13051)
4(12961 12971 13071 13061)
4(12971 12981 13081 13071)
4(12981 12991 13091 13081)
4(11991 13001 13101 12091)
4(13001 13011 13111 13101)
4(13011 13021 13121 13111)
4(13021 13031 13131 13121)
4(13031 13041 13141 13131)
4(13041 13051 13151 13141)
4(13051 13061 13161 13151)
4(13061 13071 13171 13161)
4(13071 13081 13181 13171)
4(13081 13091 13191 13181)
4(12091 13101 13201 12191)
4(13101 13111 13211 13201)
4(13111 13121 13221 13211)
4(13121 13131 13231 13221)
4(13131 13141 13241 13231)
4(13141 13151 13251 13241)
4(13151 13161 13261 13251)
4(13161 13171 13271 13261)
4(13171 13181 13281 13271)
4(13181 13191 13291 13281)
4(12191 13201 13301 12291)
4(13201 13211 13311 13301)
4(13211 13221 13321 13311)
4(13221 13231 13331 13321)
4(13231 13241 13341 13331)
4(13241 13251 13351 13341)
4(13251 13261 13361 13351)
4(13261 13271 13371 13361)
4(13271 13281 13381 13371)
4(13281 13291 13391 13381)
4(12291 13301 13401 12391)
4(13301 13311 13411 13401)
4(13311 13321 13421 13411)
4(13321 13331 13431 13421)
4(13331 13341 13441 13431)
4(13341 13351 13451 13441)
4(13351 13361 13461 13451)
4(13361 13371 13471 13461)
4(13371 13381 13481 13471)
4(13381 13391 13491 13481)
4(12391 13401 13501 12491)
4(13401 13411 13511 13501)
4(13411 13421 13521 13511)
4(13421 13431 13531 13521)
4(13431 13441 13541 13531)
4(13441 13451 13551 13541)
4(13451 13461 13561 13551)
4(13461 13471 13571 13561)
4(13471 13481 13581 13571)
4(13481 13491 13591 13581)
4(12491 13501 13601 12591)
4(13501 13511 13611 13601)
4(13511 13521 13621 13611)
4(13521 13531 13631 13621)
4(13531 13541 13641 13631)
4(13541 13551 13651 13641)
4(13551 13561 13661 13651)
4(13561 13571 13671 13661)
4(13571 13581 13681 13671)
4(13581 13591 13691 13681)
4(12591 13601 13701 12691)
4(13601 13611 13711 13701)
4(13611 13621 13721 13711)
4(13621 13631 13731 13721)
4(13631 13641 13741 13731)
4(13641 13651 13751 13741)
4(13651 13661 13761 13751)
4(13661 13671 13771 13761)
4(13671 13681 13781 13771)
4(13681 13691 13791 13781)
4(12691 13701 13801 12791)
4(13701 13711 13811 13801)
4(13711 13721 13821 13811)
4(13721 13731 13831 13821)
4(13731 13741 13841 13831)
4(13741 13751 13851 13841)
4(13751 13761 13861 13851)
4(13761 13771 13871 13861)
4(13771 13781 13881 13871)
4(13781 13791 13891 13881)
4(12791 13801 13901 12891)
4(13801 13811 13911 13901)
4(13811 13821 13921 13911)
4(13821 13831 13931 13921)
4(13831 13841 13941 13931)
4(13841 13851 13951 13941)
4(13851 13861 13961 13951)
4(13861 13871 13971 13961)
4(13871 13881 13981 13971)
4(13881 13891 13991 13981)
4(3882 5082 12892 11882)
4(5082 5083 12902 12892)
4(5083 5084 12912 12902)
4(5084 5085 12922 12912)
4(5085 5086 12932 12922)
4(5086 5087 12942 12932)
4(5087 5088 12952 12942)
4(5088 5089 12962 12952)
4(5089 5090 12972 12962)
4(5090 5091 12982 12972)
4(11882 12892 12893 11883)
4(12892 12902 12903 12893)
4(12902 12912 12913 12903)
4(12912 12922 12923 12913)
4(12922 12932 12933 12923)
4(12932 12942 12943 12933)
4(12942 12952 12953 12943)
4(12952 12962 12963 12953)
4(12962 12972 12973 12963)
4(12972 12982 12983 12973)
4(11883 12893 12894 11884)
4(12893 12903 12904 12894)
4(12903 12913 12914 12904)
4(12913 12923 12924 12914)
4(12923 12933 12934 12924)
4(12933 12943 12944 12934)
4(12943 12953 12954 12944)
4(12953 12963 12964 12954)
4(12963 12973 12974 12964)
4(12973 12983 12984 12974)
4(11884 12894 12895 11885)
4(12894 12904 12905 12895)
4(12904 12914 12915 12905)
4(12914 12924 12925 12915)
4(12924 12934 12935 12925)
4(12934 12944 12945 12935)
4(12944 12954 12955 12945)
4(12954 12964 12965 12955)
4(12964 12974 12975 12965)
4(12974 12984 12985 12975)
4(11885 12895 12896 11886)
4(12895 12905 12906 12896)
4(12905 12915 12916 12906)
4(12915 12925 12926 12916)
4(12925 12935 12936 12926)
4(12935 12945 12946 12936)
4(12945 12955 12956 12946)
4(12955 12965 12966 12956)
4(12965 12975 12976 12966)
4(12975 12985 12986 12976)
4(11886 12896 12897 11887)
4(12896 12906 12907 12897)
4(12906 12916 12917 12907)
4(12916 12926 12927 12917)
4(12926 12936 12937 12927)
4(12936 12946 12947 12937)
4(12946 12956 12957 12947)
4(12956 12966 12967 12957)
4(12966 12976 12977 12967)
4(12976 12986 12987 12977)
4(11887 12897 12898 11888)
4(12897 12907 12908 12898)
4(12907 12917 12918 12908)
4(12917 12927 12928 12918)
4(12927 12937 12938 12928)
4(12937 12947 12948 12938)
4(12947 12957 12958 12948)
4(12957 12967 12968 12958)
4(12967 12977 12978 12968)
4(12977 12987 12988 12978)
4(11888 12898 12899 11889)
4(12898 12908 12909 12899)
4(12908 12918 12919 12909)
4(12918 12928 12929 12919)
4(12928 12938 12939 12929)
4(12938 12948 12949 12939)
4(12948 12958 12959 12949)
4(12958 12968 12969 12959)
4(12968 12978 12979 12969)
4(12978 12988 12989 12979)
4(11889 12899 12900 11890)
4(12899 12909 12910 12900)
4(12909 12919 12920 12910)
4(12919 12929 12930 12920)
4(12929 12939 12940 12930)
4(12939 12949 12950 12940)
4(12949 12959 12960 12950)
4(12959 12969 12970 12960)
4(12969 12979 12980 12970)
4(12979 12989 12990 12980)
4(11890 12900 12901 11891)
4(12900 12910 12911 12901)
4(12910 12920 12921 12911)
4(12920 12930 12931 12921)
4(12930 12940 12941 12931)
4(12940 12950 12951 12941)
4(12950 12960 12961 12951)
4(12960 12970 12971 12961)
4(12970 12980 12981 12971)
4(12980 12990 12991 12981)
4(4982 12882 13892 6082)
4(6082 13892 13902 6083)
4(6083 13902 13912 6084)
4(6084 13912 13922 6085)
4(6085 13922 13932 6086)
4(6086 13932 13942 6087)
4(6087 13942 13952 6088)
4(6088 13952 13962 6089)
4(6089 13962 13972 6090)
4(6090 13972 13982 6091)
4(12882 12883 13893 13892)
4(13892 13893 13903 13902)
4(13902 13903 13913 13912)
4(13912 13913 13923 13922)
4(13922 13923 13933 13932)
4(13932 13933 13943 13942)
4(13942 13943 13953 13952)
4(13952 13953 13963 13962)
4(13962 13963 13973 13972)
4(13972 13973 13983 13982)
4(12883 12884 13894 13893)
4(13893 13894 13904 13903)
4(13903 13904 13914 13913)
4(13913 13914 13924 13923)
4(13923 13924 13934 13933)
4(13933 13934 13944 13943)
4(13943 13944 13954 13953)
4(13953 13954 13964 13963)
4(13963 13964 13974 13973)
4(13973 13974 13984 13983)
4(12884 12885 13895 13894)
4(13894 13895 13905 13904)
4(13904 13905 13915 13914)
4(13914 13915 13925 13924)
4(13924 13925 13935 13934)
4(13934 13935 13945 13944)
4(13944 13945 13955 13954)
4(13954 13955 13965 13964)
4(13964 13965 13975 13974)
4(13974 13975 13985 13984)
4(12885 12886 13896 13895)
4(13895 13896 13906 13905)
4(13905 13906 13916 13915)
4(13915 13916 13926 13925)
4(13925 13926 13936 13935)
4(13935 13936 13946 13945)
4(13945 13946 13956 13955)
4(13955 13956 13966 13965)
4(13965 13966 13976 13975)
4(13975 13976 13986 13985)
4(12886 12887 13897 13896)
4(13896 13897 13907 13906)
4(13906 13907 13917 13916)
4(13916 13917 13927 13926)
4(13926 13927 13937 13936)
4(13936 13937 13947 13946)
4(13946 13947 13957 13956)
4(13956 13957 13967 13966)
4(13966 13967 13977 13976)
4(13976 13977 13987 13986)
4(12887 12888 13898 13897)
4(13897 13898 13908 13907)
4(13907 13908 13918 13917)
4(13917 13918 13928 13927)
4(13927 13928 13938 13937)
4(13937 13938 13948 13947)
4(13947 13948 13958 13957)
4(13957 13958 13968 13967)
4(13967 13968 13978 13977)
4(13977 13978 13988 13987)
4(12888 12889 13899 13898)
4(13898 13899 13909 13908)
4(13908 13909 13919 13918)
4(13918 13919 13929 13928)
4(13928 13929 13939 13938)
4(13938 13939 13949 13948)
4(13948 13949 13959 13958)
4(13958 13959 13969 13968)
4(13968 13969 13979 13978)
4(13978 13979 13989 13988)
4(12889 12890 13900 13899)
4(13899 13900 13910 13909)
4(13909 13910 13920 13919)
4(13919 13920 13930 13929)
4(13929 13930 13940 13939)
4(13939 13940 13950 13949)
4(13949 13950 13960 13959)
4(13959 13960 13970 13969)
4(13969 13970 13980 13979)
4(13979 13980 13990 13989)
4(12890 12891 13901 13900)
4(13900 13901 13911 13910)
4(13910 13911 13921 13920)
4(13920 13921 13931 13930)
4(13930 13931 13941 13940)
4(13940 13941 13951 13950)
4(13950 13951 13961 13960)
4(13960 13961 13971 13970)
4(13970 13971 13981 13980)
4(13980 13981 13991 13990)
4(12991 14001 14091 13091)
4(14001 14011 14101 14091)
4(14011 14021 14111 14101)
4(14021 14031 14121 14111)
4(14031 14041 14131 14121)
4(14041 14051 14141 14131)
4(14051 14061 14151 14141)
4(14061 14071 14161 14151)
4(14071 14081 14171 14161)
4(14081 6191 6301 14171)
4(13091 14091 14181 13191)
4(14091 14101 14191 14181)
4(14101 14111 14201 14191)
4(14111 14121 14211 14201)
4(14121 14131 14221 14211)
4(14131 14141 14231 14221)
4(14141 14151 14241 14231)
4(14151 14161 14251 14241)
4(14161 14171 14261 14251)
4(14171 6301 6411 14261)
4(13191 14181 14271 13291)
4(14181 14191 14281 14271)
4(14191 14201 14291 14281)
4(14201 14211 14301 14291)
4(14211 14221 14311 14301)
4(14221 14231 14321 14311)
4(14231 14241 14331 14321)
4(14241 14251 14341 14331)
4(14251 14261 14351 14341)
4(14261 6411 6521 14351)
4(13291 14271 14361 13391)
4(14271 14281 14371 14361)
4(14281 14291 14381 14371)
4(14291 14301 14391 14381)
4(14301 14311 14401 14391)
4(14311 14321 14411 14401)
4(14321 14331 14421 14411)
4(14331 14341 14431 14421)
4(14341 14351 14441 14431)
4(14351 6521 6631 14441)
4(13391 14361 14451 13491)
4(14361 14371 14461 14451)
4(14371 14381 14471 14461)
4(14381 14391 14481 14471)
4(14391 14401 14491 14481)
4(14401 14411 14501 14491)
4(14411 14421 14511 14501)
4(14421 14431 14521 14511)
4(14431 14441 14531 14521)
4(14441 6631 6741 14531)
4(13491 14451 14541 13591)
4(14451 14461 14551 14541)
4(14461 14471 14561 14551)
4(14471 14481 14571 14561)
4(14481 14491 14581 14571)
4(14491 14501 14591 14581)
4(14501 14511 14601 14591)
4(14511 14521 14611 14601)
4(14521 14531 14621 14611)
4(14531 6741 6851 14621)
4(13591 14541 14631 13691)
4(14541 14551 14641 14631)
4(14551 14561 14651 14641)
4(14561 14571 14661 14651)
4(14571 14581 14671 14661)
4(14581 14591 14681 14671)
4(14591 14601 14691 14681)
4(14601 14611 14701 14691)
4(14611 14621 14711 14701)
4(14621 6851 6961 14711)
4(13691 14631 14721 13791)
4(14631 14641 14731 14721)
4(14641 14651 14741 14731)
4(14651 14661 14751 14741)
4(14661 14671 14761 14751)
4(14671 14681 14771 14761)
4(14681 14691 14781 14771)
4(14691 14701 14791 14781)
4(14701 14711 14801 14791)
4(14711 6961 7071 14801)
4(13791 14721 14811 13891)
4(14721 14731 14821 14811)
4(14731 14741 14831 14821)
4(14741 14751 14841 14831)
4(14751 14761 14851 14841)
4(14761 14771 14861 14851)
4(14771 14781 14871 14861)
4(14781 14791 14881 14871)
4(14791 14801 14891 14881)
4(14801 7071 7181 14891)
4(13891 14811 14901 13991)
4(14811 14821 14911 14901)
4(14821 14831 14921 14911)
4(14831 14841 14931 14921)
4(14841 14851 14941 14931)
4(14851 14861 14951 14941)
4(14861 14871 14961 14951)
4(14871 14881 14971 14961)
4(14881 14891 14981 14971)
4(14891 7181 7291 14981)
4(5091 5101 13992 12982)
4(5101 5111 14002 13992)
4(5111 5121 14012 14002)
4(5121 5131 14022 14012)
4(5131 5141 14032 14022)
4(5141 5151 14042 14032)
4(5151 5161 14052 14042)
4(5161 5171 14062 14052)
4(5171 5181 14072 14062)
4(5181 1341 6182 14072)
4(12982 13992 13993 12983)
4(13992 14002 14003 13993)
4(14002 14012 14013 14003)
4(14012 14022 14023 14013)
4(14022 14032 14033 14023)
4(14032 14042 14043 14033)
4(14042 14052 14053 14043)
4(14052 14062 14063 14053)
4(14062 14072 14073 14063)
4(14072 6182 6183 14073)
4(12983 13993 13994 12984)
4(13993 14003 14004 13994)
4(14003 14013 14014 14004)
4(14013 14023 14024 14014)
4(14023 14033 14034 14024)
4(14033 14043 14044 14034)
4(14043 14053 14054 14044)
4(14053 14063 14064 14054)
4(14063 14073 14074 14064)
4(14073 6183 6184 14074)
4(12984 13994 13995 12985)
4(13994 14004 14005 13995)
4(14004 14014 14015 14005)
4(14014 14024 14025 14015)
4(14024 14034 14035 14025)
4(14034 14044 14045 14035)
4(14044 14054 14055 14045)
4(14054 14064 14065 14055)
4(14064 14074 14075 14065)
4(14074 6184 6185 14075)
4(12985 13995 13996 12986)
4(13995 14005 14006 13996)
4(14005 14015 14016 14006)
4(14015 14025 14026 14016)
4(14025 14035 14036 14026)
4(14035 14045 14046 14036)
4(14045 14055 14056 14046)
4(14055 14065 14066 14056)
4(14065 14075 14076 14066)
4(14075 6185 6186 14076)
4(12986 13996 13997 12987)
4(13996 14006 14007 13997)
4(14006 14016 14017 14007)
4(14016 14026 14027 14017)
4(14026 14036 14037 14027)
4(14036 14046 14047 14037)
4(14046 14056 14057 14047)
4(14056 14066 14067 14057)
4(14066 14076 14077 14067)
4(14076 6186 6187 14077)
4(12987 13997 13998 12988)
4(13997 14007 14008 13998)
4(14007 14017 14018 14008)
4(14017 14027 14028 14018)
4(14027 14037 14038 14028)
4(14037 14047 14048 14038)
4(14047 14057 14058 14048)
4(14057 14067 14068 14058)
4(14067 14077 14078 14068)
4(14077 6187 6188 14078)
4(12988 13998 13999 12989)
4(13998 14008 14009 13999)
4(14008 14018 14019 14009)
4(14018 14028 14029 14019)
4(14028 14038 14039 14029)
4(14038 14048 14049 14039)
4(14048 14058 14059 14049)
4(14058 14068 14069 14059)
4(14068 14078 14079 14069)
4(14078 6188 6189 14079)
4(12989 13999 14000 12990)
4(13999 14009 14010 14000)
4(14009 14019 14020 14010)
4(14019 14029 14030 14020)
4(14029 14039 14040 14030)
4(14039 14049 14050 14040)
4(14049 14059 14060 14050)
4(14059 14069 14070 14060)
4(14069 14079 14080 14070)
4(14079 6189 6190 14080)
4(12990 14000 14001 12991)
4(14000 14010 14011 14001)
4(14010 14020 14021 14011)
4(14020 14030 14031 14021)
4(14030 14040 14041 14031)
4(14040 14050 14051 14041)
4(14050 14060 14061 14051)
4(14060 14070 14071 14061)
4(14070 14080 14081 14071)
4(14080 6190 6191 14081)
4(6091 13982 14892 6101)
4(6101 14892 14902 6111)
4(6111 14902 14912 6121)
4(6121 14912 14922 6131)
4(6131 14922 14932 6141)
4(6141 14932 14942 6151)
4(6151 14942 14952 6161)
4(6161 14952 14962 6171)
4(6171 14962 14972 6181)
4(6181 14972 7282 2551)
4(13982 13983 14893 14892)
4(14892 14893 14903 14902)
4(14902 14903 14913 14912)
4(14912 14913 14923 14922)
4(14922 14923 14933 14932)
4(14932 14933 14943 14942)
4(14942 14943 14953 14952)
4(14952 14953 14963 14962)
4(14962 14963 14973 14972)
4(14972 14973 7283 7282)
4(13983 13984 14894 14893)
4(14893 14894 14904 14903)
4(14903 14904 14914 14913)
4(14913 14914 14924 14923)
4(14923 14924 14934 14933)
4(14933 14934 14944 14943)
4(14943 14944 14954 14953)
4(14953 14954 14964 14963)
4(14963 14964 14974 14973)
4(14973 14974 7284 7283)
4(13984 13985 14895 14894)
4(14894 14895 14905 14904)
4(14904 14905 14915 14914)
4(14914 14915 14925 14924)
4(14924 14925 14935 14934)
4(14934 14935 14945 14944)
4(14944 14945 14955 14954)
4(14954 14955 14965 14964)
4(14964 14965 14975 14974)
4(14974 14975 7285 7284)
4(13985 13986 14896 14895)
4(14895 14896 14906 14905)
4(14905 14906 14916 14915)
4(14915 14916 14926 14925)
4(14925 14926 14936 14935)
4(14935 14936 14946 14945)
4(14945 14946 14956 14955)
4(14955 14956 14966 14965)
4(14965 14966 14976 14975)
4(14975 14976 7286 7285)
4(13986 13987 14897 14896)
4(14896 14897 14907 14906)
4(14906 14907 14917 14916)
4(14916 14917 14927 14926)
4(14926 14927 14937 14936)
4(14936 14937 14947 14946)
4(14946 14947 14957 14956)
4(14956 14957 14967 14966)
4(14966 14967 14977 14976)
4(14976 14977 7287 7286)
4(13987 13988 14898 14897)
4(14897 14898 14908 14907)
4(14907 14908 14918 14917)
4(14917 14918 14928 14927)
4(14927 14928 14938 14937)
4(14937 14938 14948 14947)
4(14947 14948 14958 14957)
4(14957 14958 14968 14967)
4(14967 14968 14978 14977)
4(14977 14978 7288 7287)
4(13988 13989 14899 14898)
4(14898 14899 14909 14908)
4(14908 14909 14919 14918)
4(14918 14919 14929 14928)
4(14928 14929 14939 14938)
4(14938 14939 14949 14948)
4(14948 14949 14959 14958)
4(14958 14959 14969 14968)
4(14968 14969 14979 14978)
4(14978 14979 7289 7288)
4(13989 13990 14900 14899)
4(14899 14900 14910 14909)
4(14909 14910 14920 14919)
4(14919 14920 14930 14929)
4(14929 14930 14940 14939)
4(14939 14940 14950 14949)
4(14949 14950 14960 14959)
4(14959 14960 14970 14969)
4(14969 14970 14980 14979)
4(14979 14980 7290 7289)
4(13990 13991 14901 14900)
4(14900 14901 14911 14910)
4(14910 14911 14921 14920)
4(14920 14921 14931 14930)
4(14930 14931 14941 14940)
4(14940 14941 14951 14950)
4(14950 14951 14961 14960)
4(14960 14961 14971 14970)
4(14970 14971 14981 14980)
4(14980 14981 7291 7290)
)


// ************************************************************************* //
