/*--------------------------------*- C++ -*----------------------------------*\
  =========                 |
  \\      /  F ield         | OpenFOAM: The Open Source CFD Toolbox
   \\    /   O peration     | Website:  https://openfoam.org
    \\  /    A nd           | Version:  13
     \\/     M anipulation  |
\*---------------------------------------------------------------------------*/
FoamFile
{
    format      ascii;
    class       labelList;
    note        "nPoints: 33281 nCells: 32000 nFaces: 97200 nInternalFaces: 94800";
    location    "constant/polyMesh";
    object      neighbour;
}
// * * * * * * * * * * * * * * * * * * * * * * * * * * * * * * * * * * * * * //


94800
(
1
10
100
1000
3000
19000
2
11
101
3010
19010
3
12
102
3020
19020
4
13
103
3030
19030
5
14
104
3040
19040
6
15
105
3050
19050
7
16
106
3060
19060
8
17
107
3070
19070
9
18
108
3080
19080
19
109
3090
4000
19090
11
20
110
1001
19001
12
21
111
19011
13
22
112
19021
14
23
113
19031
15
24
114
19041
16
25
115
19051
17
26
116
19061
18
27
117
19071
19
28
118
19081
29
119
4010
19091
21
30
120
1002
19002
22
31
121
19012
23
32
122
19022
24
33
123
19032
25
34
124
19042
26
35
125
19052
27
36
126
19062
28
37
127
19072
29
38
128
19082
39
129
4020
19092
31
40
130
1003
19003
32
41
131
19013
33
42
132
19023
34
43
133
19033
35
44
134
19043
36
45
135
19053
37
46
136
19063
38
47
137
19073
39
48
138
19083
49
139
4030
19093
41
50
140
1004
19004
42
51
141
19014
43
52
142
19024
44
53
143
19034
45
54
144
19044
46
55
145
19054
47
56
146
19064
48
57
147
19074
49
58
148
19084
59
149
4040
19094
51
60
150
1005
19005
52
61
151
19015
53
62
152
19025
54
63
153
19035
55
64
154
19045
56
65
155
19055
57
66
156
19065
58
67
157
19075
59
68
158
19085
69
159
4050
19095
61
70
160
1006
19006
62
71
161
19016
63
72
162
19026
64
73
163
19036
65
74
164
19046
66
75
165
19056
67
76
166
19066
68
77
167
19076
69
78
168
19086
79
169
4060
19096
71
80
170
1007
19007
72
81
171
19017
73
82
172
19027
74
83
173
19037
75
84
174
19047
76
85
175
19057
77
86
176
19067
78
87
177
19077
79
88
178
19087
89
179
4070
19097
81
90
180
1008
19008
82
91
181
19018
83
92
182
19028
84
93
183
19038
85
94
184
19048
86
95
185
19058
87
96
186
19068
88
97
187
19078
89
98
188
19088
99
189
4080
19098
91
190
1009
5090
19009
92
191
5080
19019
93
192
5070
19029
94
193
5060
19039
95
194
5050
19049
96
195
5040
19059
97
196
5030
19069
98
197
5020
19079
99
198
5010
19089
199
4090
5000
19099
101
110
200
1100
3100
102
111
201
3110
103
112
202
3120
104
113
203
3130
105
114
204
3140
106
115
205
3150
107
116
206
3160
108
117
207
3170
109
118
208
3180
119
209
3190
4100
111
120
210
1101
112
121
211
113
122
212
114
123
213
115
124
214
116
125
215
117
126
216
118
127
217
119
128
218
129
219
4110
121
130
220
1102
122
131
221
123
132
222
124
133
223
125
134
224
126
135
225
127
136
226
128
137
227
129
138
228
139
229
4120
131
140
230
1103
132
141
231
133
142
232
134
143
233
135
144
234
136
145
235
137
146
236
138
147
237
139
148
238
149
239
4130
141
150
240
1104
142
151
241
143
152
242
144
153
243
145
154
244
146
155
245
147
156
246
148
157
247
149
158
248
159
249
4140
151
160
250
1105
152
161
251
153
162
252
154
163
253
155
164
254
156
165
255
157
166
256
158
167
257
159
168
258
169
259
4150
161
170
260
1106
162
171
261
163
172
262
164
173
263
165
174
264
166
175
265
167
176
266
168
177
267
169
178
268
179
269
4160
171
180
270
1107
172
181
271
173
182
272
174
183
273
175
184
274
176
185
275
177
186
276
178
187
277
179
188
278
189
279
4170
181
190
280
1108
182
191
281
183
192
282
184
193
283
185
194
284
186
195
285
187
196
286
188
197
287
189
198
288
199
289
4180
191
290
1109
5190
192
291
5180
193
292
5170
194
293
5160
195
294
5150
196
295
5140
197
296
5130
198
297
5120
199
298
5110
299
4190
5100
201
210
300
1200
3200
202
211
301
3210
203
212
302
3220
204
213
303
3230
205
214
304
3240
206
215
305
3250
207
216
306
3260
208
217
307
3270
209
218
308
3280
219
309
3290
4200
211
220
310
1201
212
221
311
213
222
312
214
223
313
215
224
314
216
225
315
217
226
316
218
227
317
219
228
318
229
319
4210
221
230
320
1202
222
231
321
223
232
322
224
233
323
225
234
324
226
235
325
227
236
326
228
237
327
229
238
328
239
329
4220
231
240
330
1203
232
241
331
233
242
332
234
243
333
235
244
334
236
245
335
237
246
336
238
247
337
239
248
338
249
339
4230
241
250
340
1204
242
251
341
243
252
342
244
253
343
245
254
344
246
255
345
247
256
346
248
257
347
249
258
348
259
349
4240
251
260
350
1205
252
261
351
253
262
352
254
263
353
255
264
354
256
265
355
257
266
356
258
267
357
259
268
358
269
359
4250
261
270
360
1206
262
271
361
263
272
362
264
273
363
265
274
364
266
275
365
267
276
366
268
277
367
269
278
368
279
369
4260
271
280
370
1207
272
281
371
273
282
372
274
283
373
275
284
374
276
285
375
277
286
376
278
287
377
279
288
378
289
379
4270
281
290
380
1208
282
291
381
283
292
382
284
293
383
285
294
384
286
295
385
287
296
386
288
297
387
289
298
388
299
389
4280
291
390
1209
5290
292
391
5280
293
392
5270
294
393
5260
295
394
5250
296
395
5240
297
396
5230
298
397
5220
299
398
5210
399
4290
5200
301
310
400
1300
3300
302
311
401
3310
303
312
402
3320
304
313
403
3330
305
314
404
3340
306
315
405
3350
307
316
406
3360
308
317
407
3370
309
318
408
3380
319
409
3390
4300
311
320
410
1301
312
321
411
313
322
412
314
323
413
315
324
414
316
325
415
317
326
416
318
327
417
319
328
418
329
419
4310
321
330
420
1302
322
331
421
323
332
422
324
333
423
325
334
424
326
335
425
327
336
426
328
337
427
329
338
428
339
429
4320
331
340
430
1303
332
341
431
333
342
432
334
343
433
335
344
434
336
345
435
337
346
436
338
347
437
339
348
438
349
439
4330
341
350
440
1304
342
351
441
343
352
442
344
353
443
345
354
444
346
355
445
347
356
446
348
357
447
349
358
448
359
449
4340
351
360
450
1305
352
361
451
353
362
452
354
363
453
355
364
454
356
365
455
357
366
456
358
367
457
359
368
458
369
459
4350
361
370
460
1306
362
371
461
363
372
462
364
373
463
365
374
464
366
375
465
367
376
466
368
377
467
369
378
468
379
469
4360
371
380
470
1307
372
381
471
373
382
472
374
383
473
375
384
474
376
385
475
377
386
476
378
387
477
379
388
478
389
479
4370
381
390
480
1308
382
391
481
383
392
482
384
393
483
385
394
484
386
395
485
387
396
486
388
397
487
389
398
488
399
489
4380
391
490
1309
5390
392
491
5380
393
492
5370
394
493
5360
395
494
5350
396
495
5340
397
496
5330
398
497
5320
399
498
5310
499
4390
5300
401
410
500
1400
3400
402
411
501
3410
403
412
502
3420
404
413
503
3430
405
414
504
3440
406
415
505
3450
407
416
506
3460
408
417
507
3470
409
418
508
3480
419
509
3490
4400
411
420
510
1401
412
421
511
413
422
512
414
423
513
415
424
514
416
425
515
417
426
516
418
427
517
419
428
518
429
519
4410
421
430
520
1402
422
431
521
423
432
522
424
433
523
425
434
524
426
435
525
427
436
526
428
437
527
429
438
528
439
529
4420
431
440
530
1403
432
441
531
433
442
532
434
443
533
435
444
534
436
445
535
437
446
536
438
447
537
439
448
538
449
539
4430
441
450
540
1404
442
451
541
443
452
542
444
453
543
445
454
544
446
455
545
447
456
546
448
457
547
449
458
548
459
549
4440
451
460
550
1405
452
461
551
453
462
552
454
463
553
455
464
554
456
465
555
457
466
556
458
467
557
459
468
558
469
559
4450
461
470
560
1406
462
471
561
463
472
562
464
473
563
465
474
564
466
475
565
467
476
566
468
477
567
469
478
568
479
569
4460
471
480
570
1407
472
481
571
473
482
572
474
483
573
475
484
574
476
485
575
477
486
576
478
487
577
479
488
578
489
579
4470
481
490
580
1408
482
491
581
483
492
582
484
493
583
485
494
584
486
495
585
487
496
586
488
497
587
489
498
588
499
589
4480
491
590
1409
5490
492
591
5480
493
592
5470
494
593
5460
495
594
5450
496
595
5440
497
596
5430
498
597
5420
499
598
5410
599
4490
5400
501
510
600
1500
3500
502
511
601
3510
503
512
602
3520
504
513
603
3530
505
514
604
3540
506
515
605
3550
507
516
606
3560
508
517
607
3570
509
518
608
3580
519
609
3590
4500
511
520
610
1501
512
521
611
513
522
612
514
523
613
515
524
614
516
525
615
517
526
616
518
527
617
519
528
618
529
619
4510
521
530
620
1502
522
531
621
523
532
622
524
533
623
525
534
624
526
535
625
527
536
626
528
537
627
529
538
628
539
629
4520
531
540
630
1503
532
541
631
533
542
632
534
543
633
535
544
634
536
545
635
537
546
636
538
547
637
539
548
638
549
639
4530
541
550
640
1504
542
551
641
543
552
642
544
553
643
545
554
644
546
555
645
547
556
646
548
557
647
549
558
648
559
649
4540
551
560
650
1505
552
561
651
553
562
652
554
563
653
555
564
654
556
565
655
557
566
656
558
567
657
559
568
658
569
659
4550
561
570
660
1506
562
571
661
563
572
662
564
573
663
565
574
664
566
575
665
567
576
666
568
577
667
569
578
668
579
669
4560
571
580
670
1507
572
581
671
573
582
672
574
583
673
575
584
674
576
585
675
577
586
676
578
587
677
579
588
678
589
679
4570
581
590
680
1508
582
591
681
583
592
682
584
593
683
585
594
684
586
595
685
587
596
686
588
597
687
589
598
688
599
689
4580
591
690
1509
5590
592
691
5580
593
692
5570
594
693
5560
595
694
5550
596
695
5540
597
696
5530
598
697
5520
599
698
5510
699
4590
5500
601
610
700
1600
3600
602
611
701
3610
603
612
702
3620
604
613
703
3630
605
614
704
3640
606
615
705
3650
607
616
706
3660
608
617
707
3670
609
618
708
3680
619
709
3690
4600
611
620
710
1601
612
621
711
613
622
712
614
623
713
615
624
714
616
625
715
617
626
716
618
627
717
619
628
718
629
719
4610
621
630
720
1602
622
631
721
623
632
722
624
633
723
625
634
724
626
635
725
627
636
726
628
637
727
629
638
728
639
729
4620
631
640
730
1603
632
641
731
633
642
732
634
643
733
635
644
734
636
645
735
637
646
736
638
647
737
639
648
738
649
739
4630
641
650
740
1604
642
651
741
643
652
742
644
653
743
645
654
744
646
655
745
647
656
746
648
657
747
649
658
748
659
749
4640
651
660
750
1605
652
661
751
653
662
752
654
663
753
655
664
754
656
665
755
657
666
756
658
667
757
659
668
758
669
759
4650
661
670
760
1606
662
671
761
663
672
762
664
673
763
665
674
764
666
675
765
667
676
766
668
677
767
669
678
768
679
769
4660
671
680
770
1607
672
681
771
673
682
772
674
683
773
675
684
774
676
685
775
677
686
776
678
687
777
679
688
778
689
779
4670
681
690
780
1608
682
691
781
683
692
782
684
693
783
685
694
784
686
695
785
687
696
786
688
697
787
689
698
788
699
789
4680
691
790
1609
5690
692
791
5680
693
792
5670
694
793
5660
695
794
5650
696
795
5640
697
796
5630
698
797
5620
699
798
5610
799
4690
5600
701
710
800
1700
3700
702
711
801
3710
703
712
802
3720
704
713
803
3730
705
714
804
3740
706
715
805
3750
707
716
806
3760
708
717
807
3770
709
718
808
3780
719
809
3790
4700
711
720
810
1701
712
721
811
713
722
812
714
723
813
715
724
814
716
725
815
717
726
816
718
727
817
719
728
818
729
819
4710
721
730
820
1702
722
731
821
723
732
822
724
733
823
725
734
824
726
735
825
727
736
826
728
737
827
729
738
828
739
829
4720
731
740
830
1703
732
741
831
733
742
832
734
743
833
735
744
834
736
745
835
737
746
836
738
747
837
739
748
838
749
839
4730
741
750
840
1704
742
751
841
743
752
842
744
753
843
745
754
844
746
755
845
747
756
846
748
757
847
749
758
848
759
849
4740
751
760
850
1705
752
761
851
753
762
852
754
763
853
755
764
854
756
765
855
757
766
856
758
767
857
759
768
858
769
859
4750
761
770
860
1706
762
771
861
763
772
862
764
773
863
765
774
864
766
775
865
767
776
866
768
777
867
769
778
868
779
869
4760
771
780
870
1707
772
781
871
773
782
872
774
783
873
775
784
874
776
785
875
777
786
876
778
787
877
779
788
878
789
879
4770
781
790
880
1708
782
791
881
783
792
882
784
793
883
785
794
884
786
795
885
787
796
886
788
797
887
789
798
888
799
889
4780
791
890
1709
5790
792
891
5780
793
892
5770
794
893
5760
795
894
5750
796
895
5740
797
896
5730
798
897
5720
799
898
5710
899
4790
5700
801
810
900
1800
3800
802
811
901
3810
803
812
902
3820
804
813
903
3830
805
814
904
3840
806
815
905
3850
807
816
906
3860
808
817
907
3870
809
818
908
3880
819
909
3890
4800
811
820
910
1801
812
821
911
813
822
912
814
823
913
815
824
914
816
825
915
817
826
916
818
827
917
819
828
918
829
919
4810
821
830
920
1802
822
831
921
823
832
922
824
833
923
825
834
924
826
835
925
827
836
926
828
837
927
829
838
928
839
929
4820
831
840
930
1803
832
841
931
833
842
932
834
843
933
835
844
934
836
845
935
837
846
936
838
847
937
839
848
938
849
939
4830
841
850
940
1804
842
851
941
843
852
942
844
853
943
845
854
944
846
855
945
847
856
946
848
857
947
849
858
948
859
949
4840
851
860
950
1805
852
861
951
853
862
952
854
863
953
855
864
954
856
865
955
857
866
956
858
867
957
859
868
958
869
959
4850
861
870
960
1806
862
871
961
863
872
962
864
873
963
865
874
964
866
875
965
867
876
966
868
877
967
869
878
968
879
969
4860
871
880
970
1807
872
881
971
873
882
972
874
883
973
875
884
974
876
885
975
877
886
976
878
887
977
879
888
978
889
979
4870
881
890
980
1808
882
891
981
883
892
982
884
893
983
885
894
984
886
895
985
887
896
986
888
897
987
889
898
988
899
989
4880
891
990
1809
5890
892
991
5880
893
992
5870
894
993
5860
895
994
5850
896
995
5840
897
996
5830
898
997
5820
899
998
5810
999
4890
5800
901
910
1900
3900
6900
902
911
3910
6800
903
912
3920
6700
904
913
3930
6600
905
914
3940
6500
906
915
3950
6400
907
916
3960
6300
908
917
3970
6200
909
918
3980
6100
919
3990
4900
6000
911
920
1901
6910
912
921
6810
913
922
6710
914
923
6610
915
924
6510
916
925
6410
917
926
6310
918
927
6210
919
928
6110
929
4910
6010
921
930
1902
6920
922
931
6820
923
932
6720
924
933
6620
925
934
6520
926
935
6420
927
936
6320
928
937
6220
929
938
6120
939
4920
6020
931
940
1903
6930
932
941
6830
933
942
6730
934
943
6630
935
944
6530
936
945
6430
937
946
6330
938
947
6230
939
948
6130
949
4930
6030
941
950
1904
6940
942
951
6840
943
952
6740
944
953
6640
945
954
6540
946
955
6440
947
956
6340
948
957
6240
949
958
6140
959
4940
6040
951
960
1905
6950
952
961
6850
953
962
6750
954
963
6650
955
964
6550
956
965
6450
957
966
6350
958
967
6250
959
968
6150
969
4950
6050
961
970
1906
6960
962
971
6860
963
972
6760
964
973
6660
965
974
6560
966
975
6460
967
976
6360
968
977
6260
969
978
6160
979
4960
6060
971
980
1907
6970
972
981
6870
973
982
6770
974
983
6670
975
984
6570
976
985
6470
977
986
6370
978
987
6270
979
988
6170
989
4970
6070
981
990
1908
6980
982
991
6880
983
992
6780
984
993
6680
985
994
6580
986
995
6480
987
996
6380
988
997
6280
989
998
6180
999
4980
6080
991
1909
5990
6990
992
5980
6890
993
5970
6790
994
5960
6690
995
5950
6590
996
5940
6490
997
5930
6390
998
5920
6290
999
5910
6190
4990
5900
6090
1001
1010
1100
2000
18000
1002
1011
1101
18010
1003
1012
1102
18020
1004
1013
1103
18030
1005
1014
1104
18040
1006
1015
1105
18050
1007
1016
1106
18060
1008
1017
1107
18070
1009
1018
1108
18080
1019
1109
7000
18090
1011
1020
1110
2001
18001
1012
1021
1111
18011
1013
1022
1112
18021
1014
1023
1113
18031
1015
1024
1114
18041
1016
1025
1115
18051
1017
1026
1116
18061
1018
1027
1117
18071
1019
1028
1118
18081
1029
1119
7010
18091
1021
1030
1120
2002
18002
1022
1031
1121
18012
1023
1032
1122
18022
1024
1033
1123
18032
1025
1034
1124
18042
1026
1035
1125
18052
1027
1036
1126
18062
1028
1037
1127
18072
1029
1038
1128
18082
1039
1129
7020
18092
1031
1040
1130
2003
18003
1032
1041
1131
18013
1033
1042
1132
18023
1034
1043
1133
18033
1035
1044
1134
18043
1036
1045
1135
18053
1037
1046
1136
18063
1038
1047
1137
18073
1039
1048
1138
18083
1049
1139
7030
18093
1041
1050
1140
2004
18004
1042
1051
1141
18014
1043
1052
1142
18024
1044
1053
1143
18034
1045
1054
1144
18044
1046
1055
1145
18054
1047
1056
1146
18064
1048
1057
1147
18074
1049
1058
1148
18084
1059
1149
7040
18094
1051
1060
1150
2005
18005
1052
1061
1151
18015
1053
1062
1152
18025
1054
1063
1153
18035
1055
1064
1154
18045
1056
1065
1155
18055
1057
1066
1156
18065
1058
1067
1157
18075
1059
1068
1158
18085
1069
1159
7050
18095
1061
1070
1160
2006
18006
1062
1071
1161
18016
1063
1072
1162
18026
1064
1073
1163
18036
1065
1074
1164
18046
1066
1075
1165
18056
1067
1076
1166
18066
1068
1077
1167
18076
1069
1078
1168
18086
1079
1169
7060
18096
1071
1080
1170
2007
18007
1072
1081
1171
18017
1073
1082
1172
18027
1074
1083
1173
18037
1075
1084
1174
18047
1076
1085
1175
18057
1077
1086
1176
18067
1078
1087
1177
18077
1079
1088
1178
18087
1089
1179
7070
18097
1081
1090
1180
2008
18008
1082
1091
1181
18018
1083
1092
1182
18028
1084
1093
1183
18038
1085
1094
1184
18048
1086
1095
1185
18058
1087
1096
1186
18068
1088
1097
1187
18078
1089
1098
1188
18088
1099
1189
7080
18098
1091
1190
2009
8090
18009
1092
1191
8080
18019
1093
1192
8070
18029
1094
1193
8060
18039
1095
1194
8050
18049
1096
1195
8040
18059
1097
1196
8030
18069
1098
1197
8020
18079
1099
1198
8010
18089
1199
7090
8000
18099
1101
1110
1200
2100
1102
1111
1201
1103
1112
1202
1104
1113
1203
1105
1114
1204
1106
1115
1205
1107
1116
1206
1108
1117
1207
1109
1118
1208
1119
1209
7100
1111
1120
1210
2101
1112
1121
1211
1113
1122
1212
1114
1123
1213
1115
1124
1214
1116
1125
1215
1117
1126
1216
1118
1127
1217
1119
1128
1218
1129
1219
7110
1121
1130
1220
2102
1122
1131
1221
1123
1132
1222
1124
1133
1223
1125
1134
1224
1126
1135
1225
1127
1136
1226
1128
1137
1227
1129
1138
1228
1139
1229
7120
1131
1140
1230
2103
1132
1141
1231
1133
1142
1232
1134
1143
1233
1135
1144
1234
1136
1145
1235
1137
1146
1236
1138
1147
1237
1139
1148
1238
1149
1239
7130
1141
1150
1240
2104
1142
1151
1241
1143
1152
1242
1144
1153
1243
1145
1154
1244
1146
1155
1245
1147
1156
1246
1148
1157
1247
1149
1158
1248
1159
1249
7140
1151
1160
1250
2105
1152
1161
1251
1153
1162
1252
1154
1163
1253
1155
1164
1254
1156
1165
1255
1157
1166
1256
1158
1167
1257
1159
1168
1258
1169
1259
7150
1161
1170
1260
2106
1162
1171
1261
1163
1172
1262
1164
1173
1263
1165
1174
1264
1166
1175
1265
1167
1176
1266
1168
1177
1267
1169
1178
1268
1179
1269
7160
1171
1180
1270
2107
1172
1181
1271
1173
1182
1272
1174
1183
1273
1175
1184
1274
1176
1185
1275
1177
1186
1276
1178
1187
1277
1179
1188
1278
1189
1279
7170
1181
1190
1280
2108
1182
1191
1281
1183
1192
1282
1184
1193
1283
1185
1194
1284
1186
1195
1285
1187
1196
1286
1188
1197
1287
1189
1198
1288
1199
1289
7180
1191
1290
2109
8190
1192
1291
8180
1193
1292
8170
1194
1293
8160
1195
1294
8150
1196
1295
8140
1197
1296
8130
1198
1297
8120
1199
1298
8110
1299
7190
8100
1201
1210
1300
2200
1202
1211
1301
1203
1212
1302
1204
1213
1303
1205
1214
1304
1206
1215
1305
1207
1216
1306
1208
1217
1307
1209
1218
1308
1219
1309
7200
1211
1220
1310
2201
1212
1221
1311
1213
1222
1312
1214
1223
1313
1215
1224
1314
1216
1225
1315
1217
1226
1316
1218
1227
1317
1219
1228
1318
1229
1319
7210
1221
1230
1320
2202
1222
1231
1321
1223
1232
1322
1224
1233
1323
1225
1234
1324
1226
1235
1325
1227
1236
1326
1228
1237
1327
1229
1238
1328
1239
1329
7220
1231
1240
1330
2203
1232
1241
1331
1233
1242
1332
1234
1243
1333
1235
1244
1334
1236
1245
1335
1237
1246
1336
1238
1247
1337
1239
1248
1338
1249
1339
7230
1241
1250
1340
2204
1242
1251
1341
1243
1252
1342
1244
1253
1343
1245
1254
1344
1246
1255
1345
1247
1256
1346
1248
1257
1347
1249
1258
1348
1259
1349
7240
1251
1260
1350
2205
1252
1261
1351
1253
1262
1352
1254
1263
1353
1255
1264
1354
1256
1265
1355
1257
1266
1356
1258
1267
1357
1259
1268
1358
1269
1359
7250
1261
1270
1360
2206
1262
1271
1361
1263
1272
1362
1264
1273
1363
1265
1274
1364
1266
1275
1365
1267
1276
1366
1268
1277
1367
1269
1278
1368
1279
1369
7260
1271
1280
1370
2207
1272
1281
1371
1273
1282
1372
1274
1283
1373
1275
1284
1374
1276
1285
1375
1277
1286
1376
1278
1287
1377
1279
1288
1378
1289
1379
7270
1281
1290
1380
2208
1282
1291
1381
1283
1292
1382
1284
1293
1383
1285
1294
1384
1286
1295
1385
1287
1296
1386
1288
1297
1387
1289
1298
1388
1299
1389
7280
1291
1390
2209
8290
1292
1391
8280
1293
1392
8270
1294
1393
8260
1295
1394
8250
1296
1395
8240
1297
1396
8230
1298
1397
8220
1299
1398
8210
1399
7290
8200
1301
1310
1400
2300
1302
1311
1401
1303
1312
1402
1304
1313
1403
1305
1314
1404
1306
1315
1405
1307
1316
1406
1308
1317
1407
1309
1318
1408
1319
1409
7300
1311
1320
1410
2301
1312
1321
1411
1313
1322
1412
1314
1323
1413
1315
1324
1414
1316
1325
1415
1317
1326
1416
1318
1327
1417
1319
1328
1418
1329
1419
7310
1321
1330
1420
2302
1322
1331
1421
1323
1332
1422
1324
1333
1423
1325
1334
1424
1326
1335
1425
1327
1336
1426
1328
1337
1427
1329
1338
1428
1339
1429
7320
1331
1340
1430
2303
1332
1341
1431
1333
1342
1432
1334
1343
1433
1335
1344
1434
1336
1345
1435
1337
1346
1436
1338
1347
1437
1339
1348
1438
1349
1439
7330
1341
1350
1440
2304
1342
1351
1441
1343
1352
1442
1344
1353
1443
1345
1354
1444
1346
1355
1445
1347
1356
1446
1348
1357
1447
1349
1358
1448
1359
1449
7340
1351
1360
1450
2305
1352
1361
1451
1353
1362
1452
1354
1363
1453
1355
1364
1454
1356
1365
1455
1357
1366
1456
1358
1367
1457
1359
1368
1458
1369
1459
7350
1361
1370
1460
2306
1362
1371
1461
1363
1372
1462
1364
1373
1463
1365
1374
1464
1366
1375
1465
1367
1376
1466
1368
1377
1467
1369
1378
1468
1379
1469
7360
1371
1380
1470
2307
1372
1381
1471
1373
1382
1472
1374
1383
1473
1375
1384
1474
1376
1385
1475
1377
1386
1476
1378
1387
1477
1379
1388
1478
1389
1479
7370
1381
1390
1480
2308
1382
1391
1481
1383
1392
1482
1384
1393
1483
1385
1394
1484
1386
1395
1485
1387
1396
1486
1388
1397
1487
1389
1398
1488
1399
1489
7380
1391
1490
2309
8390
1392
1491
8380
1393
1492
8370
1394
1493
8360
1395
1494
8350
1396
1495
8340
1397
1496
8330
1398
1497
8320
1399
1498
8310
1499
7390
8300
1401
1410
1500
2400
1402
1411
1501
1403
1412
1502
1404
1413
1503
1405
1414
1504
1406
1415
1505
1407
1416
1506
1408
1417
1507
1409
1418
1508
1419
1509
7400
1411
1420
1510
2401
1412
1421
1511
1413
1422
1512
1414
1423
1513
1415
1424
1514
1416
1425
1515
1417
1426
1516
1418
1427
1517
1419
1428
1518
1429
1519
7410
1421
1430
1520
2402
1422
1431
1521
1423
1432
1522
1424
1433
1523
1425
1434
1524
1426
1435
1525
1427
1436
1526
1428
1437
1527
1429
1438
1528
1439
1529
7420
1431
1440
1530
2403
1432
1441
1531
1433
1442
1532
1434
1443
1533
1435
1444
1534
1436
1445
1535
1437
1446
1536
1438
1447
1537
1439
1448
1538
1449
1539
7430
1441
1450
1540
2404
1442
1451
1541
1443
1452
1542
1444
1453
1543
1445
1454
1544
1446
1455
1545
1447
1456
1546
1448
1457
1547
1449
1458
1548
1459
1549
7440
1451
1460
1550
2405
1452
1461
1551
1453
1462
1552
1454
1463
1553
1455
1464
1554
1456
1465
1555
1457
1466
1556
1458
1467
1557
1459
1468
1558
1469
1559
7450
1461
1470
1560
2406
1462
1471
1561
1463
1472
1562
1464
1473
1563
1465
1474
1564
1466
1475
1565
1467
1476
1566
1468
1477
1567
1469
1478
1568
1479
1569
7460
1471
1480
1570
2407
1472
1481
1571
1473
1482
1572
1474
1483
1573
1475
1484
1574
1476
1485
1575
1477
1486
1576
1478
1487
1577
1479
1488
1578
1489
1579
7470
1481
1490
1580
2408
1482
1491
1581
1483
1492
1582
1484
1493
1583
1485
1494
1584
1486
1495
1585
1487
1496
1586
1488
1497
1587
1489
1498
1588
1499
1589
7480
1491
1590
2409
8490
1492
1591
8480
1493
1592
8470
1494
1593
8460
1495
1594
8450
1496
1595
8440
1497
1596
8430
1498
1597
8420
1499
1598
8410
1599
7490
8400
1501
1510
1600
2500
1502
1511
1601
1503
1512
1602
1504
1513
1603
1505
1514
1604
1506
1515
1605
1507
1516
1606
1508
1517
1607
1509
1518
1608
1519
1609
7500
1511
1520
1610
2501
1512
1521
1611
1513
1522
1612
1514
1523
1613
1515
1524
1614
1516
1525
1615
1517
1526
1616
1518
1527
1617
1519
1528
1618
1529
1619
7510
1521
1530
1620
2502
1522
1531
1621
1523
1532
1622
1524
1533
1623
1525
1534
1624
1526
1535
1625
1527
1536
1626
1528
1537
1627
1529
1538
1628
1539
1629
7520
1531
1540
1630
2503
1532
1541
1631
1533
1542
1632
1534
1543
1633
1535
1544
1634
1536
1545
1635
1537
1546
1636
1538
1547
1637
1539
1548
1638
1549
1639
7530
1541
1550
1640
2504
1542
1551
1641
1543
1552
1642
1544
1553
1643
1545
1554
1644
1546
1555
1645
1547
1556
1646
1548
1557
1647
1549
1558
1648
1559
1649
7540
1551
1560
1650
2505
1552
1561
1651
1553
1562
1652
1554
1563
1653
1555
1564
1654
1556
1565
1655
1557
1566
1656
1558
1567
1657
1559
1568
1658
1569
1659
7550
1561
1570
1660
2506
1562
1571
1661
1563
1572
1662
1564
1573
1663
1565
1574
1664
1566
1575
1665
1567
1576
1666
1568
1577
1667
1569
1578
1668
1579
1669
7560
1571
1580
1670
2507
1572
1581
1671
1573
1582
1672
1574
1583
1673
1575
1584
1674
1576
1585
1675
1577
1586
1676
1578
1587
1677
1579
1588
1678
1589
1679
7570
1581
1590
1680
2508
1582
1591
1681
1583
1592
1682
1584
1593
1683
1585
1594
1684
1586
1595
1685
1587
1596
1686
1588
1597
1687
1589
1598
1688
1599
1689
7580
1591
1690
2509
8590
1592
1691
8580
1593
1692
8570
1594
1693
8560
1595
1694
8550
1596
1695
8540
1597
1696
8530
1598
1697
8520
1599
1698
8510
1699
7590
8500
1601
1610
1700
2600
1602
1611
1701
1603
1612
1702
1604
1613
1703
1605
1614
1704
1606
1615
1705
1607
1616
1706
1608
1617
1707
1609
1618
1708
1619
1709
7600
1611
1620
1710
2601
1612
1621
1711
1613
1622
1712
1614
1623
1713
1615
1624
1714
1616
1625
1715
1617
1626
1716
1618
1627
1717
1619
1628
1718
1629
1719
7610
1621
1630
1720
2602
1622
1631
1721
1623
1632
1722
1624
1633
1723
1625
1634
1724
1626
1635
1725
1627
1636
1726
1628
1637
1727
1629
1638
1728
1639
1729
7620
1631
1640
1730
2603
1632
1641
1731
1633
1642
1732
1634
1643
1733
1635
1644
1734
1636
1645
1735
1637
1646
1736
1638
1647
1737
1639
1648
1738
1649
1739
7630
1641
1650
1740
2604
1642
1651
1741
1643
1652
1742
1644
1653
1743
1645
1654
1744
1646
1655
1745
1647
1656
1746
1648
1657
1747
1649
1658
1748
1659
1749
7640
1651
1660
1750
2605
1652
1661
1751
1653
1662
1752
1654
1663
1753
1655
1664
1754
1656
1665
1755
1657
1666
1756
1658
1667
1757
1659
1668
1758
1669
1759
7650
1661
1670
1760
2606
1662
1671
1761
1663
1672
1762
1664
1673
1763
1665
1674
1764
1666
1675
1765
1667
1676
1766
1668
1677
1767
1669
1678
1768
1679
1769
7660
1671
1680
1770
2607
1672
1681
1771
1673
1682
1772
1674
1683
1773
1675
1684
1774
1676
1685
1775
1677
1686
1776
1678
1687
1777
1679
1688
1778
1689
1779
7670
1681
1690
1780
2608
1682
1691
1781
1683
1692
1782
1684
1693
1783
1685
1694
1784
1686
1695
1785
1687
1696
1786
1688
1697
1787
1689
1698
1788
1699
1789
7680
1691
1790
2609
8690
1692
1791
8680
1693
1792
8670
1694
1793
8660
1695
1794
8650
1696
1795
8640
1697
1796
8630
1698
1797
8620
1699
1798
8610
1799
7690
8600
1701
1710
1800
2700
1702
1711
1801
1703
1712
1802
1704
1713
1803
1705
1714
1804
1706
1715
1805
1707
1716
1806
1708
1717
1807
1709
1718
1808
1719
1809
7700
1711
1720
1810
2701
1712
1721
1811
1713
1722
1812
1714
1723
1813
1715
1724
1814
1716
1725
1815
1717
1726
1816
1718
1727
1817
1719
1728
1818
1729
1819
7710
1721
1730
1820
2702
1722
1731
1821
1723
1732
1822
1724
1733
1823
1725
1734
1824
1726
1735
1825
1727
1736
1826
1728
1737
1827
1729
1738
1828
1739
1829
7720
1731
1740
1830
2703
1732
1741
1831
1733
1742
1832
1734
1743
1833
1735
1744
1834
1736
1745
1835
1737
1746
1836
1738
1747
1837
1739
1748
1838
1749
1839
7730
1741
1750
1840
2704
1742
1751
1841
1743
1752
1842
1744
1753
1843
1745
1754
1844
1746
1755
1845
1747
1756
1846
1748
1757
1847
1749
1758
1848
1759
1849
7740
1751
1760
1850
2705
1752
1761
1851
1753
1762
1852
1754
1763
1853
1755
1764
1854
1756
1765
1855
1757
1766
1856
1758
1767
1857
1759
1768
1858
1769
1859
7750
1761
1770
1860
2706
1762
1771
1861
1763
1772
1862
1764
1773
1863
1765
1774
1864
1766
1775
1865
1767
1776
1866
1768
1777
1867
1769
1778
1868
1779
1869
7760
1771
1780
1870
2707
1772
1781
1871
1773
1782
1872
1774
1783
1873
1775
1784
1874
1776
1785
1875
1777
1786
1876
1778
1787
1877
1779
1788
1878
1789
1879
7770
1781
1790
1880
2708
1782
1791
1881
1783
1792
1882
1784
1793
1883
1785
1794
1884
1786
1795
1885
1787
1796
1886
1788
1797
1887
1789
1798
1888
1799
1889
7780
1791
1890
2709
8790
1792
1891
8780
1793
1892
8770
1794
1893
8760
1795
1894
8750
1796
1895
8740
1797
1896
8730
1798
1897
8720
1799
1898
8710
1899
7790
8700
1801
1810
1900
2800
1802
1811
1901
1803
1812
1902
1804
1813
1903
1805
1814
1904
1806
1815
1905
1807
1816
1906
1808
1817
1907
1809
1818
1908
1819
1909
7800
1811
1820
1910
2801
1812
1821
1911
1813
1822
1912
1814
1823
1913
1815
1824
1914
1816
1825
1915
1817
1826
1916
1818
1827
1917
1819
1828
1918
1829
1919
7810
1821
1830
1920
2802
1822
1831
1921
1823
1832
1922
1824
1833
1923
1825
1834
1924
1826
1835
1925
1827
1836
1926
1828
1837
1927
1829
1838
1928
1839
1929
7820
1831
1840
1930
2803
1832
1841
1931
1833
1842
1932
1834
1843
1933
1835
1844
1934
1836
1845
1935
1837
1846
1936
1838
1847
1937
1839
1848
1938
1849
1939
7830
1841
1850
1940
2804
1842
1851
1941
1843
1852
1942
1844
1853
1943
1845
1854
1944
1846
1855
1945
1847
1856
1946
1848
1857
1947
1849
1858
1948
1859
1949
7840
1851
1860
1950
2805
1852
1861
1951
1853
1862
1952
1854
1863
1953
1855
1864
1954
1856
1865
1955
1857
1866
1956
1858
1867
1957
1859
1868
1958
1869
1959
7850
1861
1870
1960
2806
1862
1871
1961
1863
1872
1962
1864
1873
1963
1865
1874
1964
1866
1875
1965
1867
1876
1966
1868
1877
1967
1869
1878
1968
1879
1969
7860
1871
1880
1970
2807
1872
1881
1971
1873
1882
1972
1874
1883
1973
1875
1884
1974
1876
1885
1975
1877
1886
1976
1878
1887
1977
1879
1888
1978
1889
1979
7870
1881
1890
1980
2808
1882
1891
1981
1883
1892
1982
1884
1893
1983
1885
1894
1984
1886
1895
1985
1887
1896
1986
1888
1897
1987
1889
1898
1988
1899
1989
7880
1891
1990
2809
8890
1892
1991
8880
1893
1992
8870
1894
1993
8860
1895
1994
8850
1896
1995
8840
1897
1996
8830
1898
1997
8820
1899
1998
8810
1999
7890
8800
1901
1910
2900
9900
1902
1911
9800
1903
1912
9700
1904
1913
9600
1905
1914
9500
1906
1915
9400
1907
1916
9300
1908
1917
9200
1909
1918
9100
1919
7900
9000
1911
1920
2901
9910
1912
1921
9810
1913
1922
9710
1914
1923
9610
1915
1924
9510
1916
1925
9410
1917
1926
9310
1918
1927
9210
1919
1928
9110
1929
7910
9010
1921
1930
2902
9920
1922
1931
9820
1923
1932
9720
1924
1933
9620
1925
1934
9520
1926
1935
9420
1927
1936
9320
1928
1937
9220
1929
1938
9120
1939
7920
9020
1931
1940
2903
9930
1932
1941
9830
1933
1942
9730
1934
1943
9630
1935
1944
9530
1936
1945
9430
1937
1946
9330
1938
1947
9230
1939
1948
9130
1949
7930
9030
1941
1950
2904
9940
1942
1951
9840
1943
1952
9740
1944
1953
9640
1945
1954
9540
1946
1955
9440
1947
1956
9340
1948
1957
9240
1949
1958
9140
1959
7940
9040
1951
1960
2905
9950
1952
1961
9850
1953
1962
9750
1954
1963
9650
1955
1964
9550
1956
1965
9450
1957
1966
9350
1958
1967
9250
1959
1968
9150
1969
7950
9050
1961
1970
2906
9960
1962
1971
9860
1963
1972
9760
1964
1973
9660
1965
1974
9560
1966
1975
9460
1967
1976
9360
1968
1977
9260
1969
1978
9160
1979
7960
9060
1971
1980
2907
9970
1972
1981
9870
1973
1982
9770
1974
1983
9670
1975
1984
9570
1976
1985
9470
1977
1986
9370
1978
1987
9270
1979
1988
9170
1989
7970
9070
1981
1990
2908
9980
1982
1991
9880
1983
1992
9780
1984
1993
9680
1985
1994
9580
1986
1995
9480
1987
1996
9380
1988
1997
9280
1989
1998
9180
1999
7980
9080
1991
2909
8990
9990
1992
8980
9890
1993
8970
9790
1994
8960
9690
1995
8950
9590
1996
8940
9490
1997
8930
9390
1998
8920
9290
1999
8910
9190
7990
8900
9090
2001
2010
2100
3000
17000
2002
2011
2101
17010
2003
2012
2102
17020
2004
2013
2103
17030
2005
2014
2104
17040
2006
2015
2105
17050
2007
2016
2106
17060
2008
2017
2107
17070
2009
2018
2108
17080
2019
2109
10000
17090
2011
2020
2110
3001
17001
2012
2021
2111
17011
2013
2022
2112
17021
2014
2023
2113
17031
2015
2024
2114
17041
2016
2025
2115
17051
2017
2026
2116
17061
2018
2027
2117
17071
2019
2028
2118
17081
2029
2119
10010
17091
2021
2030
2120
3002
17002
2022
2031
2121
17012
2023
2032
2122
17022
2024
2033
2123
17032
2025
2034
2124
17042
2026
2035
2125
17052
2027
2036
2126
17062
2028
2037
2127
17072
2029
2038
2128
17082
2039
2129
10020
17092
2031
2040
2130
3003
17003
2032
2041
2131
17013
2033
2042
2132
17023
2034
2043
2133
17033
2035
2044
2134
17043
2036
2045
2135
17053
2037
2046
2136
17063
2038
2047
2137
17073
2039
2048
2138
17083
2049
2139
10030
17093
2041
2050
2140
3004
17004
2042
2051
2141
17014
2043
2052
2142
17024
2044
2053
2143
17034
2045
2054
2144
17044
2046
2055
2145
17054
2047
2056
2146
17064
2048
2057
2147
17074
2049
2058
2148
17084
2059
2149
10040
17094
2051
2060
2150
3005
17005
2052
2061
2151
17015
2053
2062
2152
17025
2054
2063
2153
17035
2055
2064
2154
17045
2056
2065
2155
17055
2057
2066
2156
17065
2058
2067
2157
17075
2059
2068
2158
17085
2069
2159
10050
17095
2061
2070
2160
3006
17006
2062
2071
2161
17016
2063
2072
2162
17026
2064
2073
2163
17036
2065
2074
2164
17046
2066
2075
2165
17056
2067
2076
2166
17066
2068
2077
2167
17076
2069
2078
2168
17086
2079
2169
10060
17096
2071
2080
2170
3007
17007
2072
2081
2171
17017
2073
2082
2172
17027
2074
2083
2173
17037
2075
2084
2174
17047
2076
2085
2175
17057
2077
2086
2176
17067
2078
2087
2177
17077
2079
2088
2178
17087
2089
2179
10070
17097
2081
2090
2180
3008
17008
2082
2091
2181
17018
2083
2092
2182
17028
2084
2093
2183
17038
2085
2094
2184
17048
2086
2095
2185
17058
2087
2096
2186
17068
2088
2097
2187
17078
2089
2098
2188
17088
2099
2189
10080
17098
2091
2190
3009
11090
17009
2092
2191
11080
17019
2093
2192
11070
17029
2094
2193
11060
17039
2095
2194
11050
17049
2096
2195
11040
17059
2097
2196
11030
17069
2098
2197
11020
17079
2099
2198
11010
17089
2199
10090
11000
17099
2101
2110
2200
3100
2102
2111
2201
2103
2112
2202
2104
2113
2203
2105
2114
2204
2106
2115
2205
2107
2116
2206
2108
2117
2207
2109
2118
2208
2119
2209
10100
2111
2120
2210
3101
2112
2121
2211
2113
2122
2212
2114
2123
2213
2115
2124
2214
2116
2125
2215
2117
2126
2216
2118
2127
2217
2119
2128
2218
2129
2219
10110
2121
2130
2220
3102
2122
2131
2221
2123
2132
2222
2124
2133
2223
2125
2134
2224
2126
2135
2225
2127
2136
2226
2128
2137
2227
2129
2138
2228
2139
2229
10120
2131
2140
2230
3103
2132
2141
2231
2133
2142
2232
2134
2143
2233
2135
2144
2234
2136
2145
2235
2137
2146
2236
2138
2147
2237
2139
2148
2238
2149
2239
10130
2141
2150
2240
3104
2142
2151
2241
2143
2152
2242
2144
2153
2243
2145
2154
2244
2146
2155
2245
2147
2156
2246
2148
2157
2247
2149
2158
2248
2159
2249
10140
2151
2160
2250
3105
2152
2161
2251
2153
2162
2252
2154
2163
2253
2155
2164
2254
2156
2165
2255
2157
2166
2256
2158
2167
2257
2159
2168
2258
2169
2259
10150
2161
2170
2260
3106
2162
2171
2261
2163
2172
2262
2164
2173
2263
2165
2174
2264
2166
2175
2265
2167
2176
2266
2168
2177
2267
2169
2178
2268
2179
2269
10160
2171
2180
2270
3107
2172
2181
2271
2173
2182
2272
2174
2183
2273
2175
2184
2274
2176
2185
2275
2177
2186
2276
2178
2187
2277
2179
2188
2278
2189
2279
10170
2181
2190
2280
3108
2182
2191
2281
2183
2192
2282
2184
2193
2283
2185
2194
2284
2186
2195
2285
2187
2196
2286
2188
2197
2287
2189
2198
2288
2199
2289
10180
2191
2290
3109
11190
2192
2291
11180
2193
2292
11170
2194
2293
11160
2195
2294
11150
2196
2295
11140
2197
2296
11130
2198
2297
11120
2199
2298
11110
2299
10190
11100
2201
2210
2300
3200
2202
2211
2301
2203
2212
2302
2204
2213
2303
2205
2214
2304
2206
2215
2305
2207
2216
2306
2208
2217
2307
2209
2218
2308
2219
2309
10200
2211
2220
2310
3201
2212
2221
2311
2213
2222
2312
2214
2223
2313
2215
2224
2314
2216
2225
2315
2217
2226
2316
2218
2227
2317
2219
2228
2318
2229
2319
10210
2221
2230
2320
3202
2222
2231
2321
2223
2232
2322
2224
2233
2323
2225
2234
2324
2226
2235
2325
2227
2236
2326
2228
2237
2327
2229
2238
2328
2239
2329
10220
2231
2240
2330
3203
2232
2241
2331
2233
2242
2332
2234
2243
2333
2235
2244
2334
2236
2245
2335
2237
2246
2336
2238
2247
2337
2239
2248
2338
2249
2339
10230
2241
2250
2340
3204
2242
2251
2341
2243
2252
2342
2244
2253
2343
2245
2254
2344
2246
2255
2345
2247
2256
2346
2248
2257
2347
2249
2258
2348
2259
2349
10240
2251
2260
2350
3205
2252
2261
2351
2253
2262
2352
2254
2263
2353
2255
2264
2354
2256
2265
2355
2257
2266
2356
2258
2267
2357
2259
2268
2358
2269
2359
10250
2261
2270
2360
3206
2262
2271
2361
2263
2272
2362
2264
2273
2363
2265
2274
2364
2266
2275
2365
2267
2276
2366
2268
2277
2367
2269
2278
2368
2279
2369
10260
2271
2280
2370
3207
2272
2281
2371
2273
2282
2372
2274
2283
2373
2275
2284
2374
2276
2285
2375
2277
2286
2376
2278
2287
2377
2279
2288
2378
2289
2379
10270
2281
2290
2380
3208
2282
2291
2381
2283
2292
2382
2284
2293
2383
2285
2294
2384
2286
2295
2385
2287
2296
2386
2288
2297
2387
2289
2298
2388
2299
2389
10280
2291
2390
3209
11290
2292
2391
11280
2293
2392
11270
2294
2393
11260
2295
2394
11250
2296
2395
11240
2297
2396
11230
2298
2397
11220
2299
2398
11210
2399
10290
11200
2301
2310
2400
3300
2302
2311
2401
2303
2312
2402
2304
2313
2403
2305
2314
2404
2306
2315
2405
2307
2316
2406
2308
2317
2407
2309
2318
2408
2319
2409
10300
2311
2320
2410
3301
2312
2321
2411
2313
2322
2412
2314
2323
2413
2315
2324
2414
2316
2325
2415
2317
2326
2416
2318
2327
2417
2319
2328
2418
2329
2419
10310
2321
2330
2420
3302
2322
2331
2421
2323
2332
2422
2324
2333
2423
2325
2334
2424
2326
2335
2425
2327
2336
2426
2328
2337
2427
2329
2338
2428
2339
2429
10320
2331
2340
2430
3303
2332
2341
2431
2333
2342
2432
2334
2343
2433
2335
2344
2434
2336
2345
2435
2337
2346
2436
2338
2347
2437
2339
2348
2438
2349
2439
10330
2341
2350
2440
3304
2342
2351
2441
2343
2352
2442
2344
2353
2443
2345
2354
2444
2346
2355
2445
2347
2356
2446
2348
2357
2447
2349
2358
2448
2359
2449
10340
2351
2360
2450
3305
2352
2361
2451
2353
2362
2452
2354
2363
2453
2355
2364
2454
2356
2365
2455
2357
2366
2456
2358
2367
2457
2359
2368
2458
2369
2459
10350
2361
2370
2460
3306
2362
2371
2461
2363
2372
2462
2364
2373
2463
2365
2374
2464
2366
2375
2465
2367
2376
2466
2368
2377
2467
2369
2378
2468
2379
2469
10360
2371
2380
2470
3307
2372
2381
2471
2373
2382
2472
2374
2383
2473
2375
2384
2474
2376
2385
2475
2377
2386
2476
2378
2387
2477
2379
2388
2478
2389
2479
10370
2381
2390
2480
3308
2382
2391
2481
2383
2392
2482
2384
2393
2483
2385
2394
2484
2386
2395
2485
2387
2396
2486
2388
2397
2487
2389
2398
2488
2399
2489
10380
2391
2490
3309
11390
2392
2491
11380
2393
2492
11370
2394
2493
11360
2395
2494
11350
2396
2495
11340
2397
2496
11330
2398
2497
11320
2399
2498
11310
2499
10390
11300
2401
2410
2500
3400
2402
2411
2501
2403
2412
2502
2404
2413
2503
2405
2414
2504
2406
2415
2505
2407
2416
2506
2408
2417
2507
2409
2418
2508
2419
2509
10400
2411
2420
2510
3401
2412
2421
2511
2413
2422
2512
2414
2423
2513
2415
2424
2514
2416
2425
2515
2417
2426
2516
2418
2427
2517
2419
2428
2518
2429
2519
10410
2421
2430
2520
3402
2422
2431
2521
2423
2432
2522
2424
2433
2523
2425
2434
2524
2426
2435
2525
2427
2436
2526
2428
2437
2527
2429
2438
2528
2439
2529
10420
2431
2440
2530
3403
2432
2441
2531
2433
2442
2532
2434
2443
2533
2435
2444
2534
2436
2445
2535
2437
2446
2536
2438
2447
2537
2439
2448
2538
2449
2539
10430
2441
2450
2540
3404
2442
2451
2541
2443
2452
2542
2444
2453
2543
2445
2454
2544
2446
2455
2545
2447
2456
2546
2448
2457
2547
2449
2458
2548
2459
2549
10440
2451
2460
2550
3405
2452
2461
2551
2453
2462
2552
2454
2463
2553
2455
2464
2554
2456
2465
2555
2457
2466
2556
2458
2467
2557
2459
2468
2558
2469
2559
10450
2461
2470
2560
3406
2462
2471
2561
2463
2472
2562
2464
2473
2563
2465
2474
2564
2466
2475
2565
2467
2476
2566
2468
2477
2567
2469
2478
2568
2479
2569
10460
2471
2480
2570
3407
2472
2481
2571
2473
2482
2572
2474
2483
2573
2475
2484
2574
2476
2485
2575
2477
2486
2576
2478
2487
2577
2479
2488
2578
2489
2579
10470
2481
2490
2580
3408
2482
2491
2581
2483
2492
2582
2484
2493
2583
2485
2494
2584
2486
2495
2585
2487
2496
2586
2488
2497
2587
2489
2498
2588
2499
2589
10480
2491
2590
3409
11490
2492
2591
11480
2493
2592
11470
2494
2593
11460
2495
2594
11450
2496
2595
11440
2497
2596
11430
2498
2597
11420
2499
2598
11410
2599
10490
11400
2501
2510
2600
3500
2502
2511
2601
2503
2512
2602
2504
2513
2603
2505
2514
2604
2506
2515
2605
2507
2516
2606
2508
2517
2607
2509
2518
2608
2519
2609
10500
2511
2520
2610
3501
2512
2521
2611
2513
2522
2612
2514
2523
2613
2515
2524
2614
2516
2525
2615
2517
2526
2616
2518
2527
2617
2519
2528
2618
2529
2619
10510
2521
2530
2620
3502
2522
2531
2621
2523
2532
2622
2524
2533
2623
2525
2534
2624
2526
2535
2625
2527
2536
2626
2528
2537
2627
2529
2538
2628
2539
2629
10520
2531
2540
2630
3503
2532
2541
2631
2533
2542
2632
2534
2543
2633
2535
2544
2634
2536
2545
2635
2537
2546
2636
2538
2547
2637
2539
2548
2638
2549
2639
10530
2541
2550
2640
3504
2542
2551
2641
2543
2552
2642
2544
2553
2643
2545
2554
2644
2546
2555
2645
2547
2556
2646
2548
2557
2647
2549
2558
2648
2559
2649
10540
2551
2560
2650
3505
2552
2561
2651
2553
2562
2652
2554
2563
2653
2555
2564
2654
2556
2565
2655
2557
2566
2656
2558
2567
2657
2559
2568
2658
2569
2659
10550
2561
2570
2660
3506
2562
2571
2661
2563
2572
2662
2564
2573
2663
2565
2574
2664
2566
2575
2665
2567
2576
2666
2568
2577
2667
2569
2578
2668
2579
2669
10560
2571
2580
2670
3507
2572
2581
2671
2573
2582
2672
2574
2583
2673
2575
2584
2674
2576
2585
2675
2577
2586
2676
2578
2587
2677
2579
2588
2678
2589
2679
10570
2581
2590
2680
3508
2582
2591
2681
2583
2592
2682
2584
2593
2683
2585
2594
2684
2586
2595
2685
2587
2596
2686
2588
2597
2687
2589
2598
2688
2599
2689
10580
2591
2690
3509
11590
2592
2691
11580
2593
2692
11570
2594
2693
11560
2595
2694
11550
2596
2695
11540
2597
2696
11530
2598
2697
11520
2599
2698
11510
2699
10590
11500
2601
2610
2700
3600
2602
2611
2701
2603
2612
2702
2604
2613
2703
2605
2614
2704
2606
2615
2705
2607
2616
2706
2608
2617
2707
2609
2618
2708
2619
2709
10600
2611
2620
2710
3601
2612
2621
2711
2613
2622
2712
2614
2623
2713
2615
2624
2714
2616
2625
2715
2617
2626
2716
2618
2627
2717
2619
2628
2718
2629
2719
10610
2621
2630
2720
3602
2622
2631
2721
2623
2632
2722
2624
2633
2723
2625
2634
2724
2626
2635
2725
2627
2636
2726
2628
2637
2727
2629
2638
2728
2639
2729
10620
2631
2640
2730
3603
2632
2641
2731
2633
2642
2732
2634
2643
2733
2635
2644
2734
2636
2645
2735
2637
2646
2736
2638
2647
2737
2639
2648
2738
2649
2739
10630
2641
2650
2740
3604
2642
2651
2741
2643
2652
2742
2644
2653
2743
2645
2654
2744
2646
2655
2745
2647
2656
2746
2648
2657
2747
2649
2658
2748
2659
2749
10640
2651
2660
2750
3605
2652
2661
2751
2653
2662
2752
2654
2663
2753
2655
2664
2754
2656
2665
2755
2657
2666
2756
2658
2667
2757
2659
2668
2758
2669
2759
10650
2661
2670
2760
3606
2662
2671
2761
2663
2672
2762
2664
2673
2763
2665
2674
2764
2666
2675
2765
2667
2676
2766
2668
2677
2767
2669
2678
2768
2679
2769
10660
2671
2680
2770
3607
2672
2681
2771
2673
2682
2772
2674
2683
2773
2675
2684
2774
2676
2685
2775
2677
2686
2776
2678
2687
2777
2679
2688
2778
2689
2779
10670
2681
2690
2780
3608
2682
2691
2781
2683
2692
2782
2684
2693
2783
2685
2694
2784
2686
2695
2785
2687
2696
2786
2688
2697
2787
2689
2698
2788
2699
2789
10680
2691
2790
3609
11690
2692
2791
11680
2693
2792
11670
2694
2793
11660
2695
2794
11650
2696
2795
11640
2697
2796
11630
2698
2797
11620
2699
2798
11610
2799
10690
11600
2701
2710
2800
3700
2702
2711
2801
2703
2712
2802
2704
2713
2803
2705
2714
2804
2706
2715
2805
2707
2716
2806
2708
2717
2807
2709
2718
2808
2719
2809
10700
2711
2720
2810
3701
2712
2721
2811
2713
2722
2812
2714
2723
2813
2715
2724
2814
2716
2725
2815
2717
2726
2816
2718
2727
2817
2719
2728
2818
2729
2819
10710
2721
2730
2820
3702
2722
2731
2821
2723
2732
2822
2724
2733
2823
2725
2734
2824
2726
2735
2825
2727
2736
2826
2728
2737
2827
2729
2738
2828
2739
2829
10720
2731
2740
2830
3703
2732
2741
2831
2733
2742
2832
2734
2743
2833
2735
2744
2834
2736
2745
2835
2737
2746
2836
2738
2747
2837
2739
2748
2838
2749
2839
10730
2741
2750
2840
3704
2742
2751
2841
2743
2752
2842
2744
2753
2843
2745
2754
2844
2746
2755
2845
2747
2756
2846
2748
2757
2847
2749
2758
2848
2759
2849
10740
2751
2760
2850
3705
2752
2761
2851
2753
2762
2852
2754
2763
2853
2755
2764
2854
2756
2765
2855
2757
2766
2856
2758
2767
2857
2759
2768
2858
2769
2859
10750
2761
2770
2860
3706
2762
2771
2861
2763
2772
2862
2764
2773
2863
2765
2774
2864
2766
2775
2865
2767
2776
2866
2768
2777
2867
2769
2778
2868
2779
2869
10760
2771
2780
2870
3707
2772
2781
2871
2773
2782
2872
2774
2783
2873
2775
2784
2874
2776
2785
2875
2777
2786
2876
2778
2787
2877
2779
2788
2878
2789
2879
10770
2781
2790
2880
3708
2782
2791
2881
2783
2792
2882
2784
2793
2883
2785
2794
2884
2786
2795
2885
2787
2796
2886
2788
2797
2887
2789
2798
2888
2799
2889
10780
2791
2890
3709
11790
2792
2891
11780
2793
2892
11770
2794
2893
11760
2795
2894
11750
2796
2895
11740
2797
2896
11730
2798
2897
11720
2799
2898
11710
2899
10790
11700
2801
2810
2900
3800
2802
2811
2901
2803
2812
2902
2804
2813
2903
2805
2814
2904
2806
2815
2905
2807
2816
2906
2808
2817
2907
2809
2818
2908
2819
2909
10800
2811
2820
2910
3801
2812
2821
2911
2813
2822
2912
2814
2823
2913
2815
2824
2914
2816
2825
2915
2817
2826
2916
2818
2827
2917
2819
2828
2918
2829
2919
10810
2821
2830
2920
3802
2822
2831
2921
2823
2832
2922
2824
2833
2923
2825
2834
2924
2826
2835
2925
2827
2836
2926
2828
2837
2927
2829
2838
2928
2839
2929
10820
2831
2840
2930
3803
2832
2841
2931
2833
2842
2932
2834
2843
2933
2835
2844
2934
2836
2845
2935
2837
2846
2936
2838
2847
2937
2839
2848
2938
2849
2939
10830
2841
2850
2940
3804
2842
2851
2941
2843
2852
2942
2844
2853
2943
2845
2854
2944
2846
2855
2945
2847
2856
2946
2848
2857
2947
2849
2858
2948
2859
2949
10840
2851
2860
2950
3805
2852
2861
2951
2853
2862
2952
2854
2863
2953
2855
2864
2954
2856
2865
2955
2857
2866
2956
2858
2867
2957
2859
2868
2958
2869
2959
10850
2861
2870
2960
3806
2862
2871
2961
2863
2872
2962
2864
2873
2963
2865
2874
2964
2866
2875
2965
2867
2876
2966
2868
2877
2967
2869
2878
2968
2879
2969
10860
2871
2880
2970
3807
2872
2881
2971
2873
2882
2972
2874
2883
2973
2875
2884
2974
2876
2885
2975
2877
2886
2976
2878
2887
2977
2879
2888
2978
2889
2979
10870
2881
2890
2980
3808
2882
2891
2981
2883
2892
2982
2884
2893
2983
2885
2894
2984
2886
2895
2985
2887
2896
2986
2888
2897
2987
2889
2898
2988
2899
2989
10880
2891
2990
3809
11890
2892
2991
11880
2893
2992
11870
2894
2993
11860
2895
2994
11850
2896
2995
11840
2897
2996
11830
2898
2997
11820
2899
2998
11810
2999
10890
11800
2901
2910
3900
12900
2902
2911
12800
2903
2912
12700
2904
2913
12600
2905
2914
12500
2906
2915
12400
2907
2916
12300
2908
2917
12200
2909
2918
12100
2919
10900
12000
2911
2920
3901
12910
2912
2921
12810
2913
2922
12710
2914
2923
12610
2915
2924
12510
2916
2925
12410
2917
2926
12310
2918
2927
12210
2919
2928
12110
2929
10910
12010
2921
2930
3902
12920
2922
2931
12820
2923
2932
12720
2924
2933
12620
2925
2934
12520
2926
2935
12420
2927
2936
12320
2928
2937
12220
2929
2938
12120
2939
10920
12020
2931
2940
3903
12930
2932
2941
12830
2933
2942
12730
2934
2943
12630
2935
2944
12530
2936
2945
12430
2937
2946
12330
2938
2947
12230
2939
2948
12130
2949
10930
12030
2941
2950
3904
12940
2942
2951
12840
2943
2952
12740
2944
2953
12640
2945
2954
12540
2946
2955
12440
2947
2956
12340
2948
2957
12240
2949
2958
12140
2959
10940
12040
2951
2960
3905
12950
2952
2961
12850
2953
2962
12750
2954
2963
12650
2955
2964
12550
2956
2965
12450
2957
2966
12350
2958
2967
12250
2959
2968
12150
2969
10950
12050
2961
2970
3906
12960
2962
2971
12860
2963
2972
12760
2964
2973
12660
2965
2974
12560
2966
2975
12460
2967
2976
12360
2968
2977
12260
2969
2978
12160
2979
10960
12060
2971
2980
3907
12970
2972
2981
12870
2973
2982
12770
2974
2983
12670
2975
2984
12570
2976
2985
12470
2977
2986
12370
2978
2987
12270
2979
2988
12170
2989
10970
12070
2981
2990
3908
12980
2982
2991
12880
2983
2992
12780
2984
2993
12680
2985
2994
12580
2986
2995
12480
2987
2996
12380
2988
2997
12280
2989
2998
12180
2999
10980
12080
2991
3909
11990
12990
2992
11980
12890
2993
11970
12790
2994
11960
12690
2995
11950
12590
2996
11940
12490
2997
11930
12390
2998
11920
12290
2999
11910
12190
10990
11900
12090
3001
3010
3100
16000
3002
3011
3101
16010
3003
3012
3102
16020
3004
3013
3103
16030
3005
3014
3104
16040
3006
3015
3105
16050
3007
3016
3106
16060
3008
3017
3107
16070
3009
3018
3108
16080
3019
3109
13000
16090
3011
3020
3110
16001
3012
3021
3111
16011
3013
3022
3112
16021
3014
3023
3113
16031
3015
3024
3114
16041
3016
3025
3115
16051
3017
3026
3116
16061
3018
3027
3117
16071
3019
3028
3118
16081
3029
3119
13010
16091
3021
3030
3120
16002
3022
3031
3121
16012
3023
3032
3122
16022
3024
3033
3123
16032
3025
3034
3124
16042
3026
3035
3125
16052
3027
3036
3126
16062
3028
3037
3127
16072
3029
3038
3128
16082
3039
3129
13020
16092
3031
3040
3130
16003
3032
3041
3131
16013
3033
3042
3132
16023
3034
3043
3133
16033
3035
3044
3134
16043
3036
3045
3135
16053
3037
3046
3136
16063
3038
3047
3137
16073
3039
3048
3138
16083
3049
3139
13030
16093
3041
3050
3140
16004
3042
3051
3141
16014
3043
3052
3142
16024
3044
3053
3143
16034
3045
3054
3144
16044
3046
3055
3145
16054
3047
3056
3146
16064
3048
3057
3147
16074
3049
3058
3148
16084
3059
3149
13040
16094
3051
3060
3150
16005
3052
3061
3151
16015
3053
3062
3152
16025
3054
3063
3153
16035
3055
3064
3154
16045
3056
3065
3155
16055
3057
3066
3156
16065
3058
3067
3157
16075
3059
3068
3158
16085
3069
3159
13050
16095
3061
3070
3160
16006
3062
3071
3161
16016
3063
3072
3162
16026
3064
3073
3163
16036
3065
3074
3164
16046
3066
3075
3165
16056
3067
3076
3166
16066
3068
3077
3167
16076
3069
3078
3168
16086
3079
3169
13060
16096
3071
3080
3170
16007
3072
3081
3171
16017
3073
3082
3172
16027
3074
3083
3173
16037
3075
3084
3174
16047
3076
3085
3175
16057
3077
3086
3176
16067
3078
3087
3177
16077
3079
3088
3178
16087
3089
3179
13070
16097
3081
3090
3180
16008
3082
3091
3181
16018
3083
3092
3182
16028
3084
3093
3183
16038
3085
3094
3184
16048
3086
3095
3185
16058
3087
3096
3186
16068
3088
3097
3187
16078
3089
3098
3188
16088
3099
3189
13080
16098
3091
3190
14090
16009
3092
3191
14080
16019
3093
3192
14070
16029
3094
3193
14060
16039
3095
3194
14050
16049
3096
3195
14040
16059
3097
3196
14030
16069
3098
3197
14020
16079
3099
3198
14010
16089
3199
13090
14000
16099
3101
3110
3200
3102
3111
3201
3103
3112
3202
3104
3113
3203
3105
3114
3204
3106
3115
3205
3107
3116
3206
3108
3117
3207
3109
3118
3208
3119
3209
13100
3111
3120
3210
3112
3121
3211
3113
3122
3212
3114
3123
3213
3115
3124
3214
3116
3125
3215
3117
3126
3216
3118
3127
3217
3119
3128
3218
3129
3219
13110
3121
3130
3220
3122
3131
3221
3123
3132
3222
3124
3133
3223
3125
3134
3224
3126
3135
3225
3127
3136
3226
3128
3137
3227
3129
3138
3228
3139
3229
13120
3131
3140
3230
3132
3141
3231
3133
3142
3232
3134
3143
3233
3135
3144
3234
3136
3145
3235
3137
3146
3236
3138
3147
3237
3139
3148
3238
3149
3239
13130
3141
3150
3240
3142
3151
3241
3143
3152
3242
3144
3153
3243
3145
3154
3244
3146
3155
3245
3147
3156
3246
3148
3157
3247
3149
3158
3248
3159
3249
13140
3151
3160
3250
3152
3161
3251
3153
3162
3252
3154
3163
3253
3155
3164
3254
3156
3165
3255
3157
3166
3256
3158
3167
3257
3159
3168
3258
3169
3259
13150
3161
3170
3260
3162
3171
3261
3163
3172
3262
3164
3173
3263
3165
3174
3264
3166
3175
3265
3167
3176
3266
3168
3177
3267
3169
3178
3268
3179
3269
13160
3171
3180
3270
3172
3181
3271
3173
3182
3272
3174
3183
3273
3175
3184
3274
3176
3185
3275
3177
3186
3276
3178
3187
3277
3179
3188
3278
3189
3279
13170
3181
3190
3280
3182
3191
3281
3183
3192
3282
3184
3193
3283
3185
3194
3284
3186
3195
3285
3187
3196
3286
3188
3197
3287
3189
3198
3288
3199
3289
13180
3191
3290
14190
3192
3291
14180
3193
3292
14170
3194
3293
14160
3195
3294
14150
3196
3295
14140
3197
3296
14130
3198
3297
14120
3199
3298
14110
3299
13190
14100
3201
3210
3300
3202
3211
3301
3203
3212
3302
3204
3213
3303
3205
3214
3304
3206
3215
3305
3207
3216
3306
3208
3217
3307
3209
3218
3308
3219
3309
13200
3211
3220
3310
3212
3221
3311
3213
3222
3312
3214
3223
3313
3215
3224
3314
3216
3225
3315
3217
3226
3316
3218
3227
3317
3219
3228
3318
3229
3319
13210
3221
3230
3320
3222
3231
3321
3223
3232
3322
3224
3233
3323
3225
3234
3324
3226
3235
3325
3227
3236
3326
3228
3237
3327
3229
3238
3328
3239
3329
13220
3231
3240
3330
3232
3241
3331
3233
3242
3332
3234
3243
3333
3235
3244
3334
3236
3245
3335
3237
3246
3336
3238
3247
3337
3239
3248
3338
3249
3339
13230
3241
3250
3340
3242
3251
3341
3243
3252
3342
3244
3253
3343
3245
3254
3344
3246
3255
3345
3247
3256
3346
3248
3257
3347
3249
3258
3348
3259
3349
13240
3251
3260
3350
3252
3261
3351
3253
3262
3352
3254
3263
3353
3255
3264
3354
3256
3265
3355
3257
3266
3356
3258
3267
3357
3259
3268
3358
3269
3359
13250
3261
3270
3360
3262
3271
3361
3263
3272
3362
3264
3273
3363
3265
3274
3364
3266
3275
3365
3267
3276
3366
3268
3277
3367
3269
3278
3368
3279
3369
13260
3271
3280
3370
3272
3281
3371
3273
3282
3372
3274
3283
3373
3275
3284
3374
3276
3285
3375
3277
3286
3376
3278
3287
3377
3279
3288
3378
3289
3379
13270
3281
3290
3380
3282
3291
3381
3283
3292
3382
3284
3293
3383
3285
3294
3384
3286
3295
3385
3287
3296
3386
3288
3297
3387
3289
3298
3388
3299
3389
13280
3291
3390
14290
3292
3391
14280
3293
3392
14270
3294
3393
14260
3295
3394
14250
3296
3395
14240
3297
3396
14230
3298
3397
14220
3299
3398
14210
3399
13290
14200
3301
3310
3400
3302
3311
3401
3303
3312
3402
3304
3313
3403
3305
3314
3404
3306
3315
3405
3307
3316
3406
3308
3317
3407
3309
3318
3408
3319
3409
13300
3311
3320
3410
3312
3321
3411
3313
3322
3412
3314
3323
3413
3315
3324
3414
3316
3325
3415
3317
3326
3416
3318
3327
3417
3319
3328
3418
3329
3419
13310
3321
3330
3420
3322
3331
3421
3323
3332
3422
3324
3333
3423
3325
3334
3424
3326
3335
3425
3327
3336
3426
3328
3337
3427
3329
3338
3428
3339
3429
13320
3331
3340
3430
3332
3341
3431
3333
3342
3432
3334
3343
3433
3335
3344
3434
3336
3345
3435
3337
3346
3436
3338
3347
3437
3339
3348
3438
3349
3439
13330
3341
3350
3440
3342
3351
3441
3343
3352
3442
3344
3353
3443
3345
3354
3444
3346
3355
3445
3347
3356
3446
3348
3357
3447
3349
3358
3448
3359
3449
13340
3351
3360
3450
3352
3361
3451
3353
3362
3452
3354
3363
3453
3355
3364
3454
3356
3365
3455
3357
3366
3456
3358
3367
3457
3359
3368
3458
3369
3459
13350
3361
3370
3460
3362
3371
3461
3363
3372
3462
3364
3373
3463
3365
3374
3464
3366
3375
3465
3367
3376
3466
3368
3377
3467
3369
3378
3468
3379
3469
13360
3371
3380
3470
3372
3381
3471
3373
3382
3472
3374
3383
3473
3375
3384
3474
3376
3385
3475
3377
3386
3476
3378
3387
3477
3379
3388
3478
3389
3479
13370
3381
3390
3480
3382
3391
3481
3383
3392
3482
3384
3393
3483
3385
3394
3484
3386
3395
3485
3387
3396
3486
3388
3397
3487
3389
3398
3488
3399
3489
13380
3391
3490
14390
3392
3491
14380
3393
3492
14370
3394
3493
14360
3395
3494
14350
3396
3495
14340
3397
3496
14330
3398
3497
14320
3399
3498
14310
3499
13390
14300
3401
3410
3500
3402
3411
3501
3403
3412
3502
3404
3413
3503
3405
3414
3504
3406
3415
3505
3407
3416
3506
3408
3417
3507
3409
3418
3508
3419
3509
13400
3411
3420
3510
3412
3421
3511
3413
3422
3512
3414
3423
3513
3415
3424
3514
3416
3425
3515
3417
3426
3516
3418
3427
3517
3419
3428
3518
3429
3519
13410
3421
3430
3520
3422
3431
3521
3423
3432
3522
3424
3433
3523
3425
3434
3524
3426
3435
3525
3427
3436
3526
3428
3437
3527
3429
3438
3528
3439
3529
13420
3431
3440
3530
3432
3441
3531
3433
3442
3532
3434
3443
3533
3435
3444
3534
3436
3445
3535
3437
3446
3536
3438
3447
3537
3439
3448
3538
3449
3539
13430
3441
3450
3540
3442
3451
3541
3443
3452
3542
3444
3453
3543
3445
3454
3544
3446
3455
3545
3447
3456
3546
3448
3457
3547
3449
3458
3548
3459
3549
13440
3451
3460
3550
3452
3461
3551
3453
3462
3552
3454
3463
3553
3455
3464
3554
3456
3465
3555
3457
3466
3556
3458
3467
3557
3459
3468
3558
3469
3559
13450
3461
3470
3560
3462
3471
3561
3463
3472
3562
3464
3473
3563
3465
3474
3564
3466
3475
3565
3467
3476
3566
3468
3477
3567
3469
3478
3568
3479
3569
13460
3471
3480
3570
3472
3481
3571
3473
3482
3572
3474
3483
3573
3475
3484
3574
3476
3485
3575
3477
3486
3576
3478
3487
3577
3479
3488
3578
3489
3579
13470
3481
3490
3580
3482
3491
3581
3483
3492
3582
3484
3493
3583
3485
3494
3584
3486
3495
3585
3487
3496
3586
3488
3497
3587
3489
3498
3588
3499
3589
13480
3491
3590
14490
3492
3591
14480
3493
3592
14470
3494
3593
14460
3495
3594
14450
3496
3595
14440
3497
3596
14430
3498
3597
14420
3499
3598
14410
3599
13490
14400
3501
3510
3600
3502
3511
3601
3503
3512
3602
3504
3513
3603
3505
3514
3604
3506
3515
3605
3507
3516
3606
3508
3517
3607
3509
3518
3608
3519
3609
13500
3511
3520
3610
3512
3521
3611
3513
3522
3612
3514
3523
3613
3515
3524
3614
3516
3525
3615
3517
3526
3616
3518
3527
3617
3519
3528
3618
3529
3619
13510
3521
3530
3620
3522
3531
3621
3523
3532
3622
3524
3533
3623
3525
3534
3624
3526
3535
3625
3527
3536
3626
3528
3537
3627
3529
3538
3628
3539
3629
13520
3531
3540
3630
3532
3541
3631
3533
3542
3632
3534
3543
3633
3535
3544
3634
3536
3545
3635
3537
3546
3636
3538
3547
3637
3539
3548
3638
3549
3639
13530
3541
3550
3640
3542
3551
3641
3543
3552
3642
3544
3553
3643
3545
3554
3644
3546
3555
3645
3547
3556
3646
3548
3557
3647
3549
3558
3648
3559
3649
13540
3551
3560
3650
3552
3561
3651
3553
3562
3652
3554
3563
3653
3555
3564
3654
3556
3565
3655
3557
3566
3656
3558
3567
3657
3559
3568
3658
3569
3659
13550
3561
3570
3660
3562
3571
3661
3563
3572
3662
3564
3573
3663
3565
3574
3664
3566
3575
3665
3567
3576
3666
3568
3577
3667
3569
3578
3668
3579
3669
13560
3571
3580
3670
3572
3581
3671
3573
3582
3672
3574
3583
3673
3575
3584
3674
3576
3585
3675
3577
3586
3676
3578
3587
3677
3579
3588
3678
3589
3679
13570
3581
3590
3680
3582
3591
3681
3583
3592
3682
3584
3593
3683
3585
3594
3684
3586
3595
3685
3587
3596
3686
3588
3597
3687
3589
3598
3688
3599
3689
13580
3591
3690
14590
3592
3691
14580
3593
3692
14570
3594
3693
14560
3595
3694
14550
3596
3695
14540
3597
3696
14530
3598
3697
14520
3599
3698
14510
3699
13590
14500
3601
3610
3700
3602
3611
3701
3603
3612
3702
3604
3613
3703
3605
3614
3704
3606
3615
3705
3607
3616
3706
3608
3617
3707
3609
3618
3708
3619
3709
13600
3611
3620
3710
3612
3621
3711
3613
3622
3712
3614
3623
3713
3615
3624
3714
3616
3625
3715
3617
3626
3716
3618
3627
3717
3619
3628
3718
3629
3719
13610
3621
3630
3720
3622
3631
3721
3623
3632
3722
3624
3633
3723
3625
3634
3724
3626
3635
3725
3627
3636
3726
3628
3637
3727
3629
3638
3728
3639
3729
13620
3631
3640
3730
3632
3641
3731
3633
3642
3732
3634
3643
3733
3635
3644
3734
3636
3645
3735
3637
3646
3736
3638
3647
3737
3639
3648
3738
3649
3739
13630
3641
3650
3740
3642
3651
3741
3643
3652
3742
3644
3653
3743
3645
3654
3744
3646
3655
3745
3647
3656
3746
3648
3657
3747
3649
3658
3748
3659
3749
13640
3651
3660
3750
3652
3661
3751
3653
3662
3752
3654
3663
3753
3655
3664
3754
3656
3665
3755
3657
3666
3756
3658
3667
3757
3659
3668
3758
3669
3759
13650
3661
3670
3760
3662
3671
3761
3663
3672
3762
3664
3673
3763
3665
3674
3764
3666
3675
3765
3667
3676
3766
3668
3677
3767
3669
3678
3768
3679
3769
13660
3671
3680
3770
3672
3681
3771
3673
3682
3772
3674
3683
3773
3675
3684
3774
3676
3685
3775
3677
3686
3776
3678
3687
3777
3679
3688
3778
3689
3779
13670
3681
3690
3780
3682
3691
3781
3683
3692
3782
3684
3693
3783
3685
3694
3784
3686
3695
3785
3687
3696
3786
3688
3697
3787
3689
3698
3788
3699
3789
13680
3691
3790
14690
3692
3791
14680
3693
3792
14670
3694
3793
14660
3695
3794
14650
3696
3795
14640
3697
3796
14630
3698
3797
14620
3699
3798
14610
3799
13690
14600
3701
3710
3800
3702
3711
3801
3703
3712
3802
3704
3713
3803
3705
3714
3804
3706
3715
3805
3707
3716
3806
3708
3717
3807
3709
3718
3808
3719
3809
13700
3711
3720
3810
3712
3721
3811
3713
3722
3812
3714
3723
3813
3715
3724
3814
3716
3725
3815
3717
3726
3816
3718
3727
3817
3719
3728
3818
3729
3819
13710
3721
3730
3820
3722
3731
3821
3723
3732
3822
3724
3733
3823
3725
3734
3824
3726
3735
3825
3727
3736
3826
3728
3737
3827
3729
3738
3828
3739
3829
13720
3731
3740
3830
3732
3741
3831
3733
3742
3832
3734
3743
3833
3735
3744
3834
3736
3745
3835
3737
3746
3836
3738
3747
3837
3739
3748
3838
3749
3839
13730
3741
3750
3840
3742
3751
3841
3743
3752
3842
3744
3753
3843
3745
3754
3844
3746
3755
3845
3747
3756
3846
3748
3757
3847
3749
3758
3848
3759
3849
13740
3751
3760
3850
3752
3761
3851
3753
3762
3852
3754
3763
3853
3755
3764
3854
3756
3765
3855
3757
3766
3856
3758
3767
3857
3759
3768
3858
3769
3859
13750
3761
3770
3860
3762
3771
3861
3763
3772
3862
3764
3773
3863
3765
3774
3864
3766
3775
3865
3767
3776
3866
3768
3777
3867
3769
3778
3868
3779
3869
13760
3771
3780
3870
3772
3781
3871
3773
3782
3872
3774
3783
3873
3775
3784
3874
3776
3785
3875
3777
3786
3876
3778
3787
3877
3779
3788
3878
3789
3879
13770
3781
3790
3880
3782
3791
3881
3783
3792
3882
3784
3793
3883
3785
3794
3884
3786
3795
3885
3787
3796
3886
3788
3797
3887
3789
3798
3888
3799
3889
13780
3791
3890
14790
3792
3891
14780
3793
3892
14770
3794
3893
14760
3795
3894
14750
3796
3895
14740
3797
3896
14730
3798
3897
14720
3799
3898
14710
3899
13790
14700
3801
3810
3900
3802
3811
3901
3803
3812
3902
3804
3813
3903
3805
3814
3904
3806
3815
3905
3807
3816
3906
3808
3817
3907
3809
3818
3908
3819
3909
13800
3811
3820
3910
3812
3821
3911
3813
3822
3912
3814
3823
3913
3815
3824
3914
3816
3825
3915
3817
3826
3916
3818
3827
3917
3819
3828
3918
3829
3919
13810
3821
3830
3920
3822
3831
3921
3823
3832
3922
3824
3833
3923
3825
3834
3924
3826
3835
3925
3827
3836
3926
3828
3837
3927
3829
3838
3928
3839
3929
13820
3831
3840
3930
3832
3841
3931
3833
3842
3932
3834
3843
3933
3835
3844
3934
3836
3845
3935
3837
3846
3936
3838
3847
3937
3839
3848
3938
3849
3939
13830
3841
3850
3940
3842
3851
3941
3843
3852
3942
3844
3853
3943
3845
3854
3944
3846
3855
3945
3847
3856
3946
3848
3857
3947
3849
3858
3948
3859
3949
13840
3851
3860
3950
3852
3861
3951
3853
3862
3952
3854
3863
3953
3855
3864
3954
3856
3865
3955
3857
3866
3956
3858
3867
3957
3859
3868
3958
3869
3959
13850
3861
3870
3960
3862
3871
3961
3863
3872
3962
3864
3873
3963
3865
3874
3964
3866
3875
3965
3867
3876
3966
3868
3877
3967
3869
3878
3968
3879
3969
13860
3871
3880
3970
3872
3881
3971
3873
3882
3972
3874
3883
3973
3875
3884
3974
3876
3885
3975
3877
3886
3976
3878
3887
3977
3879
3888
3978
3889
3979
13870
3881
3890
3980
3882
3891
3981
3883
3892
3982
3884
3893
3983
3885
3894
3984
3886
3895
3985
3887
3896
3986
3888
3897
3987
3889
3898
3988
3899
3989
13880
3891
3990
14890
3892
3991
14880
3893
3992
14870
3894
3993
14860
3895
3994
14850
3896
3995
14840
3897
3996
14830
3898
3997
14820
3899
3998
14810
3999
13890
14800
3901
3910
15900
3902
3911
15800
3903
3912
15700
3904
3913
15600
3905
3914
15500
3906
3915
15400
3907
3916
15300
3908
3917
15200
3909
3918
15100
3919
13900
15000
3911
3920
15910
3912
3921
15810
3913
3922
15710
3914
3923
15610
3915
3924
15510
3916
3925
15410
3917
3926
15310
3918
3927
15210
3919
3928
15110
3929
13910
15010
3921
3930
15920
3922
3931
15820
3923
3932
15720
3924
3933
15620
3925
3934
15520
3926
3935
15420
3927
3936
15320
3928
3937
15220
3929
3938
15120
3939
13920
15020
3931
3940
15930
3932
3941
15830
3933
3942
15730
3934
3943
15630
3935
3944
15530
3936
3945
15430
3937
3946
15330
3938
3947
15230
3939
3948
15130
3949
13930
15030
3941
3950
15940
3942
3951
15840
3943
3952
15740
3944
3953
15640
3945
3954
15540
3946
3955
15440
3947
3956
15340
3948
3957
15240
3949
3958
15140
3959
13940
15040
3951
3960
15950
3952
3961
15850
3953
3962
15750
3954
3963
15650
3955
3964
15550
3956
3965
15450
3957
3966
15350
3958
3967
15250
3959
3968
15150
3969
13950
15050
3961
3970
15960
3962
3971
15860
3963
3972
15760
3964
3973
15660
3965
3974
15560
3966
3975
15460
3967
3976
15360
3968
3977
15260
3969
3978
15160
3979
13960
15060
3971
3980
15970
3972
3981
15870
3973
3982
15770
3974
3983
15670
3975
3984
15570
3976
3985
15470
3977
3986
15370
3978
3987
15270
3979
3988
15170
3989
13970
15070
3981
3990
15980
3982
3991
15880
3983
3992
15780
3984
3993
15680
3985
3994
15580
3986
3995
15480
3987
3996
15380
3988
3997
15280
3989
3998
15180
3999
13980
15080
3991
14990
15990
3992
14980
15890
3993
14970
15790
3994
14960
15690
3995
14950
15590
3996
14940
15490
3997
14930
15390
3998
14920
15290
3999
14910
15190
13990
14900
15090
4001
4010
4100
14090
30090
4002
4011
4101
14091
30091
4003
4012
4102
14092
30092
4004
4013
4103
14093
30093
4005
4014
4104
14094
30094
4006
4015
4105
14095
30095
4007
4016
4106
14096
30096
4008
4017
4107
14097
30097
4009
4018
4108
14098
30098
4019
4109
14099
30099
4011
4020
4110
30080
4012
4021
4111
30081
4013
4022
4112
30082
4014
4023
4113
30083
4015
4024
4114
30084
4016
4025
4115
30085
4017
4026
4116
30086
4018
4027
4117
30087
4019
4028
4118
30088
4029
4119
30089
4021
4030
4120
30070
4022
4031
4121
30071
4023
4032
4122
30072
4024
4033
4123
30073
4025
4034
4124
30074
4026
4035
4125
30075
4027
4036
4126
30076
4028
4037
4127
30077
4029
4038
4128
30078
4039
4129
30079
4031
4040
4130
30060
4032
4041
4131
30061
4033
4042
4132
30062
4034
4043
4133
30063
4035
4044
4134
30064
4036
4045
4135
30065
4037
4046
4136
30066
4038
4047
4137
30067
4039
4048
4138
30068
4049
4139
30069
4041
4050
4140
30050
4042
4051
4141
30051
4043
4052
4142
30052
4044
4053
4143
30053
4045
4054
4144
30054
4046
4055
4145
30055
4047
4056
4146
30056
4048
4057
4147
30057
4049
4058
4148
30058
4059
4149
30059
4051
4060
4150
30040
4052
4061
4151
30041
4053
4062
4152
30042
4054
4063
4153
30043
4055
4064
4154
30044
4056
4065
4155
30045
4057
4066
4156
30046
4058
4067
4157
30047
4059
4068
4158
30048
4069
4159
30049
4061
4070
4160
30030
4062
4071
4161
30031
4063
4072
4162
30032
4064
4073
4163
30033
4065
4074
4164
30034
4066
4075
4165
30035
4067
4076
4166
30036
4068
4077
4167
30037
4069
4078
4168
30038
4079
4169
30039
4071
4080
4170
30020
4072
4081
4171
30021
4073
4082
4172
30022
4074
4083
4173
30023
4075
4084
4174
30024
4076
4085
4175
30025
4077
4086
4176
30026
4078
4087
4177
30027
4079
4088
4178
30028
4089
4179
30029
4081
4090
4180
30010
4082
4091
4181
30011
4083
4092
4182
30012
4084
4093
4183
30013
4085
4094
4184
30014
4086
4095
4185
30015
4087
4096
4186
30016
4088
4097
4187
30017
4089
4098
4188
30018
4099
4189
30019
4091
4190
5000
30000
4092
4191
5001
30001
4093
4192
5002
30002
4094
4193
5003
30003
4095
4194
5004
30004
4096
4195
5005
30005
4097
4196
5006
30006
4098
4197
5007
30007
4099
4198
5008
30008
4199
5009
30009
4101
4110
4200
14190
4102
4111
4201
14191
4103
4112
4202
14192
4104
4113
4203
14193
4105
4114
4204
14194
4106
4115
4205
14195
4107
4116
4206
14196
4108
4117
4207
14197
4109
4118
4208
14198
4119
4209
14199
4111
4120
4210
4112
4121
4211
4113
4122
4212
4114
4123
4213
4115
4124
4214
4116
4125
4215
4117
4126
4216
4118
4127
4217
4119
4128
4218
4129
4219
4121
4130
4220
4122
4131
4221
4123
4132
4222
4124
4133
4223
4125
4134
4224
4126
4135
4225
4127
4136
4226
4128
4137
4227
4129
4138
4228
4139
4229
4131
4140
4230
4132
4141
4231
4133
4142
4232
4134
4143
4233
4135
4144
4234
4136
4145
4235
4137
4146
4236
4138
4147
4237
4139
4148
4238
4149
4239
4141
4150
4240
4142
4151
4241
4143
4152
4242
4144
4153
4243
4145
4154
4244
4146
4155
4245
4147
4156
4246
4148
4157
4247
4149
4158
4248
4159
4249
4151
4160
4250
4152
4161
4251
4153
4162
4252
4154
4163
4253
4155
4164
4254
4156
4165
4255
4157
4166
4256
4158
4167
4257
4159
4168
4258
4169
4259
4161
4170
4260
4162
4171
4261
4163
4172
4262
4164
4173
4263
4165
4174
4264
4166
4175
4265
4167
4176
4266
4168
4177
4267
4169
4178
4268
4179
4269
4171
4180
4270
4172
4181
4271
4173
4182
4272
4174
4183
4273
4175
4184
4274
4176
4185
4275
4177
4186
4276
4178
4187
4277
4179
4188
4278
4189
4279
4181
4190
4280
4182
4191
4281
4183
4192
4282
4184
4193
4283
4185
4194
4284
4186
4195
4285
4187
4196
4286
4188
4197
4287
4189
4198
4288
4199
4289
4191
4290
5100
4192
4291
5101
4193
4292
5102
4194
4293
5103
4195
4294
5104
4196
4295
5105
4197
4296
5106
4198
4297
5107
4199
4298
5108
4299
5109
4201
4210
4300
14290
4202
4211
4301
14291
4203
4212
4302
14292
4204
4213
4303
14293
4205
4214
4304
14294
4206
4215
4305
14295
4207
4216
4306
14296
4208
4217
4307
14297
4209
4218
4308
14298
4219
4309
14299
4211
4220
4310
4212
4221
4311
4213
4222
4312
4214
4223
4313
4215
4224
4314
4216
4225
4315
4217
4226
4316
4218
4227
4317
4219
4228
4318
4229
4319
4221
4230
4320
4222
4231
4321
4223
4232
4322
4224
4233
4323
4225
4234
4324
4226
4235
4325
4227
4236
4326
4228
4237
4327
4229
4238
4328
4239
4329
4231
4240
4330
4232
4241
4331
4233
4242
4332
4234
4243
4333
4235
4244
4334
4236
4245
4335
4237
4246
4336
4238
4247
4337
4239
4248
4338
4249
4339
4241
4250
4340
4242
4251
4341
4243
4252
4342
4244
4253
4343
4245
4254
4344
4246
4255
4345
4247
4256
4346
4248
4257
4347
4249
4258
4348
4259
4349
4251
4260
4350
4252
4261
4351
4253
4262
4352
4254
4263
4353
4255
4264
4354
4256
4265
4355
4257
4266
4356
4258
4267
4357
4259
4268
4358
4269
4359
4261
4270
4360
4262
4271
4361
4263
4272
4362
4264
4273
4363
4265
4274
4364
4266
4275
4365
4267
4276
4366
4268
4277
4367
4269
4278
4368
4279
4369
4271
4280
4370
4272
4281
4371
4273
4282
4372
4274
4283
4373
4275
4284
4374
4276
4285
4375
4277
4286
4376
4278
4287
4377
4279
4288
4378
4289
4379
4281
4290
4380
4282
4291
4381
4283
4292
4382
4284
4293
4383
4285
4294
4384
4286
4295
4385
4287
4296
4386
4288
4297
4387
4289
4298
4388
4299
4389
4291
4390
5200
4292
4391
5201
4293
4392
5202
4294
4393
5203
4295
4394
5204
4296
4395
5205
4297
4396
5206
4298
4397
5207
4299
4398
5208
4399
5209
4301
4310
4400
14390
4302
4311
4401
14391
4303
4312
4402
14392
4304
4313
4403
14393
4305
4314
4404
14394
4306
4315
4405
14395
4307
4316
4406
14396
4308
4317
4407
14397
4309
4318
4408
14398
4319
4409
14399
4311
4320
4410
4312
4321
4411
4313
4322
4412
4314
4323
4413
4315
4324
4414
4316
4325
4415
4317
4326
4416
4318
4327
4417
4319
4328
4418
4329
4419
4321
4330
4420
4322
4331
4421
4323
4332
4422
4324
4333
4423
4325
4334
4424
4326
4335
4425
4327
4336
4426
4328
4337
4427
4329
4338
4428
4339
4429
4331
4340
4430
4332
4341
4431
4333
4342
4432
4334
4343
4433
4335
4344
4434
4336
4345
4435
4337
4346
4436
4338
4347
4437
4339
4348
4438
4349
4439
4341
4350
4440
4342
4351
4441
4343
4352
4442
4344
4353
4443
4345
4354
4444
4346
4355
4445
4347
4356
4446
4348
4357
4447
4349
4358
4448
4359
4449
4351
4360
4450
4352
4361
4451
4353
4362
4452
4354
4363
4453
4355
4364
4454
4356
4365
4455
4357
4366
4456
4358
4367
4457
4359
4368
4458
4369
4459
4361
4370
4460
4362
4371
4461
4363
4372
4462
4364
4373
4463
4365
4374
4464
4366
4375
4465
4367
4376
4466
4368
4377
4467
4369
4378
4468
4379
4469
4371
4380
4470
4372
4381
4471
4373
4382
4472
4374
4383
4473
4375
4384
4474
4376
4385
4475
4377
4386
4476
4378
4387
4477
4379
4388
4478
4389
4479
4381
4390
4480
4382
4391
4481
4383
4392
4482
4384
4393
4483
4385
4394
4484
4386
4395
4485
4387
4396
4486
4388
4397
4487
4389
4398
4488
4399
4489
4391
4490
5300
4392
4491
5301
4393
4492
5302
4394
4493
5303
4395
4494
5304
4396
4495
5305
4397
4496
5306
4398
4497
5307
4399
4498
5308
4499
5309
4401
4410
4500
14490
4402
4411
4501
14491
4403
4412
4502
14492
4404
4413
4503
14493
4405
4414
4504
14494
4406
4415
4505
14495
4407
4416
4506
14496
4408
4417
4507
14497
4409
4418
4508
14498
4419
4509
14499
4411
4420
4510
4412
4421
4511
4413
4422
4512
4414
4423
4513
4415
4424
4514
4416
4425
4515
4417
4426
4516
4418
4427
4517
4419
4428
4518
4429
4519
4421
4430
4520
4422
4431
4521
4423
4432
4522
4424
4433
4523
4425
4434
4524
4426
4435
4525
4427
4436
4526
4428
4437
4527
4429
4438
4528
4439
4529
4431
4440
4530
4432
4441
4531
4433
4442
4532
4434
4443
4533
4435
4444
4534
4436
4445
4535
4437
4446
4536
4438
4447
4537
4439
4448
4538
4449
4539
4441
4450
4540
4442
4451
4541
4443
4452
4542
4444
4453
4543
4445
4454
4544
4446
4455
4545
4447
4456
4546
4448
4457
4547
4449
4458
4548
4459
4549
4451
4460
4550
4452
4461
4551
4453
4462
4552
4454
4463
4553
4455
4464
4554
4456
4465
4555
4457
4466
4556
4458
4467
4557
4459
4468
4558
4469
4559
4461
4470
4560
4462
4471
4561
4463
4472
4562
4464
4473
4563
4465
4474
4564
4466
4475
4565
4467
4476
4566
4468
4477
4567
4469
4478
4568
4479
4569
4471
4480
4570
4472
4481
4571
4473
4482
4572
4474
4483
4573
4475
4484
4574
4476
4485
4575
4477
4486
4576
4478
4487
4577
4479
4488
4578
4489
4579
4481
4490
4580
4482
4491
4581
4483
4492
4582
4484
4493
4583
4485
4494
4584
4486
4495
4585
4487
4496
4586
4488
4497
4587
4489
4498
4588
4499
4589
4491
4590
5400
4492
4591
5401
4493
4592
5402
4494
4593
5403
4495
4594
5404
4496
4595
5405
4497
4596
5406
4498
4597
5407
4499
4598
5408
4599
5409
4501
4510
4600
14590
4502
4511
4601
14591
4503
4512
4602
14592
4504
4513
4603
14593
4505
4514
4604
14594
4506
4515
4605
14595
4507
4516
4606
14596
4508
4517
4607
14597
4509
4518
4608
14598
4519
4609
14599
4511
4520
4610
4512
4521
4611
4513
4522
4612
4514
4523
4613
4515
4524
4614
4516
4525
4615
4517
4526
4616
4518
4527
4617
4519
4528
4618
4529
4619
4521
4530
4620
4522
4531
4621
4523
4532
4622
4524
4533
4623
4525
4534
4624
4526
4535
4625
4527
4536
4626
4528
4537
4627
4529
4538
4628
4539
4629
4531
4540
4630
4532
4541
4631
4533
4542
4632
4534
4543
4633
4535
4544
4634
4536
4545
4635
4537
4546
4636
4538
4547
4637
4539
4548
4638
4549
4639
4541
4550
4640
4542
4551
4641
4543
4552
4642
4544
4553
4643
4545
4554
4644
4546
4555
4645
4547
4556
4646
4548
4557
4647
4549
4558
4648
4559
4649
4551
4560
4650
4552
4561
4651
4553
4562
4652
4554
4563
4653
4555
4564
4654
4556
4565
4655
4557
4566
4656
4558
4567
4657
4559
4568
4658
4569
4659
4561
4570
4660
4562
4571
4661
4563
4572
4662
4564
4573
4663
4565
4574
4664
4566
4575
4665
4567
4576
4666
4568
4577
4667
4569
4578
4668
4579
4669
4571
4580
4670
4572
4581
4671
4573
4582
4672
4574
4583
4673
4575
4584
4674
4576
4585
4675
4577
4586
4676
4578
4587
4677
4579
4588
4678
4589
4679
4581
4590
4680
4582
4591
4681
4583
4592
4682
4584
4593
4683
4585
4594
4684
4586
4595
4685
4587
4596
4686
4588
4597
4687
4589
4598
4688
4599
4689
4591
4690
5500
4592
4691
5501
4593
4692
5502
4594
4693
5503
4595
4694
5504
4596
4695
5505
4597
4696
5506
4598
4697
5507
4599
4698
5508
4699
5509
4601
4610
4700
14690
4602
4611
4701
14691
4603
4612
4702
14692
4604
4613
4703
14693
4605
4614
4704
14694
4606
4615
4705
14695
4607
4616
4706
14696
4608
4617
4707
14697
4609
4618
4708
14698
4619
4709
14699
4611
4620
4710
4612
4621
4711
4613
4622
4712
4614
4623
4713
4615
4624
4714
4616
4625
4715
4617
4626
4716
4618
4627
4717
4619
4628
4718
4629
4719
4621
4630
4720
4622
4631
4721
4623
4632
4722
4624
4633
4723
4625
4634
4724
4626
4635
4725
4627
4636
4726
4628
4637
4727
4629
4638
4728
4639
4729
4631
4640
4730
4632
4641
4731
4633
4642
4732
4634
4643
4733
4635
4644
4734
4636
4645
4735
4637
4646
4736
4638
4647
4737
4639
4648
4738
4649
4739
4641
4650
4740
4642
4651
4741
4643
4652
4742
4644
4653
4743
4645
4654
4744
4646
4655
4745
4647
4656
4746
4648
4657
4747
4649
4658
4748
4659
4749
4651
4660
4750
4652
4661
4751
4653
4662
4752
4654
4663
4753
4655
4664
4754
4656
4665
4755
4657
4666
4756
4658
4667
4757
4659
4668
4758
4669
4759
4661
4670
4760
4662
4671
4761
4663
4672
4762
4664
4673
4763
4665
4674
4764
4666
4675
4765
4667
4676
4766
4668
4677
4767
4669
4678
4768
4679
4769
4671
4680
4770
4672
4681
4771
4673
4682
4772
4674
4683
4773
4675
4684
4774
4676
4685
4775
4677
4686
4776
4678
4687
4777
4679
4688
4778
4689
4779
4681
4690
4780
4682
4691
4781
4683
4692
4782
4684
4693
4783
4685
4694
4784
4686
4695
4785
4687
4696
4786
4688
4697
4787
4689
4698
4788
4699
4789
4691
4790
5600
4692
4791
5601
4693
4792
5602
4694
4793
5603
4695
4794
5604
4696
4795
5605
4697
4796
5606
4698
4797
5607
4699
4798
5608
4799
5609
4701
4710
4800
14790
4702
4711
4801
14791
4703
4712
4802
14792
4704
4713
4803
14793
4705
4714
4804
14794
4706
4715
4805
14795
4707
4716
4806
14796
4708
4717
4807
14797
4709
4718
4808
14798
4719
4809
14799
4711
4720
4810
4712
4721
4811
4713
4722
4812
4714
4723
4813
4715
4724
4814
4716
4725
4815
4717
4726
4816
4718
4727
4817
4719
4728
4818
4729
4819
4721
4730
4820
4722
4731
4821
4723
4732
4822
4724
4733
4823
4725
4734
4824
4726
4735
4825
4727
4736
4826
4728
4737
4827
4729
4738
4828
4739
4829
4731
4740
4830
4732
4741
4831
4733
4742
4832
4734
4743
4833
4735
4744
4834
4736
4745
4835
4737
4746
4836
4738
4747
4837
4739
4748
4838
4749
4839
4741
4750
4840
4742
4751
4841
4743
4752
4842
4744
4753
4843
4745
4754
4844
4746
4755
4845
4747
4756
4846
4748
4757
4847
4749
4758
4848
4759
4849
4751
4760
4850
4752
4761
4851
4753
4762
4852
4754
4763
4853
4755
4764
4854
4756
4765
4855
4757
4766
4856
4758
4767
4857
4759
4768
4858
4769
4859
4761
4770
4860
4762
4771
4861
4763
4772
4862
4764
4773
4863
4765
4774
4864
4766
4775
4865
4767
4776
4866
4768
4777
4867
4769
4778
4868
4779
4869
4771
4780
4870
4772
4781
4871
4773
4782
4872
4774
4783
4873
4775
4784
4874
4776
4785
4875
4777
4786
4876
4778
4787
4877
4779
4788
4878
4789
4879
4781
4790
4880
4782
4791
4881
4783
4792
4882
4784
4793
4883
4785
4794
4884
4786
4795
4885
4787
4796
4886
4788
4797
4887
4789
4798
4888
4799
4889
4791
4890
5700
4792
4891
5701
4793
4892
5702
4794
4893
5703
4795
4894
5704
4796
4895
5705
4797
4896
5706
4798
4897
5707
4799
4898
5708
4899
5709
4801
4810
4900
14890
4802
4811
4901
14891
4803
4812
4902
14892
4804
4813
4903
14893
4805
4814
4904
14894
4806
4815
4905
14895
4807
4816
4906
14896
4808
4817
4907
14897
4809
4818
4908
14898
4819
4909
14899
4811
4820
4910
4812
4821
4911
4813
4822
4912
4814
4823
4913
4815
4824
4914
4816
4825
4915
4817
4826
4916
4818
4827
4917
4819
4828
4918
4829
4919
4821
4830
4920
4822
4831
4921
4823
4832
4922
4824
4833
4923
4825
4834
4924
4826
4835
4925
4827
4836
4926
4828
4837
4927
4829
4838
4928
4839
4929
4831
4840
4930
4832
4841
4931
4833
4842
4932
4834
4843
4933
4835
4844
4934
4836
4845
4935
4837
4846
4936
4838
4847
4937
4839
4848
4938
4849
4939
4841
4850
4940
4842
4851
4941
4843
4852
4942
4844
4853
4943
4845
4854
4944
4846
4855
4945
4847
4856
4946
4848
4857
4947
4849
4858
4948
4859
4949
4851
4860
4950
4852
4861
4951
4853
4862
4952
4854
4863
4953
4855
4864
4954
4856
4865
4955
4857
4866
4956
4858
4867
4957
4859
4868
4958
4869
4959
4861
4870
4960
4862
4871
4961
4863
4872
4962
4864
4873
4963
4865
4874
4964
4866
4875
4965
4867
4876
4966
4868
4877
4967
4869
4878
4968
4879
4969
4871
4880
4970
4872
4881
4971
4873
4882
4972
4874
4883
4973
4875
4884
4974
4876
4885
4975
4877
4886
4976
4878
4887
4977
4879
4888
4978
4889
4979
4881
4890
4980
4882
4891
4981
4883
4892
4982
4884
4893
4983
4885
4894
4984
4886
4895
4985
4887
4896
4986
4888
4897
4987
4889
4898
4988
4899
4989
4891
4990
5800
4892
4991
5801
4893
4992
5802
4894
4993
5803
4895
4994
5804
4896
4995
5805
4897
4996
5806
4898
4997
5807
4899
4998
5808
4999
5809
4901
4910
6000
14990
4902
4911
6001
14991
4903
4912
6002
14992
4904
4913
6003
14993
4905
4914
6004
14994
4906
4915
6005
14995
4907
4916
6006
14996
4908
4917
6007
14997
4909
4918
6008
14998
4919
6009
14999
4911
4920
6010
4912
4921
6011
4913
4922
6012
4914
4923
6013
4915
4924
6014
4916
4925
6015
4917
4926
6016
4918
4927
6017
4919
4928
6018
4929
6019
4921
4930
6020
4922
4931
6021
4923
4932
6022
4924
4933
6023
4925
4934
6024
4926
4935
6025
4927
4936
6026
4928
4937
6027
4929
4938
6028
4939
6029
4931
4940
6030
4932
4941
6031
4933
4942
6032
4934
4943
6033
4935
4944
6034
4936
4945
6035
4937
4946
6036
4938
4947
6037
4939
4948
6038
4949
6039
4941
4950
6040
4942
4951
6041
4943
4952
6042
4944
4953
6043
4945
4954
6044
4946
4955
6045
4947
4956
6046
4948
4957
6047
4949
4958
6048
4959
6049
4951
4960
6050
4952
4961
6051
4953
4962
6052
4954
4963
6053
4955
4964
6054
4956
4965
6055
4957
4966
6056
4958
4967
6057
4959
4968
6058
4969
6059
4961
4970
6060
4962
4971
6061
4963
4972
6062
4964
4973
6063
4965
4974
6064
4966
4975
6065
4967
4976
6066
4968
4977
6067
4969
4978
6068
4979
6069
4971
4980
6070
4972
4981
6071
4973
4982
6072
4974
4983
6073
4975
4984
6074
4976
4985
6075
4977
4986
6076
4978
4987
6077
4979
4988
6078
4989
6079
4981
4990
6080
4982
4991
6081
4983
4992
6082
4984
4993
6083
4985
4994
6084
4986
4995
6085
4987
4996
6086
4988
4997
6087
4989
4998
6088
4999
6089
4991
5900
6090
4992
5901
6091
4993
5902
6092
4994
5903
6093
4995
5904
6094
4996
5905
6095
4997
5906
6096
4998
5907
6097
4999
5908
6098
5909
6099
5001
5010
5100
29090
5002
5011
5101
29091
5003
5012
5102
29092
5004
5013
5103
29093
5005
5014
5104
29094
5006
5015
5105
29095
5007
5016
5106
29096
5008
5017
5107
29097
5009
5018
5108
29098
5019
5109
29099
5011
5020
5110
29080
5012
5021
5111
29081
5013
5022
5112
29082
5014
5023
5113
29083
5015
5024
5114
29084
5016
5025
5115
29085
5017
5026
5116
29086
5018
5027
5117
29087
5019
5028
5118
29088
5029
5119
29089
5021
5030
5120
29070
5022
5031
5121
29071
5023
5032
5122
29072
5024
5033
5123
29073
5025
5034
5124
29074
5026
5035
5125
29075
5027
5036
5126
29076
5028
5037
5127
29077
5029
5038
5128
29078
5039
5129
29079
5031
5040
5130
29060
5032
5041
5131
29061
5033
5042
5132
29062
5034
5043
5133
29063
5035
5044
5134
29064
5036
5045
5135
29065
5037
5046
5136
29066
5038
5047
5137
29067
5039
5048
5138
29068
5049
5139
29069
5041
5050
5140
29050
5042
5051
5141
29051
5043
5052
5142
29052
5044
5053
5143
29053
5045
5054
5144
29054
5046
5055
5145
29055
5047
5056
5146
29056
5048
5057
5147
29057
5049
5058
5148
29058
5059
5149
29059
5051
5060
5150
29040
5052
5061
5151
29041
5053
5062
5152
29042
5054
5063
5153
29043
5055
5064
5154
29044
5056
5065
5155
29045
5057
5066
5156
29046
5058
5067
5157
29047
5059
5068
5158
29048
5069
5159
29049
5061
5070
5160
29030
5062
5071
5161
29031
5063
5072
5162
29032
5064
5073
5163
29033
5065
5074
5164
29034
5066
5075
5165
29035
5067
5076
5166
29036
5068
5077
5167
29037
5069
5078
5168
29038
5079
5169
29039
5071
5080
5170
29020
5072
5081
5171
29021
5073
5082
5172
29022
5074
5083
5173
29023
5075
5084
5174
29024
5076
5085
5175
29025
5077
5086
5176
29026
5078
5087
5177
29027
5079
5088
5178
29028
5089
5179
29029
5081
5090
5180
29010
5082
5091
5181
29011
5083
5092
5182
29012
5084
5093
5183
29013
5085
5094
5184
29014
5086
5095
5185
29015
5087
5096
5186
29016
5088
5097
5187
29017
5089
5098
5188
29018
5099
5189
29019
5091
5190
7000
29000
5092
5191
7001
29001
5093
5192
7002
29002
5094
5193
7003
29003
5095
5194
7004
29004
5096
5195
7005
29005
5097
5196
7006
29006
5098
5197
7007
29007
5099
5198
7008
29008
5199
7009
29009
5101
5110
5200
5102
5111
5201
5103
5112
5202
5104
5113
5203
5105
5114
5204
5106
5115
5205
5107
5116
5206
5108
5117
5207
5109
5118
5208
5119
5209
5111
5120
5210
5112
5121
5211
5113
5122
5212
5114
5123
5213
5115
5124
5214
5116
5125
5215
5117
5126
5216
5118
5127
5217
5119
5128
5218
5129
5219
5121
5130
5220
5122
5131
5221
5123
5132
5222
5124
5133
5223
5125
5134
5224
5126
5135
5225
5127
5136
5226
5128
5137
5227
5129
5138
5228
5139
5229
5131
5140
5230
5132
5141
5231
5133
5142
5232
5134
5143
5233
5135
5144
5234
5136
5145
5235
5137
5146
5236
5138
5147
5237
5139
5148
5238
5149
5239
5141
5150
5240
5142
5151
5241
5143
5152
5242
5144
5153
5243
5145
5154
5244
5146
5155
5245
5147
5156
5246
5148
5157
5247
5149
5158
5248
5159
5249
5151
5160
5250
5152
5161
5251
5153
5162
5252
5154
5163
5253
5155
5164
5254
5156
5165
5255
5157
5166
5256
5158
5167
5257
5159
5168
5258
5169
5259
5161
5170
5260
5162
5171
5261
5163
5172
5262
5164
5173
5263
5165
5174
5264
5166
5175
5265
5167
5176
5266
5168
5177
5267
5169
5178
5268
5179
5269
5171
5180
5270
5172
5181
5271
5173
5182
5272
5174
5183
5273
5175
5184
5274
5176
5185
5275
5177
5186
5276
5178
5187
5277
5179
5188
5278
5189
5279
5181
5190
5280
5182
5191
5281
5183
5192
5282
5184
5193
5283
5185
5194
5284
5186
5195
5285
5187
5196
5286
5188
5197
5287
5189
5198
5288
5199
5289
5191
5290
7100
5192
5291
7101
5193
5292
7102
5194
5293
7103
5195
5294
7104
5196
5295
7105
5197
5296
7106
5198
5297
7107
5199
5298
7108
5299
7109
5201
5210
5300
5202
5211
5301
5203
5212
5302
5204
5213
5303
5205
5214
5304
5206
5215
5305
5207
5216
5306
5208
5217
5307
5209
5218
5308
5219
5309
5211
5220
5310
5212
5221
5311
5213
5222
5312
5214
5223
5313
5215
5224
5314
5216
5225
5315
5217
5226
5316
5218
5227
5317
5219
5228
5318
5229
5319
5221
5230
5320
5222
5231
5321
5223
5232
5322
5224
5233
5323
5225
5234
5324
5226
5235
5325
5227
5236
5326
5228
5237
5327
5229
5238
5328
5239
5329
5231
5240
5330
5232
5241
5331
5233
5242
5332
5234
5243
5333
5235
5244
5334
5236
5245
5335
5237
5246
5336
5238
5247
5337
5239
5248
5338
5249
5339
5241
5250
5340
5242
5251
5341
5243
5252
5342
5244
5253
5343
5245
5254
5344
5246
5255
5345
5247
5256
5346
5248
5257
5347
5249
5258
5348
5259
5349
5251
5260
5350
5252
5261
5351
5253
5262
5352
5254
5263
5353
5255
5264
5354
5256
5265
5355
5257
5266
5356
5258
5267
5357
5259
5268
5358
5269
5359
5261
5270
5360
5262
5271
5361
5263
5272
5362
5264
5273
5363
5265
5274
5364
5266
5275
5365
5267
5276
5366
5268
5277
5367
5269
5278
5368
5279
5369
5271
5280
5370
5272
5281
5371
5273
5282
5372
5274
5283
5373
5275
5284
5374
5276
5285
5375
5277
5286
5376
5278
5287
5377
5279
5288
5378
5289
5379
5281
5290
5380
5282
5291
5381
5283
5292
5382
5284
5293
5383
5285
5294
5384
5286
5295
5385
5287
5296
5386
5288
5297
5387
5289
5298
5388
5299
5389
5291
5390
7200
5292
5391
7201
5293
5392
7202
5294
5393
7203
5295
5394
7204
5296
5395
7205
5297
5396
7206
5298
5397
7207
5299
5398
7208
5399
7209
5301
5310
5400
5302
5311
5401
5303
5312
5402
5304
5313
5403
5305
5314
5404
5306
5315
5405
5307
5316
5406
5308
5317
5407
5309
5318
5408
5319
5409
5311
5320
5410
5312
5321
5411
5313
5322
5412
5314
5323
5413
5315
5324
5414
5316
5325
5415
5317
5326
5416
5318
5327
5417
5319
5328
5418
5329
5419
5321
5330
5420
5322
5331
5421
5323
5332
5422
5324
5333
5423
5325
5334
5424
5326
5335
5425
5327
5336
5426
5328
5337
5427
5329
5338
5428
5339
5429
5331
5340
5430
5332
5341
5431
5333
5342
5432
5334
5343
5433
5335
5344
5434
5336
5345
5435
5337
5346
5436
5338
5347
5437
5339
5348
5438
5349
5439
5341
5350
5440
5342
5351
5441
5343
5352
5442
5344
5353
5443
5345
5354
5444
5346
5355
5445
5347
5356
5446
5348
5357
5447
5349
5358
5448
5359
5449
5351
5360
5450
5352
5361
5451
5353
5362
5452
5354
5363
5453
5355
5364
5454
5356
5365
5455
5357
5366
5456
5358
5367
5457
5359
5368
5458
5369
5459
5361
5370
5460
5362
5371
5461
5363
5372
5462
5364
5373
5463
5365
5374
5464
5366
5375
5465
5367
5376
5466
5368
5377
5467
5369
5378
5468
5379
5469
5371
5380
5470
5372
5381
5471
5373
5382
5472
5374
5383
5473
5375
5384
5474
5376
5385
5475
5377
5386
5476
5378
5387
5477
5379
5388
5478
5389
5479
5381
5390
5480
5382
5391
5481
5383
5392
5482
5384
5393
5483
5385
5394
5484
5386
5395
5485
5387
5396
5486
5388
5397
5487
5389
5398
5488
5399
5489
5391
5490
7300
5392
5491
7301
5393
5492
7302
5394
5493
7303
5395
5494
7304
5396
5495
7305
5397
5496
7306
5398
5497
7307
5399
5498
7308
5499
7309
5401
5410
5500
5402
5411
5501
5403
5412
5502
5404
5413
5503
5405
5414
5504
5406
5415
5505
5407
5416
5506
5408
5417
5507
5409
5418
5508
5419
5509
5411
5420
5510
5412
5421
5511
5413
5422
5512
5414
5423
5513
5415
5424
5514
5416
5425
5515
5417
5426
5516
5418
5427
5517
5419
5428
5518
5429
5519
5421
5430
5520
5422
5431
5521
5423
5432
5522
5424
5433
5523
5425
5434
5524
5426
5435
5525
5427
5436
5526
5428
5437
5527
5429
5438
5528
5439
5529
5431
5440
5530
5432
5441
5531
5433
5442
5532
5434
5443
5533
5435
5444
5534
5436
5445
5535
5437
5446
5536
5438
5447
5537
5439
5448
5538
5449
5539
5441
5450
5540
5442
5451
5541
5443
5452
5542
5444
5453
5543
5445
5454
5544
5446
5455
5545
5447
5456
5546
5448
5457
5547
5449
5458
5548
5459
5549
5451
5460
5550
5452
5461
5551
5453
5462
5552
5454
5463
5553
5455
5464
5554
5456
5465
5555
5457
5466
5556
5458
5467
5557
5459
5468
5558
5469
5559
5461
5470
5560
5462
5471
5561
5463
5472
5562
5464
5473
5563
5465
5474
5564
5466
5475
5565
5467
5476
5566
5468
5477
5567
5469
5478
5568
5479
5569
5471
5480
5570
5472
5481
5571
5473
5482
5572
5474
5483
5573
5475
5484
5574
5476
5485
5575
5477
5486
5576
5478
5487
5577
5479
5488
5578
5489
5579
5481
5490
5580
5482
5491
5581
5483
5492
5582
5484
5493
5583
5485
5494
5584
5486
5495
5585
5487
5496
5586
5488
5497
5587
5489
5498
5588
5499
5589
5491
5590
7400
5492
5591
7401
5493
5592
7402
5494
5593
7403
5495
5594
7404
5496
5595
7405
5497
5596
7406
5498
5597
7407
5499
5598
7408
5599
7409
5501
5510
5600
5502
5511
5601
5503
5512
5602
5504
5513
5603
5505
5514
5604
5506
5515
5605
5507
5516
5606
5508
5517
5607
5509
5518
5608
5519
5609
5511
5520
5610
5512
5521
5611
5513
5522
5612
5514
5523
5613
5515
5524
5614
5516
5525
5615
5517
5526
5616
5518
5527
5617
5519
5528
5618
5529
5619
5521
5530
5620
5522
5531
5621
5523
5532
5622
5524
5533
5623
5525
5534
5624
5526
5535
5625
5527
5536
5626
5528
5537
5627
5529
5538
5628
5539
5629
5531
5540
5630
5532
5541
5631
5533
5542
5632
5534
5543
5633
5535
5544
5634
5536
5545
5635
5537
5546
5636
5538
5547
5637
5539
5548
5638
5549
5639
5541
5550
5640
5542
5551
5641
5543
5552
5642
5544
5553
5643
5545
5554
5644
5546
5555
5645
5547
5556
5646
5548
5557
5647
5549
5558
5648
5559
5649
5551
5560
5650
5552
5561
5651
5553
5562
5652
5554
5563
5653
5555
5564
5654
5556
5565
5655
5557
5566
5656
5558
5567
5657
5559
5568
5658
5569
5659
5561
5570
5660
5562
5571
5661
5563
5572
5662
5564
5573
5663
5565
5574
5664
5566
5575
5665
5567
5576
5666
5568
5577
5667
5569
5578
5668
5579
5669
5571
5580
5670
5572
5581
5671
5573
5582
5672
5574
5583
5673
5575
5584
5674
5576
5585
5675
5577
5586
5676
5578
5587
5677
5579
5588
5678
5589
5679
5581
5590
5680
5582
5591
5681
5583
5592
5682
5584
5593
5683
5585
5594
5684
5586
5595
5685
5587
5596
5686
5588
5597
5687
5589
5598
5688
5599
5689
5591
5690
7500
5592
5691
7501
5593
5692
7502
5594
5693
7503
5595
5694
7504
5596
5695
7505
5597
5696
7506
5598
5697
7507
5599
5698
7508
5699
7509
5601
5610
5700
5602
5611
5701
5603
5612
5702
5604
5613
5703
5605
5614
5704
5606
5615
5705
5607
5616
5706
5608
5617
5707
5609
5618
5708
5619
5709
5611
5620
5710
5612
5621
5711
5613
5622
5712
5614
5623
5713
5615
5624
5714
5616
5625
5715
5617
5626
5716
5618
5627
5717
5619
5628
5718
5629
5719
5621
5630
5720
5622
5631
5721
5623
5632
5722
5624
5633
5723
5625
5634
5724
5626
5635
5725
5627
5636
5726
5628
5637
5727
5629
5638
5728
5639
5729
5631
5640
5730
5632
5641
5731
5633
5642
5732
5634
5643
5733
5635
5644
5734
5636
5645
5735
5637
5646
5736
5638
5647
5737
5639
5648
5738
5649
5739
5641
5650
5740
5642
5651
5741
5643
5652
5742
5644
5653
5743
5645
5654
5744
5646
5655
5745
5647
5656
5746
5648
5657
5747
5649
5658
5748
5659
5749
5651
5660
5750
5652
5661
5751
5653
5662
5752
5654
5663
5753
5655
5664
5754
5656
5665
5755
5657
5666
5756
5658
5667
5757
5659
5668
5758
5669
5759
5661
5670
5760
5662
5671
5761
5663
5672
5762
5664
5673
5763
5665
5674
5764
5666
5675
5765
5667
5676
5766
5668
5677
5767
5669
5678
5768
5679
5769
5671
5680
5770
5672
5681
5771
5673
5682
5772
5674
5683
5773
5675
5684
5774
5676
5685
5775
5677
5686
5776
5678
5687
5777
5679
5688
5778
5689
5779
5681
5690
5780
5682
5691
5781
5683
5692
5782
5684
5693
5783
5685
5694
5784
5686
5695
5785
5687
5696
5786
5688
5697
5787
5689
5698
5788
5699
5789
5691
5790
7600
5692
5791
7601
5693
5792
7602
5694
5793
7603
5695
5794
7604
5696
5795
7605
5697
5796
7606
5698
5797
7607
5699
5798
7608
5799
7609
5701
5710
5800
5702
5711
5801
5703
5712
5802
5704
5713
5803
5705
5714
5804
5706
5715
5805
5707
5716
5806
5708
5717
5807
5709
5718
5808
5719
5809
5711
5720
5810
5712
5721
5811
5713
5722
5812
5714
5723
5813
5715
5724
5814
5716
5725
5815
5717
5726
5816
5718
5727
5817
5719
5728
5818
5729
5819
5721
5730
5820
5722
5731
5821
5723
5732
5822
5724
5733
5823
5725
5734
5824
5726
5735
5825
5727
5736
5826
5728
5737
5827
5729
5738
5828
5739
5829
5731
5740
5830
5732
5741
5831
5733
5742
5832
5734
5743
5833
5735
5744
5834
5736
5745
5835
5737
5746
5836
5738
5747
5837
5739
5748
5838
5749
5839
5741
5750
5840
5742
5751
5841
5743
5752
5842
5744
5753
5843
5745
5754
5844
5746
5755
5845
5747
5756
5846
5748
5757
5847
5749
5758
5848
5759
5849
5751
5760
5850
5752
5761
5851
5753
5762
5852
5754
5763
5853
5755
5764
5854
5756
5765
5855
5757
5766
5856
5758
5767
5857
5759
5768
5858
5769
5859
5761
5770
5860
5762
5771
5861
5763
5772
5862
5764
5773
5863
5765
5774
5864
5766
5775
5865
5767
5776
5866
5768
5777
5867
5769
5778
5868
5779
5869
5771
5780
5870
5772
5781
5871
5773
5782
5872
5774
5783
5873
5775
5784
5874
5776
5785
5875
5777
5786
5876
5778
5787
5877
5779
5788
5878
5789
5879
5781
5790
5880
5782
5791
5881
5783
5792
5882
5784
5793
5883
5785
5794
5884
5786
5795
5885
5787
5796
5886
5788
5797
5887
5789
5798
5888
5799
5889
5791
5890
7700
5792
5891
7701
5793
5892
7702
5794
5893
7703
5795
5894
7704
5796
5895
7705
5797
5896
7706
5798
5897
7707
5799
5898
7708
5899
7709
5801
5810
5900
5802
5811
5901
5803
5812
5902
5804
5813
5903
5805
5814
5904
5806
5815
5905
5807
5816
5906
5808
5817
5907
5809
5818
5908
5819
5909
5811
5820
5910
5812
5821
5911
5813
5822
5912
5814
5823
5913
5815
5824
5914
5816
5825
5915
5817
5826
5916
5818
5827
5917
5819
5828
5918
5829
5919
5821
5830
5920
5822
5831
5921
5823
5832
5922
5824
5833
5923
5825
5834
5924
5826
5835
5925
5827
5836
5926
5828
5837
5927
5829
5838
5928
5839
5929
5831
5840
5930
5832
5841
5931
5833
5842
5932
5834
5843
5933
5835
5844
5934
5836
5845
5935
5837
5846
5936
5838
5847
5937
5839
5848
5938
5849
5939
5841
5850
5940
5842
5851
5941
5843
5852
5942
5844
5853
5943
5845
5854
5944
5846
5855
5945
5847
5856
5946
5848
5857
5947
5849
5858
5948
5859
5949
5851
5860
5950
5852
5861
5951
5853
5862
5952
5854
5863
5953
5855
5864
5954
5856
5865
5955
5857
5866
5956
5858
5867
5957
5859
5868
5958
5869
5959
5861
5870
5960
5862
5871
5961
5863
5872
5962
5864
5873
5963
5865
5874
5964
5866
5875
5965
5867
5876
5966
5868
5877
5967
5869
5878
5968
5879
5969
5871
5880
5970
5872
5881
5971
5873
5882
5972
5874
5883
5973
5875
5884
5974
5876
5885
5975
5877
5886
5976
5878
5887
5977
5879
5888
5978
5889
5979
5881
5890
5980
5882
5891
5981
5883
5892
5982
5884
5893
5983
5885
5894
5984
5886
5895
5985
5887
5896
5986
5888
5897
5987
5889
5898
5988
5899
5989
5891
5990
7800
5892
5991
7801
5893
5992
7802
5894
5993
7803
5895
5994
7804
5896
5995
7805
5897
5996
7806
5898
5997
7807
5899
5998
7808
5999
7809
5901
5910
6090
5902
5911
6091
5903
5912
6092
5904
5913
6093
5905
5914
6094
5906
5915
6095
5907
5916
6096
5908
5917
6097
5909
5918
6098
5919
6099
5911
5920
6190
5912
5921
6191
5913
5922
6192
5914
5923
6193
5915
5924
6194
5916
5925
6195
5917
5926
6196
5918
5927
6197
5919
5928
6198
5929
6199
5921
5930
6290
5922
5931
6291
5923
5932
6292
5924
5933
6293
5925
5934
6294
5926
5935
6295
5927
5936
6296
5928
5937
6297
5929
5938
6298
5939
6299
5931
5940
6390
5932
5941
6391
5933
5942
6392
5934
5943
6393
5935
5944
6394
5936
5945
6395
5937
5946
6396
5938
5947
6397
5939
5948
6398
5949
6399
5941
5950
6490
5942
5951
6491
5943
5952
6492
5944
5953
6493
5945
5954
6494
5946
5955
6495
5947
5956
6496
5948
5957
6497
5949
5958
6498
5959
6499
5951
5960
6590
5952
5961
6591
5953
5962
6592
5954
5963
6593
5955
5964
6594
5956
5965
6595
5957
5966
6596
5958
5967
6597
5959
5968
6598
5969
6599
5961
5970
6690
5962
5971
6691
5963
5972
6692
5964
5973
6693
5965
5974
6694
5966
5975
6695
5967
5976
6696
5968
5977
6697
5969
5978
6698
5979
6699
5971
5980
6790
5972
5981
6791
5973
5982
6792
5974
5983
6793
5975
5984
6794
5976
5985
6795
5977
5986
6796
5978
5987
6797
5979
5988
6798
5989
6799
5981
5990
6890
5982
5991
6891
5983
5992
6892
5984
5993
6893
5985
5994
6894
5986
5995
6895
5987
5996
6896
5988
5997
6897
5989
5998
6898
5999
6899
5991
6990
7900
5992
6991
7901
5993
6992
7902
5994
6993
7903
5995
6994
7904
5996
6995
7905
5997
6996
7906
5998
6997
7907
5999
6998
7908
6999
7909
6001
6010
6100
15990
6002
6011
6101
15991
6003
6012
6102
15992
6004
6013
6103
15993
6005
6014
6104
15994
6006
6015
6105
15995
6007
6016
6106
15996
6008
6017
6107
15997
6009
6018
6108
15998
6019
6109
15999
6011
6020
6110
6012
6021
6111
6013
6022
6112
6014
6023
6113
6015
6024
6114
6016
6025
6115
6017
6026
6116
6018
6027
6117
6019
6028
6118
6029
6119
6021
6030
6120
6022
6031
6121
6023
6032
6122
6024
6033
6123
6025
6034
6124
6026
6035
6125
6027
6036
6126
6028
6037
6127
6029
6038
6128
6039
6129
6031
6040
6130
6032
6041
6131
6033
6042
6132
6034
6043
6133
6035
6044
6134
6036
6045
6135
6037
6046
6136
6038
6047
6137
6039
6048
6138
6049
6139
6041
6050
6140
6042
6051
6141
6043
6052
6142
6044
6053
6143
6045
6054
6144
6046
6055
6145
6047
6056
6146
6048
6057
6147
6049
6058
6148
6059
6149
6051
6060
6150
6052
6061
6151
6053
6062
6152
6054
6063
6153
6055
6064
6154
6056
6065
6155
6057
6066
6156
6058
6067
6157
6059
6068
6158
6069
6159
6061
6070
6160
6062
6071
6161
6063
6072
6162
6064
6073
6163
6065
6074
6164
6066
6075
6165
6067
6076
6166
6068
6077
6167
6069
6078
6168
6079
6169
6071
6080
6170
6072
6081
6171
6073
6082
6172
6074
6083
6173
6075
6084
6174
6076
6085
6175
6077
6086
6176
6078
6087
6177
6079
6088
6178
6089
6179
6081
6090
6180
6082
6091
6181
6083
6092
6182
6084
6093
6183
6085
6094
6184
6086
6095
6185
6087
6096
6186
6088
6097
6187
6089
6098
6188
6099
6189
6091
6190
6092
6191
6093
6192
6094
6193
6095
6194
6096
6195
6097
6196
6098
6197
6099
6198
6199
6101
6110
6200
15980
6102
6111
6201
15981
6103
6112
6202
15982
6104
6113
6203
15983
6105
6114
6204
15984
6106
6115
6205
15985
6107
6116
6206
15986
6108
6117
6207
15987
6109
6118
6208
15988
6119
6209
15989
6111
6120
6210
6112
6121
6211
6113
6122
6212
6114
6123
6213
6115
6124
6214
6116
6125
6215
6117
6126
6216
6118
6127
6217
6119
6128
6218
6129
6219
6121
6130
6220
6122
6131
6221
6123
6132
6222
6124
6133
6223
6125
6134
6224
6126
6135
6225
6127
6136
6226
6128
6137
6227
6129
6138
6228
6139
6229
6131
6140
6230
6132
6141
6231
6133
6142
6232
6134
6143
6233
6135
6144
6234
6136
6145
6235
6137
6146
6236
6138
6147
6237
6139
6148
6238
6149
6239
6141
6150
6240
6142
6151
6241
6143
6152
6242
6144
6153
6243
6145
6154
6244
6146
6155
6245
6147
6156
6246
6148
6157
6247
6149
6158
6248
6159
6249
6151
6160
6250
6152
6161
6251
6153
6162
6252
6154
6163
6253
6155
6164
6254
6156
6165
6255
6157
6166
6256
6158
6167
6257
6159
6168
6258
6169
6259
6161
6170
6260
6162
6171
6261
6163
6172
6262
6164
6173
6263
6165
6174
6264
6166
6175
6265
6167
6176
6266
6168
6177
6267
6169
6178
6268
6179
6269
6171
6180
6270
6172
6181
6271
6173
6182
6272
6174
6183
6273
6175
6184
6274
6176
6185
6275
6177
6186
6276
6178
6187
6277
6179
6188
6278
6189
6279
6181
6190
6280
6182
6191
6281
6183
6192
6282
6184
6193
6283
6185
6194
6284
6186
6195
6285
6187
6196
6286
6188
6197
6287
6189
6198
6288
6199
6289
6191
6290
6192
6291
6193
6292
6194
6293
6195
6294
6196
6295
6197
6296
6198
6297
6199
6298
6299
6201
6210
6300
15970
6202
6211
6301
15971
6203
6212
6302
15972
6204
6213
6303
15973
6205
6214
6304
15974
6206
6215
6305
15975
6207
6216
6306
15976
6208
6217
6307
15977
6209
6218
6308
15978
6219
6309
15979
6211
6220
6310
6212
6221
6311
6213
6222
6312
6214
6223
6313
6215
6224
6314
6216
6225
6315
6217
6226
6316
6218
6227
6317
6219
6228
6318
6229
6319
6221
6230
6320
6222
6231
6321
6223
6232
6322
6224
6233
6323
6225
6234
6324
6226
6235
6325
6227
6236
6326
6228
6237
6327
6229
6238
6328
6239
6329
6231
6240
6330
6232
6241
6331
6233
6242
6332
6234
6243
6333
6235
6244
6334
6236
6245
6335
6237
6246
6336
6238
6247
6337
6239
6248
6338
6249
6339
6241
6250
6340
6242
6251
6341
6243
6252
6342
6244
6253
6343
6245
6254
6344
6246
6255
6345
6247
6256
6346
6248
6257
6347
6249
6258
6348
6259
6349
6251
6260
6350
6252
6261
6351
6253
6262
6352
6254
6263
6353
6255
6264
6354
6256
6265
6355
6257
6266
6356
6258
6267
6357
6259
6268
6358
6269
6359
6261
6270
6360
6262
6271
6361
6263
6272
6362
6264
6273
6363
6265
6274
6364
6266
6275
6365
6267
6276
6366
6268
6277
6367
6269
6278
6368
6279
6369
6271
6280
6370
6272
6281
6371
6273
6282
6372
6274
6283
6373
6275
6284
6374
6276
6285
6375
6277
6286
6376
6278
6287
6377
6279
6288
6378
6289
6379
6281
6290
6380
6282
6291
6381
6283
6292
6382
6284
6293
6383
6285
6294
6384
6286
6295
6385
6287
6296
6386
6288
6297
6387
6289
6298
6388
6299
6389
6291
6390
6292
6391
6293
6392
6294
6393
6295
6394
6296
6395
6297
6396
6298
6397
6299
6398
6399
6301
6310
6400
15960
6302
6311
6401
15961
6303
6312
6402
15962
6304
6313
6403
15963
6305
6314
6404
15964
6306
6315
6405
15965
6307
6316
6406
15966
6308
6317
6407
15967
6309
6318
6408
15968
6319
6409
15969
6311
6320
6410
6312
6321
6411
6313
6322
6412
6314
6323
6413
6315
6324
6414
6316
6325
6415
6317
6326
6416
6318
6327
6417
6319
6328
6418
6329
6419
6321
6330
6420
6322
6331
6421
6323
6332
6422
6324
6333
6423
6325
6334
6424
6326
6335
6425
6327
6336
6426
6328
6337
6427
6329
6338
6428
6339
6429
6331
6340
6430
6332
6341
6431
6333
6342
6432
6334
6343
6433
6335
6344
6434
6336
6345
6435
6337
6346
6436
6338
6347
6437
6339
6348
6438
6349
6439
6341
6350
6440
6342
6351
6441
6343
6352
6442
6344
6353
6443
6345
6354
6444
6346
6355
6445
6347
6356
6446
6348
6357
6447
6349
6358
6448
6359
6449
6351
6360
6450
6352
6361
6451
6353
6362
6452
6354
6363
6453
6355
6364
6454
6356
6365
6455
6357
6366
6456
6358
6367
6457
6359
6368
6458
6369
6459
6361
6370
6460
6362
6371
6461
6363
6372
6462
6364
6373
6463
6365
6374
6464
6366
6375
6465
6367
6376
6466
6368
6377
6467
6369
6378
6468
6379
6469
6371
6380
6470
6372
6381
6471
6373
6382
6472
6374
6383
6473
6375
6384
6474
6376
6385
6475
6377
6386
6476
6378
6387
6477
6379
6388
6478
6389
6479
6381
6390
6480
6382
6391
6481
6383
6392
6482
6384
6393
6483
6385
6394
6484
6386
6395
6485
6387
6396
6486
6388
6397
6487
6389
6398
6488
6399
6489
6391
6490
6392
6491
6393
6492
6394
6493
6395
6494
6396
6495
6397
6496
6398
6497
6399
6498
6499
6401
6410
6500
15950
6402
6411
6501
15951
6403
6412
6502
15952
6404
6413
6503
15953
6405
6414
6504
15954
6406
6415
6505
15955
6407
6416
6506
15956
6408
6417
6507
15957
6409
6418
6508
15958
6419
6509
15959
6411
6420
6510
6412
6421
6511
6413
6422
6512
6414
6423
6513
6415
6424
6514
6416
6425
6515
6417
6426
6516
6418
6427
6517
6419
6428
6518
6429
6519
6421
6430
6520
6422
6431
6521
6423
6432
6522
6424
6433
6523
6425
6434
6524
6426
6435
6525
6427
6436
6526
6428
6437
6527
6429
6438
6528
6439
6529
6431
6440
6530
6432
6441
6531
6433
6442
6532
6434
6443
6533
6435
6444
6534
6436
6445
6535
6437
6446
6536
6438
6447
6537
6439
6448
6538
6449
6539
6441
6450
6540
6442
6451
6541
6443
6452
6542
6444
6453
6543
6445
6454
6544
6446
6455
6545
6447
6456
6546
6448
6457
6547
6449
6458
6548
6459
6549
6451
6460
6550
6452
6461
6551
6453
6462
6552
6454
6463
6553
6455
6464
6554
6456
6465
6555
6457
6466
6556
6458
6467
6557
6459
6468
6558
6469
6559
6461
6470
6560
6462
6471
6561
6463
6472
6562
6464
6473
6563
6465
6474
6564
6466
6475
6565
6467
6476
6566
6468
6477
6567
6469
6478
6568
6479
6569
6471
6480
6570
6472
6481
6571
6473
6482
6572
6474
6483
6573
6475
6484
6574
6476
6485
6575
6477
6486
6576
6478
6487
6577
6479
6488
6578
6489
6579
6481
6490
6580
6482
6491
6581
6483
6492
6582
6484
6493
6583
6485
6494
6584
6486
6495
6585
6487
6496
6586
6488
6497
6587
6489
6498
6588
6499
6589
6491
6590
6492
6591
6493
6592
6494
6593
6495
6594
6496
6595
6497
6596
6498
6597
6499
6598
6599
6501
6510
6600
15940
6502
6511
6601
15941
6503
6512
6602
15942
6504
6513
6603
15943
6505
6514
6604
15944
6506
6515
6605
15945
6507
6516
6606
15946
6508
6517
6607
15947
6509
6518
6608
15948
6519
6609
15949
6511
6520
6610
6512
6521
6611
6513
6522
6612
6514
6523
6613
6515
6524
6614
6516
6525
6615
6517
6526
6616
6518
6527
6617
6519
6528
6618
6529
6619
6521
6530
6620
6522
6531
6621
6523
6532
6622
6524
6533
6623
6525
6534
6624
6526
6535
6625
6527
6536
6626
6528
6537
6627
6529
6538
6628
6539
6629
6531
6540
6630
6532
6541
6631
6533
6542
6632
6534
6543
6633
6535
6544
6634
6536
6545
6635
6537
6546
6636
6538
6547
6637
6539
6548
6638
6549
6639
6541
6550
6640
6542
6551
6641
6543
6552
6642
6544
6553
6643
6545
6554
6644
6546
6555
6645
6547
6556
6646
6548
6557
6647
6549
6558
6648
6559
6649
6551
6560
6650
6552
6561
6651
6553
6562
6652
6554
6563
6653
6555
6564
6654
6556
6565
6655
6557
6566
6656
6558
6567
6657
6559
6568
6658
6569
6659
6561
6570
6660
6562
6571
6661
6563
6572
6662
6564
6573
6663
6565
6574
6664
6566
6575
6665
6567
6576
6666
6568
6577
6667
6569
6578
6668
6579
6669
6571
6580
6670
6572
6581
6671
6573
6582
6672
6574
6583
6673
6575
6584
6674
6576
6585
6675
6577
6586
6676
6578
6587
6677
6579
6588
6678
6589
6679
6581
6590
6680
6582
6591
6681
6583
6592
6682
6584
6593
6683
6585
6594
6684
6586
6595
6685
6587
6596
6686
6588
6597
6687
6589
6598
6688
6599
6689
6591
6690
6592
6691
6593
6692
6594
6693
6595
6694
6596
6695
6597
6696
6598
6697
6599
6698
6699
6601
6610
6700
15930
6602
6611
6701
15931
6603
6612
6702
15932
6604
6613
6703
15933
6605
6614
6704
15934
6606
6615
6705
15935
6607
6616
6706
15936
6608
6617
6707
15937
6609
6618
6708
15938
6619
6709
15939
6611
6620
6710
6612
6621
6711
6613
6622
6712
6614
6623
6713
6615
6624
6714
6616
6625
6715
6617
6626
6716
6618
6627
6717
6619
6628
6718
6629
6719
6621
6630
6720
6622
6631
6721
6623
6632
6722
6624
6633
6723
6625
6634
6724
6626
6635
6725
6627
6636
6726
6628
6637
6727
6629
6638
6728
6639
6729
6631
6640
6730
6632
6641
6731
6633
6642
6732
6634
6643
6733
6635
6644
6734
6636
6645
6735
6637
6646
6736
6638
6647
6737
6639
6648
6738
6649
6739
6641
6650
6740
6642
6651
6741
6643
6652
6742
6644
6653
6743
6645
6654
6744
6646
6655
6745
6647
6656
6746
6648
6657
6747
6649
6658
6748
6659
6749
6651
6660
6750
6652
6661
6751
6653
6662
6752
6654
6663
6753
6655
6664
6754
6656
6665
6755
6657
6666
6756
6658
6667
6757
6659
6668
6758
6669
6759
6661
6670
6760
6662
6671
6761
6663
6672
6762
6664
6673
6763
6665
6674
6764
6666
6675
6765
6667
6676
6766
6668
6677
6767
6669
6678
6768
6679
6769
6671
6680
6770
6672
6681
6771
6673
6682
6772
6674
6683
6773
6675
6684
6774
6676
6685
6775
6677
6686
6776
6678
6687
6777
6679
6688
6778
6689
6779
6681
6690
6780
6682
6691
6781
6683
6692
6782
6684
6693
6783
6685
6694
6784
6686
6695
6785
6687
6696
6786
6688
6697
6787
6689
6698
6788
6699
6789
6691
6790
6692
6791
6693
6792
6694
6793
6695
6794
6696
6795
6697
6796
6698
6797
6699
6798
6799
6701
6710
6800
15920
6702
6711
6801
15921
6703
6712
6802
15922
6704
6713
6803
15923
6705
6714
6804
15924
6706
6715
6805
15925
6707
6716
6806
15926
6708
6717
6807
15927
6709
6718
6808
15928
6719
6809
15929
6711
6720
6810
6712
6721
6811
6713
6722
6812
6714
6723
6813
6715
6724
6814
6716
6725
6815
6717
6726
6816
6718
6727
6817
6719
6728
6818
6729
6819
6721
6730
6820
6722
6731
6821
6723
6732
6822
6724
6733
6823
6725
6734
6824
6726
6735
6825
6727
6736
6826
6728
6737
6827
6729
6738
6828
6739
6829
6731
6740
6830
6732
6741
6831
6733
6742
6832
6734
6743
6833
6735
6744
6834
6736
6745
6835
6737
6746
6836
6738
6747
6837
6739
6748
6838
6749
6839
6741
6750
6840
6742
6751
6841
6743
6752
6842
6744
6753
6843
6745
6754
6844
6746
6755
6845
6747
6756
6846
6748
6757
6847
6749
6758
6848
6759
6849
6751
6760
6850
6752
6761
6851
6753
6762
6852
6754
6763
6853
6755
6764
6854
6756
6765
6855
6757
6766
6856
6758
6767
6857
6759
6768
6858
6769
6859
6761
6770
6860
6762
6771
6861
6763
6772
6862
6764
6773
6863
6765
6774
6864
6766
6775
6865
6767
6776
6866
6768
6777
6867
6769
6778
6868
6779
6869
6771
6780
6870
6772
6781
6871
6773
6782
6872
6774
6783
6873
6775
6784
6874
6776
6785
6875
6777
6786
6876
6778
6787
6877
6779
6788
6878
6789
6879
6781
6790
6880
6782
6791
6881
6783
6792
6882
6784
6793
6883
6785
6794
6884
6786
6795
6885
6787
6796
6886
6788
6797
6887
6789
6798
6888
6799
6889
6791
6890
6792
6891
6793
6892
6794
6893
6795
6894
6796
6895
6797
6896
6798
6897
6799
6898
6899
6801
6810
6900
15910
6802
6811
6901
15911
6803
6812
6902
15912
6804
6813
6903
15913
6805
6814
6904
15914
6806
6815
6905
15915
6807
6816
6906
15916
6808
6817
6907
15917
6809
6818
6908
15918
6819
6909
15919
6811
6820
6910
6812
6821
6911
6813
6822
6912
6814
6823
6913
6815
6824
6914
6816
6825
6915
6817
6826
6916
6818
6827
6917
6819
6828
6918
6829
6919
6821
6830
6920
6822
6831
6921
6823
6832
6922
6824
6833
6923
6825
6834
6924
6826
6835
6925
6827
6836
6926
6828
6837
6927
6829
6838
6928
6839
6929
6831
6840
6930
6832
6841
6931
6833
6842
6932
6834
6843
6933
6835
6844
6934
6836
6845
6935
6837
6846
6936
6838
6847
6937
6839
6848
6938
6849
6939
6841
6850
6940
6842
6851
6941
6843
6852
6942
6844
6853
6943
6845
6854
6944
6846
6855
6945
6847
6856
6946
6848
6857
6947
6849
6858
6948
6859
6949
6851
6860
6950
6852
6861
6951
6853
6862
6952
6854
6863
6953
6855
6864
6954
6856
6865
6955
6857
6866
6956
6858
6867
6957
6859
6868
6958
6869
6959
6861
6870
6960
6862
6871
6961
6863
6872
6962
6864
6873
6963
6865
6874
6964
6866
6875
6965
6867
6876
6966
6868
6877
6967
6869
6878
6968
6879
6969
6871
6880
6970
6872
6881
6971
6873
6882
6972
6874
6883
6973
6875
6884
6974
6876
6885
6975
6877
6886
6976
6878
6887
6977
6879
6888
6978
6889
6979
6881
6890
6980
6882
6891
6981
6883
6892
6982
6884
6893
6983
6885
6894
6984
6886
6895
6985
6887
6896
6986
6888
6897
6987
6889
6898
6988
6899
6989
6891
6990
6892
6991
6893
6992
6894
6993
6895
6994
6896
6995
6897
6996
6898
6997
6899
6998
6999
6901
6910
9900
15900
6902
6911
9901
15901
6903
6912
9902
15902
6904
6913
9903
15903
6905
6914
9904
15904
6906
6915
9905
15905
6907
6916
9906
15906
6908
6917
9907
15907
6909
6918
9908
15908
6919
9909
15909
6911
6920
9800
6912
6921
9801
6913
6922
9802
6914
6923
9803
6915
6924
9804
6916
6925
9805
6917
6926
9806
6918
6927
9807
6919
6928
9808
6929
9809
6921
6930
9700
6922
6931
9701
6923
6932
9702
6924
6933
9703
6925
6934
9704
6926
6935
9705
6927
6936
9706
6928
6937
9707
6929
6938
9708
6939
9709
6931
6940
9600
6932
6941
9601
6933
6942
9602
6934
6943
9603
6935
6944
9604
6936
6945
9605
6937
6946
9606
6938
6947
9607
6939
6948
9608
6949
9609
6941
6950
9500
6942
6951
9501
6943
6952
9502
6944
6953
9503
6945
6954
9504
6946
6955
9505
6947
6956
9506
6948
6957
9507
6949
6958
9508
6959
9509
6951
6960
9400
6952
6961
9401
6953
6962
9402
6954
6963
9403
6955
6964
9404
6956
6965
9405
6957
6966
9406
6958
6967
9407
6959
6968
9408
6969
9409
6961
6970
9300
6962
6971
9301
6963
6972
9302
6964
6973
9303
6965
6974
9304
6966
6975
9305
6967
6976
9306
6968
6977
9307
6969
6978
9308
6979
9309
6971
6980
9200
6972
6981
9201
6973
6982
9202
6974
6983
9203
6975
6984
9204
6976
6985
9205
6977
6986
9206
6978
6987
9207
6979
6988
9208
6989
9209
6981
6990
9100
6982
6991
9101
6983
6992
9102
6984
6993
9103
6985
6994
9104
6986
6995
9105
6987
6996
9106
6988
6997
9107
6989
6998
9108
6999
9109
6991
9000
6992
9001
6993
9002
6994
9003
6995
9004
6996
9005
6997
9006
6998
9007
6999
9008
9009
7001
7010
7100
27090
7002
7011
7101
27091
7003
7012
7102
27092
7004
7013
7103
27093
7005
7014
7104
27094
7006
7015
7105
27095
7007
7016
7106
27096
7008
7017
7107
27097
7009
7018
7108
27098
7019
7109
27099
7011
7020
7110
27080
7012
7021
7111
27081
7013
7022
7112
27082
7014
7023
7113
27083
7015
7024
7114
27084
7016
7025
7115
27085
7017
7026
7116
27086
7018
7027
7117
27087
7019
7028
7118
27088
7029
7119
27089
7021
7030
7120
27070
7022
7031
7121
27071
7023
7032
7122
27072
7024
7033
7123
27073
7025
7034
7124
27074
7026
7035
7125
27075
7027
7036
7126
27076
7028
7037
7127
27077
7029
7038
7128
27078
7039
7129
27079
7031
7040
7130
27060
7032
7041
7131
27061
7033
7042
7132
27062
7034
7043
7133
27063
7035
7044
7134
27064
7036
7045
7135
27065
7037
7046
7136
27066
7038
7047
7137
27067
7039
7048
7138
27068
7049
7139
27069
7041
7050
7140
27050
7042
7051
7141
27051
7043
7052
7142
27052
7044
7053
7143
27053
7045
7054
7144
27054
7046
7055
7145
27055
7047
7056
7146
27056
7048
7057
7147
27057
7049
7058
7148
27058
7059
7149
27059
7051
7060
7150
27040
7052
7061
7151
27041
7053
7062
7152
27042
7054
7063
7153
27043
7055
7064
7154
27044
7056
7065
7155
27045
7057
7066
7156
27046
7058
7067
7157
27047
7059
7068
7158
27048
7069
7159
27049
7061
7070
7160
27030
7062
7071
7161
27031
7063
7072
7162
27032
7064
7073
7163
27033
7065
7074
7164
27034
7066
7075
7165
27035
7067
7076
7166
27036
7068
7077
7167
27037
7069
7078
7168
27038
7079
7169
27039
7071
7080
7170
27020
7072
7081
7171
27021
7073
7082
7172
27022
7074
7083
7173
27023
7075
7084
7174
27024
7076
7085
7175
27025
7077
7086
7176
27026
7078
7087
7177
27027
7079
7088
7178
27028
7089
7179
27029
7081
7090
7180
27010
7082
7091
7181
27011
7083
7092
7182
27012
7084
7093
7183
27013
7085
7094
7184
27014
7086
7095
7185
27015
7087
7096
7186
27016
7088
7097
7187
27017
7089
7098
7188
27018
7099
7189
27019
7091
7190
8000
27000
7092
7191
8001
27001
7093
7192
8002
27002
7094
7193
8003
27003
7095
7194
8004
27004
7096
7195
8005
27005
7097
7196
8006
27006
7098
7197
8007
27007
7099
7198
8008
27008
7199
8009
27009
7101
7110
7200
7102
7111
7201
7103
7112
7202
7104
7113
7203
7105
7114
7204
7106
7115
7205
7107
7116
7206
7108
7117
7207
7109
7118
7208
7119
7209
7111
7120
7210
7112
7121
7211
7113
7122
7212
7114
7123
7213
7115
7124
7214
7116
7125
7215
7117
7126
7216
7118
7127
7217
7119
7128
7218
7129
7219
7121
7130
7220
7122
7131
7221
7123
7132
7222
7124
7133
7223
7125
7134
7224
7126
7135
7225
7127
7136
7226
7128
7137
7227
7129
7138
7228
7139
7229
7131
7140
7230
7132
7141
7231
7133
7142
7232
7134
7143
7233
7135
7144
7234
7136
7145
7235
7137
7146
7236
7138
7147
7237
7139
7148
7238
7149
7239
7141
7150
7240
7142
7151
7241
7143
7152
7242
7144
7153
7243
7145
7154
7244
7146
7155
7245
7147
7156
7246
7148
7157
7247
7149
7158
7248
7159
7249
7151
7160
7250
7152
7161
7251
7153
7162
7252
7154
7163
7253
7155
7164
7254
7156
7165
7255
7157
7166
7256
7158
7167
7257
7159
7168
7258
7169
7259
7161
7170
7260
7162
7171
7261
7163
7172
7262
7164
7173
7263
7165
7174
7264
7166
7175
7265
7167
7176
7266
7168
7177
7267
7169
7178
7268
7179
7269
7171
7180
7270
7172
7181
7271
7173
7182
7272
7174
7183
7273
7175
7184
7274
7176
7185
7275
7177
7186
7276
7178
7187
7277
7179
7188
7278
7189
7279
7181
7190
7280
7182
7191
7281
7183
7192
7282
7184
7193
7283
7185
7194
7284
7186
7195
7285
7187
7196
7286
7188
7197
7287
7189
7198
7288
7199
7289
7191
7290
8100
7192
7291
8101
7193
7292
8102
7194
7293
8103
7195
7294
8104
7196
7295
8105
7197
7296
8106
7198
7297
8107
7199
7298
8108
7299
8109
7201
7210
7300
7202
7211
7301
7203
7212
7302
7204
7213
7303
7205
7214
7304
7206
7215
7305
7207
7216
7306
7208
7217
7307
7209
7218
7308
7219
7309
7211
7220
7310
7212
7221
7311
7213
7222
7312
7214
7223
7313
7215
7224
7314
7216
7225
7315
7217
7226
7316
7218
7227
7317
7219
7228
7318
7229
7319
7221
7230
7320
7222
7231
7321
7223
7232
7322
7224
7233
7323
7225
7234
7324
7226
7235
7325
7227
7236
7326
7228
7237
7327
7229
7238
7328
7239
7329
7231
7240
7330
7232
7241
7331
7233
7242
7332
7234
7243
7333
7235
7244
7334
7236
7245
7335
7237
7246
7336
7238
7247
7337
7239
7248
7338
7249
7339
7241
7250
7340
7242
7251
7341
7243
7252
7342
7244
7253
7343
7245
7254
7344
7246
7255
7345
7247
7256
7346
7248
7257
7347
7249
7258
7348
7259
7349
7251
7260
7350
7252
7261
7351
7253
7262
7352
7254
7263
7353
7255
7264
7354
7256
7265
7355
7257
7266
7356
7258
7267
7357
7259
7268
7358
7269
7359
7261
7270
7360
7262
7271
7361
7263
7272
7362
7264
7273
7363
7265
7274
7364
7266
7275
7365
7267
7276
7366
7268
7277
7367
7269
7278
7368
7279
7369
7271
7280
7370
7272
7281
7371
7273
7282
7372
7274
7283
7373
7275
7284
7374
7276
7285
7375
7277
7286
7376
7278
7287
7377
7279
7288
7378
7289
7379
7281
7290
7380
7282
7291
7381
7283
7292
7382
7284
7293
7383
7285
7294
7384
7286
7295
7385
7287
7296
7386
7288
7297
7387
7289
7298
7388
7299
7389
7291
7390
8200
7292
7391
8201
7293
7392
8202
7294
7393
8203
7295
7394
8204
7296
7395
8205
7297
7396
8206
7298
7397
8207
7299
7398
8208
7399
8209
7301
7310
7400
7302
7311
7401
7303
7312
7402
7304
7313
7403
7305
7314
7404
7306
7315
7405
7307
7316
7406
7308
7317
7407
7309
7318
7408
7319
7409
7311
7320
7410
7312
7321
7411
7313
7322
7412
7314
7323
7413
7315
7324
7414
7316
7325
7415
7317
7326
7416
7318
7327
7417
7319
7328
7418
7329
7419
7321
7330
7420
7322
7331
7421
7323
7332
7422
7324
7333
7423
7325
7334
7424
7326
7335
7425
7327
7336
7426
7328
7337
7427
7329
7338
7428
7339
7429
7331
7340
7430
7332
7341
7431
7333
7342
7432
7334
7343
7433
7335
7344
7434
7336
7345
7435
7337
7346
7436
7338
7347
7437
7339
7348
7438
7349
7439
7341
7350
7440
7342
7351
7441
7343
7352
7442
7344
7353
7443
7345
7354
7444
7346
7355
7445
7347
7356
7446
7348
7357
7447
7349
7358
7448
7359
7449
7351
7360
7450
7352
7361
7451
7353
7362
7452
7354
7363
7453
7355
7364
7454
7356
7365
7455
7357
7366
7456
7358
7367
7457
7359
7368
7458
7369
7459
7361
7370
7460
7362
7371
7461
7363
7372
7462
7364
7373
7463
7365
7374
7464
7366
7375
7465
7367
7376
7466
7368
7377
7467
7369
7378
7468
7379
7469
7371
7380
7470
7372
7381
7471
7373
7382
7472
7374
7383
7473
7375
7384
7474
7376
7385
7475
7377
7386
7476
7378
7387
7477
7379
7388
7478
7389
7479
7381
7390
7480
7382
7391
7481
7383
7392
7482
7384
7393
7483
7385
7394
7484
7386
7395
7485
7387
7396
7486
7388
7397
7487
7389
7398
7488
7399
7489
7391
7490
8300
7392
7491
8301
7393
7492
8302
7394
7493
8303
7395
7494
8304
7396
7495
8305
7397
7496
8306
7398
7497
8307
7399
7498
8308
7499
8309
7401
7410
7500
7402
7411
7501
7403
7412
7502
7404
7413
7503
7405
7414
7504
7406
7415
7505
7407
7416
7506
7408
7417
7507
7409
7418
7508
7419
7509
7411
7420
7510
7412
7421
7511
7413
7422
7512
7414
7423
7513
7415
7424
7514
7416
7425
7515
7417
7426
7516
7418
7427
7517
7419
7428
7518
7429
7519
7421
7430
7520
7422
7431
7521
7423
7432
7522
7424
7433
7523
7425
7434
7524
7426
7435
7525
7427
7436
7526
7428
7437
7527
7429
7438
7528
7439
7529
7431
7440
7530
7432
7441
7531
7433
7442
7532
7434
7443
7533
7435
7444
7534
7436
7445
7535
7437
7446
7536
7438
7447
7537
7439
7448
7538
7449
7539
7441
7450
7540
7442
7451
7541
7443
7452
7542
7444
7453
7543
7445
7454
7544
7446
7455
7545
7447
7456
7546
7448
7457
7547
7449
7458
7548
7459
7549
7451
7460
7550
7452
7461
7551
7453
7462
7552
7454
7463
7553
7455
7464
7554
7456
7465
7555
7457
7466
7556
7458
7467
7557
7459
7468
7558
7469
7559
7461
7470
7560
7462
7471
7561
7463
7472
7562
7464
7473
7563
7465
7474
7564
7466
7475
7565
7467
7476
7566
7468
7477
7567
7469
7478
7568
7479
7569
7471
7480
7570
7472
7481
7571
7473
7482
7572
7474
7483
7573
7475
7484
7574
7476
7485
7575
7477
7486
7576
7478
7487
7577
7479
7488
7578
7489
7579
7481
7490
7580
7482
7491
7581
7483
7492
7582
7484
7493
7583
7485
7494
7584
7486
7495
7585
7487
7496
7586
7488
7497
7587
7489
7498
7588
7499
7589
7491
7590
8400
7492
7591
8401
7493
7592
8402
7494
7593
8403
7495
7594
8404
7496
7595
8405
7497
7596
8406
7498
7597
8407
7499
7598
8408
7599
8409
7501
7510
7600
7502
7511
7601
7503
7512
7602
7504
7513
7603
7505
7514
7604
7506
7515
7605
7507
7516
7606
7508
7517
7607
7509
7518
7608
7519
7609
7511
7520
7610
7512
7521
7611
7513
7522
7612
7514
7523
7613
7515
7524
7614
7516
7525
7615
7517
7526
7616
7518
7527
7617
7519
7528
7618
7529
7619
7521
7530
7620
7522
7531
7621
7523
7532
7622
7524
7533
7623
7525
7534
7624
7526
7535
7625
7527
7536
7626
7528
7537
7627
7529
7538
7628
7539
7629
7531
7540
7630
7532
7541
7631
7533
7542
7632
7534
7543
7633
7535
7544
7634
7536
7545
7635
7537
7546
7636
7538
7547
7637
7539
7548
7638
7549
7639
7541
7550
7640
7542
7551
7641
7543
7552
7642
7544
7553
7643
7545
7554
7644
7546
7555
7645
7547
7556
7646
7548
7557
7647
7549
7558
7648
7559
7649
7551
7560
7650
7552
7561
7651
7553
7562
7652
7554
7563
7653
7555
7564
7654
7556
7565
7655
7557
7566
7656
7558
7567
7657
7559
7568
7658
7569
7659
7561
7570
7660
7562
7571
7661
7563
7572
7662
7564
7573
7663
7565
7574
7664
7566
7575
7665
7567
7576
7666
7568
7577
7667
7569
7578
7668
7579
7669
7571
7580
7670
7572
7581
7671
7573
7582
7672
7574
7583
7673
7575
7584
7674
7576
7585
7675
7577
7586
7676
7578
7587
7677
7579
7588
7678
7589
7679
7581
7590
7680
7582
7591
7681
7583
7592
7682
7584
7593
7683
7585
7594
7684
7586
7595
7685
7587
7596
7686
7588
7597
7687
7589
7598
7688
7599
7689
7591
7690
8500
7592
7691
8501
7593
7692
8502
7594
7693
8503
7595
7694
8504
7596
7695
8505
7597
7696
8506
7598
7697
8507
7599
7698
8508
7699
8509
7601
7610
7700
7602
7611
7701
7603
7612
7702
7604
7613
7703
7605
7614
7704
7606
7615
7705
7607
7616
7706
7608
7617
7707
7609
7618
7708
7619
7709
7611
7620
7710
7612
7621
7711
7613
7622
7712
7614
7623
7713
7615
7624
7714
7616
7625
7715
7617
7626
7716
7618
7627
7717
7619
7628
7718
7629
7719
7621
7630
7720
7622
7631
7721
7623
7632
7722
7624
7633
7723
7625
7634
7724
7626
7635
7725
7627
7636
7726
7628
7637
7727
7629
7638
7728
7639
7729
7631
7640
7730
7632
7641
7731
7633
7642
7732
7634
7643
7733
7635
7644
7734
7636
7645
7735
7637
7646
7736
7638
7647
7737
7639
7648
7738
7649
7739
7641
7650
7740
7642
7651
7741
7643
7652
7742
7644
7653
7743
7645
7654
7744
7646
7655
7745
7647
7656
7746
7648
7657
7747
7649
7658
7748
7659
7749
7651
7660
7750
7652
7661
7751
7653
7662
7752
7654
7663
7753
7655
7664
7754
7656
7665
7755
7657
7666
7756
7658
7667
7757
7659
7668
7758
7669
7759
7661
7670
7760
7662
7671
7761
7663
7672
7762
7664
7673
7763
7665
7674
7764
7666
7675
7765
7667
7676
7766
7668
7677
7767
7669
7678
7768
7679
7769
7671
7680
7770
7672
7681
7771
7673
7682
7772
7674
7683
7773
7675
7684
7774
7676
7685
7775
7677
7686
7776
7678
7687
7777
7679
7688
7778
7689
7779
7681
7690
7780
7682
7691
7781
7683
7692
7782
7684
7693
7783
7685
7694
7784
7686
7695
7785
7687
7696
7786
7688
7697
7787
7689
7698
7788
7699
7789
7691
7790
8600
7692
7791
8601
7693
7792
8602
7694
7793
8603
7695
7794
8604
7696
7795
8605
7697
7796
8606
7698
7797
8607
7699
7798
8608
7799
8609
7701
7710
7800
7702
7711
7801
7703
7712
7802
7704
7713
7803
7705
7714
7804
7706
7715
7805
7707
7716
7806
7708
7717
7807
7709
7718
7808
7719
7809
7711
7720
7810
7712
7721
7811
7713
7722
7812
7714
7723
7813
7715
7724
7814
7716
7725
7815
7717
7726
7816
7718
7727
7817
7719
7728
7818
7729
7819
7721
7730
7820
7722
7731
7821
7723
7732
7822
7724
7733
7823
7725
7734
7824
7726
7735
7825
7727
7736
7826
7728
7737
7827
7729
7738
7828
7739
7829
7731
7740
7830
7732
7741
7831
7733
7742
7832
7734
7743
7833
7735
7744
7834
7736
7745
7835
7737
7746
7836
7738
7747
7837
7739
7748
7838
7749
7839
7741
7750
7840
7742
7751
7841
7743
7752
7842
7744
7753
7843
7745
7754
7844
7746
7755
7845
7747
7756
7846
7748
7757
7847
7749
7758
7848
7759
7849
7751
7760
7850
7752
7761
7851
7753
7762
7852
7754
7763
7853
7755
7764
7854
7756
7765
7855
7757
7766
7856
7758
7767
7857
7759
7768
7858
7769
7859
7761
7770
7860
7762
7771
7861
7763
7772
7862
7764
7773
7863
7765
7774
7864
7766
7775
7865
7767
7776
7866
7768
7777
7867
7769
7778
7868
7779
7869
7771
7780
7870
7772
7781
7871
7773
7782
7872
7774
7783
7873
7775
7784
7874
7776
7785
7875
7777
7786
7876
7778
7787
7877
7779
7788
7878
7789
7879
7781
7790
7880
7782
7791
7881
7783
7792
7882
7784
7793
7883
7785
7794
7884
7786
7795
7885
7787
7796
7886
7788
7797
7887
7789
7798
7888
7799
7889
7791
7890
8700
7792
7891
8701
7793
7892
8702
7794
7893
8703
7795
7894
8704
7796
7895
8705
7797
7896
8706
7798
7897
8707
7799
7898
8708
7899
8709
7801
7810
7900
7802
7811
7901
7803
7812
7902
7804
7813
7903
7805
7814
7904
7806
7815
7905
7807
7816
7906
7808
7817
7907
7809
7818
7908
7819
7909
7811
7820
7910
7812
7821
7911
7813
7822
7912
7814
7823
7913
7815
7824
7914
7816
7825
7915
7817
7826
7916
7818
7827
7917
7819
7828
7918
7829
7919
7821
7830
7920
7822
7831
7921
7823
7832
7922
7824
7833
7923
7825
7834
7924
7826
7835
7925
7827
7836
7926
7828
7837
7927
7829
7838
7928
7839
7929
7831
7840
7930
7832
7841
7931
7833
7842
7932
7834
7843
7933
7835
7844
7934
7836
7845
7935
7837
7846
7936
7838
7847
7937
7839
7848
7938
7849
7939
7841
7850
7940
7842
7851
7941
7843
7852
7942
7844
7853
7943
7845
7854
7944
7846
7855
7945
7847
7856
7946
7848
7857
7947
7849
7858
7948
7859
7949
7851
7860
7950
7852
7861
7951
7853
7862
7952
7854
7863
7953
7855
7864
7954
7856
7865
7955
7857
7866
7956
7858
7867
7957
7859
7868
7958
7869
7959
7861
7870
7960
7862
7871
7961
7863
7872
7962
7864
7873
7963
7865
7874
7964
7866
7875
7965
7867
7876
7966
7868
7877
7967
7869
7878
7968
7879
7969
7871
7880
7970
7872
7881
7971
7873
7882
7972
7874
7883
7973
7875
7884
7974
7876
7885
7975
7877
7886
7976
7878
7887
7977
7879
7888
7978
7889
7979
7881
7890
7980
7882
7891
7981
7883
7892
7982
7884
7893
7983
7885
7894
7984
7886
7895
7985
7887
7896
7986
7888
7897
7987
7889
7898
7988
7899
7989
7891
7990
8800
7892
7991
8801
7893
7992
8802
7894
7993
8803
7895
7994
8804
7896
7995
8805
7897
7996
8806
7898
7997
8807
7899
7998
8808
7999
8809
7901
7910
9000
7902
7911
9001
7903
7912
9002
7904
7913
9003
7905
7914
9004
7906
7915
9005
7907
7916
9006
7908
7917
9007
7909
7918
9008
7919
9009
7911
7920
9010
7912
7921
9011
7913
7922
9012
7914
7923
9013
7915
7924
9014
7916
7925
9015
7917
7926
9016
7918
7927
9017
7919
7928
9018
7929
9019
7921
7930
9020
7922
7931
9021
7923
7932
9022
7924
7933
9023
7925
7934
9024
7926
7935
9025
7927
7936
9026
7928
7937
9027
7929
7938
9028
7939
9029
7931
7940
9030
7932
7941
9031
7933
7942
9032
7934
7943
9033
7935
7944
9034
7936
7945
9035
7937
7946
9036
7938
7947
9037
7939
7948
9038
7949
9039
7941
7950
9040
7942
7951
9041
7943
7952
9042
7944
7953
9043
7945
7954
9044
7946
7955
9045
7947
7956
9046
7948
7957
9047
7949
7958
9048
7959
9049
7951
7960
9050
7952
7961
9051
7953
7962
9052
7954
7963
9053
7955
7964
9054
7956
7965
9055
7957
7966
9056
7958
7967
9057
7959
7968
9058
7969
9059
7961
7970
9060
7962
7971
9061
7963
7972
9062
7964
7973
9063
7965
7974
9064
7966
7975
9065
7967
7976
9066
7968
7977
9067
7969
7978
9068
7979
9069
7971
7980
9070
7972
7981
9071
7973
7982
9072
7974
7983
9073
7975
7984
9074
7976
7985
9075
7977
7986
9076
7978
7987
9077
7979
7988
9078
7989
9079
7981
7990
9080
7982
7991
9081
7983
7992
9082
7984
7993
9083
7985
7994
9084
7986
7995
9085
7987
7996
9086
7988
7997
9087
7989
7998
9088
7999
9089
7991
8900
9090
7992
8901
9091
7993
8902
9092
7994
8903
9093
7995
8904
9094
7996
8905
9095
7997
8906
9096
7998
8907
9097
7999
8908
9098
8909
9099
8001
8010
8100
26090
8002
8011
8101
26091
8003
8012
8102
26092
8004
8013
8103
26093
8005
8014
8104
26094
8006
8015
8105
26095
8007
8016
8106
26096
8008
8017
8107
26097
8009
8018
8108
26098
8019
8109
26099
8011
8020
8110
26080
8012
8021
8111
26081
8013
8022
8112
26082
8014
8023
8113
26083
8015
8024
8114
26084
8016
8025
8115
26085
8017
8026
8116
26086
8018
8027
8117
26087
8019
8028
8118
26088
8029
8119
26089
8021
8030
8120
26070
8022
8031
8121
26071
8023
8032
8122
26072
8024
8033
8123
26073
8025
8034
8124
26074
8026
8035
8125
26075
8027
8036
8126
26076
8028
8037
8127
26077
8029
8038
8128
26078
8039
8129
26079
8031
8040
8130
26060
8032
8041
8131
26061
8033
8042
8132
26062
8034
8043
8133
26063
8035
8044
8134
26064
8036
8045
8135
26065
8037
8046
8136
26066
8038
8047
8137
26067
8039
8048
8138
26068
8049
8139
26069
8041
8050
8140
26050
8042
8051
8141
26051
8043
8052
8142
26052
8044
8053
8143
26053
8045
8054
8144
26054
8046
8055
8145
26055
8047
8056
8146
26056
8048
8057
8147
26057
8049
8058
8148
26058
8059
8149
26059
8051
8060
8150
26040
8052
8061
8151
26041
8053
8062
8152
26042
8054
8063
8153
26043
8055
8064
8154
26044
8056
8065
8155
26045
8057
8066
8156
26046
8058
8067
8157
26047
8059
8068
8158
26048
8069
8159
26049
8061
8070
8160
26030
8062
8071
8161
26031
8063
8072
8162
26032
8064
8073
8163
26033
8065
8074
8164
26034
8066
8075
8165
26035
8067
8076
8166
26036
8068
8077
8167
26037
8069
8078
8168
26038
8079
8169
26039
8071
8080
8170
26020
8072
8081
8171
26021
8073
8082
8172
26022
8074
8083
8173
26023
8075
8084
8174
26024
8076
8085
8175
26025
8077
8086
8176
26026
8078
8087
8177
26027
8079
8088
8178
26028
8089
8179
26029
8081
8090
8180
26010
8082
8091
8181
26011
8083
8092
8182
26012
8084
8093
8183
26013
8085
8094
8184
26014
8086
8095
8185
26015
8087
8096
8186
26016
8088
8097
8187
26017
8089
8098
8188
26018
8099
8189
26019
8091
8190
10000
26000
8092
8191
10001
26001
8093
8192
10002
26002
8094
8193
10003
26003
8095
8194
10004
26004
8096
8195
10005
26005
8097
8196
10006
26006
8098
8197
10007
26007
8099
8198
10008
26008
8199
10009
26009
8101
8110
8200
8102
8111
8201
8103
8112
8202
8104
8113
8203
8105
8114
8204
8106
8115
8205
8107
8116
8206
8108
8117
8207
8109
8118
8208
8119
8209
8111
8120
8210
8112
8121
8211
8113
8122
8212
8114
8123
8213
8115
8124
8214
8116
8125
8215
8117
8126
8216
8118
8127
8217
8119
8128
8218
8129
8219
8121
8130
8220
8122
8131
8221
8123
8132
8222
8124
8133
8223
8125
8134
8224
8126
8135
8225
8127
8136
8226
8128
8137
8227
8129
8138
8228
8139
8229
8131
8140
8230
8132
8141
8231
8133
8142
8232
8134
8143
8233
8135
8144
8234
8136
8145
8235
8137
8146
8236
8138
8147
8237
8139
8148
8238
8149
8239
8141
8150
8240
8142
8151
8241
8143
8152
8242
8144
8153
8243
8145
8154
8244
8146
8155
8245
8147
8156
8246
8148
8157
8247
8149
8158
8248
8159
8249
8151
8160
8250
8152
8161
8251
8153
8162
8252
8154
8163
8253
8155
8164
8254
8156
8165
8255
8157
8166
8256
8158
8167
8257
8159
8168
8258
8169
8259
8161
8170
8260
8162
8171
8261
8163
8172
8262
8164
8173
8263
8165
8174
8264
8166
8175
8265
8167
8176
8266
8168
8177
8267
8169
8178
8268
8179
8269
8171
8180
8270
8172
8181
8271
8173
8182
8272
8174
8183
8273
8175
8184
8274
8176
8185
8275
8177
8186
8276
8178
8187
8277
8179
8188
8278
8189
8279
8181
8190
8280
8182
8191
8281
8183
8192
8282
8184
8193
8283
8185
8194
8284
8186
8195
8285
8187
8196
8286
8188
8197
8287
8189
8198
8288
8199
8289
8191
8290
10100
8192
8291
10101
8193
8292
10102
8194
8293
10103
8195
8294
10104
8196
8295
10105
8197
8296
10106
8198
8297
10107
8199
8298
10108
8299
10109
8201
8210
8300
8202
8211
8301
8203
8212
8302
8204
8213
8303
8205
8214
8304
8206
8215
8305
8207
8216
8306
8208
8217
8307
8209
8218
8308
8219
8309
8211
8220
8310
8212
8221
8311
8213
8222
8312
8214
8223
8313
8215
8224
8314
8216
8225
8315
8217
8226
8316
8218
8227
8317
8219
8228
8318
8229
8319
8221
8230
8320
8222
8231
8321
8223
8232
8322
8224
8233
8323
8225
8234
8324
8226
8235
8325
8227
8236
8326
8228
8237
8327
8229
8238
8328
8239
8329
8231
8240
8330
8232
8241
8331
8233
8242
8332
8234
8243
8333
8235
8244
8334
8236
8245
8335
8237
8246
8336
8238
8247
8337
8239
8248
8338
8249
8339
8241
8250
8340
8242
8251
8341
8243
8252
8342
8244
8253
8343
8245
8254
8344
8246
8255
8345
8247
8256
8346
8248
8257
8347
8249
8258
8348
8259
8349
8251
8260
8350
8252
8261
8351
8253
8262
8352
8254
8263
8353
8255
8264
8354
8256
8265
8355
8257
8266
8356
8258
8267
8357
8259
8268
8358
8269
8359
8261
8270
8360
8262
8271
8361
8263
8272
8362
8264
8273
8363
8265
8274
8364
8266
8275
8365
8267
8276
8366
8268
8277
8367
8269
8278
8368
8279
8369
8271
8280
8370
8272
8281
8371
8273
8282
8372
8274
8283
8373
8275
8284
8374
8276
8285
8375
8277
8286
8376
8278
8287
8377
8279
8288
8378
8289
8379
8281
8290
8380
8282
8291
8381
8283
8292
8382
8284
8293
8383
8285
8294
8384
8286
8295
8385
8287
8296
8386
8288
8297
8387
8289
8298
8388
8299
8389
8291
8390
10200
8292
8391
10201
8293
8392
10202
8294
8393
10203
8295
8394
10204
8296
8395
10205
8297
8396
10206
8298
8397
10207
8299
8398
10208
8399
10209
8301
8310
8400
8302
8311
8401
8303
8312
8402
8304
8313
8403
8305
8314
8404
8306
8315
8405
8307
8316
8406
8308
8317
8407
8309
8318
8408
8319
8409
8311
8320
8410
8312
8321
8411
8313
8322
8412
8314
8323
8413
8315
8324
8414
8316
8325
8415
8317
8326
8416
8318
8327
8417
8319
8328
8418
8329
8419
8321
8330
8420
8322
8331
8421
8323
8332
8422
8324
8333
8423
8325
8334
8424
8326
8335
8425
8327
8336
8426
8328
8337
8427
8329
8338
8428
8339
8429
8331
8340
8430
8332
8341
8431
8333
8342
8432
8334
8343
8433
8335
8344
8434
8336
8345
8435
8337
8346
8436
8338
8347
8437
8339
8348
8438
8349
8439
8341
8350
8440
8342
8351
8441
8343
8352
8442
8344
8353
8443
8345
8354
8444
8346
8355
8445
8347
8356
8446
8348
8357
8447
8349
8358
8448
8359
8449
8351
8360
8450
8352
8361
8451
8353
8362
8452
8354
8363
8453
8355
8364
8454
8356
8365
8455
8357
8366
8456
8358
8367
8457
8359
8368
8458
8369
8459
8361
8370
8460
8362
8371
8461
8363
8372
8462
8364
8373
8463
8365
8374
8464
8366
8375
8465
8367
8376
8466
8368
8377
8467
8369
8378
8468
8379
8469
8371
8380
8470
8372
8381
8471
8373
8382
8472
8374
8383
8473
8375
8384
8474
8376
8385
8475
8377
8386
8476
8378
8387
8477
8379
8388
8478
8389
8479
8381
8390
8480
8382
8391
8481
8383
8392
8482
8384
8393
8483
8385
8394
8484
8386
8395
8485
8387
8396
8486
8388
8397
8487
8389
8398
8488
8399
8489
8391
8490
10300
8392
8491
10301
8393
8492
10302
8394
8493
10303
8395
8494
10304
8396
8495
10305
8397
8496
10306
8398
8497
10307
8399
8498
10308
8499
10309
8401
8410
8500
8402
8411
8501
8403
8412
8502
8404
8413
8503
8405
8414
8504
8406
8415
8505
8407
8416
8506
8408
8417
8507
8409
8418
8508
8419
8509
8411
8420
8510
8412
8421
8511
8413
8422
8512
8414
8423
8513
8415
8424
8514
8416
8425
8515
8417
8426
8516
8418
8427
8517
8419
8428
8518
8429
8519
8421
8430
8520
8422
8431
8521
8423
8432
8522
8424
8433
8523
8425
8434
8524
8426
8435
8525
8427
8436
8526
8428
8437
8527
8429
8438
8528
8439
8529
8431
8440
8530
8432
8441
8531
8433
8442
8532
8434
8443
8533
8435
8444
8534
8436
8445
8535
8437
8446
8536
8438
8447
8537
8439
8448
8538
8449
8539
8441
8450
8540
8442
8451
8541
8443
8452
8542
8444
8453
8543
8445
8454
8544
8446
8455
8545
8447
8456
8546
8448
8457
8547
8449
8458
8548
8459
8549
8451
8460
8550
8452
8461
8551
8453
8462
8552
8454
8463
8553
8455
8464
8554
8456
8465
8555
8457
8466
8556
8458
8467
8557
8459
8468
8558
8469
8559
8461
8470
8560
8462
8471
8561
8463
8472
8562
8464
8473
8563
8465
8474
8564
8466
8475
8565
8467
8476
8566
8468
8477
8567
8469
8478
8568
8479
8569
8471
8480
8570
8472
8481
8571
8473
8482
8572
8474
8483
8573
8475
8484
8574
8476
8485
8575
8477
8486
8576
8478
8487
8577
8479
8488
8578
8489
8579
8481
8490
8580
8482
8491
8581
8483
8492
8582
8484
8493
8583
8485
8494
8584
8486
8495
8585
8487
8496
8586
8488
8497
8587
8489
8498
8588
8499
8589
8491
8590
10400
8492
8591
10401
8493
8592
10402
8494
8593
10403
8495
8594
10404
8496
8595
10405
8497
8596
10406
8498
8597
10407
8499
8598
10408
8599
10409
8501
8510
8600
8502
8511
8601
8503
8512
8602
8504
8513
8603
8505
8514
8604
8506
8515
8605
8507
8516
8606
8508
8517
8607
8509
8518
8608
8519
8609
8511
8520
8610
8512
8521
8611
8513
8522
8612
8514
8523
8613
8515
8524
8614
8516
8525
8615
8517
8526
8616
8518
8527
8617
8519
8528
8618
8529
8619
8521
8530
8620
8522
8531
8621
8523
8532
8622
8524
8533
8623
8525
8534
8624
8526
8535
8625
8527
8536
8626
8528
8537
8627
8529
8538
8628
8539
8629
8531
8540
8630
8532
8541
8631
8533
8542
8632
8534
8543
8633
8535
8544
8634
8536
8545
8635
8537
8546
8636
8538
8547
8637
8539
8548
8638
8549
8639
8541
8550
8640
8542
8551
8641
8543
8552
8642
8544
8553
8643
8545
8554
8644
8546
8555
8645
8547
8556
8646
8548
8557
8647
8549
8558
8648
8559
8649
8551
8560
8650
8552
8561
8651
8553
8562
8652
8554
8563
8653
8555
8564
8654
8556
8565
8655
8557
8566
8656
8558
8567
8657
8559
8568
8658
8569
8659
8561
8570
8660
8562
8571
8661
8563
8572
8662
8564
8573
8663
8565
8574
8664
8566
8575
8665
8567
8576
8666
8568
8577
8667
8569
8578
8668
8579
8669
8571
8580
8670
8572
8581
8671
8573
8582
8672
8574
8583
8673
8575
8584
8674
8576
8585
8675
8577
8586
8676
8578
8587
8677
8579
8588
8678
8589
8679
8581
8590
8680
8582
8591
8681
8583
8592
8682
8584
8593
8683
8585
8594
8684
8586
8595
8685
8587
8596
8686
8588
8597
8687
8589
8598
8688
8599
8689
8591
8690
10500
8592
8691
10501
8593
8692
10502
8594
8693
10503
8595
8694
10504
8596
8695
10505
8597
8696
10506
8598
8697
10507
8599
8698
10508
8699
10509
8601
8610
8700
8602
8611
8701
8603
8612
8702
8604
8613
8703
8605
8614
8704
8606
8615
8705
8607
8616
8706
8608
8617
8707
8609
8618
8708
8619
8709
8611
8620
8710
8612
8621
8711
8613
8622
8712
8614
8623
8713
8615
8624
8714
8616
8625
8715
8617
8626
8716
8618
8627
8717
8619
8628
8718
8629
8719
8621
8630
8720
8622
8631
8721
8623
8632
8722
8624
8633
8723
8625
8634
8724
8626
8635
8725
8627
8636
8726
8628
8637
8727
8629
8638
8728
8639
8729
8631
8640
8730
8632
8641
8731
8633
8642
8732
8634
8643
8733
8635
8644
8734
8636
8645
8735
8637
8646
8736
8638
8647
8737
8639
8648
8738
8649
8739
8641
8650
8740
8642
8651
8741
8643
8652
8742
8644
8653
8743
8645
8654
8744
8646
8655
8745
8647
8656
8746
8648
8657
8747
8649
8658
8748
8659
8749
8651
8660
8750
8652
8661
8751
8653
8662
8752
8654
8663
8753
8655
8664
8754
8656
8665
8755
8657
8666
8756
8658
8667
8757
8659
8668
8758
8669
8759
8661
8670
8760
8662
8671
8761
8663
8672
8762
8664
8673
8763
8665
8674
8764
8666
8675
8765
8667
8676
8766
8668
8677
8767
8669
8678
8768
8679
8769
8671
8680
8770
8672
8681
8771
8673
8682
8772
8674
8683
8773
8675
8684
8774
8676
8685
8775
8677
8686
8776
8678
8687
8777
8679
8688
8778
8689
8779
8681
8690
8780
8682
8691
8781
8683
8692
8782
8684
8693
8783
8685
8694
8784
8686
8695
8785
8687
8696
8786
8688
8697
8787
8689
8698
8788
8699
8789
8691
8790
10600
8692
8791
10601
8693
8792
10602
8694
8793
10603
8695
8794
10604
8696
8795
10605
8697
8796
10606
8698
8797
10607
8699
8798
10608
8799
10609
8701
8710
8800
8702
8711
8801
8703
8712
8802
8704
8713
8803
8705
8714
8804
8706
8715
8805
8707
8716
8806
8708
8717
8807
8709
8718
8808
8719
8809
8711
8720
8810
8712
8721
8811
8713
8722
8812
8714
8723
8813
8715
8724
8814
8716
8725
8815
8717
8726
8816
8718
8727
8817
8719
8728
8818
8729
8819
8721
8730
8820
8722
8731
8821
8723
8732
8822
8724
8733
8823
8725
8734
8824
8726
8735
8825
8727
8736
8826
8728
8737
8827
8729
8738
8828
8739
8829
8731
8740
8830
8732
8741
8831
8733
8742
8832
8734
8743
8833
8735
8744
8834
8736
8745
8835
8737
8746
8836
8738
8747
8837
8739
8748
8838
8749
8839
8741
8750
8840
8742
8751
8841
8743
8752
8842
8744
8753
8843
8745
8754
8844
8746
8755
8845
8747
8756
8846
8748
8757
8847
8749
8758
8848
8759
8849
8751
8760
8850
8752
8761
8851
8753
8762
8852
8754
8763
8853
8755
8764
8854
8756
8765
8855
8757
8766
8856
8758
8767
8857
8759
8768
8858
8769
8859
8761
8770
8860
8762
8771
8861
8763
8772
8862
8764
8773
8863
8765
8774
8864
8766
8775
8865
8767
8776
8866
8768
8777
8867
8769
8778
8868
8779
8869
8771
8780
8870
8772
8781
8871
8773
8782
8872
8774
8783
8873
8775
8784
8874
8776
8785
8875
8777
8786
8876
8778
8787
8877
8779
8788
8878
8789
8879
8781
8790
8880
8782
8791
8881
8783
8792
8882
8784
8793
8883
8785
8794
8884
8786
8795
8885
8787
8796
8886
8788
8797
8887
8789
8798
8888
8799
8889
8791
8890
10700
8792
8891
10701
8793
8892
10702
8794
8893
10703
8795
8894
10704
8796
8895
10705
8797
8896
10706
8798
8897
10707
8799
8898
10708
8899
10709
8801
8810
8900
8802
8811
8901
8803
8812
8902
8804
8813
8903
8805
8814
8904
8806
8815
8905
8807
8816
8906
8808
8817
8907
8809
8818
8908
8819
8909
8811
8820
8910
8812
8821
8911
8813
8822
8912
8814
8823
8913
8815
8824
8914
8816
8825
8915
8817
8826
8916
8818
8827
8917
8819
8828
8918
8829
8919
8821
8830
8920
8822
8831
8921
8823
8832
8922
8824
8833
8923
8825
8834
8924
8826
8835
8925
8827
8836
8926
8828
8837
8927
8829
8838
8928
8839
8929
8831
8840
8930
8832
8841
8931
8833
8842
8932
8834
8843
8933
8835
8844
8934
8836
8845
8935
8837
8846
8936
8838
8847
8937
8839
8848
8938
8849
8939
8841
8850
8940
8842
8851
8941
8843
8852
8942
8844
8853
8943
8845
8854
8944
8846
8855
8945
8847
8856
8946
8848
8857
8947
8849
8858
8948
8859
8949
8851
8860
8950
8852
8861
8951
8853
8862
8952
8854
8863
8953
8855
8864
8954
8856
8865
8955
8857
8866
8956
8858
8867
8957
8859
8868
8958
8869
8959
8861
8870
8960
8862
8871
8961
8863
8872
8962
8864
8873
8963
8865
8874
8964
8866
8875
8965
8867
8876
8966
8868
8877
8967
8869
8878
8968
8879
8969
8871
8880
8970
8872
8881
8971
8873
8882
8972
8874
8883
8973
8875
8884
8974
8876
8885
8975
8877
8886
8976
8878
8887
8977
8879
8888
8978
8889
8979
8881
8890
8980
8882
8891
8981
8883
8892
8982
8884
8893
8983
8885
8894
8984
8886
8895
8985
8887
8896
8986
8888
8897
8987
8889
8898
8988
8899
8989
8891
8990
10800
8892
8991
10801
8893
8992
10802
8894
8993
10803
8895
8994
10804
8896
8995
10805
8897
8996
10806
8898
8997
10807
8899
8998
10808
8999
10809
8901
8910
9090
8902
8911
9091
8903
8912
9092
8904
8913
9093
8905
8914
9094
8906
8915
9095
8907
8916
9096
8908
8917
9097
8909
8918
9098
8919
9099
8911
8920
9190
8912
8921
9191
8913
8922
9192
8914
8923
9193
8915
8924
9194
8916
8925
9195
8917
8926
9196
8918
8927
9197
8919
8928
9198
8929
9199
8921
8930
9290
8922
8931
9291
8923
8932
9292
8924
8933
9293
8925
8934
9294
8926
8935
9295
8927
8936
9296
8928
8937
9297
8929
8938
9298
8939
9299
8931
8940
9390
8932
8941
9391
8933
8942
9392
8934
8943
9393
8935
8944
9394
8936
8945
9395
8937
8946
9396
8938
8947
9397
8939
8948
9398
8949
9399
8941
8950
9490
8942
8951
9491
8943
8952
9492
8944
8953
9493
8945
8954
9494
8946
8955
9495
8947
8956
9496
8948
8957
9497
8949
8958
9498
8959
9499
8951
8960
9590
8952
8961
9591
8953
8962
9592
8954
8963
9593
8955
8964
9594
8956
8965
9595
8957
8966
9596
8958
8967
9597
8959
8968
9598
8969
9599
8961
8970
9690
8962
8971
9691
8963
8972
9692
8964
8973
9693
8965
8974
9694
8966
8975
9695
8967
8976
9696
8968
8977
9697
8969
8978
9698
8979
9699
8971
8980
9790
8972
8981
9791
8973
8982
9792
8974
8983
9793
8975
8984
9794
8976
8985
9795
8977
8986
9796
8978
8987
9797
8979
8988
9798
8989
9799
8981
8990
9890
8982
8991
9891
8983
8992
9892
8984
8993
9893
8985
8994
9894
8986
8995
9895
8987
8996
9896
8988
8997
9897
8989
8998
9898
8999
9899
8991
9990
10900
8992
9991
10901
8993
9992
10902
8994
9993
10903
8995
9994
10904
8996
9995
10905
8997
9996
10906
8998
9997
10907
8999
9998
10908
9999
10909
9001
9010
9100
9002
9011
9101
9003
9012
9102
9004
9013
9103
9005
9014
9104
9006
9015
9105
9007
9016
9106
9008
9017
9107
9009
9018
9108
9019
9109
9011
9020
9110
9012
9021
9111
9013
9022
9112
9014
9023
9113
9015
9024
9114
9016
9025
9115
9017
9026
9116
9018
9027
9117
9019
9028
9118
9029
9119
9021
9030
9120
9022
9031
9121
9023
9032
9122
9024
9033
9123
9025
9034
9124
9026
9035
9125
9027
9036
9126
9028
9037
9127
9029
9038
9128
9039
9129
9031
9040
9130
9032
9041
9131
9033
9042
9132
9034
9043
9133
9035
9044
9134
9036
9045
9135
9037
9046
9136
9038
9047
9137
9039
9048
9138
9049
9139
9041
9050
9140
9042
9051
9141
9043
9052
9142
9044
9053
9143
9045
9054
9144
9046
9055
9145
9047
9056
9146
9048
9057
9147
9049
9058
9148
9059
9149
9051
9060
9150
9052
9061
9151
9053
9062
9152
9054
9063
9153
9055
9064
9154
9056
9065
9155
9057
9066
9156
9058
9067
9157
9059
9068
9158
9069
9159
9061
9070
9160
9062
9071
9161
9063
9072
9162
9064
9073
9163
9065
9074
9164
9066
9075
9165
9067
9076
9166
9068
9077
9167
9069
9078
9168
9079
9169
9071
9080
9170
9072
9081
9171
9073
9082
9172
9074
9083
9173
9075
9084
9174
9076
9085
9175
9077
9086
9176
9078
9087
9177
9079
9088
9178
9089
9179
9081
9090
9180
9082
9091
9181
9083
9092
9182
9084
9093
9183
9085
9094
9184
9086
9095
9185
9087
9096
9186
9088
9097
9187
9089
9098
9188
9099
9189
9091
9190
9092
9191
9093
9192
9094
9193
9095
9194
9096
9195
9097
9196
9098
9197
9099
9198
9199
9101
9110
9200
9102
9111
9201
9103
9112
9202
9104
9113
9203
9105
9114
9204
9106
9115
9205
9107
9116
9206
9108
9117
9207
9109
9118
9208
9119
9209
9111
9120
9210
9112
9121
9211
9113
9122
9212
9114
9123
9213
9115
9124
9214
9116
9125
9215
9117
9126
9216
9118
9127
9217
9119
9128
9218
9129
9219
9121
9130
9220
9122
9131
9221
9123
9132
9222
9124
9133
9223
9125
9134
9224
9126
9135
9225
9127
9136
9226
9128
9137
9227
9129
9138
9228
9139
9229
9131
9140
9230
9132
9141
9231
9133
9142
9232
9134
9143
9233
9135
9144
9234
9136
9145
9235
9137
9146
9236
9138
9147
9237
9139
9148
9238
9149
9239
9141
9150
9240
9142
9151
9241
9143
9152
9242
9144
9153
9243
9145
9154
9244
9146
9155
9245
9147
9156
9246
9148
9157
9247
9149
9158
9248
9159
9249
9151
9160
9250
9152
9161
9251
9153
9162
9252
9154
9163
9253
9155
9164
9254
9156
9165
9255
9157
9166
9256
9158
9167
9257
9159
9168
9258
9169
9259
9161
9170
9260
9162
9171
9261
9163
9172
9262
9164
9173
9263
9165
9174
9264
9166
9175
9265
9167
9176
9266
9168
9177
9267
9169
9178
9268
9179
9269
9171
9180
9270
9172
9181
9271
9173
9182
9272
9174
9183
9273
9175
9184
9274
9176
9185
9275
9177
9186
9276
9178
9187
9277
9179
9188
9278
9189
9279
9181
9190
9280
9182
9191
9281
9183
9192
9282
9184
9193
9283
9185
9194
9284
9186
9195
9285
9187
9196
9286
9188
9197
9287
9189
9198
9288
9199
9289
9191
9290
9192
9291
9193
9292
9194
9293
9195
9294
9196
9295
9197
9296
9198
9297
9199
9298
9299
9201
9210
9300
9202
9211
9301
9203
9212
9302
9204
9213
9303
9205
9214
9304
9206
9215
9305
9207
9216
9306
9208
9217
9307
9209
9218
9308
9219
9309
9211
9220
9310
9212
9221
9311
9213
9222
9312
9214
9223
9313
9215
9224
9314
9216
9225
9315
9217
9226
9316
9218
9227
9317
9219
9228
9318
9229
9319
9221
9230
9320
9222
9231
9321
9223
9232
9322
9224
9233
9323
9225
9234
9324
9226
9235
9325
9227
9236
9326
9228
9237
9327
9229
9238
9328
9239
9329
9231
9240
9330
9232
9241
9331
9233
9242
9332
9234
9243
9333
9235
9244
9334
9236
9245
9335
9237
9246
9336
9238
9247
9337
9239
9248
9338
9249
9339
9241
9250
9340
9242
9251
9341
9243
9252
9342
9244
9253
9343
9245
9254
9344
9246
9255
9345
9247
9256
9346
9248
9257
9347
9249
9258
9348
9259
9349
9251
9260
9350
9252
9261
9351
9253
9262
9352
9254
9263
9353
9255
9264
9354
9256
9265
9355
9257
9266
9356
9258
9267
9357
9259
9268
9358
9269
9359
9261
9270
9360
9262
9271
9361
9263
9272
9362
9264
9273
9363
9265
9274
9364
9266
9275
9365
9267
9276
9366
9268
9277
9367
9269
9278
9368
9279
9369
9271
9280
9370
9272
9281
9371
9273
9282
9372
9274
9283
9373
9275
9284
9374
9276
9285
9375
9277
9286
9376
9278
9287
9377
9279
9288
9378
9289
9379
9281
9290
9380
9282
9291
9381
9283
9292
9382
9284
9293
9383
9285
9294
9384
9286
9295
9385
9287
9296
9386
9288
9297
9387
9289
9298
9388
9299
9389
9291
9390
9292
9391
9293
9392
9294
9393
9295
9394
9296
9395
9297
9396
9298
9397
9299
9398
9399
9301
9310
9400
9302
9311
9401
9303
9312
9402
9304
9313
9403
9305
9314
9404
9306
9315
9405
9307
9316
9406
9308
9317
9407
9309
9318
9408
9319
9409
9311
9320
9410
9312
9321
9411
9313
9322
9412
9314
9323
9413
9315
9324
9414
9316
9325
9415
9317
9326
9416
9318
9327
9417
9319
9328
9418
9329
9419
9321
9330
9420
9322
9331
9421
9323
9332
9422
9324
9333
9423
9325
9334
9424
9326
9335
9425
9327
9336
9426
9328
9337
9427
9329
9338
9428
9339
9429
9331
9340
9430
9332
9341
9431
9333
9342
9432
9334
9343
9433
9335
9344
9434
9336
9345
9435
9337
9346
9436
9338
9347
9437
9339
9348
9438
9349
9439
9341
9350
9440
9342
9351
9441
9343
9352
9442
9344
9353
9443
9345
9354
9444
9346
9355
9445
9347
9356
9446
9348
9357
9447
9349
9358
9448
9359
9449
9351
9360
9450
9352
9361
9451
9353
9362
9452
9354
9363
9453
9355
9364
9454
9356
9365
9455
9357
9366
9456
9358
9367
9457
9359
9368
9458
9369
9459
9361
9370
9460
9362
9371
9461
9363
9372
9462
9364
9373
9463
9365
9374
9464
9366
9375
9465
9367
9376
9466
9368
9377
9467
9369
9378
9468
9379
9469
9371
9380
9470
9372
9381
9471
9373
9382
9472
9374
9383
9473
9375
9384
9474
9376
9385
9475
9377
9386
9476
9378
9387
9477
9379
9388
9478
9389
9479
9381
9390
9480
9382
9391
9481
9383
9392
9482
9384
9393
9483
9385
9394
9484
9386
9395
9485
9387
9396
9486
9388
9397
9487
9389
9398
9488
9399
9489
9391
9490
9392
9491
9393
9492
9394
9493
9395
9494
9396
9495
9397
9496
9398
9497
9399
9498
9499
9401
9410
9500
9402
9411
9501
9403
9412
9502
9404
9413
9503
9405
9414
9504
9406
9415
9505
9407
9416
9506
9408
9417
9507
9409
9418
9508
9419
9509
9411
9420
9510
9412
9421
9511
9413
9422
9512
9414
9423
9513
9415
9424
9514
9416
9425
9515
9417
9426
9516
9418
9427
9517
9419
9428
9518
9429
9519
9421
9430
9520
9422
9431
9521
9423
9432
9522
9424
9433
9523
9425
9434
9524
9426
9435
9525
9427
9436
9526
9428
9437
9527
9429
9438
9528
9439
9529
9431
9440
9530
9432
9441
9531
9433
9442
9532
9434
9443
9533
9435
9444
9534
9436
9445
9535
9437
9446
9536
9438
9447
9537
9439
9448
9538
9449
9539
9441
9450
9540
9442
9451
9541
9443
9452
9542
9444
9453
9543
9445
9454
9544
9446
9455
9545
9447
9456
9546
9448
9457
9547
9449
9458
9548
9459
9549
9451
9460
9550
9452
9461
9551
9453
9462
9552
9454
9463
9553
9455
9464
9554
9456
9465
9555
9457
9466
9556
9458
9467
9557
9459
9468
9558
9469
9559
9461
9470
9560
9462
9471
9561
9463
9472
9562
9464
9473
9563
9465
9474
9564
9466
9475
9565
9467
9476
9566
9468
9477
9567
9469
9478
9568
9479
9569
9471
9480
9570
9472
9481
9571
9473
9482
9572
9474
9483
9573
9475
9484
9574
9476
9485
9575
9477
9486
9576
9478
9487
9577
9479
9488
9578
9489
9579
9481
9490
9580
9482
9491
9581
9483
9492
9582
9484
9493
9583
9485
9494
9584
9486
9495
9585
9487
9496
9586
9488
9497
9587
9489
9498
9588
9499
9589
9491
9590
9492
9591
9493
9592
9494
9593
9495
9594
9496
9595
9497
9596
9498
9597
9499
9598
9599
9501
9510
9600
9502
9511
9601
9503
9512
9602
9504
9513
9603
9505
9514
9604
9506
9515
9605
9507
9516
9606
9508
9517
9607
9509
9518
9608
9519
9609
9511
9520
9610
9512
9521
9611
9513
9522
9612
9514
9523
9613
9515
9524
9614
9516
9525
9615
9517
9526
9616
9518
9527
9617
9519
9528
9618
9529
9619
9521
9530
9620
9522
9531
9621
9523
9532
9622
9524
9533
9623
9525
9534
9624
9526
9535
9625
9527
9536
9626
9528
9537
9627
9529
9538
9628
9539
9629
9531
9540
9630
9532
9541
9631
9533
9542
9632
9534
9543
9633
9535
9544
9634
9536
9545
9635
9537
9546
9636
9538
9547
9637
9539
9548
9638
9549
9639
9541
9550
9640
9542
9551
9641
9543
9552
9642
9544
9553
9643
9545
9554
9644
9546
9555
9645
9547
9556
9646
9548
9557
9647
9549
9558
9648
9559
9649
9551
9560
9650
9552
9561
9651
9553
9562
9652
9554
9563
9653
9555
9564
9654
9556
9565
9655
9557
9566
9656
9558
9567
9657
9559
9568
9658
9569
9659
9561
9570
9660
9562
9571
9661
9563
9572
9662
9564
9573
9663
9565
9574
9664
9566
9575
9665
9567
9576
9666
9568
9577
9667
9569
9578
9668
9579
9669
9571
9580
9670
9572
9581
9671
9573
9582
9672
9574
9583
9673
9575
9584
9674
9576
9585
9675
9577
9586
9676
9578
9587
9677
9579
9588
9678
9589
9679
9581
9590
9680
9582
9591
9681
9583
9592
9682
9584
9593
9683
9585
9594
9684
9586
9595
9685
9587
9596
9686
9588
9597
9687
9589
9598
9688
9599
9689
9591
9690
9592
9691
9593
9692
9594
9693
9595
9694
9596
9695
9597
9696
9598
9697
9599
9698
9699
9601
9610
9700
9602
9611
9701
9603
9612
9702
9604
9613
9703
9605
9614
9704
9606
9615
9705
9607
9616
9706
9608
9617
9707
9609
9618
9708
9619
9709
9611
9620
9710
9612
9621
9711
9613
9622
9712
9614
9623
9713
9615
9624
9714
9616
9625
9715
9617
9626
9716
9618
9627
9717
9619
9628
9718
9629
9719
9621
9630
9720
9622
9631
9721
9623
9632
9722
9624
9633
9723
9625
9634
9724
9626
9635
9725
9627
9636
9726
9628
9637
9727
9629
9638
9728
9639
9729
9631
9640
9730
9632
9641
9731
9633
9642
9732
9634
9643
9733
9635
9644
9734
9636
9645
9735
9637
9646
9736
9638
9647
9737
9639
9648
9738
9649
9739
9641
9650
9740
9642
9651
9741
9643
9652
9742
9644
9653
9743
9645
9654
9744
9646
9655
9745
9647
9656
9746
9648
9657
9747
9649
9658
9748
9659
9749
9651
9660
9750
9652
9661
9751
9653
9662
9752
9654
9663
9753
9655
9664
9754
9656
9665
9755
9657
9666
9756
9658
9667
9757
9659
9668
9758
9669
9759
9661
9670
9760
9662
9671
9761
9663
9672
9762
9664
9673
9763
9665
9674
9764
9666
9675
9765
9667
9676
9766
9668
9677
9767
9669
9678
9768
9679
9769
9671
9680
9770
9672
9681
9771
9673
9682
9772
9674
9683
9773
9675
9684
9774
9676
9685
9775
9677
9686
9776
9678
9687
9777
9679
9688
9778
9689
9779
9681
9690
9780
9682
9691
9781
9683
9692
9782
9684
9693
9783
9685
9694
9784
9686
9695
9785
9687
9696
9786
9688
9697
9787
9689
9698
9788
9699
9789
9691
9790
9692
9791
9693
9792
9694
9793
9695
9794
9696
9795
9697
9796
9698
9797
9699
9798
9799
9701
9710
9800
9702
9711
9801
9703
9712
9802
9704
9713
9803
9705
9714
9804
9706
9715
9805
9707
9716
9806
9708
9717
9807
9709
9718
9808
9719
9809
9711
9720
9810
9712
9721
9811
9713
9722
9812
9714
9723
9813
9715
9724
9814
9716
9725
9815
9717
9726
9816
9718
9727
9817
9719
9728
9818
9729
9819
9721
9730
9820
9722
9731
9821
9723
9732
9822
9724
9733
9823
9725
9734
9824
9726
9735
9825
9727
9736
9826
9728
9737
9827
9729
9738
9828
9739
9829
9731
9740
9830
9732
9741
9831
9733
9742
9832
9734
9743
9833
9735
9744
9834
9736
9745
9835
9737
9746
9836
9738
9747
9837
9739
9748
9838
9749
9839
9741
9750
9840
9742
9751
9841
9743
9752
9842
9744
9753
9843
9745
9754
9844
9746
9755
9845
9747
9756
9846
9748
9757
9847
9749
9758
9848
9759
9849
9751
9760
9850
9752
9761
9851
9753
9762
9852
9754
9763
9853
9755
9764
9854
9756
9765
9855
9757
9766
9856
9758
9767
9857
9759
9768
9858
9769
9859
9761
9770
9860
9762
9771
9861
9763
9772
9862
9764
9773
9863
9765
9774
9864
9766
9775
9865
9767
9776
9866
9768
9777
9867
9769
9778
9868
9779
9869
9771
9780
9870
9772
9781
9871
9773
9782
9872
9774
9783
9873
9775
9784
9874
9776
9785
9875
9777
9786
9876
9778
9787
9877
9779
9788
9878
9789
9879
9781
9790
9880
9782
9791
9881
9783
9792
9882
9784
9793
9883
9785
9794
9884
9786
9795
9885
9787
9796
9886
9788
9797
9887
9789
9798
9888
9799
9889
9791
9890
9792
9891
9793
9892
9794
9893
9795
9894
9796
9895
9797
9896
9798
9897
9799
9898
9899
9801
9810
9900
9802
9811
9901
9803
9812
9902
9804
9813
9903
9805
9814
9904
9806
9815
9905
9807
9816
9906
9808
9817
9907
9809
9818
9908
9819
9909
9811
9820
9910
9812
9821
9911
9813
9822
9912
9814
9823
9913
9815
9824
9914
9816
9825
9915
9817
9826
9916
9818
9827
9917
9819
9828
9918
9829
9919
9821
9830
9920
9822
9831
9921
9823
9832
9922
9824
9833
9923
9825
9834
9924
9826
9835
9925
9827
9836
9926
9828
9837
9927
9829
9838
9928
9839
9929
9831
9840
9930
9832
9841
9931
9833
9842
9932
9834
9843
9933
9835
9844
9934
9836
9845
9935
9837
9846
9936
9838
9847
9937
9839
9848
9938
9849
9939
9841
9850
9940
9842
9851
9941
9843
9852
9942
9844
9853
9943
9845
9854
9944
9846
9855
9945
9847
9856
9946
9848
9857
9947
9849
9858
9948
9859
9949
9851
9860
9950
9852
9861
9951
9853
9862
9952
9854
9863
9953
9855
9864
9954
9856
9865
9955
9857
9866
9956
9858
9867
9957
9859
9868
9958
9869
9959
9861
9870
9960
9862
9871
9961
9863
9872
9962
9864
9873
9963
9865
9874
9964
9866
9875
9965
9867
9876
9966
9868
9877
9967
9869
9878
9968
9879
9969
9871
9880
9970
9872
9881
9971
9873
9882
9972
9874
9883
9973
9875
9884
9974
9876
9885
9975
9877
9886
9976
9878
9887
9977
9879
9888
9978
9889
9979
9881
9890
9980
9882
9891
9981
9883
9892
9982
9884
9893
9983
9885
9894
9984
9886
9895
9985
9887
9896
9986
9888
9897
9987
9889
9898
9988
9899
9989
9891
9990
9892
9991
9893
9992
9894
9993
9895
9994
9896
9995
9897
9996
9898
9997
9899
9998
9999
9901
9910
12900
9902
9911
12901
9903
9912
12902
9904
9913
12903
9905
9914
12904
9906
9915
12905
9907
9916
12906
9908
9917
12907
9909
9918
12908
9919
12909
9911
9920
12800
9912
9921
12801
9913
9922
12802
9914
9923
12803
9915
9924
12804
9916
9925
12805
9917
9926
12806
9918
9927
12807
9919
9928
12808
9929
12809
9921
9930
12700
9922
9931
12701
9923
9932
12702
9924
9933
12703
9925
9934
12704
9926
9935
12705
9927
9936
12706
9928
9937
12707
9929
9938
12708
9939
12709
9931
9940
12600
9932
9941
12601
9933
9942
12602
9934
9943
12603
9935
9944
12604
9936
9945
12605
9937
9946
12606
9938
9947
12607
9939
9948
12608
9949
12609
9941
9950
12500
9942
9951
12501
9943
9952
12502
9944
9953
12503
9945
9954
12504
9946
9955
12505
9947
9956
12506
9948
9957
12507
9949
9958
12508
9959
12509
9951
9960
12400
9952
9961
12401
9953
9962
12402
9954
9963
12403
9955
9964
12404
9956
9965
12405
9957
9966
12406
9958
9967
12407
9959
9968
12408
9969
12409
9961
9970
12300
9962
9971
12301
9963
9972
12302
9964
9973
12303
9965
9974
12304
9966
9975
12305
9967
9976
12306
9968
9977
12307
9969
9978
12308
9979
12309
9971
9980
12200
9972
9981
12201
9973
9982
12202
9974
9983
12203
9975
9984
12204
9976
9985
12205
9977
9986
12206
9978
9987
12207
9979
9988
12208
9989
12209
9981
9990
12100
9982
9991
12101
9983
9992
12102
9984
9993
12103
9985
9994
12104
9986
9995
12105
9987
9996
12106
9988
9997
12107
9989
9998
12108
9999
12109
9991
12000
9992
12001
9993
12002
9994
12003
9995
12004
9996
12005
9997
12006
9998
12007
9999
12008
12009
10001
10010
10100
24090
10002
10011
10101
24091
10003
10012
10102
24092
10004
10013
10103
24093
10005
10014
10104
24094
10006
10015
10105
24095
10007
10016
10106
24096
10008
10017
10107
24097
10009
10018
10108
24098
10019
10109
24099
10011
10020
10110
24080
10012
10021
10111
24081
10013
10022
10112
24082
10014
10023
10113
24083
10015
10024
10114
24084
10016
10025
10115
24085
10017
10026
10116
24086
10018
10027
10117
24087
10019
10028
10118
24088
10029
10119
24089
10021
10030
10120
24070
10022
10031
10121
24071
10023
10032
10122
24072
10024
10033
10123
24073
10025
10034
10124
24074
10026
10035
10125
24075
10027
10036
10126
24076
10028
10037
10127
24077
10029
10038
10128
24078
10039
10129
24079
10031
10040
10130
24060
10032
10041
10131
24061
10033
10042
10132
24062
10034
10043
10133
24063
10035
10044
10134
24064
10036
10045
10135
24065
10037
10046
10136
24066
10038
10047
10137
24067
10039
10048
10138
24068
10049
10139
24069
10041
10050
10140
24050
10042
10051
10141
24051
10043
10052
10142
24052
10044
10053
10143
24053
10045
10054
10144
24054
10046
10055
10145
24055
10047
10056
10146
24056
10048
10057
10147
24057
10049
10058
10148
24058
10059
10149
24059
10051
10060
10150
24040
10052
10061
10151
24041
10053
10062
10152
24042
10054
10063
10153
24043
10055
10064
10154
24044
10056
10065
10155
24045
10057
10066
10156
24046
10058
10067
10157
24047
10059
10068
10158
24048
10069
10159
24049
10061
10070
10160
24030
10062
10071
10161
24031
10063
10072
10162
24032
10064
10073
10163
24033
10065
10074
10164
24034
10066
10075
10165
24035
10067
10076
10166
24036
10068
10077
10167
24037
10069
10078
10168
24038
10079
10169
24039
10071
10080
10170
24020
10072
10081
10171
24021
10073
10082
10172
24022
10074
10083
10173
24023
10075
10084
10174
24024
10076
10085
10175
24025
10077
10086
10176
24026
10078
10087
10177
24027
10079
10088
10178
24028
10089
10179
24029
10081
10090
10180
24010
10082
10091
10181
24011
10083
10092
10182
24012
10084
10093
10183
24013
10085
10094
10184
24014
10086
10095
10185
24015
10087
10096
10186
24016
10088
10097
10187
24017
10089
10098
10188
24018
10099
10189
24019
10091
10190
11000
24000
10092
10191
11001
24001
10093
10192
11002
24002
10094
10193
11003
24003
10095
10194
11004
24004
10096
10195
11005
24005
10097
10196
11006
24006
10098
10197
11007
24007
10099
10198
11008
24008
10199
11009
24009
10101
10110
10200
10102
10111
10201
10103
10112
10202
10104
10113
10203
10105
10114
10204
10106
10115
10205
10107
10116
10206
10108
10117
10207
10109
10118
10208
10119
10209
10111
10120
10210
10112
10121
10211
10113
10122
10212
10114
10123
10213
10115
10124
10214
10116
10125
10215
10117
10126
10216
10118
10127
10217
10119
10128
10218
10129
10219
10121
10130
10220
10122
10131
10221
10123
10132
10222
10124
10133
10223
10125
10134
10224
10126
10135
10225
10127
10136
10226
10128
10137
10227
10129
10138
10228
10139
10229
10131
10140
10230
10132
10141
10231
10133
10142
10232
10134
10143
10233
10135
10144
10234
10136
10145
10235
10137
10146
10236
10138
10147
10237
10139
10148
10238
10149
10239
10141
10150
10240
10142
10151
10241
10143
10152
10242
10144
10153
10243
10145
10154
10244
10146
10155
10245
10147
10156
10246
10148
10157
10247
10149
10158
10248
10159
10249
10151
10160
10250
10152
10161
10251
10153
10162
10252
10154
10163
10253
10155
10164
10254
10156
10165
10255
10157
10166
10256
10158
10167
10257
10159
10168
10258
10169
10259
10161
10170
10260
10162
10171
10261
10163
10172
10262
10164
10173
10263
10165
10174
10264
10166
10175
10265
10167
10176
10266
10168
10177
10267
10169
10178
10268
10179
10269
10171
10180
10270
10172
10181
10271
10173
10182
10272
10174
10183
10273
10175
10184
10274
10176
10185
10275
10177
10186
10276
10178
10187
10277
10179
10188
10278
10189
10279
10181
10190
10280
10182
10191
10281
10183
10192
10282
10184
10193
10283
10185
10194
10284
10186
10195
10285
10187
10196
10286
10188
10197
10287
10189
10198
10288
10199
10289
10191
10290
11100
10192
10291
11101
10193
10292
11102
10194
10293
11103
10195
10294
11104
10196
10295
11105
10197
10296
11106
10198
10297
11107
10199
10298
11108
10299
11109
10201
10210
10300
10202
10211
10301
10203
10212
10302
10204
10213
10303
10205
10214
10304
10206
10215
10305
10207
10216
10306
10208
10217
10307
10209
10218
10308
10219
10309
10211
10220
10310
10212
10221
10311
10213
10222
10312
10214
10223
10313
10215
10224
10314
10216
10225
10315
10217
10226
10316
10218
10227
10317
10219
10228
10318
10229
10319
10221
10230
10320
10222
10231
10321
10223
10232
10322
10224
10233
10323
10225
10234
10324
10226
10235
10325
10227
10236
10326
10228
10237
10327
10229
10238
10328
10239
10329
10231
10240
10330
10232
10241
10331
10233
10242
10332
10234
10243
10333
10235
10244
10334
10236
10245
10335
10237
10246
10336
10238
10247
10337
10239
10248
10338
10249
10339
10241
10250
10340
10242
10251
10341
10243
10252
10342
10244
10253
10343
10245
10254
10344
10246
10255
10345
10247
10256
10346
10248
10257
10347
10249
10258
10348
10259
10349
10251
10260
10350
10252
10261
10351
10253
10262
10352
10254
10263
10353
10255
10264
10354
10256
10265
10355
10257
10266
10356
10258
10267
10357
10259
10268
10358
10269
10359
10261
10270
10360
10262
10271
10361
10263
10272
10362
10264
10273
10363
10265
10274
10364
10266
10275
10365
10267
10276
10366
10268
10277
10367
10269
10278
10368
10279
10369
10271
10280
10370
10272
10281
10371
10273
10282
10372
10274
10283
10373
10275
10284
10374
10276
10285
10375
10277
10286
10376
10278
10287
10377
10279
10288
10378
10289
10379
10281
10290
10380
10282
10291
10381
10283
10292
10382
10284
10293
10383
10285
10294
10384
10286
10295
10385
10287
10296
10386
10288
10297
10387
10289
10298
10388
10299
10389
10291
10390
11200
10292
10391
11201
10293
10392
11202
10294
10393
11203
10295
10394
11204
10296
10395
11205
10297
10396
11206
10298
10397
11207
10299
10398
11208
10399
11209
10301
10310
10400
10302
10311
10401
10303
10312
10402
10304
10313
10403
10305
10314
10404
10306
10315
10405
10307
10316
10406
10308
10317
10407
10309
10318
10408
10319
10409
10311
10320
10410
10312
10321
10411
10313
10322
10412
10314
10323
10413
10315
10324
10414
10316
10325
10415
10317
10326
10416
10318
10327
10417
10319
10328
10418
10329
10419
10321
10330
10420
10322
10331
10421
10323
10332
10422
10324
10333
10423
10325
10334
10424
10326
10335
10425
10327
10336
10426
10328
10337
10427
10329
10338
10428
10339
10429
10331
10340
10430
10332
10341
10431
10333
10342
10432
10334
10343
10433
10335
10344
10434
10336
10345
10435
10337
10346
10436
10338
10347
10437
10339
10348
10438
10349
10439
10341
10350
10440
10342
10351
10441
10343
10352
10442
10344
10353
10443
10345
10354
10444
10346
10355
10445
10347
10356
10446
10348
10357
10447
10349
10358
10448
10359
10449
10351
10360
10450
10352
10361
10451
10353
10362
10452
10354
10363
10453
10355
10364
10454
10356
10365
10455
10357
10366
10456
10358
10367
10457
10359
10368
10458
10369
10459
10361
10370
10460
10362
10371
10461
10363
10372
10462
10364
10373
10463
10365
10374
10464
10366
10375
10465
10367
10376
10466
10368
10377
10467
10369
10378
10468
10379
10469
10371
10380
10470
10372
10381
10471
10373
10382
10472
10374
10383
10473
10375
10384
10474
10376
10385
10475
10377
10386
10476
10378
10387
10477
10379
10388
10478
10389
10479
10381
10390
10480
10382
10391
10481
10383
10392
10482
10384
10393
10483
10385
10394
10484
10386
10395
10485
10387
10396
10486
10388
10397
10487
10389
10398
10488
10399
10489
10391
10490
11300
10392
10491
11301
10393
10492
11302
10394
10493
11303
10395
10494
11304
10396
10495
11305
10397
10496
11306
10398
10497
11307
10399
10498
11308
10499
11309
10401
10410
10500
10402
10411
10501
10403
10412
10502
10404
10413
10503
10405
10414
10504
10406
10415
10505
10407
10416
10506
10408
10417
10507
10409
10418
10508
10419
10509
10411
10420
10510
10412
10421
10511
10413
10422
10512
10414
10423
10513
10415
10424
10514
10416
10425
10515
10417
10426
10516
10418
10427
10517
10419
10428
10518
10429
10519
10421
10430
10520
10422
10431
10521
10423
10432
10522
10424
10433
10523
10425
10434
10524
10426
10435
10525
10427
10436
10526
10428
10437
10527
10429
10438
10528
10439
10529
10431
10440
10530
10432
10441
10531
10433
10442
10532
10434
10443
10533
10435
10444
10534
10436
10445
10535
10437
10446
10536
10438
10447
10537
10439
10448
10538
10449
10539
10441
10450
10540
10442
10451
10541
10443
10452
10542
10444
10453
10543
10445
10454
10544
10446
10455
10545
10447
10456
10546
10448
10457
10547
10449
10458
10548
10459
10549
10451
10460
10550
10452
10461
10551
10453
10462
10552
10454
10463
10553
10455
10464
10554
10456
10465
10555
10457
10466
10556
10458
10467
10557
10459
10468
10558
10469
10559
10461
10470
10560
10462
10471
10561
10463
10472
10562
10464
10473
10563
10465
10474
10564
10466
10475
10565
10467
10476
10566
10468
10477
10567
10469
10478
10568
10479
10569
10471
10480
10570
10472
10481
10571
10473
10482
10572
10474
10483
10573
10475
10484
10574
10476
10485
10575
10477
10486
10576
10478
10487
10577
10479
10488
10578
10489
10579
10481
10490
10580
10482
10491
10581
10483
10492
10582
10484
10493
10583
10485
10494
10584
10486
10495
10585
10487
10496
10586
10488
10497
10587
10489
10498
10588
10499
10589
10491
10590
11400
10492
10591
11401
10493
10592
11402
10494
10593
11403
10495
10594
11404
10496
10595
11405
10497
10596
11406
10498
10597
11407
10499
10598
11408
10599
11409
10501
10510
10600
10502
10511
10601
10503
10512
10602
10504
10513
10603
10505
10514
10604
10506
10515
10605
10507
10516
10606
10508
10517
10607
10509
10518
10608
10519
10609
10511
10520
10610
10512
10521
10611
10513
10522
10612
10514
10523
10613
10515
10524
10614
10516
10525
10615
10517
10526
10616
10518
10527
10617
10519
10528
10618
10529
10619
10521
10530
10620
10522
10531
10621
10523
10532
10622
10524
10533
10623
10525
10534
10624
10526
10535
10625
10527
10536
10626
10528
10537
10627
10529
10538
10628
10539
10629
10531
10540
10630
10532
10541
10631
10533
10542
10632
10534
10543
10633
10535
10544
10634
10536
10545
10635
10537
10546
10636
10538
10547
10637
10539
10548
10638
10549
10639
10541
10550
10640
10542
10551
10641
10543
10552
10642
10544
10553
10643
10545
10554
10644
10546
10555
10645
10547
10556
10646
10548
10557
10647
10549
10558
10648
10559
10649
10551
10560
10650
10552
10561
10651
10553
10562
10652
10554
10563
10653
10555
10564
10654
10556
10565
10655
10557
10566
10656
10558
10567
10657
10559
10568
10658
10569
10659
10561
10570
10660
10562
10571
10661
10563
10572
10662
10564
10573
10663
10565
10574
10664
10566
10575
10665
10567
10576
10666
10568
10577
10667
10569
10578
10668
10579
10669
10571
10580
10670
10572
10581
10671
10573
10582
10672
10574
10583
10673
10575
10584
10674
10576
10585
10675
10577
10586
10676
10578
10587
10677
10579
10588
10678
10589
10679
10581
10590
10680
10582
10591
10681
10583
10592
10682
10584
10593
10683
10585
10594
10684
10586
10595
10685
10587
10596
10686
10588
10597
10687
10589
10598
10688
10599
10689
10591
10690
11500
10592
10691
11501
10593
10692
11502
10594
10693
11503
10595
10694
11504
10596
10695
11505
10597
10696
11506
10598
10697
11507
10599
10698
11508
10699
11509
10601
10610
10700
10602
10611
10701
10603
10612
10702
10604
10613
10703
10605
10614
10704
10606
10615
10705
10607
10616
10706
10608
10617
10707
10609
10618
10708
10619
10709
10611
10620
10710
10612
10621
10711
10613
10622
10712
10614
10623
10713
10615
10624
10714
10616
10625
10715
10617
10626
10716
10618
10627
10717
10619
10628
10718
10629
10719
10621
10630
10720
10622
10631
10721
10623
10632
10722
10624
10633
10723
10625
10634
10724
10626
10635
10725
10627
10636
10726
10628
10637
10727
10629
10638
10728
10639
10729
10631
10640
10730
10632
10641
10731
10633
10642
10732
10634
10643
10733
10635
10644
10734
10636
10645
10735
10637
10646
10736
10638
10647
10737
10639
10648
10738
10649
10739
10641
10650
10740
10642
10651
10741
10643
10652
10742
10644
10653
10743
10645
10654
10744
10646
10655
10745
10647
10656
10746
10648
10657
10747
10649
10658
10748
10659
10749
10651
10660
10750
10652
10661
10751
10653
10662
10752
10654
10663
10753
10655
10664
10754
10656
10665
10755
10657
10666
10756
10658
10667
10757
10659
10668
10758
10669
10759
10661
10670
10760
10662
10671
10761
10663
10672
10762
10664
10673
10763
10665
10674
10764
10666
10675
10765
10667
10676
10766
10668
10677
10767
10669
10678
10768
10679
10769
10671
10680
10770
10672
10681
10771
10673
10682
10772
10674
10683
10773
10675
10684
10774
10676
10685
10775
10677
10686
10776
10678
10687
10777
10679
10688
10778
10689
10779
10681
10690
10780
10682
10691
10781
10683
10692
10782
10684
10693
10783
10685
10694
10784
10686
10695
10785
10687
10696
10786
10688
10697
10787
10689
10698
10788
10699
10789
10691
10790
11600
10692
10791
11601
10693
10792
11602
10694
10793
11603
10695
10794
11604
10696
10795
11605
10697
10796
11606
10698
10797
11607
10699
10798
11608
10799
11609
10701
10710
10800
10702
10711
10801
10703
10712
10802
10704
10713
10803
10705
10714
10804
10706
10715
10805
10707
10716
10806
10708
10717
10807
10709
10718
10808
10719
10809
10711
10720
10810
10712
10721
10811
10713
10722
10812
10714
10723
10813
10715
10724
10814
10716
10725
10815
10717
10726
10816
10718
10727
10817
10719
10728
10818
10729
10819
10721
10730
10820
10722
10731
10821
10723
10732
10822
10724
10733
10823
10725
10734
10824
10726
10735
10825
10727
10736
10826
10728
10737
10827
10729
10738
10828
10739
10829
10731
10740
10830
10732
10741
10831
10733
10742
10832
10734
10743
10833
10735
10744
10834
10736
10745
10835
10737
10746
10836
10738
10747
10837
10739
10748
10838
10749
10839
10741
10750
10840
10742
10751
10841
10743
10752
10842
10744
10753
10843
10745
10754
10844
10746
10755
10845
10747
10756
10846
10748
10757
10847
10749
10758
10848
10759
10849
10751
10760
10850
10752
10761
10851
10753
10762
10852
10754
10763
10853
10755
10764
10854
10756
10765
10855
10757
10766
10856
10758
10767
10857
10759
10768
10858
10769
10859
10761
10770
10860
10762
10771
10861
10763
10772
10862
10764
10773
10863
10765
10774
10864
10766
10775
10865
10767
10776
10866
10768
10777
10867
10769
10778
10868
10779
10869
10771
10780
10870
10772
10781
10871
10773
10782
10872
10774
10783
10873
10775
10784
10874
10776
10785
10875
10777
10786
10876
10778
10787
10877
10779
10788
10878
10789
10879
10781
10790
10880
10782
10791
10881
10783
10792
10882
10784
10793
10883
10785
10794
10884
10786
10795
10885
10787
10796
10886
10788
10797
10887
10789
10798
10888
10799
10889
10791
10890
11700
10792
10891
11701
10793
10892
11702
10794
10893
11703
10795
10894
11704
10796
10895
11705
10797
10896
11706
10798
10897
11707
10799
10898
11708
10899
11709
10801
10810
10900
10802
10811
10901
10803
10812
10902
10804
10813
10903
10805
10814
10904
10806
10815
10905
10807
10816
10906
10808
10817
10907
10809
10818
10908
10819
10909
10811
10820
10910
10812
10821
10911
10813
10822
10912
10814
10823
10913
10815
10824
10914
10816
10825
10915
10817
10826
10916
10818
10827
10917
10819
10828
10918
10829
10919
10821
10830
10920
10822
10831
10921
10823
10832
10922
10824
10833
10923
10825
10834
10924
10826
10835
10925
10827
10836
10926
10828
10837
10927
10829
10838
10928
10839
10929
10831
10840
10930
10832
10841
10931
10833
10842
10932
10834
10843
10933
10835
10844
10934
10836
10845
10935
10837
10846
10936
10838
10847
10937
10839
10848
10938
10849
10939
10841
10850
10940
10842
10851
10941
10843
10852
10942
10844
10853
10943
10845
10854
10944
10846
10855
10945
10847
10856
10946
10848
10857
10947
10849
10858
10948
10859
10949
10851
10860
10950
10852
10861
10951
10853
10862
10952
10854
10863
10953
10855
10864
10954
10856
10865
10955
10857
10866
10956
10858
10867
10957
10859
10868
10958
10869
10959
10861
10870
10960
10862
10871
10961
10863
10872
10962
10864
10873
10963
10865
10874
10964
10866
10875
10965
10867
10876
10966
10868
10877
10967
10869
10878
10968
10879
10969
10871
10880
10970
10872
10881
10971
10873
10882
10972
10874
10883
10973
10875
10884
10974
10876
10885
10975
10877
10886
10976
10878
10887
10977
10879
10888
10978
10889
10979
10881
10890
10980
10882
10891
10981
10883
10892
10982
10884
10893
10983
10885
10894
10984
10886
10895
10985
10887
10896
10986
10888
10897
10987
10889
10898
10988
10899
10989
10891
10990
11800
10892
10991
11801
10893
10992
11802
10894
10993
11803
10895
10994
11804
10896
10995
11805
10897
10996
11806
10898
10997
11807
10899
10998
11808
10999
11809
10901
10910
12000
10902
10911
12001
10903
10912
12002
10904
10913
12003
10905
10914
12004
10906
10915
12005
10907
10916
12006
10908
10917
12007
10909
10918
12008
10919
12009
10911
10920
12010
10912
10921
12011
10913
10922
12012
10914
10923
12013
10915
10924
12014
10916
10925
12015
10917
10926
12016
10918
10927
12017
10919
10928
12018
10929
12019
10921
10930
12020
10922
10931
12021
10923
10932
12022
10924
10933
12023
10925
10934
12024
10926
10935
12025
10927
10936
12026
10928
10937
12027
10929
10938
12028
10939
12029
10931
10940
12030
10932
10941
12031
10933
10942
12032
10934
10943
12033
10935
10944
12034
10936
10945
12035
10937
10946
12036
10938
10947
12037
10939
10948
12038
10949
12039
10941
10950
12040
10942
10951
12041
10943
10952
12042
10944
10953
12043
10945
10954
12044
10946
10955
12045
10947
10956
12046
10948
10957
12047
10949
10958
12048
10959
12049
10951
10960
12050
10952
10961
12051
10953
10962
12052
10954
10963
12053
10955
10964
12054
10956
10965
12055
10957
10966
12056
10958
10967
12057
10959
10968
12058
10969
12059
10961
10970
12060
10962
10971
12061
10963
10972
12062
10964
10973
12063
10965
10974
12064
10966
10975
12065
10967
10976
12066
10968
10977
12067
10969
10978
12068
10979
12069
10971
10980
12070
10972
10981
12071
10973
10982
12072
10974
10983
12073
10975
10984
12074
10976
10985
12075
10977
10986
12076
10978
10987
12077
10979
10988
12078
10989
12079
10981
10990
12080
10982
10991
12081
10983
10992
12082
10984
10993
12083
10985
10994
12084
10986
10995
12085
10987
10996
12086
10988
10997
12087
10989
10998
12088
10999
12089
10991
11900
12090
10992
11901
12091
10993
11902
12092
10994
11903
12093
10995
11904
12094
10996
11905
12095
10997
11906
12096
10998
11907
12097
10999
11908
12098
11909
12099
11001
11010
11100
23090
11002
11011
11101
23091
11003
11012
11102
23092
11004
11013
11103
23093
11005
11014
11104
23094
11006
11015
11105
23095
11007
11016
11106
23096
11008
11017
11107
23097
11009
11018
11108
23098
11019
11109
23099
11011
11020
11110
23080
11012
11021
11111
23081
11013
11022
11112
23082
11014
11023
11113
23083
11015
11024
11114
23084
11016
11025
11115
23085
11017
11026
11116
23086
11018
11027
11117
23087
11019
11028
11118
23088
11029
11119
23089
11021
11030
11120
23070
11022
11031
11121
23071
11023
11032
11122
23072
11024
11033
11123
23073
11025
11034
11124
23074
11026
11035
11125
23075
11027
11036
11126
23076
11028
11037
11127
23077
11029
11038
11128
23078
11039
11129
23079
11031
11040
11130
23060
11032
11041
11131
23061
11033
11042
11132
23062
11034
11043
11133
23063
11035
11044
11134
23064
11036
11045
11135
23065
11037
11046
11136
23066
11038
11047
11137
23067
11039
11048
11138
23068
11049
11139
23069
11041
11050
11140
23050
11042
11051
11141
23051
11043
11052
11142
23052
11044
11053
11143
23053
11045
11054
11144
23054
11046
11055
11145
23055
11047
11056
11146
23056
11048
11057
11147
23057
11049
11058
11148
23058
11059
11149
23059
11051
11060
11150
23040
11052
11061
11151
23041
11053
11062
11152
23042
11054
11063
11153
23043
11055
11064
11154
23044
11056
11065
11155
23045
11057
11066
11156
23046
11058
11067
11157
23047
11059
11068
11158
23048
11069
11159
23049
11061
11070
11160
23030
11062
11071
11161
23031
11063
11072
11162
23032
11064
11073
11163
23033
11065
11074
11164
23034
11066
11075
11165
23035
11067
11076
11166
23036
11068
11077
11167
23037
11069
11078
11168
23038
11079
11169
23039
11071
11080
11170
23020
11072
11081
11171
23021
11073
11082
11172
23022
11074
11083
11173
23023
11075
11084
11174
23024
11076
11085
11175
23025
11077
11086
11176
23026
11078
11087
11177
23027
11079
11088
11178
23028
11089
11179
23029
11081
11090
11180
23010
11082
11091
11181
23011
11083
11092
11182
23012
11084
11093
11183
23013
11085
11094
11184
23014
11086
11095
11185
23015
11087
11096
11186
23016
11088
11097
11187
23017
11089
11098
11188
23018
11099
11189
23019
11091
11190
13000
23000
11092
11191
13001
23001
11093
11192
13002
23002
11094
11193
13003
23003
11095
11194
13004
23004
11096
11195
13005
23005
11097
11196
13006
23006
11098
11197
13007
23007
11099
11198
13008
23008
11199
13009
23009
11101
11110
11200
11102
11111
11201
11103
11112
11202
11104
11113
11203
11105
11114
11204
11106
11115
11205
11107
11116
11206
11108
11117
11207
11109
11118
11208
11119
11209
11111
11120
11210
11112
11121
11211
11113
11122
11212
11114
11123
11213
11115
11124
11214
11116
11125
11215
11117
11126
11216
11118
11127
11217
11119
11128
11218
11129
11219
11121
11130
11220
11122
11131
11221
11123
11132
11222
11124
11133
11223
11125
11134
11224
11126
11135
11225
11127
11136
11226
11128
11137
11227
11129
11138
11228
11139
11229
11131
11140
11230
11132
11141
11231
11133
11142
11232
11134
11143
11233
11135
11144
11234
11136
11145
11235
11137
11146
11236
11138
11147
11237
11139
11148
11238
11149
11239
11141
11150
11240
11142
11151
11241
11143
11152
11242
11144
11153
11243
11145
11154
11244
11146
11155
11245
11147
11156
11246
11148
11157
11247
11149
11158
11248
11159
11249
11151
11160
11250
11152
11161
11251
11153
11162
11252
11154
11163
11253
11155
11164
11254
11156
11165
11255
11157
11166
11256
11158
11167
11257
11159
11168
11258
11169
11259
11161
11170
11260
11162
11171
11261
11163
11172
11262
11164
11173
11263
11165
11174
11264
11166
11175
11265
11167
11176
11266
11168
11177
11267
11169
11178
11268
11179
11269
11171
11180
11270
11172
11181
11271
11173
11182
11272
11174
11183
11273
11175
11184
11274
11176
11185
11275
11177
11186
11276
11178
11187
11277
11179
11188
11278
11189
11279
11181
11190
11280
11182
11191
11281
11183
11192
11282
11184
11193
11283
11185
11194
11284
11186
11195
11285
11187
11196
11286
11188
11197
11287
11189
11198
11288
11199
11289
11191
11290
13100
11192
11291
13101
11193
11292
13102
11194
11293
13103
11195
11294
13104
11196
11295
13105
11197
11296
13106
11198
11297
13107
11199
11298
13108
11299
13109
11201
11210
11300
11202
11211
11301
11203
11212
11302
11204
11213
11303
11205
11214
11304
11206
11215
11305
11207
11216
11306
11208
11217
11307
11209
11218
11308
11219
11309
11211
11220
11310
11212
11221
11311
11213
11222
11312
11214
11223
11313
11215
11224
11314
11216
11225
11315
11217
11226
11316
11218
11227
11317
11219
11228
11318
11229
11319
11221
11230
11320
11222
11231
11321
11223
11232
11322
11224
11233
11323
11225
11234
11324
11226
11235
11325
11227
11236
11326
11228
11237
11327
11229
11238
11328
11239
11329
11231
11240
11330
11232
11241
11331
11233
11242
11332
11234
11243
11333
11235
11244
11334
11236
11245
11335
11237
11246
11336
11238
11247
11337
11239
11248
11338
11249
11339
11241
11250
11340
11242
11251
11341
11243
11252
11342
11244
11253
11343
11245
11254
11344
11246
11255
11345
11247
11256
11346
11248
11257
11347
11249
11258
11348
11259
11349
11251
11260
11350
11252
11261
11351
11253
11262
11352
11254
11263
11353
11255
11264
11354
11256
11265
11355
11257
11266
11356
11258
11267
11357
11259
11268
11358
11269
11359
11261
11270
11360
11262
11271
11361
11263
11272
11362
11264
11273
11363
11265
11274
11364
11266
11275
11365
11267
11276
11366
11268
11277
11367
11269
11278
11368
11279
11369
11271
11280
11370
11272
11281
11371
11273
11282
11372
11274
11283
11373
11275
11284
11374
11276
11285
11375
11277
11286
11376
11278
11287
11377
11279
11288
11378
11289
11379
11281
11290
11380
11282
11291
11381
11283
11292
11382
11284
11293
11383
11285
11294
11384
11286
11295
11385
11287
11296
11386
11288
11297
11387
11289
11298
11388
11299
11389
11291
11390
13200
11292
11391
13201
11293
11392
13202
11294
11393
13203
11295
11394
13204
11296
11395
13205
11297
11396
13206
11298
11397
13207
11299
11398
13208
11399
13209
11301
11310
11400
11302
11311
11401
11303
11312
11402
11304
11313
11403
11305
11314
11404
11306
11315
11405
11307
11316
11406
11308
11317
11407
11309
11318
11408
11319
11409
11311
11320
11410
11312
11321
11411
11313
11322
11412
11314
11323
11413
11315
11324
11414
11316
11325
11415
11317
11326
11416
11318
11327
11417
11319
11328
11418
11329
11419
11321
11330
11420
11322
11331
11421
11323
11332
11422
11324
11333
11423
11325
11334
11424
11326
11335
11425
11327
11336
11426
11328
11337
11427
11329
11338
11428
11339
11429
11331
11340
11430
11332
11341
11431
11333
11342
11432
11334
11343
11433
11335
11344
11434
11336
11345
11435
11337
11346
11436
11338
11347
11437
11339
11348
11438
11349
11439
11341
11350
11440
11342
11351
11441
11343
11352
11442
11344
11353
11443
11345
11354
11444
11346
11355
11445
11347
11356
11446
11348
11357
11447
11349
11358
11448
11359
11449
11351
11360
11450
11352
11361
11451
11353
11362
11452
11354
11363
11453
11355
11364
11454
11356
11365
11455
11357
11366
11456
11358
11367
11457
11359
11368
11458
11369
11459
11361
11370
11460
11362
11371
11461
11363
11372
11462
11364
11373
11463
11365
11374
11464
11366
11375
11465
11367
11376
11466
11368
11377
11467
11369
11378
11468
11379
11469
11371
11380
11470
11372
11381
11471
11373
11382
11472
11374
11383
11473
11375
11384
11474
11376
11385
11475
11377
11386
11476
11378
11387
11477
11379
11388
11478
11389
11479
11381
11390
11480
11382
11391
11481
11383
11392
11482
11384
11393
11483
11385
11394
11484
11386
11395
11485
11387
11396
11486
11388
11397
11487
11389
11398
11488
11399
11489
11391
11490
13300
11392
11491
13301
11393
11492
13302
11394
11493
13303
11395
11494
13304
11396
11495
13305
11397
11496
13306
11398
11497
13307
11399
11498
13308
11499
13309
11401
11410
11500
11402
11411
11501
11403
11412
11502
11404
11413
11503
11405
11414
11504
11406
11415
11505
11407
11416
11506
11408
11417
11507
11409
11418
11508
11419
11509
11411
11420
11510
11412
11421
11511
11413
11422
11512
11414
11423
11513
11415
11424
11514
11416
11425
11515
11417
11426
11516
11418
11427
11517
11419
11428
11518
11429
11519
11421
11430
11520
11422
11431
11521
11423
11432
11522
11424
11433
11523
11425
11434
11524
11426
11435
11525
11427
11436
11526
11428
11437
11527
11429
11438
11528
11439
11529
11431
11440
11530
11432
11441
11531
11433
11442
11532
11434
11443
11533
11435
11444
11534
11436
11445
11535
11437
11446
11536
11438
11447
11537
11439
11448
11538
11449
11539
11441
11450
11540
11442
11451
11541
11443
11452
11542
11444
11453
11543
11445
11454
11544
11446
11455
11545
11447
11456
11546
11448
11457
11547
11449
11458
11548
11459
11549
11451
11460
11550
11452
11461
11551
11453
11462
11552
11454
11463
11553
11455
11464
11554
11456
11465
11555
11457
11466
11556
11458
11467
11557
11459
11468
11558
11469
11559
11461
11470
11560
11462
11471
11561
11463
11472
11562
11464
11473
11563
11465
11474
11564
11466
11475
11565
11467
11476
11566
11468
11477
11567
11469
11478
11568
11479
11569
11471
11480
11570
11472
11481
11571
11473
11482
11572
11474
11483
11573
11475
11484
11574
11476
11485
11575
11477
11486
11576
11478
11487
11577
11479
11488
11578
11489
11579
11481
11490
11580
11482
11491
11581
11483
11492
11582
11484
11493
11583
11485
11494
11584
11486
11495
11585
11487
11496
11586
11488
11497
11587
11489
11498
11588
11499
11589
11491
11590
13400
11492
11591
13401
11493
11592
13402
11494
11593
13403
11495
11594
13404
11496
11595
13405
11497
11596
13406
11498
11597
13407
11499
11598
13408
11599
13409
11501
11510
11600
11502
11511
11601
11503
11512
11602
11504
11513
11603
11505
11514
11604
11506
11515
11605
11507
11516
11606
11508
11517
11607
11509
11518
11608
11519
11609
11511
11520
11610
11512
11521
11611
11513
11522
11612
11514
11523
11613
11515
11524
11614
11516
11525
11615
11517
11526
11616
11518
11527
11617
11519
11528
11618
11529
11619
11521
11530
11620
11522
11531
11621
11523
11532
11622
11524
11533
11623
11525
11534
11624
11526
11535
11625
11527
11536
11626
11528
11537
11627
11529
11538
11628
11539
11629
11531
11540
11630
11532
11541
11631
11533
11542
11632
11534
11543
11633
11535
11544
11634
11536
11545
11635
11537
11546
11636
11538
11547
11637
11539
11548
11638
11549
11639
11541
11550
11640
11542
11551
11641
11543
11552
11642
11544
11553
11643
11545
11554
11644
11546
11555
11645
11547
11556
11646
11548
11557
11647
11549
11558
11648
11559
11649
11551
11560
11650
11552
11561
11651
11553
11562
11652
11554
11563
11653
11555
11564
11654
11556
11565
11655
11557
11566
11656
11558
11567
11657
11559
11568
11658
11569
11659
11561
11570
11660
11562
11571
11661
11563
11572
11662
11564
11573
11663
11565
11574
11664
11566
11575
11665
11567
11576
11666
11568
11577
11667
11569
11578
11668
11579
11669
11571
11580
11670
11572
11581
11671
11573
11582
11672
11574
11583
11673
11575
11584
11674
11576
11585
11675
11577
11586
11676
11578
11587
11677
11579
11588
11678
11589
11679
11581
11590
11680
11582
11591
11681
11583
11592
11682
11584
11593
11683
11585
11594
11684
11586
11595
11685
11587
11596
11686
11588
11597
11687
11589
11598
11688
11599
11689
11591
11690
13500
11592
11691
13501
11593
11692
13502
11594
11693
13503
11595
11694
13504
11596
11695
13505
11597
11696
13506
11598
11697
13507
11599
11698
13508
11699
13509
11601
11610
11700
11602
11611
11701
11603
11612
11702
11604
11613
11703
11605
11614
11704
11606
11615
11705
11607
11616
11706
11608
11617
11707
11609
11618
11708
11619
11709
11611
11620
11710
11612
11621
11711
11613
11622
11712
11614
11623
11713
11615
11624
11714
11616
11625
11715
11617
11626
11716
11618
11627
11717
11619
11628
11718
11629
11719
11621
11630
11720
11622
11631
11721
11623
11632
11722
11624
11633
11723
11625
11634
11724
11626
11635
11725
11627
11636
11726
11628
11637
11727
11629
11638
11728
11639
11729
11631
11640
11730
11632
11641
11731
11633
11642
11732
11634
11643
11733
11635
11644
11734
11636
11645
11735
11637
11646
11736
11638
11647
11737
11639
11648
11738
11649
11739
11641
11650
11740
11642
11651
11741
11643
11652
11742
11644
11653
11743
11645
11654
11744
11646
11655
11745
11647
11656
11746
11648
11657
11747
11649
11658
11748
11659
11749
11651
11660
11750
11652
11661
11751
11653
11662
11752
11654
11663
11753
11655
11664
11754
11656
11665
11755
11657
11666
11756
11658
11667
11757
11659
11668
11758
11669
11759
11661
11670
11760
11662
11671
11761
11663
11672
11762
11664
11673
11763
11665
11674
11764
11666
11675
11765
11667
11676
11766
11668
11677
11767
11669
11678
11768
11679
11769
11671
11680
11770
11672
11681
11771
11673
11682
11772
11674
11683
11773
11675
11684
11774
11676
11685
11775
11677
11686
11776
11678
11687
11777
11679
11688
11778
11689
11779
11681
11690
11780
11682
11691
11781
11683
11692
11782
11684
11693
11783
11685
11694
11784
11686
11695
11785
11687
11696
11786
11688
11697
11787
11689
11698
11788
11699
11789
11691
11790
13600
11692
11791
13601
11693
11792
13602
11694
11793
13603
11695
11794
13604
11696
11795
13605
11697
11796
13606
11698
11797
13607
11699
11798
13608
11799
13609
11701
11710
11800
11702
11711
11801
11703
11712
11802
11704
11713
11803
11705
11714
11804
11706
11715
11805
11707
11716
11806
11708
11717
11807
11709
11718
11808
11719
11809
11711
11720
11810
11712
11721
11811
11713
11722
11812
11714
11723
11813
11715
11724
11814
11716
11725
11815
11717
11726
11816
11718
11727
11817
11719
11728
11818
11729
11819
11721
11730
11820
11722
11731
11821
11723
11732
11822
11724
11733
11823
11725
11734
11824
11726
11735
11825
11727
11736
11826
11728
11737
11827
11729
11738
11828
11739
11829
11731
11740
11830
11732
11741
11831
11733
11742
11832
11734
11743
11833
11735
11744
11834
11736
11745
11835
11737
11746
11836
11738
11747
11837
11739
11748
11838
11749
11839
11741
11750
11840
11742
11751
11841
11743
11752
11842
11744
11753
11843
11745
11754
11844
11746
11755
11845
11747
11756
11846
11748
11757
11847
11749
11758
11848
11759
11849
11751
11760
11850
11752
11761
11851
11753
11762
11852
11754
11763
11853
11755
11764
11854
11756
11765
11855
11757
11766
11856
11758
11767
11857
11759
11768
11858
11769
11859
11761
11770
11860
11762
11771
11861
11763
11772
11862
11764
11773
11863
11765
11774
11864
11766
11775
11865
11767
11776
11866
11768
11777
11867
11769
11778
11868
11779
11869
11771
11780
11870
11772
11781
11871
11773
11782
11872
11774
11783
11873
11775
11784
11874
11776
11785
11875
11777
11786
11876
11778
11787
11877
11779
11788
11878
11789
11879
11781
11790
11880
11782
11791
11881
11783
11792
11882
11784
11793
11883
11785
11794
11884
11786
11795
11885
11787
11796
11886
11788
11797
11887
11789
11798
11888
11799
11889
11791
11890
13700
11792
11891
13701
11793
11892
13702
11794
11893
13703
11795
11894
13704
11796
11895
13705
11797
11896
13706
11798
11897
13707
11799
11898
13708
11899
13709
11801
11810
11900
11802
11811
11901
11803
11812
11902
11804
11813
11903
11805
11814
11904
11806
11815
11905
11807
11816
11906
11808
11817
11907
11809
11818
11908
11819
11909
11811
11820
11910
11812
11821
11911
11813
11822
11912
11814
11823
11913
11815
11824
11914
11816
11825
11915
11817
11826
11916
11818
11827
11917
11819
11828
11918
11829
11919
11821
11830
11920
11822
11831
11921
11823
11832
11922
11824
11833
11923
11825
11834
11924
11826
11835
11925
11827
11836
11926
11828
11837
11927
11829
11838
11928
11839
11929
11831
11840
11930
11832
11841
11931
11833
11842
11932
11834
11843
11933
11835
11844
11934
11836
11845
11935
11837
11846
11936
11838
11847
11937
11839
11848
11938
11849
11939
11841
11850
11940
11842
11851
11941
11843
11852
11942
11844
11853
11943
11845
11854
11944
11846
11855
11945
11847
11856
11946
11848
11857
11947
11849
11858
11948
11859
11949
11851
11860
11950
11852
11861
11951
11853
11862
11952
11854
11863
11953
11855
11864
11954
11856
11865
11955
11857
11866
11956
11858
11867
11957
11859
11868
11958
11869
11959
11861
11870
11960
11862
11871
11961
11863
11872
11962
11864
11873
11963
11865
11874
11964
11866
11875
11965
11867
11876
11966
11868
11877
11967
11869
11878
11968
11879
11969
11871
11880
11970
11872
11881
11971
11873
11882
11972
11874
11883
11973
11875
11884
11974
11876
11885
11975
11877
11886
11976
11878
11887
11977
11879
11888
11978
11889
11979
11881
11890
11980
11882
11891
11981
11883
11892
11982
11884
11893
11983
11885
11894
11984
11886
11895
11985
11887
11896
11986
11888
11897
11987
11889
11898
11988
11899
11989
11891
11990
13800
11892
11991
13801
11893
11992
13802
11894
11993
13803
11895
11994
13804
11896
11995
13805
11897
11996
13806
11898
11997
13807
11899
11998
13808
11999
13809
11901
11910
12090
11902
11911
12091
11903
11912
12092
11904
11913
12093
11905
11914
12094
11906
11915
12095
11907
11916
12096
11908
11917
12097
11909
11918
12098
11919
12099
11911
11920
12190
11912
11921
12191
11913
11922
12192
11914
11923
12193
11915
11924
12194
11916
11925
12195
11917
11926
12196
11918
11927
12197
11919
11928
12198
11929
12199
11921
11930
12290
11922
11931
12291
11923
11932
12292
11924
11933
12293
11925
11934
12294
11926
11935
12295
11927
11936
12296
11928
11937
12297
11929
11938
12298
11939
12299
11931
11940
12390
11932
11941
12391
11933
11942
12392
11934
11943
12393
11935
11944
12394
11936
11945
12395
11937
11946
12396
11938
11947
12397
11939
11948
12398
11949
12399
11941
11950
12490
11942
11951
12491
11943
11952
12492
11944
11953
12493
11945
11954
12494
11946
11955
12495
11947
11956
12496
11948
11957
12497
11949
11958
12498
11959
12499
11951
11960
12590
11952
11961
12591
11953
11962
12592
11954
11963
12593
11955
11964
12594
11956
11965
12595
11957
11966
12596
11958
11967
12597
11959
11968
12598
11969
12599
11961
11970
12690
11962
11971
12691
11963
11972
12692
11964
11973
12693
11965
11974
12694
11966
11975
12695
11967
11976
12696
11968
11977
12697
11969
11978
12698
11979
12699
11971
11980
12790
11972
11981
12791
11973
11982
12792
11974
11983
12793
11975
11984
12794
11976
11985
12795
11977
11986
12796
11978
11987
12797
11979
11988
12798
11989
12799
11981
11990
12890
11982
11991
12891
11983
11992
12892
11984
11993
12893
11985
11994
12894
11986
11995
12895
11987
11996
12896
11988
11997
12897
11989
11998
12898
11999
12899
11991
12990
13900
11992
12991
13901
11993
12992
13902
11994
12993
13903
11995
12994
13904
11996
12995
13905
11997
12996
13906
11998
12997
13907
11999
12998
13908
12999
13909
12001
12010
12100
12002
12011
12101
12003
12012
12102
12004
12013
12103
12005
12014
12104
12006
12015
12105
12007
12016
12106
12008
12017
12107
12009
12018
12108
12019
12109
12011
12020
12110
12012
12021
12111
12013
12022
12112
12014
12023
12113
12015
12024
12114
12016
12025
12115
12017
12026
12116
12018
12027
12117
12019
12028
12118
12029
12119
12021
12030
12120
12022
12031
12121
12023
12032
12122
12024
12033
12123
12025
12034
12124
12026
12035
12125
12027
12036
12126
12028
12037
12127
12029
12038
12128
12039
12129
12031
12040
12130
12032
12041
12131
12033
12042
12132
12034
12043
12133
12035
12044
12134
12036
12045
12135
12037
12046
12136
12038
12047
12137
12039
12048
12138
12049
12139
12041
12050
12140
12042
12051
12141
12043
12052
12142
12044
12053
12143
12045
12054
12144
12046
12055
12145
12047
12056
12146
12048
12057
12147
12049
12058
12148
12059
12149
12051
12060
12150
12052
12061
12151
12053
12062
12152
12054
12063
12153
12055
12064
12154
12056
12065
12155
12057
12066
12156
12058
12067
12157
12059
12068
12158
12069
12159
12061
12070
12160
12062
12071
12161
12063
12072
12162
12064
12073
12163
12065
12074
12164
12066
12075
12165
12067
12076
12166
12068
12077
12167
12069
12078
12168
12079
12169
12071
12080
12170
12072
12081
12171
12073
12082
12172
12074
12083
12173
12075
12084
12174
12076
12085
12175
12077
12086
12176
12078
12087
12177
12079
12088
12178
12089
12179
12081
12090
12180
12082
12091
12181
12083
12092
12182
12084
12093
12183
12085
12094
12184
12086
12095
12185
12087
12096
12186
12088
12097
12187
12089
12098
12188
12099
12189
12091
12190
12092
12191
12093
12192
12094
12193
12095
12194
12096
12195
12097
12196
12098
12197
12099
12198
12199
12101
12110
12200
12102
12111
12201
12103
12112
12202
12104
12113
12203
12105
12114
12204
12106
12115
12205
12107
12116
12206
12108
12117
12207
12109
12118
12208
12119
12209
12111
12120
12210
12112
12121
12211
12113
12122
12212
12114
12123
12213
12115
12124
12214
12116
12125
12215
12117
12126
12216
12118
12127
12217
12119
12128
12218
12129
12219
12121
12130
12220
12122
12131
12221
12123
12132
12222
12124
12133
12223
12125
12134
12224
12126
12135
12225
12127
12136
12226
12128
12137
12227
12129
12138
12228
12139
12229
12131
12140
12230
12132
12141
12231
12133
12142
12232
12134
12143
12233
12135
12144
12234
12136
12145
12235
12137
12146
12236
12138
12147
12237
12139
12148
12238
12149
12239
12141
12150
12240
12142
12151
12241
12143
12152
12242
12144
12153
12243
12145
12154
12244
12146
12155
12245
12147
12156
12246
12148
12157
12247
12149
12158
12248
12159
12249
12151
12160
12250
12152
12161
12251
12153
12162
12252
12154
12163
12253
12155
12164
12254
12156
12165
12255
12157
12166
12256
12158
12167
12257
12159
12168
12258
12169
12259
12161
12170
12260
12162
12171
12261
12163
12172
12262
12164
12173
12263
12165
12174
12264
12166
12175
12265
12167
12176
12266
12168
12177
12267
12169
12178
12268
12179
12269
12171
12180
12270
12172
12181
12271
12173
12182
12272
12174
12183
12273
12175
12184
12274
12176
12185
12275
12177
12186
12276
12178
12187
12277
12179
12188
12278
12189
12279
12181
12190
12280
12182
12191
12281
12183
12192
12282
12184
12193
12283
12185
12194
12284
12186
12195
12285
12187
12196
12286
12188
12197
12287
12189
12198
12288
12199
12289
12191
12290
12192
12291
12193
12292
12194
12293
12195
12294
12196
12295
12197
12296
12198
12297
12199
12298
12299
12201
12210
12300
12202
12211
12301
12203
12212
12302
12204
12213
12303
12205
12214
12304
12206
12215
12305
12207
12216
12306
12208
12217
12307
12209
12218
12308
12219
12309
12211
12220
12310
12212
12221
12311
12213
12222
12312
12214
12223
12313
12215
12224
12314
12216
12225
12315
12217
12226
12316
12218
12227
12317
12219
12228
12318
12229
12319
12221
12230
12320
12222
12231
12321
12223
12232
12322
12224
12233
12323
12225
12234
12324
12226
12235
12325
12227
12236
12326
12228
12237
12327
12229
12238
12328
12239
12329
12231
12240
12330
12232
12241
12331
12233
12242
12332
12234
12243
12333
12235
12244
12334
12236
12245
12335
12237
12246
12336
12238
12247
12337
12239
12248
12338
12249
12339
12241
12250
12340
12242
12251
12341
12243
12252
12342
12244
12253
12343
12245
12254
12344
12246
12255
12345
12247
12256
12346
12248
12257
12347
12249
12258
12348
12259
12349
12251
12260
12350
12252
12261
12351
12253
12262
12352
12254
12263
12353
12255
12264
12354
12256
12265
12355
12257
12266
12356
12258
12267
12357
12259
12268
12358
12269
12359
12261
12270
12360
12262
12271
12361
12263
12272
12362
12264
12273
12363
12265
12274
12364
12266
12275
12365
12267
12276
12366
12268
12277
12367
12269
12278
12368
12279
12369
12271
12280
12370
12272
12281
12371
12273
12282
12372
12274
12283
12373
12275
12284
12374
12276
12285
12375
12277
12286
12376
12278
12287
12377
12279
12288
12378
12289
12379
12281
12290
12380
12282
12291
12381
12283
12292
12382
12284
12293
12383
12285
12294
12384
12286
12295
12385
12287
12296
12386
12288
12297
12387
12289
12298
12388
12299
12389
12291
12390
12292
12391
12293
12392
12294
12393
12295
12394
12296
12395
12297
12396
12298
12397
12299
12398
12399
12301
12310
12400
12302
12311
12401
12303
12312
12402
12304
12313
12403
12305
12314
12404
12306
12315
12405
12307
12316
12406
12308
12317
12407
12309
12318
12408
12319
12409
12311
12320
12410
12312
12321
12411
12313
12322
12412
12314
12323
12413
12315
12324
12414
12316
12325
12415
12317
12326
12416
12318
12327
12417
12319
12328
12418
12329
12419
12321
12330
12420
12322
12331
12421
12323
12332
12422
12324
12333
12423
12325
12334
12424
12326
12335
12425
12327
12336
12426
12328
12337
12427
12329
12338
12428
12339
12429
12331
12340
12430
12332
12341
12431
12333
12342
12432
12334
12343
12433
12335
12344
12434
12336
12345
12435
12337
12346
12436
12338
12347
12437
12339
12348
12438
12349
12439
12341
12350
12440
12342
12351
12441
12343
12352
12442
12344
12353
12443
12345
12354
12444
12346
12355
12445
12347
12356
12446
12348
12357
12447
12349
12358
12448
12359
12449
12351
12360
12450
12352
12361
12451
12353
12362
12452
12354
12363
12453
12355
12364
12454
12356
12365
12455
12357
12366
12456
12358
12367
12457
12359
12368
12458
12369
12459
12361
12370
12460
12362
12371
12461
12363
12372
12462
12364
12373
12463
12365
12374
12464
12366
12375
12465
12367
12376
12466
12368
12377
12467
12369
12378
12468
12379
12469
12371
12380
12470
12372
12381
12471
12373
12382
12472
12374
12383
12473
12375
12384
12474
12376
12385
12475
12377
12386
12476
12378
12387
12477
12379
12388
12478
12389
12479
12381
12390
12480
12382
12391
12481
12383
12392
12482
12384
12393
12483
12385
12394
12484
12386
12395
12485
12387
12396
12486
12388
12397
12487
12389
12398
12488
12399
12489
12391
12490
12392
12491
12393
12492
12394
12493
12395
12494
12396
12495
12397
12496
12398
12497
12399
12498
12499
12401
12410
12500
12402
12411
12501
12403
12412
12502
12404
12413
12503
12405
12414
12504
12406
12415
12505
12407
12416
12506
12408
12417
12507
12409
12418
12508
12419
12509
12411
12420
12510
12412
12421
12511
12413
12422
12512
12414
12423
12513
12415
12424
12514
12416
12425
12515
12417
12426
12516
12418
12427
12517
12419
12428
12518
12429
12519
12421
12430
12520
12422
12431
12521
12423
12432
12522
12424
12433
12523
12425
12434
12524
12426
12435
12525
12427
12436
12526
12428
12437
12527
12429
12438
12528
12439
12529
12431
12440
12530
12432
12441
12531
12433
12442
12532
12434
12443
12533
12435
12444
12534
12436
12445
12535
12437
12446
12536
12438
12447
12537
12439
12448
12538
12449
12539
12441
12450
12540
12442
12451
12541
12443
12452
12542
12444
12453
12543
12445
12454
12544
12446
12455
12545
12447
12456
12546
12448
12457
12547
12449
12458
12548
12459
12549
12451
12460
12550
12452
12461
12551
12453
12462
12552
12454
12463
12553
12455
12464
12554
12456
12465
12555
12457
12466
12556
12458
12467
12557
12459
12468
12558
12469
12559
12461
12470
12560
12462
12471
12561
12463
12472
12562
12464
12473
12563
12465
12474
12564
12466
12475
12565
12467
12476
12566
12468
12477
12567
12469
12478
12568
12479
12569
12471
12480
12570
12472
12481
12571
12473
12482
12572
12474
12483
12573
12475
12484
12574
12476
12485
12575
12477
12486
12576
12478
12487
12577
12479
12488
12578
12489
12579
12481
12490
12580
12482
12491
12581
12483
12492
12582
12484
12493
12583
12485
12494
12584
12486
12495
12585
12487
12496
12586
12488
12497
12587
12489
12498
12588
12499
12589
12491
12590
12492
12591
12493
12592
12494
12593
12495
12594
12496
12595
12497
12596
12498
12597
12499
12598
12599
12501
12510
12600
12502
12511
12601
12503
12512
12602
12504
12513
12603
12505
12514
12604
12506
12515
12605
12507
12516
12606
12508
12517
12607
12509
12518
12608
12519
12609
12511
12520
12610
12512
12521
12611
12513
12522
12612
12514
12523
12613
12515
12524
12614
12516
12525
12615
12517
12526
12616
12518
12527
12617
12519
12528
12618
12529
12619
12521
12530
12620
12522
12531
12621
12523
12532
12622
12524
12533
12623
12525
12534
12624
12526
12535
12625
12527
12536
12626
12528
12537
12627
12529
12538
12628
12539
12629
12531
12540
12630
12532
12541
12631
12533
12542
12632
12534
12543
12633
12535
12544
12634
12536
12545
12635
12537
12546
12636
12538
12547
12637
12539
12548
12638
12549
12639
12541
12550
12640
12542
12551
12641
12543
12552
12642
12544
12553
12643
12545
12554
12644
12546
12555
12645
12547
12556
12646
12548
12557
12647
12549
12558
12648
12559
12649
12551
12560
12650
12552
12561
12651
12553
12562
12652
12554
12563
12653
12555
12564
12654
12556
12565
12655
12557
12566
12656
12558
12567
12657
12559
12568
12658
12569
12659
12561
12570
12660
12562
12571
12661
12563
12572
12662
12564
12573
12663
12565
12574
12664
12566
12575
12665
12567
12576
12666
12568
12577
12667
12569
12578
12668
12579
12669
12571
12580
12670
12572
12581
12671
12573
12582
12672
12574
12583
12673
12575
12584
12674
12576
12585
12675
12577
12586
12676
12578
12587
12677
12579
12588
12678
12589
12679
12581
12590
12680
12582
12591
12681
12583
12592
12682
12584
12593
12683
12585
12594
12684
12586
12595
12685
12587
12596
12686
12588
12597
12687
12589
12598
12688
12599
12689
12591
12690
12592
12691
12593
12692
12594
12693
12595
12694
12596
12695
12597
12696
12598
12697
12599
12698
12699
12601
12610
12700
12602
12611
12701
12603
12612
12702
12604
12613
12703
12605
12614
12704
12606
12615
12705
12607
12616
12706
12608
12617
12707
12609
12618
12708
12619
12709
12611
12620
12710
12612
12621
12711
12613
12622
12712
12614
12623
12713
12615
12624
12714
12616
12625
12715
12617
12626
12716
12618
12627
12717
12619
12628
12718
12629
12719
12621
12630
12720
12622
12631
12721
12623
12632
12722
12624
12633
12723
12625
12634
12724
12626
12635
12725
12627
12636
12726
12628
12637
12727
12629
12638
12728
12639
12729
12631
12640
12730
12632
12641
12731
12633
12642
12732
12634
12643
12733
12635
12644
12734
12636
12645
12735
12637
12646
12736
12638
12647
12737
12639
12648
12738
12649
12739
12641
12650
12740
12642
12651
12741
12643
12652
12742
12644
12653
12743
12645
12654
12744
12646
12655
12745
12647
12656
12746
12648
12657
12747
12649
12658
12748
12659
12749
12651
12660
12750
12652
12661
12751
12653
12662
12752
12654
12663
12753
12655
12664
12754
12656
12665
12755
12657
12666
12756
12658
12667
12757
12659
12668
12758
12669
12759
12661
12670
12760
12662
12671
12761
12663
12672
12762
12664
12673
12763
12665
12674
12764
12666
12675
12765
12667
12676
12766
12668
12677
12767
12669
12678
12768
12679
12769
12671
12680
12770
12672
12681
12771
12673
12682
12772
12674
12683
12773
12675
12684
12774
12676
12685
12775
12677
12686
12776
12678
12687
12777
12679
12688
12778
12689
12779
12681
12690
12780
12682
12691
12781
12683
12692
12782
12684
12693
12783
12685
12694
12784
12686
12695
12785
12687
12696
12786
12688
12697
12787
12689
12698
12788
12699
12789
12691
12790
12692
12791
12693
12792
12694
12793
12695
12794
12696
12795
12697
12796
12698
12797
12699
12798
12799
12701
12710
12800
12702
12711
12801
12703
12712
12802
12704
12713
12803
12705
12714
12804
12706
12715
12805
12707
12716
12806
12708
12717
12807
12709
12718
12808
12719
12809
12711
12720
12810
12712
12721
12811
12713
12722
12812
12714
12723
12813
12715
12724
12814
12716
12725
12815
12717
12726
12816
12718
12727
12817
12719
12728
12818
12729
12819
12721
12730
12820
12722
12731
12821
12723
12732
12822
12724
12733
12823
12725
12734
12824
12726
12735
12825
12727
12736
12826
12728
12737
12827
12729
12738
12828
12739
12829
12731
12740
12830
12732
12741
12831
12733
12742
12832
12734
12743
12833
12735
12744
12834
12736
12745
12835
12737
12746
12836
12738
12747
12837
12739
12748
12838
12749
12839
12741
12750
12840
12742
12751
12841
12743
12752
12842
12744
12753
12843
12745
12754
12844
12746
12755
12845
12747
12756
12846
12748
12757
12847
12749
12758
12848
12759
12849
12751
12760
12850
12752
12761
12851
12753
12762
12852
12754
12763
12853
12755
12764
12854
12756
12765
12855
12757
12766
12856
12758
12767
12857
12759
12768
12858
12769
12859
12761
12770
12860
12762
12771
12861
12763
12772
12862
12764
12773
12863
12765
12774
12864
12766
12775
12865
12767
12776
12866
12768
12777
12867
12769
12778
12868
12779
12869
12771
12780
12870
12772
12781
12871
12773
12782
12872
12774
12783
12873
12775
12784
12874
12776
12785
12875
12777
12786
12876
12778
12787
12877
12779
12788
12878
12789
12879
12781
12790
12880
12782
12791
12881
12783
12792
12882
12784
12793
12883
12785
12794
12884
12786
12795
12885
12787
12796
12886
12788
12797
12887
12789
12798
12888
12799
12889
12791
12890
12792
12891
12793
12892
12794
12893
12795
12894
12796
12895
12797
12896
12798
12897
12799
12898
12899
12801
12810
12900
12802
12811
12901
12803
12812
12902
12804
12813
12903
12805
12814
12904
12806
12815
12905
12807
12816
12906
12808
12817
12907
12809
12818
12908
12819
12909
12811
12820
12910
12812
12821
12911
12813
12822
12912
12814
12823
12913
12815
12824
12914
12816
12825
12915
12817
12826
12916
12818
12827
12917
12819
12828
12918
12829
12919
12821
12830
12920
12822
12831
12921
12823
12832
12922
12824
12833
12923
12825
12834
12924
12826
12835
12925
12827
12836
12926
12828
12837
12927
12829
12838
12928
12839
12929
12831
12840
12930
12832
12841
12931
12833
12842
12932
12834
12843
12933
12835
12844
12934
12836
12845
12935
12837
12846
12936
12838
12847
12937
12839
12848
12938
12849
12939
12841
12850
12940
12842
12851
12941
12843
12852
12942
12844
12853
12943
12845
12854
12944
12846
12855
12945
12847
12856
12946
12848
12857
12947
12849
12858
12948
12859
12949
12851
12860
12950
12852
12861
12951
12853
12862
12952
12854
12863
12953
12855
12864
12954
12856
12865
12955
12857
12866
12956
12858
12867
12957
12859
12868
12958
12869
12959
12861
12870
12960
12862
12871
12961
12863
12872
12962
12864
12873
12963
12865
12874
12964
12866
12875
12965
12867
12876
12966
12868
12877
12967
12869
12878
12968
12879
12969
12871
12880
12970
12872
12881
12971
12873
12882
12972
12874
12883
12973
12875
12884
12974
12876
12885
12975
12877
12886
12976
12878
12887
12977
12879
12888
12978
12889
12979
12881
12890
12980
12882
12891
12981
12883
12892
12982
12884
12893
12983
12885
12894
12984
12886
12895
12985
12887
12896
12986
12888
12897
12987
12889
12898
12988
12899
12989
12891
12990
12892
12991
12893
12992
12894
12993
12895
12994
12896
12995
12897
12996
12898
12997
12899
12998
12999
12901
12910
15900
12902
12911
15901
12903
12912
15902
12904
12913
15903
12905
12914
15904
12906
12915
15905
12907
12916
15906
12908
12917
15907
12909
12918
15908
12919
15909
12911
12920
15800
12912
12921
15801
12913
12922
15802
12914
12923
15803
12915
12924
15804
12916
12925
15805
12917
12926
15806
12918
12927
15807
12919
12928
15808
12929
15809
12921
12930
15700
12922
12931
15701
12923
12932
15702
12924
12933
15703
12925
12934
15704
12926
12935
15705
12927
12936
15706
12928
12937
15707
12929
12938
15708
12939
15709
12931
12940
15600
12932
12941
15601
12933
12942
15602
12934
12943
15603
12935
12944
15604
12936
12945
15605
12937
12946
15606
12938
12947
15607
12939
12948
15608
12949
15609
12941
12950
15500
12942
12951
15501
12943
12952
15502
12944
12953
15503
12945
12954
15504
12946
12955
15505
12947
12956
15506
12948
12957
15507
12949
12958
15508
12959
15509
12951
12960
15400
12952
12961
15401
12953
12962
15402
12954
12963
15403
12955
12964
15404
12956
12965
15405
12957
12966
15406
12958
12967
15407
12959
12968
15408
12969
15409
12961
12970
15300
12962
12971
15301
12963
12972
15302
12964
12973
15303
12965
12974
15304
12966
12975
15305
12967
12976
15306
12968
12977
15307
12969
12978
15308
12979
15309
12971
12980
15200
12972
12981
15201
12973
12982
15202
12974
12983
15203
12975
12984
15204
12976
12985
15205
12977
12986
15206
12978
12987
15207
12979
12988
15208
12989
15209
12981
12990
15100
12982
12991
15101
12983
12992
15102
12984
12993
15103
12985
12994
15104
12986
12995
15105
12987
12996
15106
12988
12997
15107
12989
12998
15108
12999
15109
12991
15000
12992
15001
12993
15002
12994
15003
12995
15004
12996
15005
12997
15006
12998
15007
12999
15008
15009
13001
13010
13100
21090
13002
13011
13101
21091
13003
13012
13102
21092
13004
13013
13103
21093
13005
13014
13104
21094
13006
13015
13105
21095
13007
13016
13106
21096
13008
13017
13107
21097
13009
13018
13108
21098
13019
13109
21099
13011
13020
13110
21080
13012
13021
13111
21081
13013
13022
13112
21082
13014
13023
13113
21083
13015
13024
13114
21084
13016
13025
13115
21085
13017
13026
13116
21086
13018
13027
13117
21087
13019
13028
13118
21088
13029
13119
21089
13021
13030
13120
21070
13022
13031
13121
21071
13023
13032
13122
21072
13024
13033
13123
21073
13025
13034
13124
21074
13026
13035
13125
21075
13027
13036
13126
21076
13028
13037
13127
21077
13029
13038
13128
21078
13039
13129
21079
13031
13040
13130
21060
13032
13041
13131
21061
13033
13042
13132
21062
13034
13043
13133
21063
13035
13044
13134
21064
13036
13045
13135
21065
13037
13046
13136
21066
13038
13047
13137
21067
13039
13048
13138
21068
13049
13139
21069
13041
13050
13140
21050
13042
13051
13141
21051
13043
13052
13142
21052
13044
13053
13143
21053
13045
13054
13144
21054
13046
13055
13145
21055
13047
13056
13146
21056
13048
13057
13147
21057
13049
13058
13148
21058
13059
13149
21059
13051
13060
13150
21040
13052
13061
13151
21041
13053
13062
13152
21042
13054
13063
13153
21043
13055
13064
13154
21044
13056
13065
13155
21045
13057
13066
13156
21046
13058
13067
13157
21047
13059
13068
13158
21048
13069
13159
21049
13061
13070
13160
21030
13062
13071
13161
21031
13063
13072
13162
21032
13064
13073
13163
21033
13065
13074
13164
21034
13066
13075
13165
21035
13067
13076
13166
21036
13068
13077
13167
21037
13069
13078
13168
21038
13079
13169
21039
13071
13080
13170
21020
13072
13081
13171
21021
13073
13082
13172
21022
13074
13083
13173
21023
13075
13084
13174
21024
13076
13085
13175
21025
13077
13086
13176
21026
13078
13087
13177
21027
13079
13088
13178
21028
13089
13179
21029
13081
13090
13180
21010
13082
13091
13181
21011
13083
13092
13182
21012
13084
13093
13183
21013
13085
13094
13184
21014
13086
13095
13185
21015
13087
13096
13186
21016
13088
13097
13187
21017
13089
13098
13188
21018
13099
13189
21019
13091
13190
14000
21000
13092
13191
14001
21001
13093
13192
14002
21002
13094
13193
14003
21003
13095
13194
14004
21004
13096
13195
14005
21005
13097
13196
14006
21006
13098
13197
14007
21007
13099
13198
14008
21008
13199
14009
21009
13101
13110
13200
13102
13111
13201
13103
13112
13202
13104
13113
13203
13105
13114
13204
13106
13115
13205
13107
13116
13206
13108
13117
13207
13109
13118
13208
13119
13209
13111
13120
13210
13112
13121
13211
13113
13122
13212
13114
13123
13213
13115
13124
13214
13116
13125
13215
13117
13126
13216
13118
13127
13217
13119
13128
13218
13129
13219
13121
13130
13220
13122
13131
13221
13123
13132
13222
13124
13133
13223
13125
13134
13224
13126
13135
13225
13127
13136
13226
13128
13137
13227
13129
13138
13228
13139
13229
13131
13140
13230
13132
13141
13231
13133
13142
13232
13134
13143
13233
13135
13144
13234
13136
13145
13235
13137
13146
13236
13138
13147
13237
13139
13148
13238
13149
13239
13141
13150
13240
13142
13151
13241
13143
13152
13242
13144
13153
13243
13145
13154
13244
13146
13155
13245
13147
13156
13246
13148
13157
13247
13149
13158
13248
13159
13249
13151
13160
13250
13152
13161
13251
13153
13162
13252
13154
13163
13253
13155
13164
13254
13156
13165
13255
13157
13166
13256
13158
13167
13257
13159
13168
13258
13169
13259
13161
13170
13260
13162
13171
13261
13163
13172
13262
13164
13173
13263
13165
13174
13264
13166
13175
13265
13167
13176
13266
13168
13177
13267
13169
13178
13268
13179
13269
13171
13180
13270
13172
13181
13271
13173
13182
13272
13174
13183
13273
13175
13184
13274
13176
13185
13275
13177
13186
13276
13178
13187
13277
13179
13188
13278
13189
13279
13181
13190
13280
13182
13191
13281
13183
13192
13282
13184
13193
13283
13185
13194
13284
13186
13195
13285
13187
13196
13286
13188
13197
13287
13189
13198
13288
13199
13289
13191
13290
14100
13192
13291
14101
13193
13292
14102
13194
13293
14103
13195
13294
14104
13196
13295
14105
13197
13296
14106
13198
13297
14107
13199
13298
14108
13299
14109
13201
13210
13300
13202
13211
13301
13203
13212
13302
13204
13213
13303
13205
13214
13304
13206
13215
13305
13207
13216
13306
13208
13217
13307
13209
13218
13308
13219
13309
13211
13220
13310
13212
13221
13311
13213
13222
13312
13214
13223
13313
13215
13224
13314
13216
13225
13315
13217
13226
13316
13218
13227
13317
13219
13228
13318
13229
13319
13221
13230
13320
13222
13231
13321
13223
13232
13322
13224
13233
13323
13225
13234
13324
13226
13235
13325
13227
13236
13326
13228
13237
13327
13229
13238
13328
13239
13329
13231
13240
13330
13232
13241
13331
13233
13242
13332
13234
13243
13333
13235
13244
13334
13236
13245
13335
13237
13246
13336
13238
13247
13337
13239
13248
13338
13249
13339
13241
13250
13340
13242
13251
13341
13243
13252
13342
13244
13253
13343
13245
13254
13344
13246
13255
13345
13247
13256
13346
13248
13257
13347
13249
13258
13348
13259
13349
13251
13260
13350
13252
13261
13351
13253
13262
13352
13254
13263
13353
13255
13264
13354
13256
13265
13355
13257
13266
13356
13258
13267
13357
13259
13268
13358
13269
13359
13261
13270
13360
13262
13271
13361
13263
13272
13362
13264
13273
13363
13265
13274
13364
13266
13275
13365
13267
13276
13366
13268
13277
13367
13269
13278
13368
13279
13369
13271
13280
13370
13272
13281
13371
13273
13282
13372
13274
13283
13373
13275
13284
13374
13276
13285
13375
13277
13286
13376
13278
13287
13377
13279
13288
13378
13289
13379
13281
13290
13380
13282
13291
13381
13283
13292
13382
13284
13293
13383
13285
13294
13384
13286
13295
13385
13287
13296
13386
13288
13297
13387
13289
13298
13388
13299
13389
13291
13390
14200
13292
13391
14201
13293
13392
14202
13294
13393
14203
13295
13394
14204
13296
13395
14205
13297
13396
14206
13298
13397
14207
13299
13398
14208
13399
14209
13301
13310
13400
13302
13311
13401
13303
13312
13402
13304
13313
13403
13305
13314
13404
13306
13315
13405
13307
13316
13406
13308
13317
13407
13309
13318
13408
13319
13409
13311
13320
13410
13312
13321
13411
13313
13322
13412
13314
13323
13413
13315
13324
13414
13316
13325
13415
13317
13326
13416
13318
13327
13417
13319
13328
13418
13329
13419
13321
13330
13420
13322
13331
13421
13323
13332
13422
13324
13333
13423
13325
13334
13424
13326
13335
13425
13327
13336
13426
13328
13337
13427
13329
13338
13428
13339
13429
13331
13340
13430
13332
13341
13431
13333
13342
13432
13334
13343
13433
13335
13344
13434
13336
13345
13435
13337
13346
13436
13338
13347
13437
13339
13348
13438
13349
13439
13341
13350
13440
13342
13351
13441
13343
13352
13442
13344
13353
13443
13345
13354
13444
13346
13355
13445
13347
13356
13446
13348
13357
13447
13349
13358
13448
13359
13449
13351
13360
13450
13352
13361
13451
13353
13362
13452
13354
13363
13453
13355
13364
13454
13356
13365
13455
13357
13366
13456
13358
13367
13457
13359
13368
13458
13369
13459
13361
13370
13460
13362
13371
13461
13363
13372
13462
13364
13373
13463
13365
13374
13464
13366
13375
13465
13367
13376
13466
13368
13377
13467
13369
13378
13468
13379
13469
13371
13380
13470
13372
13381
13471
13373
13382
13472
13374
13383
13473
13375
13384
13474
13376
13385
13475
13377
13386
13476
13378
13387
13477
13379
13388
13478
13389
13479
13381
13390
13480
13382
13391
13481
13383
13392
13482
13384
13393
13483
13385
13394
13484
13386
13395
13485
13387
13396
13486
13388
13397
13487
13389
13398
13488
13399
13489
13391
13490
14300
13392
13491
14301
13393
13492
14302
13394
13493
14303
13395
13494
14304
13396
13495
14305
13397
13496
14306
13398
13497
14307
13399
13498
14308
13499
14309
13401
13410
13500
13402
13411
13501
13403
13412
13502
13404
13413
13503
13405
13414
13504
13406
13415
13505
13407
13416
13506
13408
13417
13507
13409
13418
13508
13419
13509
13411
13420
13510
13412
13421
13511
13413
13422
13512
13414
13423
13513
13415
13424
13514
13416
13425
13515
13417
13426
13516
13418
13427
13517
13419
13428
13518
13429
13519
13421
13430
13520
13422
13431
13521
13423
13432
13522
13424
13433
13523
13425
13434
13524
13426
13435
13525
13427
13436
13526
13428
13437
13527
13429
13438
13528
13439
13529
13431
13440
13530
13432
13441
13531
13433
13442
13532
13434
13443
13533
13435
13444
13534
13436
13445
13535
13437
13446
13536
13438
13447
13537
13439
13448
13538
13449
13539
13441
13450
13540
13442
13451
13541
13443
13452
13542
13444
13453
13543
13445
13454
13544
13446
13455
13545
13447
13456
13546
13448
13457
13547
13449
13458
13548
13459
13549
13451
13460
13550
13452
13461
13551
13453
13462
13552
13454
13463
13553
13455
13464
13554
13456
13465
13555
13457
13466
13556
13458
13467
13557
13459
13468
13558
13469
13559
13461
13470
13560
13462
13471
13561
13463
13472
13562
13464
13473
13563
13465
13474
13564
13466
13475
13565
13467
13476
13566
13468
13477
13567
13469
13478
13568
13479
13569
13471
13480
13570
13472
13481
13571
13473
13482
13572
13474
13483
13573
13475
13484
13574
13476
13485
13575
13477
13486
13576
13478
13487
13577
13479
13488
13578
13489
13579
13481
13490
13580
13482
13491
13581
13483
13492
13582
13484
13493
13583
13485
13494
13584
13486
13495
13585
13487
13496
13586
13488
13497
13587
13489
13498
13588
13499
13589
13491
13590
14400
13492
13591
14401
13493
13592
14402
13494
13593
14403
13495
13594
14404
13496
13595
14405
13497
13596
14406
13498
13597
14407
13499
13598
14408
13599
14409
13501
13510
13600
13502
13511
13601
13503
13512
13602
13504
13513
13603
13505
13514
13604
13506
13515
13605
13507
13516
13606
13508
13517
13607
13509
13518
13608
13519
13609
13511
13520
13610
13512
13521
13611
13513
13522
13612
13514
13523
13613
13515
13524
13614
13516
13525
13615
13517
13526
13616
13518
13527
13617
13519
13528
13618
13529
13619
13521
13530
13620
13522
13531
13621
13523
13532
13622
13524
13533
13623
13525
13534
13624
13526
13535
13625
13527
13536
13626
13528
13537
13627
13529
13538
13628
13539
13629
13531
13540
13630
13532
13541
13631
13533
13542
13632
13534
13543
13633
13535
13544
13634
13536
13545
13635
13537
13546
13636
13538
13547
13637
13539
13548
13638
13549
13639
13541
13550
13640
13542
13551
13641
13543
13552
13642
13544
13553
13643
13545
13554
13644
13546
13555
13645
13547
13556
13646
13548
13557
13647
13549
13558
13648
13559
13649
13551
13560
13650
13552
13561
13651
13553
13562
13652
13554
13563
13653
13555
13564
13654
13556
13565
13655
13557
13566
13656
13558
13567
13657
13559
13568
13658
13569
13659
13561
13570
13660
13562
13571
13661
13563
13572
13662
13564
13573
13663
13565
13574
13664
13566
13575
13665
13567
13576
13666
13568
13577
13667
13569
13578
13668
13579
13669
13571
13580
13670
13572
13581
13671
13573
13582
13672
13574
13583
13673
13575
13584
13674
13576
13585
13675
13577
13586
13676
13578
13587
13677
13579
13588
13678
13589
13679
13581
13590
13680
13582
13591
13681
13583
13592
13682
13584
13593
13683
13585
13594
13684
13586
13595
13685
13587
13596
13686
13588
13597
13687
13589
13598
13688
13599
13689
13591
13690
14500
13592
13691
14501
13593
13692
14502
13594
13693
14503
13595
13694
14504
13596
13695
14505
13597
13696
14506
13598
13697
14507
13599
13698
14508
13699
14509
13601
13610
13700
13602
13611
13701
13603
13612
13702
13604
13613
13703
13605
13614
13704
13606
13615
13705
13607
13616
13706
13608
13617
13707
13609
13618
13708
13619
13709
13611
13620
13710
13612
13621
13711
13613
13622
13712
13614
13623
13713
13615
13624
13714
13616
13625
13715
13617
13626
13716
13618
13627
13717
13619
13628
13718
13629
13719
13621
13630
13720
13622
13631
13721
13623
13632
13722
13624
13633
13723
13625
13634
13724
13626
13635
13725
13627
13636
13726
13628
13637
13727
13629
13638
13728
13639
13729
13631
13640
13730
13632
13641
13731
13633
13642
13732
13634
13643
13733
13635
13644
13734
13636
13645
13735
13637
13646
13736
13638
13647
13737
13639
13648
13738
13649
13739
13641
13650
13740
13642
13651
13741
13643
13652
13742
13644
13653
13743
13645
13654
13744
13646
13655
13745
13647
13656
13746
13648
13657
13747
13649
13658
13748
13659
13749
13651
13660
13750
13652
13661
13751
13653
13662
13752
13654
13663
13753
13655
13664
13754
13656
13665
13755
13657
13666
13756
13658
13667
13757
13659
13668
13758
13669
13759
13661
13670
13760
13662
13671
13761
13663
13672
13762
13664
13673
13763
13665
13674
13764
13666
13675
13765
13667
13676
13766
13668
13677
13767
13669
13678
13768
13679
13769
13671
13680
13770
13672
13681
13771
13673
13682
13772
13674
13683
13773
13675
13684
13774
13676
13685
13775
13677
13686
13776
13678
13687
13777
13679
13688
13778
13689
13779
13681
13690
13780
13682
13691
13781
13683
13692
13782
13684
13693
13783
13685
13694
13784
13686
13695
13785
13687
13696
13786
13688
13697
13787
13689
13698
13788
13699
13789
13691
13790
14600
13692
13791
14601
13693
13792
14602
13694
13793
14603
13695
13794
14604
13696
13795
14605
13697
13796
14606
13698
13797
14607
13699
13798
14608
13799
14609
13701
13710
13800
13702
13711
13801
13703
13712
13802
13704
13713
13803
13705
13714
13804
13706
13715
13805
13707
13716
13806
13708
13717
13807
13709
13718
13808
13719
13809
13711
13720
13810
13712
13721
13811
13713
13722
13812
13714
13723
13813
13715
13724
13814
13716
13725
13815
13717
13726
13816
13718
13727
13817
13719
13728
13818
13729
13819
13721
13730
13820
13722
13731
13821
13723
13732
13822
13724
13733
13823
13725
13734
13824
13726
13735
13825
13727
13736
13826
13728
13737
13827
13729
13738
13828
13739
13829
13731
13740
13830
13732
13741
13831
13733
13742
13832
13734
13743
13833
13735
13744
13834
13736
13745
13835
13737
13746
13836
13738
13747
13837
13739
13748
13838
13749
13839
13741
13750
13840
13742
13751
13841
13743
13752
13842
13744
13753
13843
13745
13754
13844
13746
13755
13845
13747
13756
13846
13748
13757
13847
13749
13758
13848
13759
13849
13751
13760
13850
13752
13761
13851
13753
13762
13852
13754
13763
13853
13755
13764
13854
13756
13765
13855
13757
13766
13856
13758
13767
13857
13759
13768
13858
13769
13859
13761
13770
13860
13762
13771
13861
13763
13772
13862
13764
13773
13863
13765
13774
13864
13766
13775
13865
13767
13776
13866
13768
13777
13867
13769
13778
13868
13779
13869
13771
13780
13870
13772
13781
13871
13773
13782
13872
13774
13783
13873
13775
13784
13874
13776
13785
13875
13777
13786
13876
13778
13787
13877
13779
13788
13878
13789
13879
13781
13790
13880
13782
13791
13881
13783
13792
13882
13784
13793
13883
13785
13794
13884
13786
13795
13885
13787
13796
13886
13788
13797
13887
13789
13798
13888
13799
13889
13791
13890
14700
13792
13891
14701
13793
13892
14702
13794
13893
14703
13795
13894
14704
13796
13895
14705
13797
13896
14706
13798
13897
14707
13799
13898
14708
13899
14709
13801
13810
13900
13802
13811
13901
13803
13812
13902
13804
13813
13903
13805
13814
13904
13806
13815
13905
13807
13816
13906
13808
13817
13907
13809
13818
13908
13819
13909
13811
13820
13910
13812
13821
13911
13813
13822
13912
13814
13823
13913
13815
13824
13914
13816
13825
13915
13817
13826
13916
13818
13827
13917
13819
13828
13918
13829
13919
13821
13830
13920
13822
13831
13921
13823
13832
13922
13824
13833
13923
13825
13834
13924
13826
13835
13925
13827
13836
13926
13828
13837
13927
13829
13838
13928
13839
13929
13831
13840
13930
13832
13841
13931
13833
13842
13932
13834
13843
13933
13835
13844
13934
13836
13845
13935
13837
13846
13936
13838
13847
13937
13839
13848
13938
13849
13939
13841
13850
13940
13842
13851
13941
13843
13852
13942
13844
13853
13943
13845
13854
13944
13846
13855
13945
13847
13856
13946
13848
13857
13947
13849
13858
13948
13859
13949
13851
13860
13950
13852
13861
13951
13853
13862
13952
13854
13863
13953
13855
13864
13954
13856
13865
13955
13857
13866
13956
13858
13867
13957
13859
13868
13958
13869
13959
13861
13870
13960
13862
13871
13961
13863
13872
13962
13864
13873
13963
13865
13874
13964
13866
13875
13965
13867
13876
13966
13868
13877
13967
13869
13878
13968
13879
13969
13871
13880
13970
13872
13881
13971
13873
13882
13972
13874
13883
13973
13875
13884
13974
13876
13885
13975
13877
13886
13976
13878
13887
13977
13879
13888
13978
13889
13979
13881
13890
13980
13882
13891
13981
13883
13892
13982
13884
13893
13983
13885
13894
13984
13886
13895
13985
13887
13896
13986
13888
13897
13987
13889
13898
13988
13899
13989
13891
13990
14800
13892
13991
14801
13893
13992
14802
13894
13993
14803
13895
13994
14804
13896
13995
14805
13897
13996
14806
13898
13997
14807
13899
13998
14808
13999
14809
13901
13910
15000
13902
13911
15001
13903
13912
15002
13904
13913
15003
13905
13914
15004
13906
13915
15005
13907
13916
15006
13908
13917
15007
13909
13918
15008
13919
15009
13911
13920
15010
13912
13921
15011
13913
13922
15012
13914
13923
15013
13915
13924
15014
13916
13925
15015
13917
13926
15016
13918
13927
15017
13919
13928
15018
13929
15019
13921
13930
15020
13922
13931
15021
13923
13932
15022
13924
13933
15023
13925
13934
15024
13926
13935
15025
13927
13936
15026
13928
13937
15027
13929
13938
15028
13939
15029
13931
13940
15030
13932
13941
15031
13933
13942
15032
13934
13943
15033
13935
13944
15034
13936
13945
15035
13937
13946
15036
13938
13947
15037
13939
13948
15038
13949
15039
13941
13950
15040
13942
13951
15041
13943
13952
15042
13944
13953
15043
13945
13954
15044
13946
13955
15045
13947
13956
15046
13948
13957
15047
13949
13958
15048
13959
15049
13951
13960
15050
13952
13961
15051
13953
13962
15052
13954
13963
15053
13955
13964
15054
13956
13965
15055
13957
13966
15056
13958
13967
15057
13959
13968
15058
13969
15059
13961
13970
15060
13962
13971
15061
13963
13972
15062
13964
13973
15063
13965
13974
15064
13966
13975
15065
13967
13976
15066
13968
13977
15067
13969
13978
15068
13979
15069
13971
13980
15070
13972
13981
15071
13973
13982
15072
13974
13983
15073
13975
13984
15074
13976
13985
15075
13977
13986
15076
13978
13987
15077
13979
13988
15078
13989
15079
13981
13990
15080
13982
13991
15081
13983
13992
15082
13984
13993
15083
13985
13994
15084
13986
13995
15085
13987
13996
15086
13988
13997
15087
13989
13998
15088
13999
15089
13991
14900
15090
13992
14901
15091
13993
14902
15092
13994
14903
15093
13995
14904
15094
13996
14905
15095
13997
14906
15096
13998
14907
15097
13999
14908
15098
14909
15099
14001
14010
14100
20090
14002
14011
14101
20091
14003
14012
14102
20092
14004
14013
14103
20093
14005
14014
14104
20094
14006
14015
14105
20095
14007
14016
14106
20096
14008
14017
14107
20097
14009
14018
14108
20098
14019
14109
20099
14011
14020
14110
20080
14012
14021
14111
20081
14013
14022
14112
20082
14014
14023
14113
20083
14015
14024
14114
20084
14016
14025
14115
20085
14017
14026
14116
20086
14018
14027
14117
20087
14019
14028
14118
20088
14029
14119
20089
14021
14030
14120
20070
14022
14031
14121
20071
14023
14032
14122
20072
14024
14033
14123
20073
14025
14034
14124
20074
14026
14035
14125
20075
14027
14036
14126
20076
14028
14037
14127
20077
14029
14038
14128
20078
14039
14129
20079
14031
14040
14130
20060
14032
14041
14131
20061
14033
14042
14132
20062
14034
14043
14133
20063
14035
14044
14134
20064
14036
14045
14135
20065
14037
14046
14136
20066
14038
14047
14137
20067
14039
14048
14138
20068
14049
14139
20069
14041
14050
14140
20050
14042
14051
14141
20051
14043
14052
14142
20052
14044
14053
14143
20053
14045
14054
14144
20054
14046
14055
14145
20055
14047
14056
14146
20056
14048
14057
14147
20057
14049
14058
14148
20058
14059
14149
20059
14051
14060
14150
20040
14052
14061
14151
20041
14053
14062
14152
20042
14054
14063
14153
20043
14055
14064
14154
20044
14056
14065
14155
20045
14057
14066
14156
20046
14058
14067
14157
20047
14059
14068
14158
20048
14069
14159
20049
14061
14070
14160
20030
14062
14071
14161
20031
14063
14072
14162
20032
14064
14073
14163
20033
14065
14074
14164
20034
14066
14075
14165
20035
14067
14076
14166
20036
14068
14077
14167
20037
14069
14078
14168
20038
14079
14169
20039
14071
14080
14170
20020
14072
14081
14171
20021
14073
14082
14172
20022
14074
14083
14173
20023
14075
14084
14174
20024
14076
14085
14175
20025
14077
14086
14176
20026
14078
14087
14177
20027
14079
14088
14178
20028
14089
14179
20029
14081
14090
14180
20010
14082
14091
14181
20011
14083
14092
14182
20012
14084
14093
14183
20013
14085
14094
14184
20014
14086
14095
14185
20015
14087
14096
14186
20016
14088
14097
14187
20017
14089
14098
14188
20018
14099
14189
20019
14091
14190
20000
14092
14191
20001
14093
14192
20002
14094
14193
20003
14095
14194
20004
14096
14195
20005
14097
14196
20006
14098
14197
20007
14099
14198
20008
14199
20009
14101
14110
14200
14102
14111
14201
14103
14112
14202
14104
14113
14203
14105
14114
14204
14106
14115
14205
14107
14116
14206
14108
14117
14207
14109
14118
14208
14119
14209
14111
14120
14210
14112
14121
14211
14113
14122
14212
14114
14123
14213
14115
14124
14214
14116
14125
14215
14117
14126
14216
14118
14127
14217
14119
14128
14218
14129
14219
14121
14130
14220
14122
14131
14221
14123
14132
14222
14124
14133
14223
14125
14134
14224
14126
14135
14225
14127
14136
14226
14128
14137
14227
14129
14138
14228
14139
14229
14131
14140
14230
14132
14141
14231
14133
14142
14232
14134
14143
14233
14135
14144
14234
14136
14145
14235
14137
14146
14236
14138
14147
14237
14139
14148
14238
14149
14239
14141
14150
14240
14142
14151
14241
14143
14152
14242
14144
14153
14243
14145
14154
14244
14146
14155
14245
14147
14156
14246
14148
14157
14247
14149
14158
14248
14159
14249
14151
14160
14250
14152
14161
14251
14153
14162
14252
14154
14163
14253
14155
14164
14254
14156
14165
14255
14157
14166
14256
14158
14167
14257
14159
14168
14258
14169
14259
14161
14170
14260
14162
14171
14261
14163
14172
14262
14164
14173
14263
14165
14174
14264
14166
14175
14265
14167
14176
14266
14168
14177
14267
14169
14178
14268
14179
14269
14171
14180
14270
14172
14181
14271
14173
14182
14272
14174
14183
14273
14175
14184
14274
14176
14185
14275
14177
14186
14276
14178
14187
14277
14179
14188
14278
14189
14279
14181
14190
14280
14182
14191
14281
14183
14192
14282
14184
14193
14283
14185
14194
14284
14186
14195
14285
14187
14196
14286
14188
14197
14287
14189
14198
14288
14199
14289
14191
14290
14192
14291
14193
14292
14194
14293
14195
14294
14196
14295
14197
14296
14198
14297
14199
14298
14299
14201
14210
14300
14202
14211
14301
14203
14212
14302
14204
14213
14303
14205
14214
14304
14206
14215
14305
14207
14216
14306
14208
14217
14307
14209
14218
14308
14219
14309
14211
14220
14310
14212
14221
14311
14213
14222
14312
14214
14223
14313
14215
14224
14314
14216
14225
14315
14217
14226
14316
14218
14227
14317
14219
14228
14318
14229
14319
14221
14230
14320
14222
14231
14321
14223
14232
14322
14224
14233
14323
14225
14234
14324
14226
14235
14325
14227
14236
14326
14228
14237
14327
14229
14238
14328
14239
14329
14231
14240
14330
14232
14241
14331
14233
14242
14332
14234
14243
14333
14235
14244
14334
14236
14245
14335
14237
14246
14336
14238
14247
14337
14239
14248
14338
14249
14339
14241
14250
14340
14242
14251
14341
14243
14252
14342
14244
14253
14343
14245
14254
14344
14246
14255
14345
14247
14256
14346
14248
14257
14347
14249
14258
14348
14259
14349
14251
14260
14350
14252
14261
14351
14253
14262
14352
14254
14263
14353
14255
14264
14354
14256
14265
14355
14257
14266
14356
14258
14267
14357
14259
14268
14358
14269
14359
14261
14270
14360
14262
14271
14361
14263
14272
14362
14264
14273
14363
14265
14274
14364
14266
14275
14365
14267
14276
14366
14268
14277
14367
14269
14278
14368
14279
14369
14271
14280
14370
14272
14281
14371
14273
14282
14372
14274
14283
14373
14275
14284
14374
14276
14285
14375
14277
14286
14376
14278
14287
14377
14279
14288
14378
14289
14379
14281
14290
14380
14282
14291
14381
14283
14292
14382
14284
14293
14383
14285
14294
14384
14286
14295
14385
14287
14296
14386
14288
14297
14387
14289
14298
14388
14299
14389
14291
14390
14292
14391
14293
14392
14294
14393
14295
14394
14296
14395
14297
14396
14298
14397
14299
14398
14399
14301
14310
14400
14302
14311
14401
14303
14312
14402
14304
14313
14403
14305
14314
14404
14306
14315
14405
14307
14316
14406
14308
14317
14407
14309
14318
14408
14319
14409
14311
14320
14410
14312
14321
14411
14313
14322
14412
14314
14323
14413
14315
14324
14414
14316
14325
14415
14317
14326
14416
14318
14327
14417
14319
14328
14418
14329
14419
14321
14330
14420
14322
14331
14421
14323
14332
14422
14324
14333
14423
14325
14334
14424
14326
14335
14425
14327
14336
14426
14328
14337
14427
14329
14338
14428
14339
14429
14331
14340
14430
14332
14341
14431
14333
14342
14432
14334
14343
14433
14335
14344
14434
14336
14345
14435
14337
14346
14436
14338
14347
14437
14339
14348
14438
14349
14439
14341
14350
14440
14342
14351
14441
14343
14352
14442
14344
14353
14443
14345
14354
14444
14346
14355
14445
14347
14356
14446
14348
14357
14447
14349
14358
14448
14359
14449
14351
14360
14450
14352
14361
14451
14353
14362
14452
14354
14363
14453
14355
14364
14454
14356
14365
14455
14357
14366
14456
14358
14367
14457
14359
14368
14458
14369
14459
14361
14370
14460
14362
14371
14461
14363
14372
14462
14364
14373
14463
14365
14374
14464
14366
14375
14465
14367
14376
14466
14368
14377
14467
14369
14378
14468
14379
14469
14371
14380
14470
14372
14381
14471
14373
14382
14472
14374
14383
14473
14375
14384
14474
14376
14385
14475
14377
14386
14476
14378
14387
14477
14379
14388
14478
14389
14479
14381
14390
14480
14382
14391
14481
14383
14392
14482
14384
14393
14483
14385
14394
14484
14386
14395
14485
14387
14396
14486
14388
14397
14487
14389
14398
14488
14399
14489
14391
14490
14392
14491
14393
14492
14394
14493
14395
14494
14396
14495
14397
14496
14398
14497
14399
14498
14499
14401
14410
14500
14402
14411
14501
14403
14412
14502
14404
14413
14503
14405
14414
14504
14406
14415
14505
14407
14416
14506
14408
14417
14507
14409
14418
14508
14419
14509
14411
14420
14510
14412
14421
14511
14413
14422
14512
14414
14423
14513
14415
14424
14514
14416
14425
14515
14417
14426
14516
14418
14427
14517
14419
14428
14518
14429
14519
14421
14430
14520
14422
14431
14521
14423
14432
14522
14424
14433
14523
14425
14434
14524
14426
14435
14525
14427
14436
14526
14428
14437
14527
14429
14438
14528
14439
14529
14431
14440
14530
14432
14441
14531
14433
14442
14532
14434
14443
14533
14435
14444
14534
14436
14445
14535
14437
14446
14536
14438
14447
14537
14439
14448
14538
14449
14539
14441
14450
14540
14442
14451
14541
14443
14452
14542
14444
14453
14543
14445
14454
14544
14446
14455
14545
14447
14456
14546
14448
14457
14547
14449
14458
14548
14459
14549
14451
14460
14550
14452
14461
14551
14453
14462
14552
14454
14463
14553
14455
14464
14554
14456
14465
14555
14457
14466
14556
14458
14467
14557
14459
14468
14558
14469
14559
14461
14470
14560
14462
14471
14561
14463
14472
14562
14464
14473
14563
14465
14474
14564
14466
14475
14565
14467
14476
14566
14468
14477
14567
14469
14478
14568
14479
14569
14471
14480
14570
14472
14481
14571
14473
14482
14572
14474
14483
14573
14475
14484
14574
14476
14485
14575
14477
14486
14576
14478
14487
14577
14479
14488
14578
14489
14579
14481
14490
14580
14482
14491
14581
14483
14492
14582
14484
14493
14583
14485
14494
14584
14486
14495
14585
14487
14496
14586
14488
14497
14587
14489
14498
14588
14499
14589
14491
14590
14492
14591
14493
14592
14494
14593
14495
14594
14496
14595
14497
14596
14498
14597
14499
14598
14599
14501
14510
14600
14502
14511
14601
14503
14512
14602
14504
14513
14603
14505
14514
14604
14506
14515
14605
14507
14516
14606
14508
14517
14607
14509
14518
14608
14519
14609
14511
14520
14610
14512
14521
14611
14513
14522
14612
14514
14523
14613
14515
14524
14614
14516
14525
14615
14517
14526
14616
14518
14527
14617
14519
14528
14618
14529
14619
14521
14530
14620
14522
14531
14621
14523
14532
14622
14524
14533
14623
14525
14534
14624
14526
14535
14625
14527
14536
14626
14528
14537
14627
14529
14538
14628
14539
14629
14531
14540
14630
14532
14541
14631
14533
14542
14632
14534
14543
14633
14535
14544
14634
14536
14545
14635
14537
14546
14636
14538
14547
14637
14539
14548
14638
14549
14639
14541
14550
14640
14542
14551
14641
14543
14552
14642
14544
14553
14643
14545
14554
14644
14546
14555
14645
14547
14556
14646
14548
14557
14647
14549
14558
14648
14559
14649
14551
14560
14650
14552
14561
14651
14553
14562
14652
14554
14563
14653
14555
14564
14654
14556
14565
14655
14557
14566
14656
14558
14567
14657
14559
14568
14658
14569
14659
14561
14570
14660
14562
14571
14661
14563
14572
14662
14564
14573
14663
14565
14574
14664
14566
14575
14665
14567
14576
14666
14568
14577
14667
14569
14578
14668
14579
14669
14571
14580
14670
14572
14581
14671
14573
14582
14672
14574
14583
14673
14575
14584
14674
14576
14585
14675
14577
14586
14676
14578
14587
14677
14579
14588
14678
14589
14679
14581
14590
14680
14582
14591
14681
14583
14592
14682
14584
14593
14683
14585
14594
14684
14586
14595
14685
14587
14596
14686
14588
14597
14687
14589
14598
14688
14599
14689
14591
14690
14592
14691
14593
14692
14594
14693
14595
14694
14596
14695
14597
14696
14598
14697
14599
14698
14699
14601
14610
14700
14602
14611
14701
14603
14612
14702
14604
14613
14703
14605
14614
14704
14606
14615
14705
14607
14616
14706
14608
14617
14707
14609
14618
14708
14619
14709
14611
14620
14710
14612
14621
14711
14613
14622
14712
14614
14623
14713
14615
14624
14714
14616
14625
14715
14617
14626
14716
14618
14627
14717
14619
14628
14718
14629
14719
14621
14630
14720
14622
14631
14721
14623
14632
14722
14624
14633
14723
14625
14634
14724
14626
14635
14725
14627
14636
14726
14628
14637
14727
14629
14638
14728
14639
14729
14631
14640
14730
14632
14641
14731
14633
14642
14732
14634
14643
14733
14635
14644
14734
14636
14645
14735
14637
14646
14736
14638
14647
14737
14639
14648
14738
14649
14739
14641
14650
14740
14642
14651
14741
14643
14652
14742
14644
14653
14743
14645
14654
14744
14646
14655
14745
14647
14656
14746
14648
14657
14747
14649
14658
14748
14659
14749
14651
14660
14750
14652
14661
14751
14653
14662
14752
14654
14663
14753
14655
14664
14754
14656
14665
14755
14657
14666
14756
14658
14667
14757
14659
14668
14758
14669
14759
14661
14670
14760
14662
14671
14761
14663
14672
14762
14664
14673
14763
14665
14674
14764
14666
14675
14765
14667
14676
14766
14668
14677
14767
14669
14678
14768
14679
14769
14671
14680
14770
14672
14681
14771
14673
14682
14772
14674
14683
14773
14675
14684
14774
14676
14685
14775
14677
14686
14776
14678
14687
14777
14679
14688
14778
14689
14779
14681
14690
14780
14682
14691
14781
14683
14692
14782
14684
14693
14783
14685
14694
14784
14686
14695
14785
14687
14696
14786
14688
14697
14787
14689
14698
14788
14699
14789
14691
14790
14692
14791
14693
14792
14694
14793
14695
14794
14696
14795
14697
14796
14698
14797
14699
14798
14799
14701
14710
14800
14702
14711
14801
14703
14712
14802
14704
14713
14803
14705
14714
14804
14706
14715
14805
14707
14716
14806
14708
14717
14807
14709
14718
14808
14719
14809
14711
14720
14810
14712
14721
14811
14713
14722
14812
14714
14723
14813
14715
14724
14814
14716
14725
14815
14717
14726
14816
14718
14727
14817
14719
14728
14818
14729
14819
14721
14730
14820
14722
14731
14821
14723
14732
14822
14724
14733
14823
14725
14734
14824
14726
14735
14825
14727
14736
14826
14728
14737
14827
14729
14738
14828
14739
14829
14731
14740
14830
14732
14741
14831
14733
14742
14832
14734
14743
14833
14735
14744
14834
14736
14745
14835
14737
14746
14836
14738
14747
14837
14739
14748
14838
14749
14839
14741
14750
14840
14742
14751
14841
14743
14752
14842
14744
14753
14843
14745
14754
14844
14746
14755
14845
14747
14756
14846
14748
14757
14847
14749
14758
14848
14759
14849
14751
14760
14850
14752
14761
14851
14753
14762
14852
14754
14763
14853
14755
14764
14854
14756
14765
14855
14757
14766
14856
14758
14767
14857
14759
14768
14858
14769
14859
14761
14770
14860
14762
14771
14861
14763
14772
14862
14764
14773
14863
14765
14774
14864
14766
14775
14865
14767
14776
14866
14768
14777
14867
14769
14778
14868
14779
14869
14771
14780
14870
14772
14781
14871
14773
14782
14872
14774
14783
14873
14775
14784
14874
14776
14785
14875
14777
14786
14876
14778
14787
14877
14779
14788
14878
14789
14879
14781
14790
14880
14782
14791
14881
14783
14792
14882
14784
14793
14883
14785
14794
14884
14786
14795
14885
14787
14796
14886
14788
14797
14887
14789
14798
14888
14799
14889
14791
14890
14792
14891
14793
14892
14794
14893
14795
14894
14796
14895
14797
14896
14798
14897
14799
14898
14899
14801
14810
14900
14802
14811
14901
14803
14812
14902
14804
14813
14903
14805
14814
14904
14806
14815
14905
14807
14816
14906
14808
14817
14907
14809
14818
14908
14819
14909
14811
14820
14910
14812
14821
14911
14813
14822
14912
14814
14823
14913
14815
14824
14914
14816
14825
14915
14817
14826
14916
14818
14827
14917
14819
14828
14918
14829
14919
14821
14830
14920
14822
14831
14921
14823
14832
14922
14824
14833
14923
14825
14834
14924
14826
14835
14925
14827
14836
14926
14828
14837
14927
14829
14838
14928
14839
14929
14831
14840
14930
14832
14841
14931
14833
14842
14932
14834
14843
14933
14835
14844
14934
14836
14845
14935
14837
14846
14936
14838
14847
14937
14839
14848
14938
14849
14939
14841
14850
14940
14842
14851
14941
14843
14852
14942
14844
14853
14943
14845
14854
14944
14846
14855
14945
14847
14856
14946
14848
14857
14947
14849
14858
14948
14859
14949
14851
14860
14950
14852
14861
14951
14853
14862
14952
14854
14863
14953
14855
14864
14954
14856
14865
14955
14857
14866
14956
14858
14867
14957
14859
14868
14958
14869
14959
14861
14870
14960
14862
14871
14961
14863
14872
14962
14864
14873
14963
14865
14874
14964
14866
14875
14965
14867
14876
14966
14868
14877
14967
14869
14878
14968
14879
14969
14871
14880
14970
14872
14881
14971
14873
14882
14972
14874
14883
14973
14875
14884
14974
14876
14885
14975
14877
14886
14976
14878
14887
14977
14879
14888
14978
14889
14979
14881
14890
14980
14882
14891
14981
14883
14892
14982
14884
14893
14983
14885
14894
14984
14886
14895
14985
14887
14896
14986
14888
14897
14987
14889
14898
14988
14899
14989
14891
14990
14892
14991
14893
14992
14894
14993
14895
14994
14896
14995
14897
14996
14898
14997
14899
14998
14999
14901
14910
15090
14902
14911
15091
14903
14912
15092
14904
14913
15093
14905
14914
15094
14906
14915
15095
14907
14916
15096
14908
14917
15097
14909
14918
15098
14919
15099
14911
14920
15190
14912
14921
15191
14913
14922
15192
14914
14923
15193
14915
14924
15194
14916
14925
15195
14917
14926
15196
14918
14927
15197
14919
14928
15198
14929
15199
14921
14930
15290
14922
14931
15291
14923
14932
15292
14924
14933
15293
14925
14934
15294
14926
14935
15295
14927
14936
15296
14928
14937
15297
14929
14938
15298
14939
15299
14931
14940
15390
14932
14941
15391
14933
14942
15392
14934
14943
15393
14935
14944
15394
14936
14945
15395
14937
14946
15396
14938
14947
15397
14939
14948
15398
14949
15399
14941
14950
15490
14942
14951
15491
14943
14952
15492
14944
14953
15493
14945
14954
15494
14946
14955
15495
14947
14956
15496
14948
14957
15497
14949
14958
15498
14959
15499
14951
14960
15590
14952
14961
15591
14953
14962
15592
14954
14963
15593
14955
14964
15594
14956
14965
15595
14957
14966
15596
14958
14967
15597
14959
14968
15598
14969
15599
14961
14970
15690
14962
14971
15691
14963
14972
15692
14964
14973
15693
14965
14974
15694
14966
14975
15695
14967
14976
15696
14968
14977
15697
14969
14978
15698
14979
15699
14971
14980
15790
14972
14981
15791
14973
14982
15792
14974
14983
15793
14975
14984
15794
14976
14985
15795
14977
14986
15796
14978
14987
15797
14979
14988
15798
14989
15799
14981
14990
15890
14982
14991
15891
14983
14992
15892
14984
14993
15893
14985
14994
15894
14986
14995
15895
14987
14996
15896
14988
14997
15897
14989
14998
15898
14999
15899
14991
15990
14992
15991
14993
15992
14994
15993
14995
15994
14996
15995
14997
15996
14998
15997
14999
15998
15999
15001
15010
15100
15002
15011
15101
15003
15012
15102
15004
15013
15103
15005
15014
15104
15006
15015
15105
15007
15016
15106
15008
15017
15107
15009
15018
15108
15019
15109
15011
15020
15110
15012
15021
15111
15013
15022
15112
15014
15023
15113
15015
15024
15114
15016
15025
15115
15017
15026
15116
15018
15027
15117
15019
15028
15118
15029
15119
15021
15030
15120
15022
15031
15121
15023
15032
15122
15024
15033
15123
15025
15034
15124
15026
15035
15125
15027
15036
15126
15028
15037
15127
15029
15038
15128
15039
15129
15031
15040
15130
15032
15041
15131
15033
15042
15132
15034
15043
15133
15035
15044
15134
15036
15045
15135
15037
15046
15136
15038
15047
15137
15039
15048
15138
15049
15139
15041
15050
15140
15042
15051
15141
15043
15052
15142
15044
15053
15143
15045
15054
15144
15046
15055
15145
15047
15056
15146
15048
15057
15147
15049
15058
15148
15059
15149
15051
15060
15150
15052
15061
15151
15053
15062
15152
15054
15063
15153
15055
15064
15154
15056
15065
15155
15057
15066
15156
15058
15067
15157
15059
15068
15158
15069
15159
15061
15070
15160
15062
15071
15161
15063
15072
15162
15064
15073
15163
15065
15074
15164
15066
15075
15165
15067
15076
15166
15068
15077
15167
15069
15078
15168
15079
15169
15071
15080
15170
15072
15081
15171
15073
15082
15172
15074
15083
15173
15075
15084
15174
15076
15085
15175
15077
15086
15176
15078
15087
15177
15079
15088
15178
15089
15179
15081
15090
15180
15082
15091
15181
15083
15092
15182
15084
15093
15183
15085
15094
15184
15086
15095
15185
15087
15096
15186
15088
15097
15187
15089
15098
15188
15099
15189
15091
15190
15092
15191
15093
15192
15094
15193
15095
15194
15096
15195
15097
15196
15098
15197
15099
15198
15199
15101
15110
15200
15102
15111
15201
15103
15112
15202
15104
15113
15203
15105
15114
15204
15106
15115
15205
15107
15116
15206
15108
15117
15207
15109
15118
15208
15119
15209
15111
15120
15210
15112
15121
15211
15113
15122
15212
15114
15123
15213
15115
15124
15214
15116
15125
15215
15117
15126
15216
15118
15127
15217
15119
15128
15218
15129
15219
15121
15130
15220
15122
15131
15221
15123
15132
15222
15124
15133
15223
15125
15134
15224
15126
15135
15225
15127
15136
15226
15128
15137
15227
15129
15138
15228
15139
15229
15131
15140
15230
15132
15141
15231
15133
15142
15232
15134
15143
15233
15135
15144
15234
15136
15145
15235
15137
15146
15236
15138
15147
15237
15139
15148
15238
15149
15239
15141
15150
15240
15142
15151
15241
15143
15152
15242
15144
15153
15243
15145
15154
15244
15146
15155
15245
15147
15156
15246
15148
15157
15247
15149
15158
15248
15159
15249
15151
15160
15250
15152
15161
15251
15153
15162
15252
15154
15163
15253
15155
15164
15254
15156
15165
15255
15157
15166
15256
15158
15167
15257
15159
15168
15258
15169
15259
15161
15170
15260
15162
15171
15261
15163
15172
15262
15164
15173
15263
15165
15174
15264
15166
15175
15265
15167
15176
15266
15168
15177
15267
15169
15178
15268
15179
15269
15171
15180
15270
15172
15181
15271
15173
15182
15272
15174
15183
15273
15175
15184
15274
15176
15185
15275
15177
15186
15276
15178
15187
15277
15179
15188
15278
15189
15279
15181
15190
15280
15182
15191
15281
15183
15192
15282
15184
15193
15283
15185
15194
15284
15186
15195
15285
15187
15196
15286
15188
15197
15287
15189
15198
15288
15199
15289
15191
15290
15192
15291
15193
15292
15194
15293
15195
15294
15196
15295
15197
15296
15198
15297
15199
15298
15299
15201
15210
15300
15202
15211
15301
15203
15212
15302
15204
15213
15303
15205
15214
15304
15206
15215
15305
15207
15216
15306
15208
15217
15307
15209
15218
15308
15219
15309
15211
15220
15310
15212
15221
15311
15213
15222
15312
15214
15223
15313
15215
15224
15314
15216
15225
15315
15217
15226
15316
15218
15227
15317
15219
15228
15318
15229
15319
15221
15230
15320
15222
15231
15321
15223
15232
15322
15224
15233
15323
15225
15234
15324
15226
15235
15325
15227
15236
15326
15228
15237
15327
15229
15238
15328
15239
15329
15231
15240
15330
15232
15241
15331
15233
15242
15332
15234
15243
15333
15235
15244
15334
15236
15245
15335
15237
15246
15336
15238
15247
15337
15239
15248
15338
15249
15339
15241
15250
15340
15242
15251
15341
15243
15252
15342
15244
15253
15343
15245
15254
15344
15246
15255
15345
15247
15256
15346
15248
15257
15347
15249
15258
15348
15259
15349
15251
15260
15350
15252
15261
15351
15253
15262
15352
15254
15263
15353
15255
15264
15354
15256
15265
15355
15257
15266
15356
15258
15267
15357
15259
15268
15358
15269
15359
15261
15270
15360
15262
15271
15361
15263
15272
15362
15264
15273
15363
15265
15274
15364
15266
15275
15365
15267
15276
15366
15268
15277
15367
15269
15278
15368
15279
15369
15271
15280
15370
15272
15281
15371
15273
15282
15372
15274
15283
15373
15275
15284
15374
15276
15285
15375
15277
15286
15376
15278
15287
15377
15279
15288
15378
15289
15379
15281
15290
15380
15282
15291
15381
15283
15292
15382
15284
15293
15383
15285
15294
15384
15286
15295
15385
15287
15296
15386
15288
15297
15387
15289
15298
15388
15299
15389
15291
15390
15292
15391
15293
15392
15294
15393
15295
15394
15296
15395
15297
15396
15298
15397
15299
15398
15399
15301
15310
15400
15302
15311
15401
15303
15312
15402
15304
15313
15403
15305
15314
15404
15306
15315
15405
15307
15316
15406
15308
15317
15407
15309
15318
15408
15319
15409
15311
15320
15410
15312
15321
15411
15313
15322
15412
15314
15323
15413
15315
15324
15414
15316
15325
15415
15317
15326
15416
15318
15327
15417
15319
15328
15418
15329
15419
15321
15330
15420
15322
15331
15421
15323
15332
15422
15324
15333
15423
15325
15334
15424
15326
15335
15425
15327
15336
15426
15328
15337
15427
15329
15338
15428
15339
15429
15331
15340
15430
15332
15341
15431
15333
15342
15432
15334
15343
15433
15335
15344
15434
15336
15345
15435
15337
15346
15436
15338
15347
15437
15339
15348
15438
15349
15439
15341
15350
15440
15342
15351
15441
15343
15352
15442
15344
15353
15443
15345
15354
15444
15346
15355
15445
15347
15356
15446
15348
15357
15447
15349
15358
15448
15359
15449
15351
15360
15450
15352
15361
15451
15353
15362
15452
15354
15363
15453
15355
15364
15454
15356
15365
15455
15357
15366
15456
15358
15367
15457
15359
15368
15458
15369
15459
15361
15370
15460
15362
15371
15461
15363
15372
15462
15364
15373
15463
15365
15374
15464
15366
15375
15465
15367
15376
15466
15368
15377
15467
15369
15378
15468
15379
15469
15371
15380
15470
15372
15381
15471
15373
15382
15472
15374
15383
15473
15375
15384
15474
15376
15385
15475
15377
15386
15476
15378
15387
15477
15379
15388
15478
15389
15479
15381
15390
15480
15382
15391
15481
15383
15392
15482
15384
15393
15483
15385
15394
15484
15386
15395
15485
15387
15396
15486
15388
15397
15487
15389
15398
15488
15399
15489
15391
15490
15392
15491
15393
15492
15394
15493
15395
15494
15396
15495
15397
15496
15398
15497
15399
15498
15499
15401
15410
15500
15402
15411
15501
15403
15412
15502
15404
15413
15503
15405
15414
15504
15406
15415
15505
15407
15416
15506
15408
15417
15507
15409
15418
15508
15419
15509
15411
15420
15510
15412
15421
15511
15413
15422
15512
15414
15423
15513
15415
15424
15514
15416
15425
15515
15417
15426
15516
15418
15427
15517
15419
15428
15518
15429
15519
15421
15430
15520
15422
15431
15521
15423
15432
15522
15424
15433
15523
15425
15434
15524
15426
15435
15525
15427
15436
15526
15428
15437
15527
15429
15438
15528
15439
15529
15431
15440
15530
15432
15441
15531
15433
15442
15532
15434
15443
15533
15435
15444
15534
15436
15445
15535
15437
15446
15536
15438
15447
15537
15439
15448
15538
15449
15539
15441
15450
15540
15442
15451
15541
15443
15452
15542
15444
15453
15543
15445
15454
15544
15446
15455
15545
15447
15456
15546
15448
15457
15547
15449
15458
15548
15459
15549
15451
15460
15550
15452
15461
15551
15453
15462
15552
15454
15463
15553
15455
15464
15554
15456
15465
15555
15457
15466
15556
15458
15467
15557
15459
15468
15558
15469
15559
15461
15470
15560
15462
15471
15561
15463
15472
15562
15464
15473
15563
15465
15474
15564
15466
15475
15565
15467
15476
15566
15468
15477
15567
15469
15478
15568
15479
15569
15471
15480
15570
15472
15481
15571
15473
15482
15572
15474
15483
15573
15475
15484
15574
15476
15485
15575
15477
15486
15576
15478
15487
15577
15479
15488
15578
15489
15579
15481
15490
15580
15482
15491
15581
15483
15492
15582
15484
15493
15583
15485
15494
15584
15486
15495
15585
15487
15496
15586
15488
15497
15587
15489
15498
15588
15499
15589
15491
15590
15492
15591
15493
15592
15494
15593
15495
15594
15496
15595
15497
15596
15498
15597
15499
15598
15599
15501
15510
15600
15502
15511
15601
15503
15512
15602
15504
15513
15603
15505
15514
15604
15506
15515
15605
15507
15516
15606
15508
15517
15607
15509
15518
15608
15519
15609
15511
15520
15610
15512
15521
15611
15513
15522
15612
15514
15523
15613
15515
15524
15614
15516
15525
15615
15517
15526
15616
15518
15527
15617
15519
15528
15618
15529
15619
15521
15530
15620
15522
15531
15621
15523
15532
15622
15524
15533
15623
15525
15534
15624
15526
15535
15625
15527
15536
15626
15528
15537
15627
15529
15538
15628
15539
15629
15531
15540
15630
15532
15541
15631
15533
15542
15632
15534
15543
15633
15535
15544
15634
15536
15545
15635
15537
15546
15636
15538
15547
15637
15539
15548
15638
15549
15639
15541
15550
15640
15542
15551
15641
15543
15552
15642
15544
15553
15643
15545
15554
15644
15546
15555
15645
15547
15556
15646
15548
15557
15647
15549
15558
15648
15559
15649
15551
15560
15650
15552
15561
15651
15553
15562
15652
15554
15563
15653
15555
15564
15654
15556
15565
15655
15557
15566
15656
15558
15567
15657
15559
15568
15658
15569
15659
15561
15570
15660
15562
15571
15661
15563
15572
15662
15564
15573
15663
15565
15574
15664
15566
15575
15665
15567
15576
15666
15568
15577
15667
15569
15578
15668
15579
15669
15571
15580
15670
15572
15581
15671
15573
15582
15672
15574
15583
15673
15575
15584
15674
15576
15585
15675
15577
15586
15676
15578
15587
15677
15579
15588
15678
15589
15679
15581
15590
15680
15582
15591
15681
15583
15592
15682
15584
15593
15683
15585
15594
15684
15586
15595
15685
15587
15596
15686
15588
15597
15687
15589
15598
15688
15599
15689
15591
15690
15592
15691
15593
15692
15594
15693
15595
15694
15596
15695
15597
15696
15598
15697
15599
15698
15699
15601
15610
15700
15602
15611
15701
15603
15612
15702
15604
15613
15703
15605
15614
15704
15606
15615
15705
15607
15616
15706
15608
15617
15707
15609
15618
15708
15619
15709
15611
15620
15710
15612
15621
15711
15613
15622
15712
15614
15623
15713
15615
15624
15714
15616
15625
15715
15617
15626
15716
15618
15627
15717
15619
15628
15718
15629
15719
15621
15630
15720
15622
15631
15721
15623
15632
15722
15624
15633
15723
15625
15634
15724
15626
15635
15725
15627
15636
15726
15628
15637
15727
15629
15638
15728
15639
15729
15631
15640
15730
15632
15641
15731
15633
15642
15732
15634
15643
15733
15635
15644
15734
15636
15645
15735
15637
15646
15736
15638
15647
15737
15639
15648
15738
15649
15739
15641
15650
15740
15642
15651
15741
15643
15652
15742
15644
15653
15743
15645
15654
15744
15646
15655
15745
15647
15656
15746
15648
15657
15747
15649
15658
15748
15659
15749
15651
15660
15750
15652
15661
15751
15653
15662
15752
15654
15663
15753
15655
15664
15754
15656
15665
15755
15657
15666
15756
15658
15667
15757
15659
15668
15758
15669
15759
15661
15670
15760
15662
15671
15761
15663
15672
15762
15664
15673
15763
15665
15674
15764
15666
15675
15765
15667
15676
15766
15668
15677
15767
15669
15678
15768
15679
15769
15671
15680
15770
15672
15681
15771
15673
15682
15772
15674
15683
15773
15675
15684
15774
15676
15685
15775
15677
15686
15776
15678
15687
15777
15679
15688
15778
15689
15779
15681
15690
15780
15682
15691
15781
15683
15692
15782
15684
15693
15783
15685
15694
15784
15686
15695
15785
15687
15696
15786
15688
15697
15787
15689
15698
15788
15699
15789
15691
15790
15692
15791
15693
15792
15694
15793
15695
15794
15696
15795
15697
15796
15698
15797
15699
15798
15799
15701
15710
15800
15702
15711
15801
15703
15712
15802
15704
15713
15803
15705
15714
15804
15706
15715
15805
15707
15716
15806
15708
15717
15807
15709
15718
15808
15719
15809
15711
15720
15810
15712
15721
15811
15713
15722
15812
15714
15723
15813
15715
15724
15814
15716
15725
15815
15717
15726
15816
15718
15727
15817
15719
15728
15818
15729
15819
15721
15730
15820
15722
15731
15821
15723
15732
15822
15724
15733
15823
15725
15734
15824
15726
15735
15825
15727
15736
15826
15728
15737
15827
15729
15738
15828
15739
15829
15731
15740
15830
15732
15741
15831
15733
15742
15832
15734
15743
15833
15735
15744
15834
15736
15745
15835
15737
15746
15836
15738
15747
15837
15739
15748
15838
15749
15839
15741
15750
15840
15742
15751
15841
15743
15752
15842
15744
15753
15843
15745
15754
15844
15746
15755
15845
15747
15756
15846
15748
15757
15847
15749
15758
15848
15759
15849
15751
15760
15850
15752
15761
15851
15753
15762
15852
15754
15763
15853
15755
15764
15854
15756
15765
15855
15757
15766
15856
15758
15767
15857
15759
15768
15858
15769
15859
15761
15770
15860
15762
15771
15861
15763
15772
15862
15764
15773
15863
15765
15774
15864
15766
15775
15865
15767
15776
15866
15768
15777
15867
15769
15778
15868
15779
15869
15771
15780
15870
15772
15781
15871
15773
15782
15872
15774
15783
15873
15775
15784
15874
15776
15785
15875
15777
15786
15876
15778
15787
15877
15779
15788
15878
15789
15879
15781
15790
15880
15782
15791
15881
15783
15792
15882
15784
15793
15883
15785
15794
15884
15786
15795
15885
15787
15796
15886
15788
15797
15887
15789
15798
15888
15799
15889
15791
15890
15792
15891
15793
15892
15794
15893
15795
15894
15796
15895
15797
15896
15798
15897
15799
15898
15899
15801
15810
15900
15802
15811
15901
15803
15812
15902
15804
15813
15903
15805
15814
15904
15806
15815
15905
15807
15816
15906
15808
15817
15907
15809
15818
15908
15819
15909
15811
15820
15910
15812
15821
15911
15813
15822
15912
15814
15823
15913
15815
15824
15914
15816
15825
15915
15817
15826
15916
15818
15827
15917
15819
15828
15918
15829
15919
15821
15830
15920
15822
15831
15921
15823
15832
15922
15824
15833
15923
15825
15834
15924
15826
15835
15925
15827
15836
15926
15828
15837
15927
15829
15838
15928
15839
15929
15831
15840
15930
15832
15841
15931
15833
15842
15932
15834
15843
15933
15835
15844
15934
15836
15845
15935
15837
15846
15936
15838
15847
15937
15839
15848
15938
15849
15939
15841
15850
15940
15842
15851
15941
15843
15852
15942
15844
15853
15943
15845
15854
15944
15846
15855
15945
15847
15856
15946
15848
15857
15947
15849
15858
15948
15859
15949
15851
15860
15950
15852
15861
15951
15853
15862
15952
15854
15863
15953
15855
15864
15954
15856
15865
15955
15857
15866
15956
15858
15867
15957
15859
15868
15958
15869
15959
15861
15870
15960
15862
15871
15961
15863
15872
15962
15864
15873
15963
15865
15874
15964
15866
15875
15965
15867
15876
15966
15868
15877
15967
15869
15878
15968
15879
15969
15871
15880
15970
15872
15881
15971
15873
15882
15972
15874
15883
15973
15875
15884
15974
15876
15885
15975
15877
15886
15976
15878
15887
15977
15879
15888
15978
15889
15979
15881
15890
15980
15882
15891
15981
15883
15892
15982
15884
15893
15983
15885
15894
15984
15886
15895
15985
15887
15896
15986
15888
15897
15987
15889
15898
15988
15899
15989
15891
15990
15892
15991
15893
15992
15894
15993
15895
15994
15896
15995
15897
15996
15898
15997
15899
15998
15999
15901
15910
15902
15911
15903
15912
15904
15913
15905
15914
15906
15915
15907
15916
15908
15917
15909
15918
15919
15911
15920
15912
15921
15913
15922
15914
15923
15915
15924
15916
15925
15917
15926
15918
15927
15919
15928
15929
15921
15930
15922
15931
15923
15932
15924
15933
15925
15934
15926
15935
15927
15936
15928
15937
15929
15938
15939
15931
15940
15932
15941
15933
15942
15934
15943
15935
15944
15936
15945
15937
15946
15938
15947
15939
15948
15949
15941
15950
15942
15951
15943
15952
15944
15953
15945
15954
15946
15955
15947
15956
15948
15957
15949
15958
15959
15951
15960
15952
15961
15953
15962
15954
15963
15955
15964
15956
15965
15957
15966
15958
15967
15959
15968
15969
15961
15970
15962
15971
15963
15972
15964
15973
15965
15974
15966
15975
15967
15976
15968
15977
15969
15978
15979
15971
15980
15972
15981
15973
15982
15974
15983
15975
15984
15976
15985
15977
15986
15978
15987
15979
15988
15989
15981
15990
15982
15991
15983
15992
15984
15993
15985
15994
15986
15995
15987
15996
15988
15997
15989
15998
15999
15991
15992
15993
15994
15995
15996
15997
15998
15999
16001
16010
16100
17000
19000
16002
16011
16101
19010
16003
16012
16102
19020
16004
16013
16103
19030
16005
16014
16104
19040
16006
16015
16105
19050
16007
16016
16106
19060
16008
16017
16107
19070
16009
16018
16108
19080
16019
16109
19090
20000
16011
16020
16110
17001
16012
16021
16111
16013
16022
16112
16014
16023
16113
16015
16024
16114
16016
16025
16115
16017
16026
16116
16018
16027
16117
16019
16028
16118
16029
16119
20010
16021
16030
16120
17002
16022
16031
16121
16023
16032
16122
16024
16033
16123
16025
16034
16124
16026
16035
16125
16027
16036
16126
16028
16037
16127
16029
16038
16128
16039
16129
20020
16031
16040
16130
17003
16032
16041
16131
16033
16042
16132
16034
16043
16133
16035
16044
16134
16036
16045
16135
16037
16046
16136
16038
16047
16137
16039
16048
16138
16049
16139
20030
16041
16050
16140
17004
16042
16051
16141
16043
16052
16142
16044
16053
16143
16045
16054
16144
16046
16055
16145
16047
16056
16146
16048
16057
16147
16049
16058
16148
16059
16149
20040
16051
16060
16150
17005
16052
16061
16151
16053
16062
16152
16054
16063
16153
16055
16064
16154
16056
16065
16155
16057
16066
16156
16058
16067
16157
16059
16068
16158
16069
16159
20050
16061
16070
16160
17006
16062
16071
16161
16063
16072
16162
16064
16073
16163
16065
16074
16164
16066
16075
16165
16067
16076
16166
16068
16077
16167
16069
16078
16168
16079
16169
20060
16071
16080
16170
17007
16072
16081
16171
16073
16082
16172
16074
16083
16173
16075
16084
16174
16076
16085
16175
16077
16086
16176
16078
16087
16177
16079
16088
16178
16089
16179
20070
16081
16090
16180
17008
16082
16091
16181
16083
16092
16182
16084
16093
16183
16085
16094
16184
16086
16095
16185
16087
16096
16186
16088
16097
16187
16089
16098
16188
16099
16189
20080
16091
16190
17009
21090
16092
16191
21080
16093
16192
21070
16094
16193
21060
16095
16194
21050
16096
16195
21040
16097
16196
21030
16098
16197
21020
16099
16198
21010
16199
20090
21000
16101
16110
16200
17100
19100
16102
16111
16201
19110
16103
16112
16202
19120
16104
16113
16203
19130
16105
16114
16204
19140
16106
16115
16205
19150
16107
16116
16206
19160
16108
16117
16207
19170
16109
16118
16208
19180
16119
16209
19190
20100
16111
16120
16210
17101
16112
16121
16211
16113
16122
16212
16114
16123
16213
16115
16124
16214
16116
16125
16215
16117
16126
16216
16118
16127
16217
16119
16128
16218
16129
16219
20110
16121
16130
16220
17102
16122
16131
16221
16123
16132
16222
16124
16133
16223
16125
16134
16224
16126
16135
16225
16127
16136
16226
16128
16137
16227
16129
16138
16228
16139
16229
20120
16131
16140
16230
17103
16132
16141
16231
16133
16142
16232
16134
16143
16233
16135
16144
16234
16136
16145
16235
16137
16146
16236
16138
16147
16237
16139
16148
16238
16149
16239
20130
16141
16150
16240
17104
16142
16151
16241
16143
16152
16242
16144
16153
16243
16145
16154
16244
16146
16155
16245
16147
16156
16246
16148
16157
16247
16149
16158
16248
16159
16249
20140
16151
16160
16250
17105
16152
16161
16251
16153
16162
16252
16154
16163
16253
16155
16164
16254
16156
16165
16255
16157
16166
16256
16158
16167
16257
16159
16168
16258
16169
16259
20150
16161
16170
16260
17106
16162
16171
16261
16163
16172
16262
16164
16173
16263
16165
16174
16264
16166
16175
16265
16167
16176
16266
16168
16177
16267
16169
16178
16268
16179
16269
20160
16171
16180
16270
17107
16172
16181
16271
16173
16182
16272
16174
16183
16273
16175
16184
16274
16176
16185
16275
16177
16186
16276
16178
16187
16277
16179
16188
16278
16189
16279
20170
16181
16190
16280
17108
16182
16191
16281
16183
16192
16282
16184
16193
16283
16185
16194
16284
16186
16195
16285
16187
16196
16286
16188
16197
16287
16189
16198
16288
16199
16289
20180
16191
16290
17109
21190
16192
16291
21180
16193
16292
21170
16194
16293
21160
16195
16294
21150
16196
16295
21140
16197
16296
21130
16198
16297
21120
16199
16298
21110
16299
20190
21100
16201
16210
16300
17200
19200
16202
16211
16301
19210
16203
16212
16302
19220
16204
16213
16303
19230
16205
16214
16304
19240
16206
16215
16305
19250
16207
16216
16306
19260
16208
16217
16307
19270
16209
16218
16308
19280
16219
16309
19290
20200
16211
16220
16310
17201
16212
16221
16311
16213
16222
16312
16214
16223
16313
16215
16224
16314
16216
16225
16315
16217
16226
16316
16218
16227
16317
16219
16228
16318
16229
16319
20210
16221
16230
16320
17202
16222
16231
16321
16223
16232
16322
16224
16233
16323
16225
16234
16324
16226
16235
16325
16227
16236
16326
16228
16237
16327
16229
16238
16328
16239
16329
20220
16231
16240
16330
17203
16232
16241
16331
16233
16242
16332
16234
16243
16333
16235
16244
16334
16236
16245
16335
16237
16246
16336
16238
16247
16337
16239
16248
16338
16249
16339
20230
16241
16250
16340
17204
16242
16251
16341
16243
16252
16342
16244
16253
16343
16245
16254
16344
16246
16255
16345
16247
16256
16346
16248
16257
16347
16249
16258
16348
16259
16349
20240
16251
16260
16350
17205
16252
16261
16351
16253
16262
16352
16254
16263
16353
16255
16264
16354
16256
16265
16355
16257
16266
16356
16258
16267
16357
16259
16268
16358
16269
16359
20250
16261
16270
16360
17206
16262
16271
16361
16263
16272
16362
16264
16273
16363
16265
16274
16364
16266
16275
16365
16267
16276
16366
16268
16277
16367
16269
16278
16368
16279
16369
20260
16271
16280
16370
17207
16272
16281
16371
16273
16282
16372
16274
16283
16373
16275
16284
16374
16276
16285
16375
16277
16286
16376
16278
16287
16377
16279
16288
16378
16289
16379
20270
16281
16290
16380
17208
16282
16291
16381
16283
16292
16382
16284
16293
16383
16285
16294
16384
16286
16295
16385
16287
16296
16386
16288
16297
16387
16289
16298
16388
16299
16389
20280
16291
16390
17209
21290
16292
16391
21280
16293
16392
21270
16294
16393
21260
16295
16394
21250
16296
16395
21240
16297
16396
21230
16298
16397
21220
16299
16398
21210
16399
20290
21200
16301
16310
16400
17300
19300
16302
16311
16401
19310
16303
16312
16402
19320
16304
16313
16403
19330
16305
16314
16404
19340
16306
16315
16405
19350
16307
16316
16406
19360
16308
16317
16407
19370
16309
16318
16408
19380
16319
16409
19390
20300
16311
16320
16410
17301
16312
16321
16411
16313
16322
16412
16314
16323
16413
16315
16324
16414
16316
16325
16415
16317
16326
16416
16318
16327
16417
16319
16328
16418
16329
16419
20310
16321
16330
16420
17302
16322
16331
16421
16323
16332
16422
16324
16333
16423
16325
16334
16424
16326
16335
16425
16327
16336
16426
16328
16337
16427
16329
16338
16428
16339
16429
20320
16331
16340
16430
17303
16332
16341
16431
16333
16342
16432
16334
16343
16433
16335
16344
16434
16336
16345
16435
16337
16346
16436
16338
16347
16437
16339
16348
16438
16349
16439
20330
16341
16350
16440
17304
16342
16351
16441
16343
16352
16442
16344
16353
16443
16345
16354
16444
16346
16355
16445
16347
16356
16446
16348
16357
16447
16349
16358
16448
16359
16449
20340
16351
16360
16450
17305
16352
16361
16451
16353
16362
16452
16354
16363
16453
16355
16364
16454
16356
16365
16455
16357
16366
16456
16358
16367
16457
16359
16368
16458
16369
16459
20350
16361
16370
16460
17306
16362
16371
16461
16363
16372
16462
16364
16373
16463
16365
16374
16464
16366
16375
16465
16367
16376
16466
16368
16377
16467
16369
16378
16468
16379
16469
20360
16371
16380
16470
17307
16372
16381
16471
16373
16382
16472
16374
16383
16473
16375
16384
16474
16376
16385
16475
16377
16386
16476
16378
16387
16477
16379
16388
16478
16389
16479
20370
16381
16390
16480
17308
16382
16391
16481
16383
16392
16482
16384
16393
16483
16385
16394
16484
16386
16395
16485
16387
16396
16486
16388
16397
16487
16389
16398
16488
16399
16489
20380
16391
16490
17309
21390
16392
16491
21380
16393
16492
21370
16394
16493
21360
16395
16494
21350
16396
16495
21340
16397
16496
21330
16398
16497
21320
16399
16498
21310
16499
20390
21300
16401
16410
16500
17400
19400
16402
16411
16501
19410
16403
16412
16502
19420
16404
16413
16503
19430
16405
16414
16504
19440
16406
16415
16505
19450
16407
16416
16506
19460
16408
16417
16507
19470
16409
16418
16508
19480
16419
16509
19490
20400
16411
16420
16510
17401
16412
16421
16511
16413
16422
16512
16414
16423
16513
16415
16424
16514
16416
16425
16515
16417
16426
16516
16418
16427
16517
16419
16428
16518
16429
16519
20410
16421
16430
16520
17402
16422
16431
16521
16423
16432
16522
16424
16433
16523
16425
16434
16524
16426
16435
16525
16427
16436
16526
16428
16437
16527
16429
16438
16528
16439
16529
20420
16431
16440
16530
17403
16432
16441
16531
16433
16442
16532
16434
16443
16533
16435
16444
16534
16436
16445
16535
16437
16446
16536
16438
16447
16537
16439
16448
16538
16449
16539
20430
16441
16450
16540
17404
16442
16451
16541
16443
16452
16542
16444
16453
16543
16445
16454
16544
16446
16455
16545
16447
16456
16546
16448
16457
16547
16449
16458
16548
16459
16549
20440
16451
16460
16550
17405
16452
16461
16551
16453
16462
16552
16454
16463
16553
16455
16464
16554
16456
16465
16555
16457
16466
16556
16458
16467
16557
16459
16468
16558
16469
16559
20450
16461
16470
16560
17406
16462
16471
16561
16463
16472
16562
16464
16473
16563
16465
16474
16564
16466
16475
16565
16467
16476
16566
16468
16477
16567
16469
16478
16568
16479
16569
20460
16471
16480
16570
17407
16472
16481
16571
16473
16482
16572
16474
16483
16573
16475
16484
16574
16476
16485
16575
16477
16486
16576
16478
16487
16577
16479
16488
16578
16489
16579
20470
16481
16490
16580
17408
16482
16491
16581
16483
16492
16582
16484
16493
16583
16485
16494
16584
16486
16495
16585
16487
16496
16586
16488
16497
16587
16489
16498
16588
16499
16589
20480
16491
16590
17409
21490
16492
16591
21480
16493
16592
21470
16494
16593
21460
16495
16594
21450
16496
16595
21440
16497
16596
21430
16498
16597
21420
16499
16598
21410
16599
20490
21400
16501
16510
16600
17500
19500
16502
16511
16601
19510
16503
16512
16602
19520
16504
16513
16603
19530
16505
16514
16604
19540
16506
16515
16605
19550
16507
16516
16606
19560
16508
16517
16607
19570
16509
16518
16608
19580
16519
16609
19590
20500
16511
16520
16610
17501
16512
16521
16611
16513
16522
16612
16514
16523
16613
16515
16524
16614
16516
16525
16615
16517
16526
16616
16518
16527
16617
16519
16528
16618
16529
16619
20510
16521
16530
16620
17502
16522
16531
16621
16523
16532
16622
16524
16533
16623
16525
16534
16624
16526
16535
16625
16527
16536
16626
16528
16537
16627
16529
16538
16628
16539
16629
20520
16531
16540
16630
17503
16532
16541
16631
16533
16542
16632
16534
16543
16633
16535
16544
16634
16536
16545
16635
16537
16546
16636
16538
16547
16637
16539
16548
16638
16549
16639
20530
16541
16550
16640
17504
16542
16551
16641
16543
16552
16642
16544
16553
16643
16545
16554
16644
16546
16555
16645
16547
16556
16646
16548
16557
16647
16549
16558
16648
16559
16649
20540
16551
16560
16650
17505
16552
16561
16651
16553
16562
16652
16554
16563
16653
16555
16564
16654
16556
16565
16655
16557
16566
16656
16558
16567
16657
16559
16568
16658
16569
16659
20550
16561
16570
16660
17506
16562
16571
16661
16563
16572
16662
16564
16573
16663
16565
16574
16664
16566
16575
16665
16567
16576
16666
16568
16577
16667
16569
16578
16668
16579
16669
20560
16571
16580
16670
17507
16572
16581
16671
16573
16582
16672
16574
16583
16673
16575
16584
16674
16576
16585
16675
16577
16586
16676
16578
16587
16677
16579
16588
16678
16589
16679
20570
16581
16590
16680
17508
16582
16591
16681
16583
16592
16682
16584
16593
16683
16585
16594
16684
16586
16595
16685
16587
16596
16686
16588
16597
16687
16589
16598
16688
16599
16689
20580
16591
16690
17509
21590
16592
16691
21580
16593
16692
21570
16594
16693
21560
16595
16694
21550
16596
16695
21540
16597
16696
21530
16598
16697
21520
16599
16698
21510
16699
20590
21500
16601
16610
16700
17600
19600
16602
16611
16701
19610
16603
16612
16702
19620
16604
16613
16703
19630
16605
16614
16704
19640
16606
16615
16705
19650
16607
16616
16706
19660
16608
16617
16707
19670
16609
16618
16708
19680
16619
16709
19690
20600
16611
16620
16710
17601
16612
16621
16711
16613
16622
16712
16614
16623
16713
16615
16624
16714
16616
16625
16715
16617
16626
16716
16618
16627
16717
16619
16628
16718
16629
16719
20610
16621
16630
16720
17602
16622
16631
16721
16623
16632
16722
16624
16633
16723
16625
16634
16724
16626
16635
16725
16627
16636
16726
16628
16637
16727
16629
16638
16728
16639
16729
20620
16631
16640
16730
17603
16632
16641
16731
16633
16642
16732
16634
16643
16733
16635
16644
16734
16636
16645
16735
16637
16646
16736
16638
16647
16737
16639
16648
16738
16649
16739
20630
16641
16650
16740
17604
16642
16651
16741
16643
16652
16742
16644
16653
16743
16645
16654
16744
16646
16655
16745
16647
16656
16746
16648
16657
16747
16649
16658
16748
16659
16749
20640
16651
16660
16750
17605
16652
16661
16751
16653
16662
16752
16654
16663
16753
16655
16664
16754
16656
16665
16755
16657
16666
16756
16658
16667
16757
16659
16668
16758
16669
16759
20650
16661
16670
16760
17606
16662
16671
16761
16663
16672
16762
16664
16673
16763
16665
16674
16764
16666
16675
16765
16667
16676
16766
16668
16677
16767
16669
16678
16768
16679
16769
20660
16671
16680
16770
17607
16672
16681
16771
16673
16682
16772
16674
16683
16773
16675
16684
16774
16676
16685
16775
16677
16686
16776
16678
16687
16777
16679
16688
16778
16689
16779
20670
16681
16690
16780
17608
16682
16691
16781
16683
16692
16782
16684
16693
16783
16685
16694
16784
16686
16695
16785
16687
16696
16786
16688
16697
16787
16689
16698
16788
16699
16789
20680
16691
16790
17609
21690
16692
16791
21680
16693
16792
21670
16694
16793
21660
16695
16794
21650
16696
16795
21640
16697
16796
21630
16698
16797
21620
16699
16798
21610
16799
20690
21600
16701
16710
16800
17700
19700
16702
16711
16801
19710
16703
16712
16802
19720
16704
16713
16803
19730
16705
16714
16804
19740
16706
16715
16805
19750
16707
16716
16806
19760
16708
16717
16807
19770
16709
16718
16808
19780
16719
16809
19790
20700
16711
16720
16810
17701
16712
16721
16811
16713
16722
16812
16714
16723
16813
16715
16724
16814
16716
16725
16815
16717
16726
16816
16718
16727
16817
16719
16728
16818
16729
16819
20710
16721
16730
16820
17702
16722
16731
16821
16723
16732
16822
16724
16733
16823
16725
16734
16824
16726
16735
16825
16727
16736
16826
16728
16737
16827
16729
16738
16828
16739
16829
20720
16731
16740
16830
17703
16732
16741
16831
16733
16742
16832
16734
16743
16833
16735
16744
16834
16736
16745
16835
16737
16746
16836
16738
16747
16837
16739
16748
16838
16749
16839
20730
16741
16750
16840
17704
16742
16751
16841
16743
16752
16842
16744
16753
16843
16745
16754
16844
16746
16755
16845
16747
16756
16846
16748
16757
16847
16749
16758
16848
16759
16849
20740
16751
16760
16850
17705
16752
16761
16851
16753
16762
16852
16754
16763
16853
16755
16764
16854
16756
16765
16855
16757
16766
16856
16758
16767
16857
16759
16768
16858
16769
16859
20750
16761
16770
16860
17706
16762
16771
16861
16763
16772
16862
16764
16773
16863
16765
16774
16864
16766
16775
16865
16767
16776
16866
16768
16777
16867
16769
16778
16868
16779
16869
20760
16771
16780
16870
17707
16772
16781
16871
16773
16782
16872
16774
16783
16873
16775
16784
16874
16776
16785
16875
16777
16786
16876
16778
16787
16877
16779
16788
16878
16789
16879
20770
16781
16790
16880
17708
16782
16791
16881
16783
16792
16882
16784
16793
16883
16785
16794
16884
16786
16795
16885
16787
16796
16886
16788
16797
16887
16789
16798
16888
16799
16889
20780
16791
16890
17709
21790
16792
16891
21780
16793
16892
21770
16794
16893
21760
16795
16894
21750
16796
16895
21740
16797
16896
21730
16798
16897
21720
16799
16898
21710
16899
20790
21700
16801
16810
16900
17800
19800
16802
16811
16901
19810
16803
16812
16902
19820
16804
16813
16903
19830
16805
16814
16904
19840
16806
16815
16905
19850
16807
16816
16906
19860
16808
16817
16907
19870
16809
16818
16908
19880
16819
16909
19890
20800
16811
16820
16910
17801
16812
16821
16911
16813
16822
16912
16814
16823
16913
16815
16824
16914
16816
16825
16915
16817
16826
16916
16818
16827
16917
16819
16828
16918
16829
16919
20810
16821
16830
16920
17802
16822
16831
16921
16823
16832
16922
16824
16833
16923
16825
16834
16924
16826
16835
16925
16827
16836
16926
16828
16837
16927
16829
16838
16928
16839
16929
20820
16831
16840
16930
17803
16832
16841
16931
16833
16842
16932
16834
16843
16933
16835
16844
16934
16836
16845
16935
16837
16846
16936
16838
16847
16937
16839
16848
16938
16849
16939
20830
16841
16850
16940
17804
16842
16851
16941
16843
16852
16942
16844
16853
16943
16845
16854
16944
16846
16855
16945
16847
16856
16946
16848
16857
16947
16849
16858
16948
16859
16949
20840
16851
16860
16950
17805
16852
16861
16951
16853
16862
16952
16854
16863
16953
16855
16864
16954
16856
16865
16955
16857
16866
16956
16858
16867
16957
16859
16868
16958
16869
16959
20850
16861
16870
16960
17806
16862
16871
16961
16863
16872
16962
16864
16873
16963
16865
16874
16964
16866
16875
16965
16867
16876
16966
16868
16877
16967
16869
16878
16968
16879
16969
20860
16871
16880
16970
17807
16872
16881
16971
16873
16882
16972
16874
16883
16973
16875
16884
16974
16876
16885
16975
16877
16886
16976
16878
16887
16977
16879
16888
16978
16889
16979
20870
16881
16890
16980
17808
16882
16891
16981
16883
16892
16982
16884
16893
16983
16885
16894
16984
16886
16895
16985
16887
16896
16986
16888
16897
16987
16889
16898
16988
16899
16989
20880
16891
16990
17809
21890
16892
16991
21880
16893
16992
21870
16894
16993
21860
16895
16994
21850
16896
16995
21840
16897
16996
21830
16898
16997
21820
16899
16998
21810
16999
20890
21800
16901
16910
17900
19900
22900
16902
16911
19910
22800
16903
16912
19920
22700
16904
16913
19930
22600
16905
16914
19940
22500
16906
16915
19950
22400
16907
16916
19960
22300
16908
16917
19970
22200
16909
16918
19980
22100
16919
19990
20900
22000
16911
16920
17901
22910
16912
16921
22810
16913
16922
22710
16914
16923
22610
16915
16924
22510
16916
16925
22410
16917
16926
22310
16918
16927
22210
16919
16928
22110
16929
20910
22010
16921
16930
17902
22920
16922
16931
22820
16923
16932
22720
16924
16933
22620
16925
16934
22520
16926
16935
22420
16927
16936
22320
16928
16937
22220
16929
16938
22120
16939
20920
22020
16931
16940
17903
22930
16932
16941
22830
16933
16942
22730
16934
16943
22630
16935
16944
22530
16936
16945
22430
16937
16946
22330
16938
16947
22230
16939
16948
22130
16949
20930
22030
16941
16950
17904
22940
16942
16951
22840
16943
16952
22740
16944
16953
22640
16945
16954
22540
16946
16955
22440
16947
16956
22340
16948
16957
22240
16949
16958
22140
16959
20940
22040
16951
16960
17905
22950
16952
16961
22850
16953
16962
22750
16954
16963
22650
16955
16964
22550
16956
16965
22450
16957
16966
22350
16958
16967
22250
16959
16968
22150
16969
20950
22050
16961
16970
17906
22960
16962
16971
22860
16963
16972
22760
16964
16973
22660
16965
16974
22560
16966
16975
22460
16967
16976
22360
16968
16977
22260
16969
16978
22160
16979
20960
22060
16971
16980
17907
22970
16972
16981
22870
16973
16982
22770
16974
16983
22670
16975
16984
22570
16976
16985
22470
16977
16986
22370
16978
16987
22270
16979
16988
22170
16989
20970
22070
16981
16990
17908
22980
16982
16991
22880
16983
16992
22780
16984
16993
22680
16985
16994
22580
16986
16995
22480
16987
16996
22380
16988
16997
22280
16989
16998
22180
16999
20980
22080
16991
17909
21990
22990
16992
21980
22890
16993
21970
22790
16994
21960
22690
16995
21950
22590
16996
21940
22490
16997
21930
22390
16998
21920
22290
16999
21910
22190
20990
21900
22090
17001
17010
17100
18000
17002
17011
17101
17003
17012
17102
17004
17013
17103
17005
17014
17104
17006
17015
17105
17007
17016
17106
17008
17017
17107
17009
17018
17108
17019
17109
23000
17011
17020
17110
18001
17012
17021
17111
17013
17022
17112
17014
17023
17113
17015
17024
17114
17016
17025
17115
17017
17026
17116
17018
17027
17117
17019
17028
17118
17029
17119
23010
17021
17030
17120
18002
17022
17031
17121
17023
17032
17122
17024
17033
17123
17025
17034
17124
17026
17035
17125
17027
17036
17126
17028
17037
17127
17029
17038
17128
17039
17129
23020
17031
17040
17130
18003
17032
17041
17131
17033
17042
17132
17034
17043
17133
17035
17044
17134
17036
17045
17135
17037
17046
17136
17038
17047
17137
17039
17048
17138
17049
17139
23030
17041
17050
17140
18004
17042
17051
17141
17043
17052
17142
17044
17053
17143
17045
17054
17144
17046
17055
17145
17047
17056
17146
17048
17057
17147
17049
17058
17148
17059
17149
23040
17051
17060
17150
18005
17052
17061
17151
17053
17062
17152
17054
17063
17153
17055
17064
17154
17056
17065
17155
17057
17066
17156
17058
17067
17157
17059
17068
17158
17069
17159
23050
17061
17070
17160
18006
17062
17071
17161
17063
17072
17162
17064
17073
17163
17065
17074
17164
17066
17075
17165
17067
17076
17166
17068
17077
17167
17069
17078
17168
17079
17169
23060
17071
17080
17170
18007
17072
17081
17171
17073
17082
17172
17074
17083
17173
17075
17084
17174
17076
17085
17175
17077
17086
17176
17078
17087
17177
17079
17088
17178
17089
17179
23070
17081
17090
17180
18008
17082
17091
17181
17083
17092
17182
17084
17093
17183
17085
17094
17184
17086
17095
17185
17087
17096
17186
17088
17097
17187
17089
17098
17188
17099
17189
23080
17091
17190
18009
24090
17092
17191
24080
17093
17192
24070
17094
17193
24060
17095
17194
24050
17096
17195
24040
17097
17196
24030
17098
17197
24020
17099
17198
24010
17199
23090
24000
17101
17110
17200
18100
17102
17111
17201
17103
17112
17202
17104
17113
17203
17105
17114
17204
17106
17115
17205
17107
17116
17206
17108
17117
17207
17109
17118
17208
17119
17209
23100
17111
17120
17210
18101
17112
17121
17211
17113
17122
17212
17114
17123
17213
17115
17124
17214
17116
17125
17215
17117
17126
17216
17118
17127
17217
17119
17128
17218
17129
17219
23110
17121
17130
17220
18102
17122
17131
17221
17123
17132
17222
17124
17133
17223
17125
17134
17224
17126
17135
17225
17127
17136
17226
17128
17137
17227
17129
17138
17228
17139
17229
23120
17131
17140
17230
18103
17132
17141
17231
17133
17142
17232
17134
17143
17233
17135
17144
17234
17136
17145
17235
17137
17146
17236
17138
17147
17237
17139
17148
17238
17149
17239
23130
17141
17150
17240
18104
17142
17151
17241
17143
17152
17242
17144
17153
17243
17145
17154
17244
17146
17155
17245
17147
17156
17246
17148
17157
17247
17149
17158
17248
17159
17249
23140
17151
17160
17250
18105
17152
17161
17251
17153
17162
17252
17154
17163
17253
17155
17164
17254
17156
17165
17255
17157
17166
17256
17158
17167
17257
17159
17168
17258
17169
17259
23150
17161
17170
17260
18106
17162
17171
17261
17163
17172
17262
17164
17173
17263
17165
17174
17264
17166
17175
17265
17167
17176
17266
17168
17177
17267
17169
17178
17268
17179
17269
23160
17171
17180
17270
18107
17172
17181
17271
17173
17182
17272
17174
17183
17273
17175
17184
17274
17176
17185
17275
17177
17186
17276
17178
17187
17277
17179
17188
17278
17189
17279
23170
17181
17190
17280
18108
17182
17191
17281
17183
17192
17282
17184
17193
17283
17185
17194
17284
17186
17195
17285
17187
17196
17286
17188
17197
17287
17189
17198
17288
17199
17289
23180
17191
17290
18109
24190
17192
17291
24180
17193
17292
24170
17194
17293
24160
17195
17294
24150
17196
17295
24140
17197
17296
24130
17198
17297
24120
17199
17298
24110
17299
23190
24100
17201
17210
17300
18200
17202
17211
17301
17203
17212
17302
17204
17213
17303
17205
17214
17304
17206
17215
17305
17207
17216
17306
17208
17217
17307
17209
17218
17308
17219
17309
23200
17211
17220
17310
18201
17212
17221
17311
17213
17222
17312
17214
17223
17313
17215
17224
17314
17216
17225
17315
17217
17226
17316
17218
17227
17317
17219
17228
17318
17229
17319
23210
17221
17230
17320
18202
17222
17231
17321
17223
17232
17322
17224
17233
17323
17225
17234
17324
17226
17235
17325
17227
17236
17326
17228
17237
17327
17229
17238
17328
17239
17329
23220
17231
17240
17330
18203
17232
17241
17331
17233
17242
17332
17234
17243
17333
17235
17244
17334
17236
17245
17335
17237
17246
17336
17238
17247
17337
17239
17248
17338
17249
17339
23230
17241
17250
17340
18204
17242
17251
17341
17243
17252
17342
17244
17253
17343
17245
17254
17344
17246
17255
17345
17247
17256
17346
17248
17257
17347
17249
17258
17348
17259
17349
23240
17251
17260
17350
18205
17252
17261
17351
17253
17262
17352
17254
17263
17353
17255
17264
17354
17256
17265
17355
17257
17266
17356
17258
17267
17357
17259
17268
17358
17269
17359
23250
17261
17270
17360
18206
17262
17271
17361
17263
17272
17362
17264
17273
17363
17265
17274
17364
17266
17275
17365
17267
17276
17366
17268
17277
17367
17269
17278
17368
17279
17369
23260
17271
17280
17370
18207
17272
17281
17371
17273
17282
17372
17274
17283
17373
17275
17284
17374
17276
17285
17375
17277
17286
17376
17278
17287
17377
17279
17288
17378
17289
17379
23270
17281
17290
17380
18208
17282
17291
17381
17283
17292
17382
17284
17293
17383
17285
17294
17384
17286
17295
17385
17287
17296
17386
17288
17297
17387
17289
17298
17388
17299
17389
23280
17291
17390
18209
24290
17292
17391
24280
17293
17392
24270
17294
17393
24260
17295
17394
24250
17296
17395
24240
17297
17396
24230
17298
17397
24220
17299
17398
24210
17399
23290
24200
17301
17310
17400
18300
17302
17311
17401
17303
17312
17402
17304
17313
17403
17305
17314
17404
17306
17315
17405
17307
17316
17406
17308
17317
17407
17309
17318
17408
17319
17409
23300
17311
17320
17410
18301
17312
17321
17411
17313
17322
17412
17314
17323
17413
17315
17324
17414
17316
17325
17415
17317
17326
17416
17318
17327
17417
17319
17328
17418
17329
17419
23310
17321
17330
17420
18302
17322
17331
17421
17323
17332
17422
17324
17333
17423
17325
17334
17424
17326
17335
17425
17327
17336
17426
17328
17337
17427
17329
17338
17428
17339
17429
23320
17331
17340
17430
18303
17332
17341
17431
17333
17342
17432
17334
17343
17433
17335
17344
17434
17336
17345
17435
17337
17346
17436
17338
17347
17437
17339
17348
17438
17349
17439
23330
17341
17350
17440
18304
17342
17351
17441
17343
17352
17442
17344
17353
17443
17345
17354
17444
17346
17355
17445
17347
17356
17446
17348
17357
17447
17349
17358
17448
17359
17449
23340
17351
17360
17450
18305
17352
17361
17451
17353
17362
17452
17354
17363
17453
17355
17364
17454
17356
17365
17455
17357
17366
17456
17358
17367
17457
17359
17368
17458
17369
17459
23350
17361
17370
17460
18306
17362
17371
17461
17363
17372
17462
17364
17373
17463
17365
17374
17464
17366
17375
17465
17367
17376
17466
17368
17377
17467
17369
17378
17468
17379
17469
23360
17371
17380
17470
18307
17372
17381
17471
17373
17382
17472
17374
17383
17473
17375
17384
17474
17376
17385
17475
17377
17386
17476
17378
17387
17477
17379
17388
17478
17389
17479
23370
17381
17390
17480
18308
17382
17391
17481
17383
17392
17482
17384
17393
17483
17385
17394
17484
17386
17395
17485
17387
17396
17486
17388
17397
17487
17389
17398
17488
17399
17489
23380
17391
17490
18309
24390
17392
17491
24380
17393
17492
24370
17394
17493
24360
17395
17494
24350
17396
17495
24340
17397
17496
24330
17398
17497
24320
17399
17498
24310
17499
23390
24300
17401
17410
17500
18400
17402
17411
17501
17403
17412
17502
17404
17413
17503
17405
17414
17504
17406
17415
17505
17407
17416
17506
17408
17417
17507
17409
17418
17508
17419
17509
23400
17411
17420
17510
18401
17412
17421
17511
17413
17422
17512
17414
17423
17513
17415
17424
17514
17416
17425
17515
17417
17426
17516
17418
17427
17517
17419
17428
17518
17429
17519
23410
17421
17430
17520
18402
17422
17431
17521
17423
17432
17522
17424
17433
17523
17425
17434
17524
17426
17435
17525
17427
17436
17526
17428
17437
17527
17429
17438
17528
17439
17529
23420
17431
17440
17530
18403
17432
17441
17531
17433
17442
17532
17434
17443
17533
17435
17444
17534
17436
17445
17535
17437
17446
17536
17438
17447
17537
17439
17448
17538
17449
17539
23430
17441
17450
17540
18404
17442
17451
17541
17443
17452
17542
17444
17453
17543
17445
17454
17544
17446
17455
17545
17447
17456
17546
17448
17457
17547
17449
17458
17548
17459
17549
23440
17451
17460
17550
18405
17452
17461
17551
17453
17462
17552
17454
17463
17553
17455
17464
17554
17456
17465
17555
17457
17466
17556
17458
17467
17557
17459
17468
17558
17469
17559
23450
17461
17470
17560
18406
17462
17471
17561
17463
17472
17562
17464
17473
17563
17465
17474
17564
17466
17475
17565
17467
17476
17566
17468
17477
17567
17469
17478
17568
17479
17569
23460
17471
17480
17570
18407
17472
17481
17571
17473
17482
17572
17474
17483
17573
17475
17484
17574
17476
17485
17575
17477
17486
17576
17478
17487
17577
17479
17488
17578
17489
17579
23470
17481
17490
17580
18408
17482
17491
17581
17483
17492
17582
17484
17493
17583
17485
17494
17584
17486
17495
17585
17487
17496
17586
17488
17497
17587
17489
17498
17588
17499
17589
23480
17491
17590
18409
24490
17492
17591
24480
17493
17592
24470
17494
17593
24460
17495
17594
24450
17496
17595
24440
17497
17596
24430
17498
17597
24420
17499
17598
24410
17599
23490
24400
17501
17510
17600
18500
17502
17511
17601
17503
17512
17602
17504
17513
17603
17505
17514
17604
17506
17515
17605
17507
17516
17606
17508
17517
17607
17509
17518
17608
17519
17609
23500
17511
17520
17610
18501
17512
17521
17611
17513
17522
17612
17514
17523
17613
17515
17524
17614
17516
17525
17615
17517
17526
17616
17518
17527
17617
17519
17528
17618
17529
17619
23510
17521
17530
17620
18502
17522
17531
17621
17523
17532
17622
17524
17533
17623
17525
17534
17624
17526
17535
17625
17527
17536
17626
17528
17537
17627
17529
17538
17628
17539
17629
23520
17531
17540
17630
18503
17532
17541
17631
17533
17542
17632
17534
17543
17633
17535
17544
17634
17536
17545
17635
17537
17546
17636
17538
17547
17637
17539
17548
17638
17549
17639
23530
17541
17550
17640
18504
17542
17551
17641
17543
17552
17642
17544
17553
17643
17545
17554
17644
17546
17555
17645
17547
17556
17646
17548
17557
17647
17549
17558
17648
17559
17649
23540
17551
17560
17650
18505
17552
17561
17651
17553
17562
17652
17554
17563
17653
17555
17564
17654
17556
17565
17655
17557
17566
17656
17558
17567
17657
17559
17568
17658
17569
17659
23550
17561
17570
17660
18506
17562
17571
17661
17563
17572
17662
17564
17573
17663
17565
17574
17664
17566
17575
17665
17567
17576
17666
17568
17577
17667
17569
17578
17668
17579
17669
23560
17571
17580
17670
18507
17572
17581
17671
17573
17582
17672
17574
17583
17673
17575
17584
17674
17576
17585
17675
17577
17586
17676
17578
17587
17677
17579
17588
17678
17589
17679
23570
17581
17590
17680
18508
17582
17591
17681
17583
17592
17682
17584
17593
17683
17585
17594
17684
17586
17595
17685
17587
17596
17686
17588
17597
17687
17589
17598
17688
17599
17689
23580
17591
17690
18509
24590
17592
17691
24580
17593
17692
24570
17594
17693
24560
17595
17694
24550
17596
17695
24540
17597
17696
24530
17598
17697
24520
17599
17698
24510
17699
23590
24500
17601
17610
17700
18600
17602
17611
17701
17603
17612
17702
17604
17613
17703
17605
17614
17704
17606
17615
17705
17607
17616
17706
17608
17617
17707
17609
17618
17708
17619
17709
23600
17611
17620
17710
18601
17612
17621
17711
17613
17622
17712
17614
17623
17713
17615
17624
17714
17616
17625
17715
17617
17626
17716
17618
17627
17717
17619
17628
17718
17629
17719
23610
17621
17630
17720
18602
17622
17631
17721
17623
17632
17722
17624
17633
17723
17625
17634
17724
17626
17635
17725
17627
17636
17726
17628
17637
17727
17629
17638
17728
17639
17729
23620
17631
17640
17730
18603
17632
17641
17731
17633
17642
17732
17634
17643
17733
17635
17644
17734
17636
17645
17735
17637
17646
17736
17638
17647
17737
17639
17648
17738
17649
17739
23630
17641
17650
17740
18604
17642
17651
17741
17643
17652
17742
17644
17653
17743
17645
17654
17744
17646
17655
17745
17647
17656
17746
17648
17657
17747
17649
17658
17748
17659
17749
23640
17651
17660
17750
18605
17652
17661
17751
17653
17662
17752
17654
17663
17753
17655
17664
17754
17656
17665
17755
17657
17666
17756
17658
17667
17757
17659
17668
17758
17669
17759
23650
17661
17670
17760
18606
17662
17671
17761
17663
17672
17762
17664
17673
17763
17665
17674
17764
17666
17675
17765
17667
17676
17766
17668
17677
17767
17669
17678
17768
17679
17769
23660
17671
17680
17770
18607
17672
17681
17771
17673
17682
17772
17674
17683
17773
17675
17684
17774
17676
17685
17775
17677
17686
17776
17678
17687
17777
17679
17688
17778
17689
17779
23670
17681
17690
17780
18608
17682
17691
17781
17683
17692
17782
17684
17693
17783
17685
17694
17784
17686
17695
17785
17687
17696
17786
17688
17697
17787
17689
17698
17788
17699
17789
23680
17691
17790
18609
24690
17692
17791
24680
17693
17792
24670
17694
17793
24660
17695
17794
24650
17696
17795
24640
17697
17796
24630
17698
17797
24620
17699
17798
24610
17799
23690
24600
17701
17710
17800
18700
17702
17711
17801
17703
17712
17802
17704
17713
17803
17705
17714
17804
17706
17715
17805
17707
17716
17806
17708
17717
17807
17709
17718
17808
17719
17809
23700
17711
17720
17810
18701
17712
17721
17811
17713
17722
17812
17714
17723
17813
17715
17724
17814
17716
17725
17815
17717
17726
17816
17718
17727
17817
17719
17728
17818
17729
17819
23710
17721
17730
17820
18702
17722
17731
17821
17723
17732
17822
17724
17733
17823
17725
17734
17824
17726
17735
17825
17727
17736
17826
17728
17737
17827
17729
17738
17828
17739
17829
23720
17731
17740
17830
18703
17732
17741
17831
17733
17742
17832
17734
17743
17833
17735
17744
17834
17736
17745
17835
17737
17746
17836
17738
17747
17837
17739
17748
17838
17749
17839
23730
17741
17750
17840
18704
17742
17751
17841
17743
17752
17842
17744
17753
17843
17745
17754
17844
17746
17755
17845
17747
17756
17846
17748
17757
17847
17749
17758
17848
17759
17849
23740
17751
17760
17850
18705
17752
17761
17851
17753
17762
17852
17754
17763
17853
17755
17764
17854
17756
17765
17855
17757
17766
17856
17758
17767
17857
17759
17768
17858
17769
17859
23750
17761
17770
17860
18706
17762
17771
17861
17763
17772
17862
17764
17773
17863
17765
17774
17864
17766
17775
17865
17767
17776
17866
17768
17777
17867
17769
17778
17868
17779
17869
23760
17771
17780
17870
18707
17772
17781
17871
17773
17782
17872
17774
17783
17873
17775
17784
17874
17776
17785
17875
17777
17786
17876
17778
17787
17877
17779
17788
17878
17789
17879
23770
17781
17790
17880
18708
17782
17791
17881
17783
17792
17882
17784
17793
17883
17785
17794
17884
17786
17795
17885
17787
17796
17886
17788
17797
17887
17789
17798
17888
17799
17889
23780
17791
17890
18709
24790
17792
17891
24780
17793
17892
24770
17794
17893
24760
17795
17894
24750
17796
17895
24740
17797
17896
24730
17798
17897
24720
17799
17898
24710
17899
23790
24700
17801
17810
17900
18800
17802
17811
17901
17803
17812
17902
17804
17813
17903
17805
17814
17904
17806
17815
17905
17807
17816
17906
17808
17817
17907
17809
17818
17908
17819
17909
23800
17811
17820
17910
18801
17812
17821
17911
17813
17822
17912
17814
17823
17913
17815
17824
17914
17816
17825
17915
17817
17826
17916
17818
17827
17917
17819
17828
17918
17829
17919
23810
17821
17830
17920
18802
17822
17831
17921
17823
17832
17922
17824
17833
17923
17825
17834
17924
17826
17835
17925
17827
17836
17926
17828
17837
17927
17829
17838
17928
17839
17929
23820
17831
17840
17930
18803
17832
17841
17931
17833
17842
17932
17834
17843
17933
17835
17844
17934
17836
17845
17935
17837
17846
17936
17838
17847
17937
17839
17848
17938
17849
17939
23830
17841
17850
17940
18804
17842
17851
17941
17843
17852
17942
17844
17853
17943
17845
17854
17944
17846
17855
17945
17847
17856
17946
17848
17857
17947
17849
17858
17948
17859
17949
23840
17851
17860
17950
18805
17852
17861
17951
17853
17862
17952
17854
17863
17953
17855
17864
17954
17856
17865
17955
17857
17866
17956
17858
17867
17957
17859
17868
17958
17869
17959
23850
17861
17870
17960
18806
17862
17871
17961
17863
17872
17962
17864
17873
17963
17865
17874
17964
17866
17875
17965
17867
17876
17966
17868
17877
17967
17869
17878
17968
17879
17969
23860
17871
17880
17970
18807
17872
17881
17971
17873
17882
17972
17874
17883
17973
17875
17884
17974
17876
17885
17975
17877
17886
17976
17878
17887
17977
17879
17888
17978
17889
17979
23870
17881
17890
17980
18808
17882
17891
17981
17883
17892
17982
17884
17893
17983
17885
17894
17984
17886
17895
17985
17887
17896
17986
17888
17897
17987
17889
17898
17988
17899
17989
23880
17891
17990
18809
24890
17892
17991
24880
17893
17992
24870
17894
17993
24860
17895
17994
24850
17896
17995
24840
17897
17996
24830
17898
17997
24820
17899
17998
24810
17999
23890
24800
17901
17910
18900
25900
17902
17911
25800
17903
17912
25700
17904
17913
25600
17905
17914
25500
17906
17915
25400
17907
17916
25300
17908
17917
25200
17909
17918
25100
17919
23900
25000
17911
17920
18901
25910
17912
17921
25810
17913
17922
25710
17914
17923
25610
17915
17924
25510
17916
17925
25410
17917
17926
25310
17918
17927
25210
17919
17928
25110
17929
23910
25010
17921
17930
18902
25920
17922
17931
25820
17923
17932
25720
17924
17933
25620
17925
17934
25520
17926
17935
25420
17927
17936
25320
17928
17937
25220
17929
17938
25120
17939
23920
25020
17931
17940
18903
25930
17932
17941
25830
17933
17942
25730
17934
17943
25630
17935
17944
25530
17936
17945
25430
17937
17946
25330
17938
17947
25230
17939
17948
25130
17949
23930
25030
17941
17950
18904
25940
17942
17951
25840
17943
17952
25740
17944
17953
25640
17945
17954
25540
17946
17955
25440
17947
17956
25340
17948
17957
25240
17949
17958
25140
17959
23940
25040
17951
17960
18905
25950
17952
17961
25850
17953
17962
25750
17954
17963
25650
17955
17964
25550
17956
17965
25450
17957
17966
25350
17958
17967
25250
17959
17968
25150
17969
23950
25050
17961
17970
18906
25960
17962
17971
25860
17963
17972
25760
17964
17973
25660
17965
17974
25560
17966
17975
25460
17967
17976
25360
17968
17977
25260
17969
17978
25160
17979
23960
25060
17971
17980
18907
25970
17972
17981
25870
17973
17982
25770
17974
17983
25670
17975
17984
25570
17976
17985
25470
17977
17986
25370
17978
17987
25270
17979
17988
25170
17989
23970
25070
17981
17990
18908
25980
17982
17991
25880
17983
17992
25780
17984
17993
25680
17985
17994
25580
17986
17995
25480
17987
17996
25380
17988
17997
25280
17989
17998
25180
17999
23980
25080
17991
18909
24990
25990
17992
24980
25890
17993
24970
25790
17994
24960
25690
17995
24950
25590
17996
24940
25490
17997
24930
25390
17998
24920
25290
17999
24910
25190
23990
24900
25090
18001
18010
18100
19000
18002
18011
18101
18003
18012
18102
18004
18013
18103
18005
18014
18104
18006
18015
18105
18007
18016
18106
18008
18017
18107
18009
18018
18108
18019
18109
26000
18011
18020
18110
19001
18012
18021
18111
18013
18022
18112
18014
18023
18113
18015
18024
18114
18016
18025
18115
18017
18026
18116
18018
18027
18117
18019
18028
18118
18029
18119
26010
18021
18030
18120
19002
18022
18031
18121
18023
18032
18122
18024
18033
18123
18025
18034
18124
18026
18035
18125
18027
18036
18126
18028
18037
18127
18029
18038
18128
18039
18129
26020
18031
18040
18130
19003
18032
18041
18131
18033
18042
18132
18034
18043
18133
18035
18044
18134
18036
18045
18135
18037
18046
18136
18038
18047
18137
18039
18048
18138
18049
18139
26030
18041
18050
18140
19004
18042
18051
18141
18043
18052
18142
18044
18053
18143
18045
18054
18144
18046
18055
18145
18047
18056
18146
18048
18057
18147
18049
18058
18148
18059
18149
26040
18051
18060
18150
19005
18052
18061
18151
18053
18062
18152
18054
18063
18153
18055
18064
18154
18056
18065
18155
18057
18066
18156
18058
18067
18157
18059
18068
18158
18069
18159
26050
18061
18070
18160
19006
18062
18071
18161
18063
18072
18162
18064
18073
18163
18065
18074
18164
18066
18075
18165
18067
18076
18166
18068
18077
18167
18069
18078
18168
18079
18169
26060
18071
18080
18170
19007
18072
18081
18171
18073
18082
18172
18074
18083
18173
18075
18084
18174
18076
18085
18175
18077
18086
18176
18078
18087
18177
18079
18088
18178
18089
18179
26070
18081
18090
18180
19008
18082
18091
18181
18083
18092
18182
18084
18093
18183
18085
18094
18184
18086
18095
18185
18087
18096
18186
18088
18097
18187
18089
18098
18188
18099
18189
26080
18091
18190
19009
27090
18092
18191
27080
18093
18192
27070
18094
18193
27060
18095
18194
27050
18096
18195
27040
18097
18196
27030
18098
18197
27020
18099
18198
27010
18199
26090
27000
18101
18110
18200
19100
18102
18111
18201
18103
18112
18202
18104
18113
18203
18105
18114
18204
18106
18115
18205
18107
18116
18206
18108
18117
18207
18109
18118
18208
18119
18209
26100
18111
18120
18210
19101
18112
18121
18211
18113
18122
18212
18114
18123
18213
18115
18124
18214
18116
18125
18215
18117
18126
18216
18118
18127
18217
18119
18128
18218
18129
18219
26110
18121
18130
18220
19102
18122
18131
18221
18123
18132
18222
18124
18133
18223
18125
18134
18224
18126
18135
18225
18127
18136
18226
18128
18137
18227
18129
18138
18228
18139
18229
26120
18131
18140
18230
19103
18132
18141
18231
18133
18142
18232
18134
18143
18233
18135
18144
18234
18136
18145
18235
18137
18146
18236
18138
18147
18237
18139
18148
18238
18149
18239
26130
18141
18150
18240
19104
18142
18151
18241
18143
18152
18242
18144
18153
18243
18145
18154
18244
18146
18155
18245
18147
18156
18246
18148
18157
18247
18149
18158
18248
18159
18249
26140
18151
18160
18250
19105
18152
18161
18251
18153
18162
18252
18154
18163
18253
18155
18164
18254
18156
18165
18255
18157
18166
18256
18158
18167
18257
18159
18168
18258
18169
18259
26150
18161
18170
18260
19106
18162
18171
18261
18163
18172
18262
18164
18173
18263
18165
18174
18264
18166
18175
18265
18167
18176
18266
18168
18177
18267
18169
18178
18268
18179
18269
26160
18171
18180
18270
19107
18172
18181
18271
18173
18182
18272
18174
18183
18273
18175
18184
18274
18176
18185
18275
18177
18186
18276
18178
18187
18277
18179
18188
18278
18189
18279
26170
18181
18190
18280
19108
18182
18191
18281
18183
18192
18282
18184
18193
18283
18185
18194
18284
18186
18195
18285
18187
18196
18286
18188
18197
18287
18189
18198
18288
18199
18289
26180
18191
18290
19109
27190
18192
18291
27180
18193
18292
27170
18194
18293
27160
18195
18294
27150
18196
18295
27140
18197
18296
27130
18198
18297
27120
18199
18298
27110
18299
26190
27100
18201
18210
18300
19200
18202
18211
18301
18203
18212
18302
18204
18213
18303
18205
18214
18304
18206
18215
18305
18207
18216
18306
18208
18217
18307
18209
18218
18308
18219
18309
26200
18211
18220
18310
19201
18212
18221
18311
18213
18222
18312
18214
18223
18313
18215
18224
18314
18216
18225
18315
18217
18226
18316
18218
18227
18317
18219
18228
18318
18229
18319
26210
18221
18230
18320
19202
18222
18231
18321
18223
18232
18322
18224
18233
18323
18225
18234
18324
18226
18235
18325
18227
18236
18326
18228
18237
18327
18229
18238
18328
18239
18329
26220
18231
18240
18330
19203
18232
18241
18331
18233
18242
18332
18234
18243
18333
18235
18244
18334
18236
18245
18335
18237
18246
18336
18238
18247
18337
18239
18248
18338
18249
18339
26230
18241
18250
18340
19204
18242
18251
18341
18243
18252
18342
18244
18253
18343
18245
18254
18344
18246
18255
18345
18247
18256
18346
18248
18257
18347
18249
18258
18348
18259
18349
26240
18251
18260
18350
19205
18252
18261
18351
18253
18262
18352
18254
18263
18353
18255
18264
18354
18256
18265
18355
18257
18266
18356
18258
18267
18357
18259
18268
18358
18269
18359
26250
18261
18270
18360
19206
18262
18271
18361
18263
18272
18362
18264
18273
18363
18265
18274
18364
18266
18275
18365
18267
18276
18366
18268
18277
18367
18269
18278
18368
18279
18369
26260
18271
18280
18370
19207
18272
18281
18371
18273
18282
18372
18274
18283
18373
18275
18284
18374
18276
18285
18375
18277
18286
18376
18278
18287
18377
18279
18288
18378
18289
18379
26270
18281
18290
18380
19208
18282
18291
18381
18283
18292
18382
18284
18293
18383
18285
18294
18384
18286
18295
18385
18287
18296
18386
18288
18297
18387
18289
18298
18388
18299
18389
26280
18291
18390
19209
27290
18292
18391
27280
18293
18392
27270
18294
18393
27260
18295
18394
27250
18296
18395
27240
18297
18396
27230
18298
18397
27220
18299
18398
27210
18399
26290
27200
18301
18310
18400
19300
18302
18311
18401
18303
18312
18402
18304
18313
18403
18305
18314
18404
18306
18315
18405
18307
18316
18406
18308
18317
18407
18309
18318
18408
18319
18409
26300
18311
18320
18410
19301
18312
18321
18411
18313
18322
18412
18314
18323
18413
18315
18324
18414
18316
18325
18415
18317
18326
18416
18318
18327
18417
18319
18328
18418
18329
18419
26310
18321
18330
18420
19302
18322
18331
18421
18323
18332
18422
18324
18333
18423
18325
18334
18424
18326
18335
18425
18327
18336
18426
18328
18337
18427
18329
18338
18428
18339
18429
26320
18331
18340
18430
19303
18332
18341
18431
18333
18342
18432
18334
18343
18433
18335
18344
18434
18336
18345
18435
18337
18346
18436
18338
18347
18437
18339
18348
18438
18349
18439
26330
18341
18350
18440
19304
18342
18351
18441
18343
18352
18442
18344
18353
18443
18345
18354
18444
18346
18355
18445
18347
18356
18446
18348
18357
18447
18349
18358
18448
18359
18449
26340
18351
18360
18450
19305
18352
18361
18451
18353
18362
18452
18354
18363
18453
18355
18364
18454
18356
18365
18455
18357
18366
18456
18358
18367
18457
18359
18368
18458
18369
18459
26350
18361
18370
18460
19306
18362
18371
18461
18363
18372
18462
18364
18373
18463
18365
18374
18464
18366
18375
18465
18367
18376
18466
18368
18377
18467
18369
18378
18468
18379
18469
26360
18371
18380
18470
19307
18372
18381
18471
18373
18382
18472
18374
18383
18473
18375
18384
18474
18376
18385
18475
18377
18386
18476
18378
18387
18477
18379
18388
18478
18389
18479
26370
18381
18390
18480
19308
18382
18391
18481
18383
18392
18482
18384
18393
18483
18385
18394
18484
18386
18395
18485
18387
18396
18486
18388
18397
18487
18389
18398
18488
18399
18489
26380
18391
18490
19309
27390
18392
18491
27380
18393
18492
27370
18394
18493
27360
18395
18494
27350
18396
18495
27340
18397
18496
27330
18398
18497
27320
18399
18498
27310
18499
26390
27300
18401
18410
18500
19400
18402
18411
18501
18403
18412
18502
18404
18413
18503
18405
18414
18504
18406
18415
18505
18407
18416
18506
18408
18417
18507
18409
18418
18508
18419
18509
26400
18411
18420
18510
19401
18412
18421
18511
18413
18422
18512
18414
18423
18513
18415
18424
18514
18416
18425
18515
18417
18426
18516
18418
18427
18517
18419
18428
18518
18429
18519
26410
18421
18430
18520
19402
18422
18431
18521
18423
18432
18522
18424
18433
18523
18425
18434
18524
18426
18435
18525
18427
18436
18526
18428
18437
18527
18429
18438
18528
18439
18529
26420
18431
18440
18530
19403
18432
18441
18531
18433
18442
18532
18434
18443
18533
18435
18444
18534
18436
18445
18535
18437
18446
18536
18438
18447
18537
18439
18448
18538
18449
18539
26430
18441
18450
18540
19404
18442
18451
18541
18443
18452
18542
18444
18453
18543
18445
18454
18544
18446
18455
18545
18447
18456
18546
18448
18457
18547
18449
18458
18548
18459
18549
26440
18451
18460
18550
19405
18452
18461
18551
18453
18462
18552
18454
18463
18553
18455
18464
18554
18456
18465
18555
18457
18466
18556
18458
18467
18557
18459
18468
18558
18469
18559
26450
18461
18470
18560
19406
18462
18471
18561
18463
18472
18562
18464
18473
18563
18465
18474
18564
18466
18475
18565
18467
18476
18566
18468
18477
18567
18469
18478
18568
18479
18569
26460
18471
18480
18570
19407
18472
18481
18571
18473
18482
18572
18474
18483
18573
18475
18484
18574
18476
18485
18575
18477
18486
18576
18478
18487
18577
18479
18488
18578
18489
18579
26470
18481
18490
18580
19408
18482
18491
18581
18483
18492
18582
18484
18493
18583
18485
18494
18584
18486
18495
18585
18487
18496
18586
18488
18497
18587
18489
18498
18588
18499
18589
26480
18491
18590
19409
27490
18492
18591
27480
18493
18592
27470
18494
18593
27460
18495
18594
27450
18496
18595
27440
18497
18596
27430
18498
18597
27420
18499
18598
27410
18599
26490
27400
18501
18510
18600
19500
18502
18511
18601
18503
18512
18602
18504
18513
18603
18505
18514
18604
18506
18515
18605
18507
18516
18606
18508
18517
18607
18509
18518
18608
18519
18609
26500
18511
18520
18610
19501
18512
18521
18611
18513
18522
18612
18514
18523
18613
18515
18524
18614
18516
18525
18615
18517
18526
18616
18518
18527
18617
18519
18528
18618
18529
18619
26510
18521
18530
18620
19502
18522
18531
18621
18523
18532
18622
18524
18533
18623
18525
18534
18624
18526
18535
18625
18527
18536
18626
18528
18537
18627
18529
18538
18628
18539
18629
26520
18531
18540
18630
19503
18532
18541
18631
18533
18542
18632
18534
18543
18633
18535
18544
18634
18536
18545
18635
18537
18546
18636
18538
18547
18637
18539
18548
18638
18549
18639
26530
18541
18550
18640
19504
18542
18551
18641
18543
18552
18642
18544
18553
18643
18545
18554
18644
18546
18555
18645
18547
18556
18646
18548
18557
18647
18549
18558
18648
18559
18649
26540
18551
18560
18650
19505
18552
18561
18651
18553
18562
18652
18554
18563
18653
18555
18564
18654
18556
18565
18655
18557
18566
18656
18558
18567
18657
18559
18568
18658
18569
18659
26550
18561
18570
18660
19506
18562
18571
18661
18563
18572
18662
18564
18573
18663
18565
18574
18664
18566
18575
18665
18567
18576
18666
18568
18577
18667
18569
18578
18668
18579
18669
26560
18571
18580
18670
19507
18572
18581
18671
18573
18582
18672
18574
18583
18673
18575
18584
18674
18576
18585
18675
18577
18586
18676
18578
18587
18677
18579
18588
18678
18589
18679
26570
18581
18590
18680
19508
18582
18591
18681
18583
18592
18682
18584
18593
18683
18585
18594
18684
18586
18595
18685
18587
18596
18686
18588
18597
18687
18589
18598
18688
18599
18689
26580
18591
18690
19509
27590
18592
18691
27580
18593
18692
27570
18594
18693
27560
18595
18694
27550
18596
18695
27540
18597
18696
27530
18598
18697
27520
18599
18698
27510
18699
26590
27500
18601
18610
18700
19600
18602
18611
18701
18603
18612
18702
18604
18613
18703
18605
18614
18704
18606
18615
18705
18607
18616
18706
18608
18617
18707
18609
18618
18708
18619
18709
26600
18611
18620
18710
19601
18612
18621
18711
18613
18622
18712
18614
18623
18713
18615
18624
18714
18616
18625
18715
18617
18626
18716
18618
18627
18717
18619
18628
18718
18629
18719
26610
18621
18630
18720
19602
18622
18631
18721
18623
18632
18722
18624
18633
18723
18625
18634
18724
18626
18635
18725
18627
18636
18726
18628
18637
18727
18629
18638
18728
18639
18729
26620
18631
18640
18730
19603
18632
18641
18731
18633
18642
18732
18634
18643
18733
18635
18644
18734
18636
18645
18735
18637
18646
18736
18638
18647
18737
18639
18648
18738
18649
18739
26630
18641
18650
18740
19604
18642
18651
18741
18643
18652
18742
18644
18653
18743
18645
18654
18744
18646
18655
18745
18647
18656
18746
18648
18657
18747
18649
18658
18748
18659
18749
26640
18651
18660
18750
19605
18652
18661
18751
18653
18662
18752
18654
18663
18753
18655
18664
18754
18656
18665
18755
18657
18666
18756
18658
18667
18757
18659
18668
18758
18669
18759
26650
18661
18670
18760
19606
18662
18671
18761
18663
18672
18762
18664
18673
18763
18665
18674
18764
18666
18675
18765
18667
18676
18766
18668
18677
18767
18669
18678
18768
18679
18769
26660
18671
18680
18770
19607
18672
18681
18771
18673
18682
18772
18674
18683
18773
18675
18684
18774
18676
18685
18775
18677
18686
18776
18678
18687
18777
18679
18688
18778
18689
18779
26670
18681
18690
18780
19608
18682
18691
18781
18683
18692
18782
18684
18693
18783
18685
18694
18784
18686
18695
18785
18687
18696
18786
18688
18697
18787
18689
18698
18788
18699
18789
26680
18691
18790
19609
27690
18692
18791
27680
18693
18792
27670
18694
18793
27660
18695
18794
27650
18696
18795
27640
18697
18796
27630
18698
18797
27620
18699
18798
27610
18799
26690
27600
18701
18710
18800
19700
18702
18711
18801
18703
18712
18802
18704
18713
18803
18705
18714
18804
18706
18715
18805
18707
18716
18806
18708
18717
18807
18709
18718
18808
18719
18809
26700
18711
18720
18810
19701
18712
18721
18811
18713
18722
18812
18714
18723
18813
18715
18724
18814
18716
18725
18815
18717
18726
18816
18718
18727
18817
18719
18728
18818
18729
18819
26710
18721
18730
18820
19702
18722
18731
18821
18723
18732
18822
18724
18733
18823
18725
18734
18824
18726
18735
18825
18727
18736
18826
18728
18737
18827
18729
18738
18828
18739
18829
26720
18731
18740
18830
19703
18732
18741
18831
18733
18742
18832
18734
18743
18833
18735
18744
18834
18736
18745
18835
18737
18746
18836
18738
18747
18837
18739
18748
18838
18749
18839
26730
18741
18750
18840
19704
18742
18751
18841
18743
18752
18842
18744
18753
18843
18745
18754
18844
18746
18755
18845
18747
18756
18846
18748
18757
18847
18749
18758
18848
18759
18849
26740
18751
18760
18850
19705
18752
18761
18851
18753
18762
18852
18754
18763
18853
18755
18764
18854
18756
18765
18855
18757
18766
18856
18758
18767
18857
18759
18768
18858
18769
18859
26750
18761
18770
18860
19706
18762
18771
18861
18763
18772
18862
18764
18773
18863
18765
18774
18864
18766
18775
18865
18767
18776
18866
18768
18777
18867
18769
18778
18868
18779
18869
26760
18771
18780
18870
19707
18772
18781
18871
18773
18782
18872
18774
18783
18873
18775
18784
18874
18776
18785
18875
18777
18786
18876
18778
18787
18877
18779
18788
18878
18789
18879
26770
18781
18790
18880
19708
18782
18791
18881
18783
18792
18882
18784
18793
18883
18785
18794
18884
18786
18795
18885
18787
18796
18886
18788
18797
18887
18789
18798
18888
18799
18889
26780
18791
18890
19709
27790
18792
18891
27780
18793
18892
27770
18794
18893
27760
18795
18894
27750
18796
18895
27740
18797
18896
27730
18798
18897
27720
18799
18898
27710
18899
26790
27700
18801
18810
18900
19800
18802
18811
18901
18803
18812
18902
18804
18813
18903
18805
18814
18904
18806
18815
18905
18807
18816
18906
18808
18817
18907
18809
18818
18908
18819
18909
26800
18811
18820
18910
19801
18812
18821
18911
18813
18822
18912
18814
18823
18913
18815
18824
18914
18816
18825
18915
18817
18826
18916
18818
18827
18917
18819
18828
18918
18829
18919
26810
18821
18830
18920
19802
18822
18831
18921
18823
18832
18922
18824
18833
18923
18825
18834
18924
18826
18835
18925
18827
18836
18926
18828
18837
18927
18829
18838
18928
18839
18929
26820
18831
18840
18930
19803
18832
18841
18931
18833
18842
18932
18834
18843
18933
18835
18844
18934
18836
18845
18935
18837
18846
18936
18838
18847
18937
18839
18848
18938
18849
18939
26830
18841
18850
18940
19804
18842
18851
18941
18843
18852
18942
18844
18853
18943
18845
18854
18944
18846
18855
18945
18847
18856
18946
18848
18857
18947
18849
18858
18948
18859
18949
26840
18851
18860
18950
19805
18852
18861
18951
18853
18862
18952
18854
18863
18953
18855
18864
18954
18856
18865
18955
18857
18866
18956
18858
18867
18957
18859
18868
18958
18869
18959
26850
18861
18870
18960
19806
18862
18871
18961
18863
18872
18962
18864
18873
18963
18865
18874
18964
18866
18875
18965
18867
18876
18966
18868
18877
18967
18869
18878
18968
18879
18969
26860
18871
18880
18970
19807
18872
18881
18971
18873
18882
18972
18874
18883
18973
18875
18884
18974
18876
18885
18975
18877
18886
18976
18878
18887
18977
18879
18888
18978
18889
18979
26870
18881
18890
18980
19808
18882
18891
18981
18883
18892
18982
18884
18893
18983
18885
18894
18984
18886
18895
18985
18887
18896
18986
18888
18897
18987
18889
18898
18988
18899
18989
26880
18891
18990
19809
27890
18892
18991
27880
18893
18992
27870
18894
18993
27860
18895
18994
27850
18896
18995
27840
18897
18996
27830
18898
18997
27820
18899
18998
27810
18999
26890
27800
18901
18910
19900
28900
18902
18911
28800
18903
18912
28700
18904
18913
28600
18905
18914
28500
18906
18915
28400
18907
18916
28300
18908
18917
28200
18909
18918
28100
18919
26900
28000
18911
18920
19901
28910
18912
18921
28810
18913
18922
28710
18914
18923
28610
18915
18924
28510
18916
18925
28410
18917
18926
28310
18918
18927
28210
18919
18928
28110
18929
26910
28010
18921
18930
19902
28920
18922
18931
28820
18923
18932
28720
18924
18933
28620
18925
18934
28520
18926
18935
28420
18927
18936
28320
18928
18937
28220
18929
18938
28120
18939
26920
28020
18931
18940
19903
28930
18932
18941
28830
18933
18942
28730
18934
18943
28630
18935
18944
28530
18936
18945
28430
18937
18946
28330
18938
18947
28230
18939
18948
28130
18949
26930
28030
18941
18950
19904
28940
18942
18951
28840
18943
18952
28740
18944
18953
28640
18945
18954
28540
18946
18955
28440
18947
18956
28340
18948
18957
28240
18949
18958
28140
18959
26940
28040
18951
18960
19905
28950
18952
18961
28850
18953
18962
28750
18954
18963
28650
18955
18964
28550
18956
18965
28450
18957
18966
28350
18958
18967
28250
18959
18968
28150
18969
26950
28050
18961
18970
19906
28960
18962
18971
28860
18963
18972
28760
18964
18973
28660
18965
18974
28560
18966
18975
28460
18967
18976
28360
18968
18977
28260
18969
18978
28160
18979
26960
28060
18971
18980
19907
28970
18972
18981
28870
18973
18982
28770
18974
18983
28670
18975
18984
28570
18976
18985
28470
18977
18986
28370
18978
18987
28270
18979
18988
28170
18989
26970
28070
18981
18990
19908
28980
18982
18991
28880
18983
18992
28780
18984
18993
28680
18985
18994
28580
18986
18995
28480
18987
18996
28380
18988
18997
28280
18989
18998
28180
18999
26980
28080
18991
19909
27990
28990
18992
27980
28890
18993
27970
28790
18994
27960
28690
18995
27950
28590
18996
27940
28490
18997
27930
28390
18998
27920
28290
18999
27910
28190
26990
27900
28090
19001
19010
19100
19002
19011
19101
19003
19012
19102
19004
19013
19103
19005
19014
19104
19006
19015
19105
19007
19016
19106
19008
19017
19107
19009
19018
19108
19019
19109
29000
19011
19020
19110
19012
19021
19111
19013
19022
19112
19014
19023
19113
19015
19024
19114
19016
19025
19115
19017
19026
19116
19018
19027
19117
19019
19028
19118
19029
19119
29010
19021
19030
19120
19022
19031
19121
19023
19032
19122
19024
19033
19123
19025
19034
19124
19026
19035
19125
19027
19036
19126
19028
19037
19127
19029
19038
19128
19039
19129
29020
19031
19040
19130
19032
19041
19131
19033
19042
19132
19034
19043
19133
19035
19044
19134
19036
19045
19135
19037
19046
19136
19038
19047
19137
19039
19048
19138
19049
19139
29030
19041
19050
19140
19042
19051
19141
19043
19052
19142
19044
19053
19143
19045
19054
19144
19046
19055
19145
19047
19056
19146
19048
19057
19147
19049
19058
19148
19059
19149
29040
19051
19060
19150
19052
19061
19151
19053
19062
19152
19054
19063
19153
19055
19064
19154
19056
19065
19155
19057
19066
19156
19058
19067
19157
19059
19068
19158
19069
19159
29050
19061
19070
19160
19062
19071
19161
19063
19072
19162
19064
19073
19163
19065
19074
19164
19066
19075
19165
19067
19076
19166
19068
19077
19167
19069
19078
19168
19079
19169
29060
19071
19080
19170
19072
19081
19171
19073
19082
19172
19074
19083
19173
19075
19084
19174
19076
19085
19175
19077
19086
19176
19078
19087
19177
19079
19088
19178
19089
19179
29070
19081
19090
19180
19082
19091
19181
19083
19092
19182
19084
19093
19183
19085
19094
19184
19086
19095
19185
19087
19096
19186
19088
19097
19187
19089
19098
19188
19099
19189
29080
19091
19190
30090
19092
19191
30080
19093
19192
30070
19094
19193
30060
19095
19194
30050
19096
19195
30040
19097
19196
30030
19098
19197
30020
19099
19198
30010
19199
29090
30000
19101
19110
19200
19102
19111
19201
19103
19112
19202
19104
19113
19203
19105
19114
19204
19106
19115
19205
19107
19116
19206
19108
19117
19207
19109
19118
19208
19119
19209
29100
19111
19120
19210
19112
19121
19211
19113
19122
19212
19114
19123
19213
19115
19124
19214
19116
19125
19215
19117
19126
19216
19118
19127
19217
19119
19128
19218
19129
19219
29110
19121
19130
19220
19122
19131
19221
19123
19132
19222
19124
19133
19223
19125
19134
19224
19126
19135
19225
19127
19136
19226
19128
19137
19227
19129
19138
19228
19139
19229
29120
19131
19140
19230
19132
19141
19231
19133
19142
19232
19134
19143
19233
19135
19144
19234
19136
19145
19235
19137
19146
19236
19138
19147
19237
19139
19148
19238
19149
19239
29130
19141
19150
19240
19142
19151
19241
19143
19152
19242
19144
19153
19243
19145
19154
19244
19146
19155
19245
19147
19156
19246
19148
19157
19247
19149
19158
19248
19159
19249
29140
19151
19160
19250
19152
19161
19251
19153
19162
19252
19154
19163
19253
19155
19164
19254
19156
19165
19255
19157
19166
19256
19158
19167
19257
19159
19168
19258
19169
19259
29150
19161
19170
19260
19162
19171
19261
19163
19172
19262
19164
19173
19263
19165
19174
19264
19166
19175
19265
19167
19176
19266
19168
19177
19267
19169
19178
19268
19179
19269
29160
19171
19180
19270
19172
19181
19271
19173
19182
19272
19174
19183
19273
19175
19184
19274
19176
19185
19275
19177
19186
19276
19178
19187
19277
19179
19188
19278
19189
19279
29170
19181
19190
19280
19182
19191
19281
19183
19192
19282
19184
19193
19283
19185
19194
19284
19186
19195
19285
19187
19196
19286
19188
19197
19287
19189
19198
19288
19199
19289
29180
19191
19290
30190
19192
19291
30180
19193
19292
30170
19194
19293
30160
19195
19294
30150
19196
19295
30140
19197
19296
30130
19198
19297
30120
19199
19298
30110
19299
29190
30100
19201
19210
19300
19202
19211
19301
19203
19212
19302
19204
19213
19303
19205
19214
19304
19206
19215
19305
19207
19216
19306
19208
19217
19307
19209
19218
19308
19219
19309
29200
19211
19220
19310
19212
19221
19311
19213
19222
19312
19214
19223
19313
19215
19224
19314
19216
19225
19315
19217
19226
19316
19218
19227
19317
19219
19228
19318
19229
19319
29210
19221
19230
19320
19222
19231
19321
19223
19232
19322
19224
19233
19323
19225
19234
19324
19226
19235
19325
19227
19236
19326
19228
19237
19327
19229
19238
19328
19239
19329
29220
19231
19240
19330
19232
19241
19331
19233
19242
19332
19234
19243
19333
19235
19244
19334
19236
19245
19335
19237
19246
19336
19238
19247
19337
19239
19248
19338
19249
19339
29230
19241
19250
19340
19242
19251
19341
19243
19252
19342
19244
19253
19343
19245
19254
19344
19246
19255
19345
19247
19256
19346
19248
19257
19347
19249
19258
19348
19259
19349
29240
19251
19260
19350
19252
19261
19351
19253
19262
19352
19254
19263
19353
19255
19264
19354
19256
19265
19355
19257
19266
19356
19258
19267
19357
19259
19268
19358
19269
19359
29250
19261
19270
19360
19262
19271
19361
19263
19272
19362
19264
19273
19363
19265
19274
19364
19266
19275
19365
19267
19276
19366
19268
19277
19367
19269
19278
19368
19279
19369
29260
19271
19280
19370
19272
19281
19371
19273
19282
19372
19274
19283
19373
19275
19284
19374
19276
19285
19375
19277
19286
19376
19278
19287
19377
19279
19288
19378
19289
19379
29270
19281
19290
19380
19282
19291
19381
19283
19292
19382
19284
19293
19383
19285
19294
19384
19286
19295
19385
19287
19296
19386
19288
19297
19387
19289
19298
19388
19299
19389
29280
19291
19390
30290
19292
19391
30280
19293
19392
30270
19294
19393
30260
19295
19394
30250
19296
19395
30240
19297
19396
30230
19298
19397
30220
19299
19398
30210
19399
29290
30200
19301
19310
19400
19302
19311
19401
19303
19312
19402
19304
19313
19403
19305
19314
19404
19306
19315
19405
19307
19316
19406
19308
19317
19407
19309
19318
19408
19319
19409
29300
19311
19320
19410
19312
19321
19411
19313
19322
19412
19314
19323
19413
19315
19324
19414
19316
19325
19415
19317
19326
19416
19318
19327
19417
19319
19328
19418
19329
19419
29310
19321
19330
19420
19322
19331
19421
19323
19332
19422
19324
19333
19423
19325
19334
19424
19326
19335
19425
19327
19336
19426
19328
19337
19427
19329
19338
19428
19339
19429
29320
19331
19340
19430
19332
19341
19431
19333
19342
19432
19334
19343
19433
19335
19344
19434
19336
19345
19435
19337
19346
19436
19338
19347
19437
19339
19348
19438
19349
19439
29330
19341
19350
19440
19342
19351
19441
19343
19352
19442
19344
19353
19443
19345
19354
19444
19346
19355
19445
19347
19356
19446
19348
19357
19447
19349
19358
19448
19359
19449
29340
19351
19360
19450
19352
19361
19451
19353
19362
19452
19354
19363
19453
19355
19364
19454
19356
19365
19455
19357
19366
19456
19358
19367
19457
19359
19368
19458
19369
19459
29350
19361
19370
19460
19362
19371
19461
19363
19372
19462
19364
19373
19463
19365
19374
19464
19366
19375
19465
19367
19376
19466
19368
19377
19467
19369
19378
19468
19379
19469
29360
19371
19380
19470
19372
19381
19471
19373
19382
19472
19374
19383
19473
19375
19384
19474
19376
19385
19475
19377
19386
19476
19378
19387
19477
19379
19388
19478
19389
19479
29370
19381
19390
19480
19382
19391
19481
19383
19392
19482
19384
19393
19483
19385
19394
19484
19386
19395
19485
19387
19396
19486
19388
19397
19487
19389
19398
19488
19399
19489
29380
19391
19490
30390
19392
19491
30380
19393
19492
30370
19394
19493
30360
19395
19494
30350
19396
19495
30340
19397
19496
30330
19398
19497
30320
19399
19498
30310
19499
29390
30300
19401
19410
19500
19402
19411
19501
19403
19412
19502
19404
19413
19503
19405
19414
19504
19406
19415
19505
19407
19416
19506
19408
19417
19507
19409
19418
19508
19419
19509
29400
19411
19420
19510
19412
19421
19511
19413
19422
19512
19414
19423
19513
19415
19424
19514
19416
19425
19515
19417
19426
19516
19418
19427
19517
19419
19428
19518
19429
19519
29410
19421
19430
19520
19422
19431
19521
19423
19432
19522
19424
19433
19523
19425
19434
19524
19426
19435
19525
19427
19436
19526
19428
19437
19527
19429
19438
19528
19439
19529
29420
19431
19440
19530
19432
19441
19531
19433
19442
19532
19434
19443
19533
19435
19444
19534
19436
19445
19535
19437
19446
19536
19438
19447
19537
19439
19448
19538
19449
19539
29430
19441
19450
19540
19442
19451
19541
19443
19452
19542
19444
19453
19543
19445
19454
19544
19446
19455
19545
19447
19456
19546
19448
19457
19547
19449
19458
19548
19459
19549
29440
19451
19460
19550
19452
19461
19551
19453
19462
19552
19454
19463
19553
19455
19464
19554
19456
19465
19555
19457
19466
19556
19458
19467
19557
19459
19468
19558
19469
19559
29450
19461
19470
19560
19462
19471
19561
19463
19472
19562
19464
19473
19563
19465
19474
19564
19466
19475
19565
19467
19476
19566
19468
19477
19567
19469
19478
19568
19479
19569
29460
19471
19480
19570
19472
19481
19571
19473
19482
19572
19474
19483
19573
19475
19484
19574
19476
19485
19575
19477
19486
19576
19478
19487
19577
19479
19488
19578
19489
19579
29470
19481
19490
19580
19482
19491
19581
19483
19492
19582
19484
19493
19583
19485
19494
19584
19486
19495
19585
19487
19496
19586
19488
19497
19587
19489
19498
19588
19499
19589
29480
19491
19590
30490
19492
19591
30480
19493
19592
30470
19494
19593
30460
19495
19594
30450
19496
19595
30440
19497
19596
30430
19498
19597
30420
19499
19598
30410
19599
29490
30400
19501
19510
19600
19502
19511
19601
19503
19512
19602
19504
19513
19603
19505
19514
19604
19506
19515
19605
19507
19516
19606
19508
19517
19607
19509
19518
19608
19519
19609
29500
19511
19520
19610
19512
19521
19611
19513
19522
19612
19514
19523
19613
19515
19524
19614
19516
19525
19615
19517
19526
19616
19518
19527
19617
19519
19528
19618
19529
19619
29510
19521
19530
19620
19522
19531
19621
19523
19532
19622
19524
19533
19623
19525
19534
19624
19526
19535
19625
19527
19536
19626
19528
19537
19627
19529
19538
19628
19539
19629
29520
19531
19540
19630
19532
19541
19631
19533
19542
19632
19534
19543
19633
19535
19544
19634
19536
19545
19635
19537
19546
19636
19538
19547
19637
19539
19548
19638
19549
19639
29530
19541
19550
19640
19542
19551
19641
19543
19552
19642
19544
19553
19643
19545
19554
19644
19546
19555
19645
19547
19556
19646
19548
19557
19647
19549
19558
19648
19559
19649
29540
19551
19560
19650
19552
19561
19651
19553
19562
19652
19554
19563
19653
19555
19564
19654
19556
19565
19655
19557
19566
19656
19558
19567
19657
19559
19568
19658
19569
19659
29550
19561
19570
19660
19562
19571
19661
19563
19572
19662
19564
19573
19663
19565
19574
19664
19566
19575
19665
19567
19576
19666
19568
19577
19667
19569
19578
19668
19579
19669
29560
19571
19580
19670
19572
19581
19671
19573
19582
19672
19574
19583
19673
19575
19584
19674
19576
19585
19675
19577
19586
19676
19578
19587
19677
19579
19588
19678
19589
19679
29570
19581
19590
19680
19582
19591
19681
19583
19592
19682
19584
19593
19683
19585
19594
19684
19586
19595
19685
19587
19596
19686
19588
19597
19687
19589
19598
19688
19599
19689
29580
19591
19690
30590
19592
19691
30580
19593
19692
30570
19594
19693
30560
19595
19694
30550
19596
19695
30540
19597
19696
30530
19598
19697
30520
19599
19698
30510
19699
29590
30500
19601
19610
19700
19602
19611
19701
19603
19612
19702
19604
19613
19703
19605
19614
19704
19606
19615
19705
19607
19616
19706
19608
19617
19707
19609
19618
19708
19619
19709
29600
19611
19620
19710
19612
19621
19711
19613
19622
19712
19614
19623
19713
19615
19624
19714
19616
19625
19715
19617
19626
19716
19618
19627
19717
19619
19628
19718
19629
19719
29610
19621
19630
19720
19622
19631
19721
19623
19632
19722
19624
19633
19723
19625
19634
19724
19626
19635
19725
19627
19636
19726
19628
19637
19727
19629
19638
19728
19639
19729
29620
19631
19640
19730
19632
19641
19731
19633
19642
19732
19634
19643
19733
19635
19644
19734
19636
19645
19735
19637
19646
19736
19638
19647
19737
19639
19648
19738
19649
19739
29630
19641
19650
19740
19642
19651
19741
19643
19652
19742
19644
19653
19743
19645
19654
19744
19646
19655
19745
19647
19656
19746
19648
19657
19747
19649
19658
19748
19659
19749
29640
19651
19660
19750
19652
19661
19751
19653
19662
19752
19654
19663
19753
19655
19664
19754
19656
19665
19755
19657
19666
19756
19658
19667
19757
19659
19668
19758
19669
19759
29650
19661
19670
19760
19662
19671
19761
19663
19672
19762
19664
19673
19763
19665
19674
19764
19666
19675
19765
19667
19676
19766
19668
19677
19767
19669
19678
19768
19679
19769
29660
19671
19680
19770
19672
19681
19771
19673
19682
19772
19674
19683
19773
19675
19684
19774
19676
19685
19775
19677
19686
19776
19678
19687
19777
19679
19688
19778
19689
19779
29670
19681
19690
19780
19682
19691
19781
19683
19692
19782
19684
19693
19783
19685
19694
19784
19686
19695
19785
19687
19696
19786
19688
19697
19787
19689
19698
19788
19699
19789
29680
19691
19790
30690
19692
19791
30680
19693
19792
30670
19694
19793
30660
19695
19794
30650
19696
19795
30640
19697
19796
30630
19698
19797
30620
19699
19798
30610
19799
29690
30600
19701
19710
19800
19702
19711
19801
19703
19712
19802
19704
19713
19803
19705
19714
19804
19706
19715
19805
19707
19716
19806
19708
19717
19807
19709
19718
19808
19719
19809
29700
19711
19720
19810
19712
19721
19811
19713
19722
19812
19714
19723
19813
19715
19724
19814
19716
19725
19815
19717
19726
19816
19718
19727
19817
19719
19728
19818
19729
19819
29710
19721
19730
19820
19722
19731
19821
19723
19732
19822
19724
19733
19823
19725
19734
19824
19726
19735
19825
19727
19736
19826
19728
19737
19827
19729
19738
19828
19739
19829
29720
19731
19740
19830
19732
19741
19831
19733
19742
19832
19734
19743
19833
19735
19744
19834
19736
19745
19835
19737
19746
19836
19738
19747
19837
19739
19748
19838
19749
19839
29730
19741
19750
19840
19742
19751
19841
19743
19752
19842
19744
19753
19843
19745
19754
19844
19746
19755
19845
19747
19756
19846
19748
19757
19847
19749
19758
19848
19759
19849
29740
19751
19760
19850
19752
19761
19851
19753
19762
19852
19754
19763
19853
19755
19764
19854
19756
19765
19855
19757
19766
19856
19758
19767
19857
19759
19768
19858
19769
19859
29750
19761
19770
19860
19762
19771
19861
19763
19772
19862
19764
19773
19863
19765
19774
19864
19766
19775
19865
19767
19776
19866
19768
19777
19867
19769
19778
19868
19779
19869
29760
19771
19780
19870
19772
19781
19871
19773
19782
19872
19774
19783
19873
19775
19784
19874
19776
19785
19875
19777
19786
19876
19778
19787
19877
19779
19788
19878
19789
19879
29770
19781
19790
19880
19782
19791
19881
19783
19792
19882
19784
19793
19883
19785
19794
19884
19786
19795
19885
19787
19796
19886
19788
19797
19887
19789
19798
19888
19799
19889
29780
19791
19890
30790
19792
19891
30780
19793
19892
30770
19794
19893
30760
19795
19894
30750
19796
19895
30740
19797
19896
30730
19798
19897
30720
19799
19898
30710
19899
29790
30700
19801
19810
19900
19802
19811
19901
19803
19812
19902
19804
19813
19903
19805
19814
19904
19806
19815
19905
19807
19816
19906
19808
19817
19907
19809
19818
19908
19819
19909
29800
19811
19820
19910
19812
19821
19911
19813
19822
19912
19814
19823
19913
19815
19824
19914
19816
19825
19915
19817
19826
19916
19818
19827
19917
19819
19828
19918
19829
19919
29810
19821
19830
19920
19822
19831
19921
19823
19832
19922
19824
19833
19923
19825
19834
19924
19826
19835
19925
19827
19836
19926
19828
19837
19927
19829
19838
19928
19839
19929
29820
19831
19840
19930
19832
19841
19931
19833
19842
19932
19834
19843
19933
19835
19844
19934
19836
19845
19935
19837
19846
19936
19838
19847
19937
19839
19848
19938
19849
19939
29830
19841
19850
19940
19842
19851
19941
19843
19852
19942
19844
19853
19943
19845
19854
19944
19846
19855
19945
19847
19856
19946
19848
19857
19947
19849
19858
19948
19859
19949
29840
19851
19860
19950
19852
19861
19951
19853
19862
19952
19854
19863
19953
19855
19864
19954
19856
19865
19955
19857
19866
19956
19858
19867
19957
19859
19868
19958
19869
19959
29850
19861
19870
19960
19862
19871
19961
19863
19872
19962
19864
19873
19963
19865
19874
19964
19866
19875
19965
19867
19876
19966
19868
19877
19967
19869
19878
19968
19879
19969
29860
19871
19880
19970
19872
19881
19971
19873
19882
19972
19874
19883
19973
19875
19884
19974
19876
19885
19975
19877
19886
19976
19878
19887
19977
19879
19888
19978
19889
19979
29870
19881
19890
19980
19882
19891
19981
19883
19892
19982
19884
19893
19983
19885
19894
19984
19886
19895
19985
19887
19896
19986
19888
19897
19987
19889
19898
19988
19899
19989
29880
19891
19990
30890
19892
19991
30880
19893
19992
30870
19894
19993
30860
19895
19994
30850
19896
19995
30840
19897
19996
30830
19898
19997
30820
19899
19998
30810
19999
29890
30800
19901
19910
31900
19902
19911
31800
19903
19912
31700
19904
19913
31600
19905
19914
31500
19906
19915
31400
19907
19916
31300
19908
19917
31200
19909
19918
31100
19919
29900
31000
19911
19920
31910
19912
19921
31810
19913
19922
31710
19914
19923
31610
19915
19924
31510
19916
19925
31410
19917
19926
31310
19918
19927
31210
19919
19928
31110
19929
29910
31010
19921
19930
31920
19922
19931
31820
19923
19932
31720
19924
19933
31620
19925
19934
31520
19926
19935
31420
19927
19936
31320
19928
19937
31220
19929
19938
31120
19939
29920
31020
19931
19940
31930
19932
19941
31830
19933
19942
31730
19934
19943
31630
19935
19944
31530
19936
19945
31430
19937
19946
31330
19938
19947
31230
19939
19948
31130
19949
29930
31030
19941
19950
31940
19942
19951
31840
19943
19952
31740
19944
19953
31640
19945
19954
31540
19946
19955
31440
19947
19956
31340
19948
19957
31240
19949
19958
31140
19959
29940
31040
19951
19960
31950
19952
19961
31850
19953
19962
31750
19954
19963
31650
19955
19964
31550
19956
19965
31450
19957
19966
31350
19958
19967
31250
19959
19968
31150
19969
29950
31050
19961
19970
31960
19962
19971
31860
19963
19972
31760
19964
19973
31660
19965
19974
31560
19966
19975
31460
19967
19976
31360
19968
19977
31260
19969
19978
31160
19979
29960
31060
19971
19980
31970
19972
19981
31870
19973
19982
31770
19974
19983
31670
19975
19984
31570
19976
19985
31470
19977
19986
31370
19978
19987
31270
19979
19988
31170
19989
29970
31070
19981
19990
31980
19982
19991
31880
19983
19992
31780
19984
19993
31680
19985
19994
31580
19986
19995
31480
19987
19996
31380
19988
19997
31280
19989
19998
31180
19999
29980
31080
19991
30990
31990
19992
30980
31890
19993
30970
31790
19994
30960
31690
19995
30950
31590
19996
30940
31490
19997
30930
31390
19998
30920
31290
19999
30910
31190
29990
30900
31090
20001
20010
20100
30090
20002
20011
20101
30091
20003
20012
20102
30092
20004
20013
20103
30093
20005
20014
20104
30094
20006
20015
20105
30095
20007
20016
20106
30096
20008
20017
20107
30097
20009
20018
20108
30098
20019
20109
30099
20011
20020
20110
20012
20021
20111
20013
20022
20112
20014
20023
20113
20015
20024
20114
20016
20025
20115
20017
20026
20116
20018
20027
20117
20019
20028
20118
20029
20119
20021
20030
20120
20022
20031
20121
20023
20032
20122
20024
20033
20123
20025
20034
20124
20026
20035
20125
20027
20036
20126
20028
20037
20127
20029
20038
20128
20039
20129
20031
20040
20130
20032
20041
20131
20033
20042
20132
20034
20043
20133
20035
20044
20134
20036
20045
20135
20037
20046
20136
20038
20047
20137
20039
20048
20138
20049
20139
20041
20050
20140
20042
20051
20141
20043
20052
20142
20044
20053
20143
20045
20054
20144
20046
20055
20145
20047
20056
20146
20048
20057
20147
20049
20058
20148
20059
20149
20051
20060
20150
20052
20061
20151
20053
20062
20152
20054
20063
20153
20055
20064
20154
20056
20065
20155
20057
20066
20156
20058
20067
20157
20059
20068
20158
20069
20159
20061
20070
20160
20062
20071
20161
20063
20072
20162
20064
20073
20163
20065
20074
20164
20066
20075
20165
20067
20076
20166
20068
20077
20167
20069
20078
20168
20079
20169
20071
20080
20170
20072
20081
20171
20073
20082
20172
20074
20083
20173
20075
20084
20174
20076
20085
20175
20077
20086
20176
20078
20087
20177
20079
20088
20178
20089
20179
20081
20090
20180
20082
20091
20181
20083
20092
20182
20084
20093
20183
20085
20094
20184
20086
20095
20185
20087
20096
20186
20088
20097
20187
20089
20098
20188
20099
20189
20091
20190
21000
20092
20191
21001
20093
20192
21002
20094
20193
21003
20095
20194
21004
20096
20195
21005
20097
20196
21006
20098
20197
21007
20099
20198
21008
20199
21009
20101
20110
20200
30190
20102
20111
20201
30191
20103
20112
20202
30192
20104
20113
20203
30193
20105
20114
20204
30194
20106
20115
20205
30195
20107
20116
20206
30196
20108
20117
20207
30197
20109
20118
20208
30198
20119
20209
30199
20111
20120
20210
20112
20121
20211
20113
20122
20212
20114
20123
20213
20115
20124
20214
20116
20125
20215
20117
20126
20216
20118
20127
20217
20119
20128
20218
20129
20219
20121
20130
20220
20122
20131
20221
20123
20132
20222
20124
20133
20223
20125
20134
20224
20126
20135
20225
20127
20136
20226
20128
20137
20227
20129
20138
20228
20139
20229
20131
20140
20230
20132
20141
20231
20133
20142
20232
20134
20143
20233
20135
20144
20234
20136
20145
20235
20137
20146
20236
20138
20147
20237
20139
20148
20238
20149
20239
20141
20150
20240
20142
20151
20241
20143
20152
20242
20144
20153
20243
20145
20154
20244
20146
20155
20245
20147
20156
20246
20148
20157
20247
20149
20158
20248
20159
20249
20151
20160
20250
20152
20161
20251
20153
20162
20252
20154
20163
20253
20155
20164
20254
20156
20165
20255
20157
20166
20256
20158
20167
20257
20159
20168
20258
20169
20259
20161
20170
20260
20162
20171
20261
20163
20172
20262
20164
20173
20263
20165
20174
20264
20166
20175
20265
20167
20176
20266
20168
20177
20267
20169
20178
20268
20179
20269
20171
20180
20270
20172
20181
20271
20173
20182
20272
20174
20183
20273
20175
20184
20274
20176
20185
20275
20177
20186
20276
20178
20187
20277
20179
20188
20278
20189
20279
20181
20190
20280
20182
20191
20281
20183
20192
20282
20184
20193
20283
20185
20194
20284
20186
20195
20285
20187
20196
20286
20188
20197
20287
20189
20198
20288
20199
20289
20191
20290
21100
20192
20291
21101
20193
20292
21102
20194
20293
21103
20195
20294
21104
20196
20295
21105
20197
20296
21106
20198
20297
21107
20199
20298
21108
20299
21109
20201
20210
20300
30290
20202
20211
20301
30291
20203
20212
20302
30292
20204
20213
20303
30293
20205
20214
20304
30294
20206
20215
20305
30295
20207
20216
20306
30296
20208
20217
20307
30297
20209
20218
20308
30298
20219
20309
30299
20211
20220
20310
20212
20221
20311
20213
20222
20312
20214
20223
20313
20215
20224
20314
20216
20225
20315
20217
20226
20316
20218
20227
20317
20219
20228
20318
20229
20319
20221
20230
20320
20222
20231
20321
20223
20232
20322
20224
20233
20323
20225
20234
20324
20226
20235
20325
20227
20236
20326
20228
20237
20327
20229
20238
20328
20239
20329
20231
20240
20330
20232
20241
20331
20233
20242
20332
20234
20243
20333
20235
20244
20334
20236
20245
20335
20237
20246
20336
20238
20247
20337
20239
20248
20338
20249
20339
20241
20250
20340
20242
20251
20341
20243
20252
20342
20244
20253
20343
20245
20254
20344
20246
20255
20345
20247
20256
20346
20248
20257
20347
20249
20258
20348
20259
20349
20251
20260
20350
20252
20261
20351
20253
20262
20352
20254
20263
20353
20255
20264
20354
20256
20265
20355
20257
20266
20356
20258
20267
20357
20259
20268
20358
20269
20359
20261
20270
20360
20262
20271
20361
20263
20272
20362
20264
20273
20363
20265
20274
20364
20266
20275
20365
20267
20276
20366
20268
20277
20367
20269
20278
20368
20279
20369
20271
20280
20370
20272
20281
20371
20273
20282
20372
20274
20283
20373
20275
20284
20374
20276
20285
20375
20277
20286
20376
20278
20287
20377
20279
20288
20378
20289
20379
20281
20290
20380
20282
20291
20381
20283
20292
20382
20284
20293
20383
20285
20294
20384
20286
20295
20385
20287
20296
20386
20288
20297
20387
20289
20298
20388
20299
20389
20291
20390
21200
20292
20391
21201
20293
20392
21202
20294
20393
21203
20295
20394
21204
20296
20395
21205
20297
20396
21206
20298
20397
21207
20299
20398
21208
20399
21209
20301
20310
20400
30390
20302
20311
20401
30391
20303
20312
20402
30392
20304
20313
20403
30393
20305
20314
20404
30394
20306
20315
20405
30395
20307
20316
20406
30396
20308
20317
20407
30397
20309
20318
20408
30398
20319
20409
30399
20311
20320
20410
20312
20321
20411
20313
20322
20412
20314
20323
20413
20315
20324
20414
20316
20325
20415
20317
20326
20416
20318
20327
20417
20319
20328
20418
20329
20419
20321
20330
20420
20322
20331
20421
20323
20332
20422
20324
20333
20423
20325
20334
20424
20326
20335
20425
20327
20336
20426
20328
20337
20427
20329
20338
20428
20339
20429
20331
20340
20430
20332
20341
20431
20333
20342
20432
20334
20343
20433
20335
20344
20434
20336
20345
20435
20337
20346
20436
20338
20347
20437
20339
20348
20438
20349
20439
20341
20350
20440
20342
20351
20441
20343
20352
20442
20344
20353
20443
20345
20354
20444
20346
20355
20445
20347
20356
20446
20348
20357
20447
20349
20358
20448
20359
20449
20351
20360
20450
20352
20361
20451
20353
20362
20452
20354
20363
20453
20355
20364
20454
20356
20365
20455
20357
20366
20456
20358
20367
20457
20359
20368
20458
20369
20459
20361
20370
20460
20362
20371
20461
20363
20372
20462
20364
20373
20463
20365
20374
20464
20366
20375
20465
20367
20376
20466
20368
20377
20467
20369
20378
20468
20379
20469
20371
20380
20470
20372
20381
20471
20373
20382
20472
20374
20383
20473
20375
20384
20474
20376
20385
20475
20377
20386
20476
20378
20387
20477
20379
20388
20478
20389
20479
20381
20390
20480
20382
20391
20481
20383
20392
20482
20384
20393
20483
20385
20394
20484
20386
20395
20485
20387
20396
20486
20388
20397
20487
20389
20398
20488
20399
20489
20391
20490
21300
20392
20491
21301
20393
20492
21302
20394
20493
21303
20395
20494
21304
20396
20495
21305
20397
20496
21306
20398
20497
21307
20399
20498
21308
20499
21309
20401
20410
20500
30490
20402
20411
20501
30491
20403
20412
20502
30492
20404
20413
20503
30493
20405
20414
20504
30494
20406
20415
20505
30495
20407
20416
20506
30496
20408
20417
20507
30497
20409
20418
20508
30498
20419
20509
30499
20411
20420
20510
20412
20421
20511
20413
20422
20512
20414
20423
20513
20415
20424
20514
20416
20425
20515
20417
20426
20516
20418
20427
20517
20419
20428
20518
20429
20519
20421
20430
20520
20422
20431
20521
20423
20432
20522
20424
20433
20523
20425
20434
20524
20426
20435
20525
20427
20436
20526
20428
20437
20527
20429
20438
20528
20439
20529
20431
20440
20530
20432
20441
20531
20433
20442
20532
20434
20443
20533
20435
20444
20534
20436
20445
20535
20437
20446
20536
20438
20447
20537
20439
20448
20538
20449
20539
20441
20450
20540
20442
20451
20541
20443
20452
20542
20444
20453
20543
20445
20454
20544
20446
20455
20545
20447
20456
20546
20448
20457
20547
20449
20458
20548
20459
20549
20451
20460
20550
20452
20461
20551
20453
20462
20552
20454
20463
20553
20455
20464
20554
20456
20465
20555
20457
20466
20556
20458
20467
20557
20459
20468
20558
20469
20559
20461
20470
20560
20462
20471
20561
20463
20472
20562
20464
20473
20563
20465
20474
20564
20466
20475
20565
20467
20476
20566
20468
20477
20567
20469
20478
20568
20479
20569
20471
20480
20570
20472
20481
20571
20473
20482
20572
20474
20483
20573
20475
20484
20574
20476
20485
20575
20477
20486
20576
20478
20487
20577
20479
20488
20578
20489
20579
20481
20490
20580
20482
20491
20581
20483
20492
20582
20484
20493
20583
20485
20494
20584
20486
20495
20585
20487
20496
20586
20488
20497
20587
20489
20498
20588
20499
20589
20491
20590
21400
20492
20591
21401
20493
20592
21402
20494
20593
21403
20495
20594
21404
20496
20595
21405
20497
20596
21406
20498
20597
21407
20499
20598
21408
20599
21409
20501
20510
20600
30590
20502
20511
20601
30591
20503
20512
20602
30592
20504
20513
20603
30593
20505
20514
20604
30594
20506
20515
20605
30595
20507
20516
20606
30596
20508
20517
20607
30597
20509
20518
20608
30598
20519
20609
30599
20511
20520
20610
20512
20521
20611
20513
20522
20612
20514
20523
20613
20515
20524
20614
20516
20525
20615
20517
20526
20616
20518
20527
20617
20519
20528
20618
20529
20619
20521
20530
20620
20522
20531
20621
20523
20532
20622
20524
20533
20623
20525
20534
20624
20526
20535
20625
20527
20536
20626
20528
20537
20627
20529
20538
20628
20539
20629
20531
20540
20630
20532
20541
20631
20533
20542
20632
20534
20543
20633
20535
20544
20634
20536
20545
20635
20537
20546
20636
20538
20547
20637
20539
20548
20638
20549
20639
20541
20550
20640
20542
20551
20641
20543
20552
20642
20544
20553
20643
20545
20554
20644
20546
20555
20645
20547
20556
20646
20548
20557
20647
20549
20558
20648
20559
20649
20551
20560
20650
20552
20561
20651
20553
20562
20652
20554
20563
20653
20555
20564
20654
20556
20565
20655
20557
20566
20656
20558
20567
20657
20559
20568
20658
20569
20659
20561
20570
20660
20562
20571
20661
20563
20572
20662
20564
20573
20663
20565
20574
20664
20566
20575
20665
20567
20576
20666
20568
20577
20667
20569
20578
20668
20579
20669
20571
20580
20670
20572
20581
20671
20573
20582
20672
20574
20583
20673
20575
20584
20674
20576
20585
20675
20577
20586
20676
20578
20587
20677
20579
20588
20678
20589
20679
20581
20590
20680
20582
20591
20681
20583
20592
20682
20584
20593
20683
20585
20594
20684
20586
20595
20685
20587
20596
20686
20588
20597
20687
20589
20598
20688
20599
20689
20591
20690
21500
20592
20691
21501
20593
20692
21502
20594
20693
21503
20595
20694
21504
20596
20695
21505
20597
20696
21506
20598
20697
21507
20599
20698
21508
20699
21509
20601
20610
20700
30690
20602
20611
20701
30691
20603
20612
20702
30692
20604
20613
20703
30693
20605
20614
20704
30694
20606
20615
20705
30695
20607
20616
20706
30696
20608
20617
20707
30697
20609
20618
20708
30698
20619
20709
30699
20611
20620
20710
20612
20621
20711
20613
20622
20712
20614
20623
20713
20615
20624
20714
20616
20625
20715
20617
20626
20716
20618
20627
20717
20619
20628
20718
20629
20719
20621
20630
20720
20622
20631
20721
20623
20632
20722
20624
20633
20723
20625
20634
20724
20626
20635
20725
20627
20636
20726
20628
20637
20727
20629
20638
20728
20639
20729
20631
20640
20730
20632
20641
20731
20633
20642
20732
20634
20643
20733
20635
20644
20734
20636
20645
20735
20637
20646
20736
20638
20647
20737
20639
20648
20738
20649
20739
20641
20650
20740
20642
20651
20741
20643
20652
20742
20644
20653
20743
20645
20654
20744
20646
20655
20745
20647
20656
20746
20648
20657
20747
20649
20658
20748
20659
20749
20651
20660
20750
20652
20661
20751
20653
20662
20752
20654
20663
20753
20655
20664
20754
20656
20665
20755
20657
20666
20756
20658
20667
20757
20659
20668
20758
20669
20759
20661
20670
20760
20662
20671
20761
20663
20672
20762
20664
20673
20763
20665
20674
20764
20666
20675
20765
20667
20676
20766
20668
20677
20767
20669
20678
20768
20679
20769
20671
20680
20770
20672
20681
20771
20673
20682
20772
20674
20683
20773
20675
20684
20774
20676
20685
20775
20677
20686
20776
20678
20687
20777
20679
20688
20778
20689
20779
20681
20690
20780
20682
20691
20781
20683
20692
20782
20684
20693
20783
20685
20694
20784
20686
20695
20785
20687
20696
20786
20688
20697
20787
20689
20698
20788
20699
20789
20691
20790
21600
20692
20791
21601
20693
20792
21602
20694
20793
21603
20695
20794
21604
20696
20795
21605
20697
20796
21606
20698
20797
21607
20699
20798
21608
20799
21609
20701
20710
20800
30790
20702
20711
20801
30791
20703
20712
20802
30792
20704
20713
20803
30793
20705
20714
20804
30794
20706
20715
20805
30795
20707
20716
20806
30796
20708
20717
20807
30797
20709
20718
20808
30798
20719
20809
30799
20711
20720
20810
20712
20721
20811
20713
20722
20812
20714
20723
20813
20715
20724
20814
20716
20725
20815
20717
20726
20816
20718
20727
20817
20719
20728
20818
20729
20819
20721
20730
20820
20722
20731
20821
20723
20732
20822
20724
20733
20823
20725
20734
20824
20726
20735
20825
20727
20736
20826
20728
20737
20827
20729
20738
20828
20739
20829
20731
20740
20830
20732
20741
20831
20733
20742
20832
20734
20743
20833
20735
20744
20834
20736
20745
20835
20737
20746
20836
20738
20747
20837
20739
20748
20838
20749
20839
20741
20750
20840
20742
20751
20841
20743
20752
20842
20744
20753
20843
20745
20754
20844
20746
20755
20845
20747
20756
20846
20748
20757
20847
20749
20758
20848
20759
20849
20751
20760
20850
20752
20761
20851
20753
20762
20852
20754
20763
20853
20755
20764
20854
20756
20765
20855
20757
20766
20856
20758
20767
20857
20759
20768
20858
20769
20859
20761
20770
20860
20762
20771
20861
20763
20772
20862
20764
20773
20863
20765
20774
20864
20766
20775
20865
20767
20776
20866
20768
20777
20867
20769
20778
20868
20779
20869
20771
20780
20870
20772
20781
20871
20773
20782
20872
20774
20783
20873
20775
20784
20874
20776
20785
20875
20777
20786
20876
20778
20787
20877
20779
20788
20878
20789
20879
20781
20790
20880
20782
20791
20881
20783
20792
20882
20784
20793
20883
20785
20794
20884
20786
20795
20885
20787
20796
20886
20788
20797
20887
20789
20798
20888
20799
20889
20791
20890
21700
20792
20891
21701
20793
20892
21702
20794
20893
21703
20795
20894
21704
20796
20895
21705
20797
20896
21706
20798
20897
21707
20799
20898
21708
20899
21709
20801
20810
20900
30890
20802
20811
20901
30891
20803
20812
20902
30892
20804
20813
20903
30893
20805
20814
20904
30894
20806
20815
20905
30895
20807
20816
20906
30896
20808
20817
20907
30897
20809
20818
20908
30898
20819
20909
30899
20811
20820
20910
20812
20821
20911
20813
20822
20912
20814
20823
20913
20815
20824
20914
20816
20825
20915
20817
20826
20916
20818
20827
20917
20819
20828
20918
20829
20919
20821
20830
20920
20822
20831
20921
20823
20832
20922
20824
20833
20923
20825
20834
20924
20826
20835
20925
20827
20836
20926
20828
20837
20927
20829
20838
20928
20839
20929
20831
20840
20930
20832
20841
20931
20833
20842
20932
20834
20843
20933
20835
20844
20934
20836
20845
20935
20837
20846
20936
20838
20847
20937
20839
20848
20938
20849
20939
20841
20850
20940
20842
20851
20941
20843
20852
20942
20844
20853
20943
20845
20854
20944
20846
20855
20945
20847
20856
20946
20848
20857
20947
20849
20858
20948
20859
20949
20851
20860
20950
20852
20861
20951
20853
20862
20952
20854
20863
20953
20855
20864
20954
20856
20865
20955
20857
20866
20956
20858
20867
20957
20859
20868
20958
20869
20959
20861
20870
20960
20862
20871
20961
20863
20872
20962
20864
20873
20963
20865
20874
20964
20866
20875
20965
20867
20876
20966
20868
20877
20967
20869
20878
20968
20879
20969
20871
20880
20970
20872
20881
20971
20873
20882
20972
20874
20883
20973
20875
20884
20974
20876
20885
20975
20877
20886
20976
20878
20887
20977
20879
20888
20978
20889
20979
20881
20890
20980
20882
20891
20981
20883
20892
20982
20884
20893
20983
20885
20894
20984
20886
20895
20985
20887
20896
20986
20888
20897
20987
20889
20898
20988
20899
20989
20891
20990
21800
20892
20991
21801
20893
20992
21802
20894
20993
21803
20895
20994
21804
20896
20995
21805
20897
20996
21806
20898
20997
21807
20899
20998
21808
20999
21809
20901
20910
22000
30990
20902
20911
22001
30991
20903
20912
22002
30992
20904
20913
22003
30993
20905
20914
22004
30994
20906
20915
22005
30995
20907
20916
22006
30996
20908
20917
22007
30997
20909
20918
22008
30998
20919
22009
30999
20911
20920
22010
20912
20921
22011
20913
20922
22012
20914
20923
22013
20915
20924
22014
20916
20925
22015
20917
20926
22016
20918
20927
22017
20919
20928
22018
20929
22019
20921
20930
22020
20922
20931
22021
20923
20932
22022
20924
20933
22023
20925
20934
22024
20926
20935
22025
20927
20936
22026
20928
20937
22027
20929
20938
22028
20939
22029
20931
20940
22030
20932
20941
22031
20933
20942
22032
20934
20943
22033
20935
20944
22034
20936
20945
22035
20937
20946
22036
20938
20947
22037
20939
20948
22038
20949
22039
20941
20950
22040
20942
20951
22041
20943
20952
22042
20944
20953
22043
20945
20954
22044
20946
20955
22045
20947
20956
22046
20948
20957
22047
20949
20958
22048
20959
22049
20951
20960
22050
20952
20961
22051
20953
20962
22052
20954
20963
22053
20955
20964
22054
20956
20965
22055
20957
20966
22056
20958
20967
22057
20959
20968
22058
20969
22059
20961
20970
22060
20962
20971
22061
20963
20972
22062
20964
20973
22063
20965
20974
22064
20966
20975
22065
20967
20976
22066
20968
20977
22067
20969
20978
22068
20979
22069
20971
20980
22070
20972
20981
22071
20973
20982
22072
20974
20983
22073
20975
20984
22074
20976
20985
22075
20977
20986
22076
20978
20987
22077
20979
20988
22078
20989
22079
20981
20990
22080
20982
20991
22081
20983
20992
22082
20984
20993
22083
20985
20994
22084
20986
20995
22085
20987
20996
22086
20988
20997
22087
20989
20998
22088
20999
22089
20991
21900
22090
20992
21901
22091
20993
21902
22092
20994
21903
22093
20995
21904
22094
20996
21905
22095
20997
21906
22096
20998
21907
22097
20999
21908
22098
21909
22099
21001
21010
21100
21002
21011
21101
21003
21012
21102
21004
21013
21103
21005
21014
21104
21006
21015
21105
21007
21016
21106
21008
21017
21107
21009
21018
21108
21019
21109
21011
21020
21110
21012
21021
21111
21013
21022
21112
21014
21023
21113
21015
21024
21114
21016
21025
21115
21017
21026
21116
21018
21027
21117
21019
21028
21118
21029
21119
21021
21030
21120
21022
21031
21121
21023
21032
21122
21024
21033
21123
21025
21034
21124
21026
21035
21125
21027
21036
21126
21028
21037
21127
21029
21038
21128
21039
21129
21031
21040
21130
21032
21041
21131
21033
21042
21132
21034
21043
21133
21035
21044
21134
21036
21045
21135
21037
21046
21136
21038
21047
21137
21039
21048
21138
21049
21139
21041
21050
21140
21042
21051
21141
21043
21052
21142
21044
21053
21143
21045
21054
21144
21046
21055
21145
21047
21056
21146
21048
21057
21147
21049
21058
21148
21059
21149
21051
21060
21150
21052
21061
21151
21053
21062
21152
21054
21063
21153
21055
21064
21154
21056
21065
21155
21057
21066
21156
21058
21067
21157
21059
21068
21158
21069
21159
21061
21070
21160
21062
21071
21161
21063
21072
21162
21064
21073
21163
21065
21074
21164
21066
21075
21165
21067
21076
21166
21068
21077
21167
21069
21078
21168
21079
21169
21071
21080
21170
21072
21081
21171
21073
21082
21172
21074
21083
21173
21075
21084
21174
21076
21085
21175
21077
21086
21176
21078
21087
21177
21079
21088
21178
21089
21179
21081
21090
21180
21082
21091
21181
21083
21092
21182
21084
21093
21183
21085
21094
21184
21086
21095
21185
21087
21096
21186
21088
21097
21187
21089
21098
21188
21099
21189
21091
21190
23000
21092
21191
23001
21093
21192
23002
21094
21193
23003
21095
21194
23004
21096
21195
23005
21097
21196
23006
21098
21197
23007
21099
21198
23008
21199
23009
21101
21110
21200
21102
21111
21201
21103
21112
21202
21104
21113
21203
21105
21114
21204
21106
21115
21205
21107
21116
21206
21108
21117
21207
21109
21118
21208
21119
21209
21111
21120
21210
21112
21121
21211
21113
21122
21212
21114
21123
21213
21115
21124
21214
21116
21125
21215
21117
21126
21216
21118
21127
21217
21119
21128
21218
21129
21219
21121
21130
21220
21122
21131
21221
21123
21132
21222
21124
21133
21223
21125
21134
21224
21126
21135
21225
21127
21136
21226
21128
21137
21227
21129
21138
21228
21139
21229
21131
21140
21230
21132
21141
21231
21133
21142
21232
21134
21143
21233
21135
21144
21234
21136
21145
21235
21137
21146
21236
21138
21147
21237
21139
21148
21238
21149
21239
21141
21150
21240
21142
21151
21241
21143
21152
21242
21144
21153
21243
21145
21154
21244
21146
21155
21245
21147
21156
21246
21148
21157
21247
21149
21158
21248
21159
21249
21151
21160
21250
21152
21161
21251
21153
21162
21252
21154
21163
21253
21155
21164
21254
21156
21165
21255
21157
21166
21256
21158
21167
21257
21159
21168
21258
21169
21259
21161
21170
21260
21162
21171
21261
21163
21172
21262
21164
21173
21263
21165
21174
21264
21166
21175
21265
21167
21176
21266
21168
21177
21267
21169
21178
21268
21179
21269
21171
21180
21270
21172
21181
21271
21173
21182
21272
21174
21183
21273
21175
21184
21274
21176
21185
21275
21177
21186
21276
21178
21187
21277
21179
21188
21278
21189
21279
21181
21190
21280
21182
21191
21281
21183
21192
21282
21184
21193
21283
21185
21194
21284
21186
21195
21285
21187
21196
21286
21188
21197
21287
21189
21198
21288
21199
21289
21191
21290
23100
21192
21291
23101
21193
21292
23102
21194
21293
23103
21195
21294
23104
21196
21295
23105
21197
21296
23106
21198
21297
23107
21199
21298
23108
21299
23109
21201
21210
21300
21202
21211
21301
21203
21212
21302
21204
21213
21303
21205
21214
21304
21206
21215
21305
21207
21216
21306
21208
21217
21307
21209
21218
21308
21219
21309
21211
21220
21310
21212
21221
21311
21213
21222
21312
21214
21223
21313
21215
21224
21314
21216
21225
21315
21217
21226
21316
21218
21227
21317
21219
21228
21318
21229
21319
21221
21230
21320
21222
21231
21321
21223
21232
21322
21224
21233
21323
21225
21234
21324
21226
21235
21325
21227
21236
21326
21228
21237
21327
21229
21238
21328
21239
21329
21231
21240
21330
21232
21241
21331
21233
21242
21332
21234
21243
21333
21235
21244
21334
21236
21245
21335
21237
21246
21336
21238
21247
21337
21239
21248
21338
21249
21339
21241
21250
21340
21242
21251
21341
21243
21252
21342
21244
21253
21343
21245
21254
21344
21246
21255
21345
21247
21256
21346
21248
21257
21347
21249
21258
21348
21259
21349
21251
21260
21350
21252
21261
21351
21253
21262
21352
21254
21263
21353
21255
21264
21354
21256
21265
21355
21257
21266
21356
21258
21267
21357
21259
21268
21358
21269
21359
21261
21270
21360
21262
21271
21361
21263
21272
21362
21264
21273
21363
21265
21274
21364
21266
21275
21365
21267
21276
21366
21268
21277
21367
21269
21278
21368
21279
21369
21271
21280
21370
21272
21281
21371
21273
21282
21372
21274
21283
21373
21275
21284
21374
21276
21285
21375
21277
21286
21376
21278
21287
21377
21279
21288
21378
21289
21379
21281
21290
21380
21282
21291
21381
21283
21292
21382
21284
21293
21383
21285
21294
21384
21286
21295
21385
21287
21296
21386
21288
21297
21387
21289
21298
21388
21299
21389
21291
21390
23200
21292
21391
23201
21293
21392
23202
21294
21393
23203
21295
21394
23204
21296
21395
23205
21297
21396
23206
21298
21397
23207
21299
21398
23208
21399
23209
21301
21310
21400
21302
21311
21401
21303
21312
21402
21304
21313
21403
21305
21314
21404
21306
21315
21405
21307
21316
21406
21308
21317
21407
21309
21318
21408
21319
21409
21311
21320
21410
21312
21321
21411
21313
21322
21412
21314
21323
21413
21315
21324
21414
21316
21325
21415
21317
21326
21416
21318
21327
21417
21319
21328
21418
21329
21419
21321
21330
21420
21322
21331
21421
21323
21332
21422
21324
21333
21423
21325
21334
21424
21326
21335
21425
21327
21336
21426
21328
21337
21427
21329
21338
21428
21339
21429
21331
21340
21430
21332
21341
21431
21333
21342
21432
21334
21343
21433
21335
21344
21434
21336
21345
21435
21337
21346
21436
21338
21347
21437
21339
21348
21438
21349
21439
21341
21350
21440
21342
21351
21441
21343
21352
21442
21344
21353
21443
21345
21354
21444
21346
21355
21445
21347
21356
21446
21348
21357
21447
21349
21358
21448
21359
21449
21351
21360
21450
21352
21361
21451
21353
21362
21452
21354
21363
21453
21355
21364
21454
21356
21365
21455
21357
21366
21456
21358
21367
21457
21359
21368
21458
21369
21459
21361
21370
21460
21362
21371
21461
21363
21372
21462
21364
21373
21463
21365
21374
21464
21366
21375
21465
21367
21376
21466
21368
21377
21467
21369
21378
21468
21379
21469
21371
21380
21470
21372
21381
21471
21373
21382
21472
21374
21383
21473
21375
21384
21474
21376
21385
21475
21377
21386
21476
21378
21387
21477
21379
21388
21478
21389
21479
21381
21390
21480
21382
21391
21481
21383
21392
21482
21384
21393
21483
21385
21394
21484
21386
21395
21485
21387
21396
21486
21388
21397
21487
21389
21398
21488
21399
21489
21391
21490
23300
21392
21491
23301
21393
21492
23302
21394
21493
23303
21395
21494
23304
21396
21495
23305
21397
21496
23306
21398
21497
23307
21399
21498
23308
21499
23309
21401
21410
21500
21402
21411
21501
21403
21412
21502
21404
21413
21503
21405
21414
21504
21406
21415
21505
21407
21416
21506
21408
21417
21507
21409
21418
21508
21419
21509
21411
21420
21510
21412
21421
21511
21413
21422
21512
21414
21423
21513
21415
21424
21514
21416
21425
21515
21417
21426
21516
21418
21427
21517
21419
21428
21518
21429
21519
21421
21430
21520
21422
21431
21521
21423
21432
21522
21424
21433
21523
21425
21434
21524
21426
21435
21525
21427
21436
21526
21428
21437
21527
21429
21438
21528
21439
21529
21431
21440
21530
21432
21441
21531
21433
21442
21532
21434
21443
21533
21435
21444
21534
21436
21445
21535
21437
21446
21536
21438
21447
21537
21439
21448
21538
21449
21539
21441
21450
21540
21442
21451
21541
21443
21452
21542
21444
21453
21543
21445
21454
21544
21446
21455
21545
21447
21456
21546
21448
21457
21547
21449
21458
21548
21459
21549
21451
21460
21550
21452
21461
21551
21453
21462
21552
21454
21463
21553
21455
21464
21554
21456
21465
21555
21457
21466
21556
21458
21467
21557
21459
21468
21558
21469
21559
21461
21470
21560
21462
21471
21561
21463
21472
21562
21464
21473
21563
21465
21474
21564
21466
21475
21565
21467
21476
21566
21468
21477
21567
21469
21478
21568
21479
21569
21471
21480
21570
21472
21481
21571
21473
21482
21572
21474
21483
21573
21475
21484
21574
21476
21485
21575
21477
21486
21576
21478
21487
21577
21479
21488
21578
21489
21579
21481
21490
21580
21482
21491
21581
21483
21492
21582
21484
21493
21583
21485
21494
21584
21486
21495
21585
21487
21496
21586
21488
21497
21587
21489
21498
21588
21499
21589
21491
21590
23400
21492
21591
23401
21493
21592
23402
21494
21593
23403
21495
21594
23404
21496
21595
23405
21497
21596
23406
21498
21597
23407
21499
21598
23408
21599
23409
21501
21510
21600
21502
21511
21601
21503
21512
21602
21504
21513
21603
21505
21514
21604
21506
21515
21605
21507
21516
21606
21508
21517
21607
21509
21518
21608
21519
21609
21511
21520
21610
21512
21521
21611
21513
21522
21612
21514
21523
21613
21515
21524
21614
21516
21525
21615
21517
21526
21616
21518
21527
21617
21519
21528
21618
21529
21619
21521
21530
21620
21522
21531
21621
21523
21532
21622
21524
21533
21623
21525
21534
21624
21526
21535
21625
21527
21536
21626
21528
21537
21627
21529
21538
21628
21539
21629
21531
21540
21630
21532
21541
21631
21533
21542
21632
21534
21543
21633
21535
21544
21634
21536
21545
21635
21537
21546
21636
21538
21547
21637
21539
21548
21638
21549
21639
21541
21550
21640
21542
21551
21641
21543
21552
21642
21544
21553
21643
21545
21554
21644
21546
21555
21645
21547
21556
21646
21548
21557
21647
21549
21558
21648
21559
21649
21551
21560
21650
21552
21561
21651
21553
21562
21652
21554
21563
21653
21555
21564
21654
21556
21565
21655
21557
21566
21656
21558
21567
21657
21559
21568
21658
21569
21659
21561
21570
21660
21562
21571
21661
21563
21572
21662
21564
21573
21663
21565
21574
21664
21566
21575
21665
21567
21576
21666
21568
21577
21667
21569
21578
21668
21579
21669
21571
21580
21670
21572
21581
21671
21573
21582
21672
21574
21583
21673
21575
21584
21674
21576
21585
21675
21577
21586
21676
21578
21587
21677
21579
21588
21678
21589
21679
21581
21590
21680
21582
21591
21681
21583
21592
21682
21584
21593
21683
21585
21594
21684
21586
21595
21685
21587
21596
21686
21588
21597
21687
21589
21598
21688
21599
21689
21591
21690
23500
21592
21691
23501
21593
21692
23502
21594
21693
23503
21595
21694
23504
21596
21695
23505
21597
21696
23506
21598
21697
23507
21599
21698
23508
21699
23509
21601
21610
21700
21602
21611
21701
21603
21612
21702
21604
21613
21703
21605
21614
21704
21606
21615
21705
21607
21616
21706
21608
21617
21707
21609
21618
21708
21619
21709
21611
21620
21710
21612
21621
21711
21613
21622
21712
21614
21623
21713
21615
21624
21714
21616
21625
21715
21617
21626
21716
21618
21627
21717
21619
21628
21718
21629
21719
21621
21630
21720
21622
21631
21721
21623
21632
21722
21624
21633
21723
21625
21634
21724
21626
21635
21725
21627
21636
21726
21628
21637
21727
21629
21638
21728
21639
21729
21631
21640
21730
21632
21641
21731
21633
21642
21732
21634
21643
21733
21635
21644
21734
21636
21645
21735
21637
21646
21736
21638
21647
21737
21639
21648
21738
21649
21739
21641
21650
21740
21642
21651
21741
21643
21652
21742
21644
21653
21743
21645
21654
21744
21646
21655
21745
21647
21656
21746
21648
21657
21747
21649
21658
21748
21659
21749
21651
21660
21750
21652
21661
21751
21653
21662
21752
21654
21663
21753
21655
21664
21754
21656
21665
21755
21657
21666
21756
21658
21667
21757
21659
21668
21758
21669
21759
21661
21670
21760
21662
21671
21761
21663
21672
21762
21664
21673
21763
21665
21674
21764
21666
21675
21765
21667
21676
21766
21668
21677
21767
21669
21678
21768
21679
21769
21671
21680
21770
21672
21681
21771
21673
21682
21772
21674
21683
21773
21675
21684
21774
21676
21685
21775
21677
21686
21776
21678
21687
21777
21679
21688
21778
21689
21779
21681
21690
21780
21682
21691
21781
21683
21692
21782
21684
21693
21783
21685
21694
21784
21686
21695
21785
21687
21696
21786
21688
21697
21787
21689
21698
21788
21699
21789
21691
21790
23600
21692
21791
23601
21693
21792
23602
21694
21793
23603
21695
21794
23604
21696
21795
23605
21697
21796
23606
21698
21797
23607
21699
21798
23608
21799
23609
21701
21710
21800
21702
21711
21801
21703
21712
21802
21704
21713
21803
21705
21714
21804
21706
21715
21805
21707
21716
21806
21708
21717
21807
21709
21718
21808
21719
21809
21711
21720
21810
21712
21721
21811
21713
21722
21812
21714
21723
21813
21715
21724
21814
21716
21725
21815
21717
21726
21816
21718
21727
21817
21719
21728
21818
21729
21819
21721
21730
21820
21722
21731
21821
21723
21732
21822
21724
21733
21823
21725
21734
21824
21726
21735
21825
21727
21736
21826
21728
21737
21827
21729
21738
21828
21739
21829
21731
21740
21830
21732
21741
21831
21733
21742
21832
21734
21743
21833
21735
21744
21834
21736
21745
21835
21737
21746
21836
21738
21747
21837
21739
21748
21838
21749
21839
21741
21750
21840
21742
21751
21841
21743
21752
21842
21744
21753
21843
21745
21754
21844
21746
21755
21845
21747
21756
21846
21748
21757
21847
21749
21758
21848
21759
21849
21751
21760
21850
21752
21761
21851
21753
21762
21852
21754
21763
21853
21755
21764
21854
21756
21765
21855
21757
21766
21856
21758
21767
21857
21759
21768
21858
21769
21859
21761
21770
21860
21762
21771
21861
21763
21772
21862
21764
21773
21863
21765
21774
21864
21766
21775
21865
21767
21776
21866
21768
21777
21867
21769
21778
21868
21779
21869
21771
21780
21870
21772
21781
21871
21773
21782
21872
21774
21783
21873
21775
21784
21874
21776
21785
21875
21777
21786
21876
21778
21787
21877
21779
21788
21878
21789
21879
21781
21790
21880
21782
21791
21881
21783
21792
21882
21784
21793
21883
21785
21794
21884
21786
21795
21885
21787
21796
21886
21788
21797
21887
21789
21798
21888
21799
21889
21791
21890
23700
21792
21891
23701
21793
21892
23702
21794
21893
23703
21795
21894
23704
21796
21895
23705
21797
21896
23706
21798
21897
23707
21799
21898
23708
21899
23709
21801
21810
21900
21802
21811
21901
21803
21812
21902
21804
21813
21903
21805
21814
21904
21806
21815
21905
21807
21816
21906
21808
21817
21907
21809
21818
21908
21819
21909
21811
21820
21910
21812
21821
21911
21813
21822
21912
21814
21823
21913
21815
21824
21914
21816
21825
21915
21817
21826
21916
21818
21827
21917
21819
21828
21918
21829
21919
21821
21830
21920
21822
21831
21921
21823
21832
21922
21824
21833
21923
21825
21834
21924
21826
21835
21925
21827
21836
21926
21828
21837
21927
21829
21838
21928
21839
21929
21831
21840
21930
21832
21841
21931
21833
21842
21932
21834
21843
21933
21835
21844
21934
21836
21845
21935
21837
21846
21936
21838
21847
21937
21839
21848
21938
21849
21939
21841
21850
21940
21842
21851
21941
21843
21852
21942
21844
21853
21943
21845
21854
21944
21846
21855
21945
21847
21856
21946
21848
21857
21947
21849
21858
21948
21859
21949
21851
21860
21950
21852
21861
21951
21853
21862
21952
21854
21863
21953
21855
21864
21954
21856
21865
21955
21857
21866
21956
21858
21867
21957
21859
21868
21958
21869
21959
21861
21870
21960
21862
21871
21961
21863
21872
21962
21864
21873
21963
21865
21874
21964
21866
21875
21965
21867
21876
21966
21868
21877
21967
21869
21878
21968
21879
21969
21871
21880
21970
21872
21881
21971
21873
21882
21972
21874
21883
21973
21875
21884
21974
21876
21885
21975
21877
21886
21976
21878
21887
21977
21879
21888
21978
21889
21979
21881
21890
21980
21882
21891
21981
21883
21892
21982
21884
21893
21983
21885
21894
21984
21886
21895
21985
21887
21896
21986
21888
21897
21987
21889
21898
21988
21899
21989
21891
21990
23800
21892
21991
23801
21893
21992
23802
21894
21993
23803
21895
21994
23804
21896
21995
23805
21897
21996
23806
21898
21997
23807
21899
21998
23808
21999
23809
21901
21910
22090
21902
21911
22091
21903
21912
22092
21904
21913
22093
21905
21914
22094
21906
21915
22095
21907
21916
22096
21908
21917
22097
21909
21918
22098
21919
22099
21911
21920
22190
21912
21921
22191
21913
21922
22192
21914
21923
22193
21915
21924
22194
21916
21925
22195
21917
21926
22196
21918
21927
22197
21919
21928
22198
21929
22199
21921
21930
22290
21922
21931
22291
21923
21932
22292
21924
21933
22293
21925
21934
22294
21926
21935
22295
21927
21936
22296
21928
21937
22297
21929
21938
22298
21939
22299
21931
21940
22390
21932
21941
22391
21933
21942
22392
21934
21943
22393
21935
21944
22394
21936
21945
22395
21937
21946
22396
21938
21947
22397
21939
21948
22398
21949
22399
21941
21950
22490
21942
21951
22491
21943
21952
22492
21944
21953
22493
21945
21954
22494
21946
21955
22495
21947
21956
22496
21948
21957
22497
21949
21958
22498
21959
22499
21951
21960
22590
21952
21961
22591
21953
21962
22592
21954
21963
22593
21955
21964
22594
21956
21965
22595
21957
21966
22596
21958
21967
22597
21959
21968
22598
21969
22599
21961
21970
22690
21962
21971
22691
21963
21972
22692
21964
21973
22693
21965
21974
22694
21966
21975
22695
21967
21976
22696
21968
21977
22697
21969
21978
22698
21979
22699
21971
21980
22790
21972
21981
22791
21973
21982
22792
21974
21983
22793
21975
21984
22794
21976
21985
22795
21977
21986
22796
21978
21987
22797
21979
21988
22798
21989
22799
21981
21990
22890
21982
21991
22891
21983
21992
22892
21984
21993
22893
21985
21994
22894
21986
21995
22895
21987
21996
22896
21988
21997
22897
21989
21998
22898
21999
22899
21991
22990
23900
21992
22991
23901
21993
22992
23902
21994
22993
23903
21995
22994
23904
21996
22995
23905
21997
22996
23906
21998
22997
23907
21999
22998
23908
22999
23909
22001
22010
22100
31990
22002
22011
22101
31991
22003
22012
22102
31992
22004
22013
22103
31993
22005
22014
22104
31994
22006
22015
22105
31995
22007
22016
22106
31996
22008
22017
22107
31997
22009
22018
22108
31998
22019
22109
31999
22011
22020
22110
22012
22021
22111
22013
22022
22112
22014
22023
22113
22015
22024
22114
22016
22025
22115
22017
22026
22116
22018
22027
22117
22019
22028
22118
22029
22119
22021
22030
22120
22022
22031
22121
22023
22032
22122
22024
22033
22123
22025
22034
22124
22026
22035
22125
22027
22036
22126
22028
22037
22127
22029
22038
22128
22039
22129
22031
22040
22130
22032
22041
22131
22033
22042
22132
22034
22043
22133
22035
22044
22134
22036
22045
22135
22037
22046
22136
22038
22047
22137
22039
22048
22138
22049
22139
22041
22050
22140
22042
22051
22141
22043
22052
22142
22044
22053
22143
22045
22054
22144
22046
22055
22145
22047
22056
22146
22048
22057
22147
22049
22058
22148
22059
22149
22051
22060
22150
22052
22061
22151
22053
22062
22152
22054
22063
22153
22055
22064
22154
22056
22065
22155
22057
22066
22156
22058
22067
22157
22059
22068
22158
22069
22159
22061
22070
22160
22062
22071
22161
22063
22072
22162
22064
22073
22163
22065
22074
22164
22066
22075
22165
22067
22076
22166
22068
22077
22167
22069
22078
22168
22079
22169
22071
22080
22170
22072
22081
22171
22073
22082
22172
22074
22083
22173
22075
22084
22174
22076
22085
22175
22077
22086
22176
22078
22087
22177
22079
22088
22178
22089
22179
22081
22090
22180
22082
22091
22181
22083
22092
22182
22084
22093
22183
22085
22094
22184
22086
22095
22185
22087
22096
22186
22088
22097
22187
22089
22098
22188
22099
22189
22091
22190
22092
22191
22093
22192
22094
22193
22095
22194
22096
22195
22097
22196
22098
22197
22099
22198
22199
22101
22110
22200
31980
22102
22111
22201
31981
22103
22112
22202
31982
22104
22113
22203
31983
22105
22114
22204
31984
22106
22115
22205
31985
22107
22116
22206
31986
22108
22117
22207
31987
22109
22118
22208
31988
22119
22209
31989
22111
22120
22210
22112
22121
22211
22113
22122
22212
22114
22123
22213
22115
22124
22214
22116
22125
22215
22117
22126
22216
22118
22127
22217
22119
22128
22218
22129
22219
22121
22130
22220
22122
22131
22221
22123
22132
22222
22124
22133
22223
22125
22134
22224
22126
22135
22225
22127
22136
22226
22128
22137
22227
22129
22138
22228
22139
22229
22131
22140
22230
22132
22141
22231
22133
22142
22232
22134
22143
22233
22135
22144
22234
22136
22145
22235
22137
22146
22236
22138
22147
22237
22139
22148
22238
22149
22239
22141
22150
22240
22142
22151
22241
22143
22152
22242
22144
22153
22243
22145
22154
22244
22146
22155
22245
22147
22156
22246
22148
22157
22247
22149
22158
22248
22159
22249
22151
22160
22250
22152
22161
22251
22153
22162
22252
22154
22163
22253
22155
22164
22254
22156
22165
22255
22157
22166
22256
22158
22167
22257
22159
22168
22258
22169
22259
22161
22170
22260
22162
22171
22261
22163
22172
22262
22164
22173
22263
22165
22174
22264
22166
22175
22265
22167
22176
22266
22168
22177
22267
22169
22178
22268
22179
22269
22171
22180
22270
22172
22181
22271
22173
22182
22272
22174
22183
22273
22175
22184
22274
22176
22185
22275
22177
22186
22276
22178
22187
22277
22179
22188
22278
22189
22279
22181
22190
22280
22182
22191
22281
22183
22192
22282
22184
22193
22283
22185
22194
22284
22186
22195
22285
22187
22196
22286
22188
22197
22287
22189
22198
22288
22199
22289
22191
22290
22192
22291
22193
22292
22194
22293
22195
22294
22196
22295
22197
22296
22198
22297
22199
22298
22299
22201
22210
22300
31970
22202
22211
22301
31971
22203
22212
22302
31972
22204
22213
22303
31973
22205
22214
22304
31974
22206
22215
22305
31975
22207
22216
22306
31976
22208
22217
22307
31977
22209
22218
22308
31978
22219
22309
31979
22211
22220
22310
22212
22221
22311
22213
22222
22312
22214
22223
22313
22215
22224
22314
22216
22225
22315
22217
22226
22316
22218
22227
22317
22219
22228
22318
22229
22319
22221
22230
22320
22222
22231
22321
22223
22232
22322
22224
22233
22323
22225
22234
22324
22226
22235
22325
22227
22236
22326
22228
22237
22327
22229
22238
22328
22239
22329
22231
22240
22330
22232
22241
22331
22233
22242
22332
22234
22243
22333
22235
22244
22334
22236
22245
22335
22237
22246
22336
22238
22247
22337
22239
22248
22338
22249
22339
22241
22250
22340
22242
22251
22341
22243
22252
22342
22244
22253
22343
22245
22254
22344
22246
22255
22345
22247
22256
22346
22248
22257
22347
22249
22258
22348
22259
22349
22251
22260
22350
22252
22261
22351
22253
22262
22352
22254
22263
22353
22255
22264
22354
22256
22265
22355
22257
22266
22356
22258
22267
22357
22259
22268
22358
22269
22359
22261
22270
22360
22262
22271
22361
22263
22272
22362
22264
22273
22363
22265
22274
22364
22266
22275
22365
22267
22276
22366
22268
22277
22367
22269
22278
22368
22279
22369
22271
22280
22370
22272
22281
22371
22273
22282
22372
22274
22283
22373
22275
22284
22374
22276
22285
22375
22277
22286
22376
22278
22287
22377
22279
22288
22378
22289
22379
22281
22290
22380
22282
22291
22381
22283
22292
22382
22284
22293
22383
22285
22294
22384
22286
22295
22385
22287
22296
22386
22288
22297
22387
22289
22298
22388
22299
22389
22291
22390
22292
22391
22293
22392
22294
22393
22295
22394
22296
22395
22297
22396
22298
22397
22299
22398
22399
22301
22310
22400
31960
22302
22311
22401
31961
22303
22312
22402
31962
22304
22313
22403
31963
22305
22314
22404
31964
22306
22315
22405
31965
22307
22316
22406
31966
22308
22317
22407
31967
22309
22318
22408
31968
22319
22409
31969
22311
22320
22410
22312
22321
22411
22313
22322
22412
22314
22323
22413
22315
22324
22414
22316
22325
22415
22317
22326
22416
22318
22327
22417
22319
22328
22418
22329
22419
22321
22330
22420
22322
22331
22421
22323
22332
22422
22324
22333
22423
22325
22334
22424
22326
22335
22425
22327
22336
22426
22328
22337
22427
22329
22338
22428
22339
22429
22331
22340
22430
22332
22341
22431
22333
22342
22432
22334
22343
22433
22335
22344
22434
22336
22345
22435
22337
22346
22436
22338
22347
22437
22339
22348
22438
22349
22439
22341
22350
22440
22342
22351
22441
22343
22352
22442
22344
22353
22443
22345
22354
22444
22346
22355
22445
22347
22356
22446
22348
22357
22447
22349
22358
22448
22359
22449
22351
22360
22450
22352
22361
22451
22353
22362
22452
22354
22363
22453
22355
22364
22454
22356
22365
22455
22357
22366
22456
22358
22367
22457
22359
22368
22458
22369
22459
22361
22370
22460
22362
22371
22461
22363
22372
22462
22364
22373
22463
22365
22374
22464
22366
22375
22465
22367
22376
22466
22368
22377
22467
22369
22378
22468
22379
22469
22371
22380
22470
22372
22381
22471
22373
22382
22472
22374
22383
22473
22375
22384
22474
22376
22385
22475
22377
22386
22476
22378
22387
22477
22379
22388
22478
22389
22479
22381
22390
22480
22382
22391
22481
22383
22392
22482
22384
22393
22483
22385
22394
22484
22386
22395
22485
22387
22396
22486
22388
22397
22487
22389
22398
22488
22399
22489
22391
22490
22392
22491
22393
22492
22394
22493
22395
22494
22396
22495
22397
22496
22398
22497
22399
22498
22499
22401
22410
22500
31950
22402
22411
22501
31951
22403
22412
22502
31952
22404
22413
22503
31953
22405
22414
22504
31954
22406
22415
22505
31955
22407
22416
22506
31956
22408
22417
22507
31957
22409
22418
22508
31958
22419
22509
31959
22411
22420
22510
22412
22421
22511
22413
22422
22512
22414
22423
22513
22415
22424
22514
22416
22425
22515
22417
22426
22516
22418
22427
22517
22419
22428
22518
22429
22519
22421
22430
22520
22422
22431
22521
22423
22432
22522
22424
22433
22523
22425
22434
22524
22426
22435
22525
22427
22436
22526
22428
22437
22527
22429
22438
22528
22439
22529
22431
22440
22530
22432
22441
22531
22433
22442
22532
22434
22443
22533
22435
22444
22534
22436
22445
22535
22437
22446
22536
22438
22447
22537
22439
22448
22538
22449
22539
22441
22450
22540
22442
22451
22541
22443
22452
22542
22444
22453
22543
22445
22454
22544
22446
22455
22545
22447
22456
22546
22448
22457
22547
22449
22458
22548
22459
22549
22451
22460
22550
22452
22461
22551
22453
22462
22552
22454
22463
22553
22455
22464
22554
22456
22465
22555
22457
22466
22556
22458
22467
22557
22459
22468
22558
22469
22559
22461
22470
22560
22462
22471
22561
22463
22472
22562
22464
22473
22563
22465
22474
22564
22466
22475
22565
22467
22476
22566
22468
22477
22567
22469
22478
22568
22479
22569
22471
22480
22570
22472
22481
22571
22473
22482
22572
22474
22483
22573
22475
22484
22574
22476
22485
22575
22477
22486
22576
22478
22487
22577
22479
22488
22578
22489
22579
22481
22490
22580
22482
22491
22581
22483
22492
22582
22484
22493
22583
22485
22494
22584
22486
22495
22585
22487
22496
22586
22488
22497
22587
22489
22498
22588
22499
22589
22491
22590
22492
22591
22493
22592
22494
22593
22495
22594
22496
22595
22497
22596
22498
22597
22499
22598
22599
22501
22510
22600
31940
22502
22511
22601
31941
22503
22512
22602
31942
22504
22513
22603
31943
22505
22514
22604
31944
22506
22515
22605
31945
22507
22516
22606
31946
22508
22517
22607
31947
22509
22518
22608
31948
22519
22609
31949
22511
22520
22610
22512
22521
22611
22513
22522
22612
22514
22523
22613
22515
22524
22614
22516
22525
22615
22517
22526
22616
22518
22527
22617
22519
22528
22618
22529
22619
22521
22530
22620
22522
22531
22621
22523
22532
22622
22524
22533
22623
22525
22534
22624
22526
22535
22625
22527
22536
22626
22528
22537
22627
22529
22538
22628
22539
22629
22531
22540
22630
22532
22541
22631
22533
22542
22632
22534
22543
22633
22535
22544
22634
22536
22545
22635
22537
22546
22636
22538
22547
22637
22539
22548
22638
22549
22639
22541
22550
22640
22542
22551
22641
22543
22552
22642
22544
22553
22643
22545
22554
22644
22546
22555
22645
22547
22556
22646
22548
22557
22647
22549
22558
22648
22559
22649
22551
22560
22650
22552
22561
22651
22553
22562
22652
22554
22563
22653
22555
22564
22654
22556
22565
22655
22557
22566
22656
22558
22567
22657
22559
22568
22658
22569
22659
22561
22570
22660
22562
22571
22661
22563
22572
22662
22564
22573
22663
22565
22574
22664
22566
22575
22665
22567
22576
22666
22568
22577
22667
22569
22578
22668
22579
22669
22571
22580
22670
22572
22581
22671
22573
22582
22672
22574
22583
22673
22575
22584
22674
22576
22585
22675
22577
22586
22676
22578
22587
22677
22579
22588
22678
22589
22679
22581
22590
22680
22582
22591
22681
22583
22592
22682
22584
22593
22683
22585
22594
22684
22586
22595
22685
22587
22596
22686
22588
22597
22687
22589
22598
22688
22599
22689
22591
22690
22592
22691
22593
22692
22594
22693
22595
22694
22596
22695
22597
22696
22598
22697
22599
22698
22699
22601
22610
22700
31930
22602
22611
22701
31931
22603
22612
22702
31932
22604
22613
22703
31933
22605
22614
22704
31934
22606
22615
22705
31935
22607
22616
22706
31936
22608
22617
22707
31937
22609
22618
22708
31938
22619
22709
31939
22611
22620
22710
22612
22621
22711
22613
22622
22712
22614
22623
22713
22615
22624
22714
22616
22625
22715
22617
22626
22716
22618
22627
22717
22619
22628
22718
22629
22719
22621
22630
22720
22622
22631
22721
22623
22632
22722
22624
22633
22723
22625
22634
22724
22626
22635
22725
22627
22636
22726
22628
22637
22727
22629
22638
22728
22639
22729
22631
22640
22730
22632
22641
22731
22633
22642
22732
22634
22643
22733
22635
22644
22734
22636
22645
22735
22637
22646
22736
22638
22647
22737
22639
22648
22738
22649
22739
22641
22650
22740
22642
22651
22741
22643
22652
22742
22644
22653
22743
22645
22654
22744
22646
22655
22745
22647
22656
22746
22648
22657
22747
22649
22658
22748
22659
22749
22651
22660
22750
22652
22661
22751
22653
22662
22752
22654
22663
22753
22655
22664
22754
22656
22665
22755
22657
22666
22756
22658
22667
22757
22659
22668
22758
22669
22759
22661
22670
22760
22662
22671
22761
22663
22672
22762
22664
22673
22763
22665
22674
22764
22666
22675
22765
22667
22676
22766
22668
22677
22767
22669
22678
22768
22679
22769
22671
22680
22770
22672
22681
22771
22673
22682
22772
22674
22683
22773
22675
22684
22774
22676
22685
22775
22677
22686
22776
22678
22687
22777
22679
22688
22778
22689
22779
22681
22690
22780
22682
22691
22781
22683
22692
22782
22684
22693
22783
22685
22694
22784
22686
22695
22785
22687
22696
22786
22688
22697
22787
22689
22698
22788
22699
22789
22691
22790
22692
22791
22693
22792
22694
22793
22695
22794
22696
22795
22697
22796
22698
22797
22699
22798
22799
22701
22710
22800
31920
22702
22711
22801
31921
22703
22712
22802
31922
22704
22713
22803
31923
22705
22714
22804
31924
22706
22715
22805
31925
22707
22716
22806
31926
22708
22717
22807
31927
22709
22718
22808
31928
22719
22809
31929
22711
22720
22810
22712
22721
22811
22713
22722
22812
22714
22723
22813
22715
22724
22814
22716
22725
22815
22717
22726
22816
22718
22727
22817
22719
22728
22818
22729
22819
22721
22730
22820
22722
22731
22821
22723
22732
22822
22724
22733
22823
22725
22734
22824
22726
22735
22825
22727
22736
22826
22728
22737
22827
22729
22738
22828
22739
22829
22731
22740
22830
22732
22741
22831
22733
22742
22832
22734
22743
22833
22735
22744
22834
22736
22745
22835
22737
22746
22836
22738
22747
22837
22739
22748
22838
22749
22839
22741
22750
22840
22742
22751
22841
22743
22752
22842
22744
22753
22843
22745
22754
22844
22746
22755
22845
22747
22756
22846
22748
22757
22847
22749
22758
22848
22759
22849
22751
22760
22850
22752
22761
22851
22753
22762
22852
22754
22763
22853
22755
22764
22854
22756
22765
22855
22757
22766
22856
22758
22767
22857
22759
22768
22858
22769
22859
22761
22770
22860
22762
22771
22861
22763
22772
22862
22764
22773
22863
22765
22774
22864
22766
22775
22865
22767
22776
22866
22768
22777
22867
22769
22778
22868
22779
22869
22771
22780
22870
22772
22781
22871
22773
22782
22872
22774
22783
22873
22775
22784
22874
22776
22785
22875
22777
22786
22876
22778
22787
22877
22779
22788
22878
22789
22879
22781
22790
22880
22782
22791
22881
22783
22792
22882
22784
22793
22883
22785
22794
22884
22786
22795
22885
22787
22796
22886
22788
22797
22887
22789
22798
22888
22799
22889
22791
22890
22792
22891
22793
22892
22794
22893
22795
22894
22796
22895
22797
22896
22798
22897
22799
22898
22899
22801
22810
22900
31910
22802
22811
22901
31911
22803
22812
22902
31912
22804
22813
22903
31913
22805
22814
22904
31914
22806
22815
22905
31915
22807
22816
22906
31916
22808
22817
22907
31917
22809
22818
22908
31918
22819
22909
31919
22811
22820
22910
22812
22821
22911
22813
22822
22912
22814
22823
22913
22815
22824
22914
22816
22825
22915
22817
22826
22916
22818
22827
22917
22819
22828
22918
22829
22919
22821
22830
22920
22822
22831
22921
22823
22832
22922
22824
22833
22923
22825
22834
22924
22826
22835
22925
22827
22836
22926
22828
22837
22927
22829
22838
22928
22839
22929
22831
22840
22930
22832
22841
22931
22833
22842
22932
22834
22843
22933
22835
22844
22934
22836
22845
22935
22837
22846
22936
22838
22847
22937
22839
22848
22938
22849
22939
22841
22850
22940
22842
22851
22941
22843
22852
22942
22844
22853
22943
22845
22854
22944
22846
22855
22945
22847
22856
22946
22848
22857
22947
22849
22858
22948
22859
22949
22851
22860
22950
22852
22861
22951
22853
22862
22952
22854
22863
22953
22855
22864
22954
22856
22865
22955
22857
22866
22956
22858
22867
22957
22859
22868
22958
22869
22959
22861
22870
22960
22862
22871
22961
22863
22872
22962
22864
22873
22963
22865
22874
22964
22866
22875
22965
22867
22876
22966
22868
22877
22967
22869
22878
22968
22879
22969
22871
22880
22970
22872
22881
22971
22873
22882
22972
22874
22883
22973
22875
22884
22974
22876
22885
22975
22877
22886
22976
22878
22887
22977
22879
22888
22978
22889
22979
22881
22890
22980
22882
22891
22981
22883
22892
22982
22884
22893
22983
22885
22894
22984
22886
22895
22985
22887
22896
22986
22888
22897
22987
22889
22898
22988
22899
22989
22891
22990
22892
22991
22893
22992
22894
22993
22895
22994
22896
22995
22897
22996
22898
22997
22899
22998
22999
22901
22910
25900
31900
22902
22911
25901
31901
22903
22912
25902
31902
22904
22913
25903
31903
22905
22914
25904
31904
22906
22915
25905
31905
22907
22916
25906
31906
22908
22917
25907
31907
22909
22918
25908
31908
22919
25909
31909
22911
22920
25800
22912
22921
25801
22913
22922
25802
22914
22923
25803
22915
22924
25804
22916
22925
25805
22917
22926
25806
22918
22927
25807
22919
22928
25808
22929
25809
22921
22930
25700
22922
22931
25701
22923
22932
25702
22924
22933
25703
22925
22934
25704
22926
22935
25705
22927
22936
25706
22928
22937
25707
22929
22938
25708
22939
25709
22931
22940
25600
22932
22941
25601
22933
22942
25602
22934
22943
25603
22935
22944
25604
22936
22945
25605
22937
22946
25606
22938
22947
25607
22939
22948
25608
22949
25609
22941
22950
25500
22942
22951
25501
22943
22952
25502
22944
22953
25503
22945
22954
25504
22946
22955
25505
22947
22956
25506
22948
22957
25507
22949
22958
25508
22959
25509
22951
22960
25400
22952
22961
25401
22953
22962
25402
22954
22963
25403
22955
22964
25404
22956
22965
25405
22957
22966
25406
22958
22967
25407
22959
22968
25408
22969
25409
22961
22970
25300
22962
22971
25301
22963
22972
25302
22964
22973
25303
22965
22974
25304
22966
22975
25305
22967
22976
25306
22968
22977
25307
22969
22978
25308
22979
25309
22971
22980
25200
22972
22981
25201
22973
22982
25202
22974
22983
25203
22975
22984
25204
22976
22985
25205
22977
22986
25206
22978
22987
25207
22979
22988
25208
22989
25209
22981
22990
25100
22982
22991
25101
22983
22992
25102
22984
22993
25103
22985
22994
25104
22986
22995
25105
22987
22996
25106
22988
22997
25107
22989
22998
25108
22999
25109
22991
25000
22992
25001
22993
25002
22994
25003
22995
25004
22996
25005
22997
25006
22998
25007
22999
25008
25009
23001
23010
23100
23002
23011
23101
23003
23012
23102
23004
23013
23103
23005
23014
23104
23006
23015
23105
23007
23016
23106
23008
23017
23107
23009
23018
23108
23019
23109
23011
23020
23110
23012
23021
23111
23013
23022
23112
23014
23023
23113
23015
23024
23114
23016
23025
23115
23017
23026
23116
23018
23027
23117
23019
23028
23118
23029
23119
23021
23030
23120
23022
23031
23121
23023
23032
23122
23024
23033
23123
23025
23034
23124
23026
23035
23125
23027
23036
23126
23028
23037
23127
23029
23038
23128
23039
23129
23031
23040
23130
23032
23041
23131
23033
23042
23132
23034
23043
23133
23035
23044
23134
23036
23045
23135
23037
23046
23136
23038
23047
23137
23039
23048
23138
23049
23139
23041
23050
23140
23042
23051
23141
23043
23052
23142
23044
23053
23143
23045
23054
23144
23046
23055
23145
23047
23056
23146
23048
23057
23147
23049
23058
23148
23059
23149
23051
23060
23150
23052
23061
23151
23053
23062
23152
23054
23063
23153
23055
23064
23154
23056
23065
23155
23057
23066
23156
23058
23067
23157
23059
23068
23158
23069
23159
23061
23070
23160
23062
23071
23161
23063
23072
23162
23064
23073
23163
23065
23074
23164
23066
23075
23165
23067
23076
23166
23068
23077
23167
23069
23078
23168
23079
23169
23071
23080
23170
23072
23081
23171
23073
23082
23172
23074
23083
23173
23075
23084
23174
23076
23085
23175
23077
23086
23176
23078
23087
23177
23079
23088
23178
23089
23179
23081
23090
23180
23082
23091
23181
23083
23092
23182
23084
23093
23183
23085
23094
23184
23086
23095
23185
23087
23096
23186
23088
23097
23187
23089
23098
23188
23099
23189
23091
23190
24000
23092
23191
24001
23093
23192
24002
23094
23193
24003
23095
23194
24004
23096
23195
24005
23097
23196
24006
23098
23197
24007
23099
23198
24008
23199
24009
23101
23110
23200
23102
23111
23201
23103
23112
23202
23104
23113
23203
23105
23114
23204
23106
23115
23205
23107
23116
23206
23108
23117
23207
23109
23118
23208
23119
23209
23111
23120
23210
23112
23121
23211
23113
23122
23212
23114
23123
23213
23115
23124
23214
23116
23125
23215
23117
23126
23216
23118
23127
23217
23119
23128
23218
23129
23219
23121
23130
23220
23122
23131
23221
23123
23132
23222
23124
23133
23223
23125
23134
23224
23126
23135
23225
23127
23136
23226
23128
23137
23227
23129
23138
23228
23139
23229
23131
23140
23230
23132
23141
23231
23133
23142
23232
23134
23143
23233
23135
23144
23234
23136
23145
23235
23137
23146
23236
23138
23147
23237
23139
23148
23238
23149
23239
23141
23150
23240
23142
23151
23241
23143
23152
23242
23144
23153
23243
23145
23154
23244
23146
23155
23245
23147
23156
23246
23148
23157
23247
23149
23158
23248
23159
23249
23151
23160
23250
23152
23161
23251
23153
23162
23252
23154
23163
23253
23155
23164
23254
23156
23165
23255
23157
23166
23256
23158
23167
23257
23159
23168
23258
23169
23259
23161
23170
23260
23162
23171
23261
23163
23172
23262
23164
23173
23263
23165
23174
23264
23166
23175
23265
23167
23176
23266
23168
23177
23267
23169
23178
23268
23179
23269
23171
23180
23270
23172
23181
23271
23173
23182
23272
23174
23183
23273
23175
23184
23274
23176
23185
23275
23177
23186
23276
23178
23187
23277
23179
23188
23278
23189
23279
23181
23190
23280
23182
23191
23281
23183
23192
23282
23184
23193
23283
23185
23194
23284
23186
23195
23285
23187
23196
23286
23188
23197
23287
23189
23198
23288
23199
23289
23191
23290
24100
23192
23291
24101
23193
23292
24102
23194
23293
24103
23195
23294
24104
23196
23295
24105
23197
23296
24106
23198
23297
24107
23199
23298
24108
23299
24109
23201
23210
23300
23202
23211
23301
23203
23212
23302
23204
23213
23303
23205
23214
23304
23206
23215
23305
23207
23216
23306
23208
23217
23307
23209
23218
23308
23219
23309
23211
23220
23310
23212
23221
23311
23213
23222
23312
23214
23223
23313
23215
23224
23314
23216
23225
23315
23217
23226
23316
23218
23227
23317
23219
23228
23318
23229
23319
23221
23230
23320
23222
23231
23321
23223
23232
23322
23224
23233
23323
23225
23234
23324
23226
23235
23325
23227
23236
23326
23228
23237
23327
23229
23238
23328
23239
23329
23231
23240
23330
23232
23241
23331
23233
23242
23332
23234
23243
23333
23235
23244
23334
23236
23245
23335
23237
23246
23336
23238
23247
23337
23239
23248
23338
23249
23339
23241
23250
23340
23242
23251
23341
23243
23252
23342
23244
23253
23343
23245
23254
23344
23246
23255
23345
23247
23256
23346
23248
23257
23347
23249
23258
23348
23259
23349
23251
23260
23350
23252
23261
23351
23253
23262
23352
23254
23263
23353
23255
23264
23354
23256
23265
23355
23257
23266
23356
23258
23267
23357
23259
23268
23358
23269
23359
23261
23270
23360
23262
23271
23361
23263
23272
23362
23264
23273
23363
23265
23274
23364
23266
23275
23365
23267
23276
23366
23268
23277
23367
23269
23278
23368
23279
23369
23271
23280
23370
23272
23281
23371
23273
23282
23372
23274
23283
23373
23275
23284
23374
23276
23285
23375
23277
23286
23376
23278
23287
23377
23279
23288
23378
23289
23379
23281
23290
23380
23282
23291
23381
23283
23292
23382
23284
23293
23383
23285
23294
23384
23286
23295
23385
23287
23296
23386
23288
23297
23387
23289
23298
23388
23299
23389
23291
23390
24200
23292
23391
24201
23293
23392
24202
23294
23393
24203
23295
23394
24204
23296
23395
24205
23297
23396
24206
23298
23397
24207
23299
23398
24208
23399
24209
23301
23310
23400
23302
23311
23401
23303
23312
23402
23304
23313
23403
23305
23314
23404
23306
23315
23405
23307
23316
23406
23308
23317
23407
23309
23318
23408
23319
23409
23311
23320
23410
23312
23321
23411
23313
23322
23412
23314
23323
23413
23315
23324
23414
23316
23325
23415
23317
23326
23416
23318
23327
23417
23319
23328
23418
23329
23419
23321
23330
23420
23322
23331
23421
23323
23332
23422
23324
23333
23423
23325
23334
23424
23326
23335
23425
23327
23336
23426
23328
23337
23427
23329
23338
23428
23339
23429
23331
23340
23430
23332
23341
23431
23333
23342
23432
23334
23343
23433
23335
23344
23434
23336
23345
23435
23337
23346
23436
23338
23347
23437
23339
23348
23438
23349
23439
23341
23350
23440
23342
23351
23441
23343
23352
23442
23344
23353
23443
23345
23354
23444
23346
23355
23445
23347
23356
23446
23348
23357
23447
23349
23358
23448
23359
23449
23351
23360
23450
23352
23361
23451
23353
23362
23452
23354
23363
23453
23355
23364
23454
23356
23365
23455
23357
23366
23456
23358
23367
23457
23359
23368
23458
23369
23459
23361
23370
23460
23362
23371
23461
23363
23372
23462
23364
23373
23463
23365
23374
23464
23366
23375
23465
23367
23376
23466
23368
23377
23467
23369
23378
23468
23379
23469
23371
23380
23470
23372
23381
23471
23373
23382
23472
23374
23383
23473
23375
23384
23474
23376
23385
23475
23377
23386
23476
23378
23387
23477
23379
23388
23478
23389
23479
23381
23390
23480
23382
23391
23481
23383
23392
23482
23384
23393
23483
23385
23394
23484
23386
23395
23485
23387
23396
23486
23388
23397
23487
23389
23398
23488
23399
23489
23391
23490
24300
23392
23491
24301
23393
23492
24302
23394
23493
24303
23395
23494
24304
23396
23495
24305
23397
23496
24306
23398
23497
24307
23399
23498
24308
23499
24309
23401
23410
23500
23402
23411
23501
23403
23412
23502
23404
23413
23503
23405
23414
23504
23406
23415
23505
23407
23416
23506
23408
23417
23507
23409
23418
23508
23419
23509
23411
23420
23510
23412
23421
23511
23413
23422
23512
23414
23423
23513
23415
23424
23514
23416
23425
23515
23417
23426
23516
23418
23427
23517
23419
23428
23518
23429
23519
23421
23430
23520
23422
23431
23521
23423
23432
23522
23424
23433
23523
23425
23434
23524
23426
23435
23525
23427
23436
23526
23428
23437
23527
23429
23438
23528
23439
23529
23431
23440
23530
23432
23441
23531
23433
23442
23532
23434
23443
23533
23435
23444
23534
23436
23445
23535
23437
23446
23536
23438
23447
23537
23439
23448
23538
23449
23539
23441
23450
23540
23442
23451
23541
23443
23452
23542
23444
23453
23543
23445
23454
23544
23446
23455
23545
23447
23456
23546
23448
23457
23547
23449
23458
23548
23459
23549
23451
23460
23550
23452
23461
23551
23453
23462
23552
23454
23463
23553
23455
23464
23554
23456
23465
23555
23457
23466
23556
23458
23467
23557
23459
23468
23558
23469
23559
23461
23470
23560
23462
23471
23561
23463
23472
23562
23464
23473
23563
23465
23474
23564
23466
23475
23565
23467
23476
23566
23468
23477
23567
23469
23478
23568
23479
23569
23471
23480
23570
23472
23481
23571
23473
23482
23572
23474
23483
23573
23475
23484
23574
23476
23485
23575
23477
23486
23576
23478
23487
23577
23479
23488
23578
23489
23579
23481
23490
23580
23482
23491
23581
23483
23492
23582
23484
23493
23583
23485
23494
23584
23486
23495
23585
23487
23496
23586
23488
23497
23587
23489
23498
23588
23499
23589
23491
23590
24400
23492
23591
24401
23493
23592
24402
23494
23593
24403
23495
23594
24404
23496
23595
24405
23497
23596
24406
23498
23597
24407
23499
23598
24408
23599
24409
23501
23510
23600
23502
23511
23601
23503
23512
23602
23504
23513
23603
23505
23514
23604
23506
23515
23605
23507
23516
23606
23508
23517
23607
23509
23518
23608
23519
23609
23511
23520
23610
23512
23521
23611
23513
23522
23612
23514
23523
23613
23515
23524
23614
23516
23525
23615
23517
23526
23616
23518
23527
23617
23519
23528
23618
23529
23619
23521
23530
23620
23522
23531
23621
23523
23532
23622
23524
23533
23623
23525
23534
23624
23526
23535
23625
23527
23536
23626
23528
23537
23627
23529
23538
23628
23539
23629
23531
23540
23630
23532
23541
23631
23533
23542
23632
23534
23543
23633
23535
23544
23634
23536
23545
23635
23537
23546
23636
23538
23547
23637
23539
23548
23638
23549
23639
23541
23550
23640
23542
23551
23641
23543
23552
23642
23544
23553
23643
23545
23554
23644
23546
23555
23645
23547
23556
23646
23548
23557
23647
23549
23558
23648
23559
23649
23551
23560
23650
23552
23561
23651
23553
23562
23652
23554
23563
23653
23555
23564
23654
23556
23565
23655
23557
23566
23656
23558
23567
23657
23559
23568
23658
23569
23659
23561
23570
23660
23562
23571
23661
23563
23572
23662
23564
23573
23663
23565
23574
23664
23566
23575
23665
23567
23576
23666
23568
23577
23667
23569
23578
23668
23579
23669
23571
23580
23670
23572
23581
23671
23573
23582
23672
23574
23583
23673
23575
23584
23674
23576
23585
23675
23577
23586
23676
23578
23587
23677
23579
23588
23678
23589
23679
23581
23590
23680
23582
23591
23681
23583
23592
23682
23584
23593
23683
23585
23594
23684
23586
23595
23685
23587
23596
23686
23588
23597
23687
23589
23598
23688
23599
23689
23591
23690
24500
23592
23691
24501
23593
23692
24502
23594
23693
24503
23595
23694
24504
23596
23695
24505
23597
23696
24506
23598
23697
24507
23599
23698
24508
23699
24509
23601
23610
23700
23602
23611
23701
23603
23612
23702
23604
23613
23703
23605
23614
23704
23606
23615
23705
23607
23616
23706
23608
23617
23707
23609
23618
23708
23619
23709
23611
23620
23710
23612
23621
23711
23613
23622
23712
23614
23623
23713
23615
23624
23714
23616
23625
23715
23617
23626
23716
23618
23627
23717
23619
23628
23718
23629
23719
23621
23630
23720
23622
23631
23721
23623
23632
23722
23624
23633
23723
23625
23634
23724
23626
23635
23725
23627
23636
23726
23628
23637
23727
23629
23638
23728
23639
23729
23631
23640
23730
23632
23641
23731
23633
23642
23732
23634
23643
23733
23635
23644
23734
23636
23645
23735
23637
23646
23736
23638
23647
23737
23639
23648
23738
23649
23739
23641
23650
23740
23642
23651
23741
23643
23652
23742
23644
23653
23743
23645
23654
23744
23646
23655
23745
23647
23656
23746
23648
23657
23747
23649
23658
23748
23659
23749
23651
23660
23750
23652
23661
23751
23653
23662
23752
23654
23663
23753
23655
23664
23754
23656
23665
23755
23657
23666
23756
23658
23667
23757
23659
23668
23758
23669
23759
23661
23670
23760
23662
23671
23761
23663
23672
23762
23664
23673
23763
23665
23674
23764
23666
23675
23765
23667
23676
23766
23668
23677
23767
23669
23678
23768
23679
23769
23671
23680
23770
23672
23681
23771
23673
23682
23772
23674
23683
23773
23675
23684
23774
23676
23685
23775
23677
23686
23776
23678
23687
23777
23679
23688
23778
23689
23779
23681
23690
23780
23682
23691
23781
23683
23692
23782
23684
23693
23783
23685
23694
23784
23686
23695
23785
23687
23696
23786
23688
23697
23787
23689
23698
23788
23699
23789
23691
23790
24600
23692
23791
24601
23693
23792
24602
23694
23793
24603
23695
23794
24604
23696
23795
24605
23697
23796
24606
23698
23797
24607
23699
23798
24608
23799
24609
23701
23710
23800
23702
23711
23801
23703
23712
23802
23704
23713
23803
23705
23714
23804
23706
23715
23805
23707
23716
23806
23708
23717
23807
23709
23718
23808
23719
23809
23711
23720
23810
23712
23721
23811
23713
23722
23812
23714
23723
23813
23715
23724
23814
23716
23725
23815
23717
23726
23816
23718
23727
23817
23719
23728
23818
23729
23819
23721
23730
23820
23722
23731
23821
23723
23732
23822
23724
23733
23823
23725
23734
23824
23726
23735
23825
23727
23736
23826
23728
23737
23827
23729
23738
23828
23739
23829
23731
23740
23830
23732
23741
23831
23733
23742
23832
23734
23743
23833
23735
23744
23834
23736
23745
23835
23737
23746
23836
23738
23747
23837
23739
23748
23838
23749
23839
23741
23750
23840
23742
23751
23841
23743
23752
23842
23744
23753
23843
23745
23754
23844
23746
23755
23845
23747
23756
23846
23748
23757
23847
23749
23758
23848
23759
23849
23751
23760
23850
23752
23761
23851
23753
23762
23852
23754
23763
23853
23755
23764
23854
23756
23765
23855
23757
23766
23856
23758
23767
23857
23759
23768
23858
23769
23859
23761
23770
23860
23762
23771
23861
23763
23772
23862
23764
23773
23863
23765
23774
23864
23766
23775
23865
23767
23776
23866
23768
23777
23867
23769
23778
23868
23779
23869
23771
23780
23870
23772
23781
23871
23773
23782
23872
23774
23783
23873
23775
23784
23874
23776
23785
23875
23777
23786
23876
23778
23787
23877
23779
23788
23878
23789
23879
23781
23790
23880
23782
23791
23881
23783
23792
23882
23784
23793
23883
23785
23794
23884
23786
23795
23885
23787
23796
23886
23788
23797
23887
23789
23798
23888
23799
23889
23791
23890
24700
23792
23891
24701
23793
23892
24702
23794
23893
24703
23795
23894
24704
23796
23895
24705
23797
23896
24706
23798
23897
24707
23799
23898
24708
23899
24709
23801
23810
23900
23802
23811
23901
23803
23812
23902
23804
23813
23903
23805
23814
23904
23806
23815
23905
23807
23816
23906
23808
23817
23907
23809
23818
23908
23819
23909
23811
23820
23910
23812
23821
23911
23813
23822
23912
23814
23823
23913
23815
23824
23914
23816
23825
23915
23817
23826
23916
23818
23827
23917
23819
23828
23918
23829
23919
23821
23830
23920
23822
23831
23921
23823
23832
23922
23824
23833
23923
23825
23834
23924
23826
23835
23925
23827
23836
23926
23828
23837
23927
23829
23838
23928
23839
23929
23831
23840
23930
23832
23841
23931
23833
23842
23932
23834
23843
23933
23835
23844
23934
23836
23845
23935
23837
23846
23936
23838
23847
23937
23839
23848
23938
23849
23939
23841
23850
23940
23842
23851
23941
23843
23852
23942
23844
23853
23943
23845
23854
23944
23846
23855
23945
23847
23856
23946
23848
23857
23947
23849
23858
23948
23859
23949
23851
23860
23950
23852
23861
23951
23853
23862
23952
23854
23863
23953
23855
23864
23954
23856
23865
23955
23857
23866
23956
23858
23867
23957
23859
23868
23958
23869
23959
23861
23870
23960
23862
23871
23961
23863
23872
23962
23864
23873
23963
23865
23874
23964
23866
23875
23965
23867
23876
23966
23868
23877
23967
23869
23878
23968
23879
23969
23871
23880
23970
23872
23881
23971
23873
23882
23972
23874
23883
23973
23875
23884
23974
23876
23885
23975
23877
23886
23976
23878
23887
23977
23879
23888
23978
23889
23979
23881
23890
23980
23882
23891
23981
23883
23892
23982
23884
23893
23983
23885
23894
23984
23886
23895
23985
23887
23896
23986
23888
23897
23987
23889
23898
23988
23899
23989
23891
23990
24800
23892
23991
24801
23893
23992
24802
23894
23993
24803
23895
23994
24804
23896
23995
24805
23897
23996
24806
23898
23997
24807
23899
23998
24808
23999
24809
23901
23910
25000
23902
23911
25001
23903
23912
25002
23904
23913
25003
23905
23914
25004
23906
23915
25005
23907
23916
25006
23908
23917
25007
23909
23918
25008
23919
25009
23911
23920
25010
23912
23921
25011
23913
23922
25012
23914
23923
25013
23915
23924
25014
23916
23925
25015
23917
23926
25016
23918
23927
25017
23919
23928
25018
23929
25019
23921
23930
25020
23922
23931
25021
23923
23932
25022
23924
23933
25023
23925
23934
25024
23926
23935
25025
23927
23936
25026
23928
23937
25027
23929
23938
25028
23939
25029
23931
23940
25030
23932
23941
25031
23933
23942
25032
23934
23943
25033
23935
23944
25034
23936
23945
25035
23937
23946
25036
23938
23947
25037
23939
23948
25038
23949
25039
23941
23950
25040
23942
23951
25041
23943
23952
25042
23944
23953
25043
23945
23954
25044
23946
23955
25045
23947
23956
25046
23948
23957
25047
23949
23958
25048
23959
25049
23951
23960
25050
23952
23961
25051
23953
23962
25052
23954
23963
25053
23955
23964
25054
23956
23965
25055
23957
23966
25056
23958
23967
25057
23959
23968
25058
23969
25059
23961
23970
25060
23962
23971
25061
23963
23972
25062
23964
23973
25063
23965
23974
25064
23966
23975
25065
23967
23976
25066
23968
23977
25067
23969
23978
25068
23979
25069
23971
23980
25070
23972
23981
25071
23973
23982
25072
23974
23983
25073
23975
23984
25074
23976
23985
25075
23977
23986
25076
23978
23987
25077
23979
23988
25078
23989
25079
23981
23990
25080
23982
23991
25081
23983
23992
25082
23984
23993
25083
23985
23994
25084
23986
23995
25085
23987
23996
25086
23988
23997
25087
23989
23998
25088
23999
25089
23991
24900
25090
23992
24901
25091
23993
24902
25092
23994
24903
25093
23995
24904
25094
23996
24905
25095
23997
24906
25096
23998
24907
25097
23999
24908
25098
24909
25099
24001
24010
24100
24002
24011
24101
24003
24012
24102
24004
24013
24103
24005
24014
24104
24006
24015
24105
24007
24016
24106
24008
24017
24107
24009
24018
24108
24019
24109
24011
24020
24110
24012
24021
24111
24013
24022
24112
24014
24023
24113
24015
24024
24114
24016
24025
24115
24017
24026
24116
24018
24027
24117
24019
24028
24118
24029
24119
24021
24030
24120
24022
24031
24121
24023
24032
24122
24024
24033
24123
24025
24034
24124
24026
24035
24125
24027
24036
24126
24028
24037
24127
24029
24038
24128
24039
24129
24031
24040
24130
24032
24041
24131
24033
24042
24132
24034
24043
24133
24035
24044
24134
24036
24045
24135
24037
24046
24136
24038
24047
24137
24039
24048
24138
24049
24139
24041
24050
24140
24042
24051
24141
24043
24052
24142
24044
24053
24143
24045
24054
24144
24046
24055
24145
24047
24056
24146
24048
24057
24147
24049
24058
24148
24059
24149
24051
24060
24150
24052
24061
24151
24053
24062
24152
24054
24063
24153
24055
24064
24154
24056
24065
24155
24057
24066
24156
24058
24067
24157
24059
24068
24158
24069
24159
24061
24070
24160
24062
24071
24161
24063
24072
24162
24064
24073
24163
24065
24074
24164
24066
24075
24165
24067
24076
24166
24068
24077
24167
24069
24078
24168
24079
24169
24071
24080
24170
24072
24081
24171
24073
24082
24172
24074
24083
24173
24075
24084
24174
24076
24085
24175
24077
24086
24176
24078
24087
24177
24079
24088
24178
24089
24179
24081
24090
24180
24082
24091
24181
24083
24092
24182
24084
24093
24183
24085
24094
24184
24086
24095
24185
24087
24096
24186
24088
24097
24187
24089
24098
24188
24099
24189
24091
24190
26000
24092
24191
26001
24093
24192
26002
24094
24193
26003
24095
24194
26004
24096
24195
26005
24097
24196
26006
24098
24197
26007
24099
24198
26008
24199
26009
24101
24110
24200
24102
24111
24201
24103
24112
24202
24104
24113
24203
24105
24114
24204
24106
24115
24205
24107
24116
24206
24108
24117
24207
24109
24118
24208
24119
24209
24111
24120
24210
24112
24121
24211
24113
24122
24212
24114
24123
24213
24115
24124
24214
24116
24125
24215
24117
24126
24216
24118
24127
24217
24119
24128
24218
24129
24219
24121
24130
24220
24122
24131
24221
24123
24132
24222
24124
24133
24223
24125
24134
24224
24126
24135
24225
24127
24136
24226
24128
24137
24227
24129
24138
24228
24139
24229
24131
24140
24230
24132
24141
24231
24133
24142
24232
24134
24143
24233
24135
24144
24234
24136
24145
24235
24137
24146
24236
24138
24147
24237
24139
24148
24238
24149
24239
24141
24150
24240
24142
24151
24241
24143
24152
24242
24144
24153
24243
24145
24154
24244
24146
24155
24245
24147
24156
24246
24148
24157
24247
24149
24158
24248
24159
24249
24151
24160
24250
24152
24161
24251
24153
24162
24252
24154
24163
24253
24155
24164
24254
24156
24165
24255
24157
24166
24256
24158
24167
24257
24159
24168
24258
24169
24259
24161
24170
24260
24162
24171
24261
24163
24172
24262
24164
24173
24263
24165
24174
24264
24166
24175
24265
24167
24176
24266
24168
24177
24267
24169
24178
24268
24179
24269
24171
24180
24270
24172
24181
24271
24173
24182
24272
24174
24183
24273
24175
24184
24274
24176
24185
24275
24177
24186
24276
24178
24187
24277
24179
24188
24278
24189
24279
24181
24190
24280
24182
24191
24281
24183
24192
24282
24184
24193
24283
24185
24194
24284
24186
24195
24285
24187
24196
24286
24188
24197
24287
24189
24198
24288
24199
24289
24191
24290
26100
24192
24291
26101
24193
24292
26102
24194
24293
26103
24195
24294
26104
24196
24295
26105
24197
24296
26106
24198
24297
26107
24199
24298
26108
24299
26109
24201
24210
24300
24202
24211
24301
24203
24212
24302
24204
24213
24303
24205
24214
24304
24206
24215
24305
24207
24216
24306
24208
24217
24307
24209
24218
24308
24219
24309
24211
24220
24310
24212
24221
24311
24213
24222
24312
24214
24223
24313
24215
24224
24314
24216
24225
24315
24217
24226
24316
24218
24227
24317
24219
24228
24318
24229
24319
24221
24230
24320
24222
24231
24321
24223
24232
24322
24224
24233
24323
24225
24234
24324
24226
24235
24325
24227
24236
24326
24228
24237
24327
24229
24238
24328
24239
24329
24231
24240
24330
24232
24241
24331
24233
24242
24332
24234
24243
24333
24235
24244
24334
24236
24245
24335
24237
24246
24336
24238
24247
24337
24239
24248
24338
24249
24339
24241
24250
24340
24242
24251
24341
24243
24252
24342
24244
24253
24343
24245
24254
24344
24246
24255
24345
24247
24256
24346
24248
24257
24347
24249
24258
24348
24259
24349
24251
24260
24350
24252
24261
24351
24253
24262
24352
24254
24263
24353
24255
24264
24354
24256
24265
24355
24257
24266
24356
24258
24267
24357
24259
24268
24358
24269
24359
24261
24270
24360
24262
24271
24361
24263
24272
24362
24264
24273
24363
24265
24274
24364
24266
24275
24365
24267
24276
24366
24268
24277
24367
24269
24278
24368
24279
24369
24271
24280
24370
24272
24281
24371
24273
24282
24372
24274
24283
24373
24275
24284
24374
24276
24285
24375
24277
24286
24376
24278
24287
24377
24279
24288
24378
24289
24379
24281
24290
24380
24282
24291
24381
24283
24292
24382
24284
24293
24383
24285
24294
24384
24286
24295
24385
24287
24296
24386
24288
24297
24387
24289
24298
24388
24299
24389
24291
24390
26200
24292
24391
26201
24293
24392
26202
24294
24393
26203
24295
24394
26204
24296
24395
26205
24297
24396
26206
24298
24397
26207
24299
24398
26208
24399
26209
24301
24310
24400
24302
24311
24401
24303
24312
24402
24304
24313
24403
24305
24314
24404
24306
24315
24405
24307
24316
24406
24308
24317
24407
24309
24318
24408
24319
24409
24311
24320
24410
24312
24321
24411
24313
24322
24412
24314
24323
24413
24315
24324
24414
24316
24325
24415
24317
24326
24416
24318
24327
24417
24319
24328
24418
24329
24419
24321
24330
24420
24322
24331
24421
24323
24332
24422
24324
24333
24423
24325
24334
24424
24326
24335
24425
24327
24336
24426
24328
24337
24427
24329
24338
24428
24339
24429
24331
24340
24430
24332
24341
24431
24333
24342
24432
24334
24343
24433
24335
24344
24434
24336
24345
24435
24337
24346
24436
24338
24347
24437
24339
24348
24438
24349
24439
24341
24350
24440
24342
24351
24441
24343
24352
24442
24344
24353
24443
24345
24354
24444
24346
24355
24445
24347
24356
24446
24348
24357
24447
24349
24358
24448
24359
24449
24351
24360
24450
24352
24361
24451
24353
24362
24452
24354
24363
24453
24355
24364
24454
24356
24365
24455
24357
24366
24456
24358
24367
24457
24359
24368
24458
24369
24459
24361
24370
24460
24362
24371
24461
24363
24372
24462
24364
24373
24463
24365
24374
24464
24366
24375
24465
24367
24376
24466
24368
24377
24467
24369
24378
24468
24379
24469
24371
24380
24470
24372
24381
24471
24373
24382
24472
24374
24383
24473
24375
24384
24474
24376
24385
24475
24377
24386
24476
24378
24387
24477
24379
24388
24478
24389
24479
24381
24390
24480
24382
24391
24481
24383
24392
24482
24384
24393
24483
24385
24394
24484
24386
24395
24485
24387
24396
24486
24388
24397
24487
24389
24398
24488
24399
24489
24391
24490
26300
24392
24491
26301
24393
24492
26302
24394
24493
26303
24395
24494
26304
24396
24495
26305
24397
24496
26306
24398
24497
26307
24399
24498
26308
24499
26309
24401
24410
24500
24402
24411
24501
24403
24412
24502
24404
24413
24503
24405
24414
24504
24406
24415
24505
24407
24416
24506
24408
24417
24507
24409
24418
24508
24419
24509
24411
24420
24510
24412
24421
24511
24413
24422
24512
24414
24423
24513
24415
24424
24514
24416
24425
24515
24417
24426
24516
24418
24427
24517
24419
24428
24518
24429
24519
24421
24430
24520
24422
24431
24521
24423
24432
24522
24424
24433
24523
24425
24434
24524
24426
24435
24525
24427
24436
24526
24428
24437
24527
24429
24438
24528
24439
24529
24431
24440
24530
24432
24441
24531
24433
24442
24532
24434
24443
24533
24435
24444
24534
24436
24445
24535
24437
24446
24536
24438
24447
24537
24439
24448
24538
24449
24539
24441
24450
24540
24442
24451
24541
24443
24452
24542
24444
24453
24543
24445
24454
24544
24446
24455
24545
24447
24456
24546
24448
24457
24547
24449
24458
24548
24459
24549
24451
24460
24550
24452
24461
24551
24453
24462
24552
24454
24463
24553
24455
24464
24554
24456
24465
24555
24457
24466
24556
24458
24467
24557
24459
24468
24558
24469
24559
24461
24470
24560
24462
24471
24561
24463
24472
24562
24464
24473
24563
24465
24474
24564
24466
24475
24565
24467
24476
24566
24468
24477
24567
24469
24478
24568
24479
24569
24471
24480
24570
24472
24481
24571
24473
24482
24572
24474
24483
24573
24475
24484
24574
24476
24485
24575
24477
24486
24576
24478
24487
24577
24479
24488
24578
24489
24579
24481
24490
24580
24482
24491
24581
24483
24492
24582
24484
24493
24583
24485
24494
24584
24486
24495
24585
24487
24496
24586
24488
24497
24587
24489
24498
24588
24499
24589
24491
24590
26400
24492
24591
26401
24493
24592
26402
24494
24593
26403
24495
24594
26404
24496
24595
26405
24497
24596
26406
24498
24597
26407
24499
24598
26408
24599
26409
24501
24510
24600
24502
24511
24601
24503
24512
24602
24504
24513
24603
24505
24514
24604
24506
24515
24605
24507
24516
24606
24508
24517
24607
24509
24518
24608
24519
24609
24511
24520
24610
24512
24521
24611
24513
24522
24612
24514
24523
24613
24515
24524
24614
24516
24525
24615
24517
24526
24616
24518
24527
24617
24519
24528
24618
24529
24619
24521
24530
24620
24522
24531
24621
24523
24532
24622
24524
24533
24623
24525
24534
24624
24526
24535
24625
24527
24536
24626
24528
24537
24627
24529
24538
24628
24539
24629
24531
24540
24630
24532
24541
24631
24533
24542
24632
24534
24543
24633
24535
24544
24634
24536
24545
24635
24537
24546
24636
24538
24547
24637
24539
24548
24638
24549
24639
24541
24550
24640
24542
24551
24641
24543
24552
24642
24544
24553
24643
24545
24554
24644
24546
24555
24645
24547
24556
24646
24548
24557
24647
24549
24558
24648
24559
24649
24551
24560
24650
24552
24561
24651
24553
24562
24652
24554
24563
24653
24555
24564
24654
24556
24565
24655
24557
24566
24656
24558
24567
24657
24559
24568
24658
24569
24659
24561
24570
24660
24562
24571
24661
24563
24572
24662
24564
24573
24663
24565
24574
24664
24566
24575
24665
24567
24576
24666
24568
24577
24667
24569
24578
24668
24579
24669
24571
24580
24670
24572
24581
24671
24573
24582
24672
24574
24583
24673
24575
24584
24674
24576
24585
24675
24577
24586
24676
24578
24587
24677
24579
24588
24678
24589
24679
24581
24590
24680
24582
24591
24681
24583
24592
24682
24584
24593
24683
24585
24594
24684
24586
24595
24685
24587
24596
24686
24588
24597
24687
24589
24598
24688
24599
24689
24591
24690
26500
24592
24691
26501
24593
24692
26502
24594
24693
26503
24595
24694
26504
24596
24695
26505
24597
24696
26506
24598
24697
26507
24599
24698
26508
24699
26509
24601
24610
24700
24602
24611
24701
24603
24612
24702
24604
24613
24703
24605
24614
24704
24606
24615
24705
24607
24616
24706
24608
24617
24707
24609
24618
24708
24619
24709
24611
24620
24710
24612
24621
24711
24613
24622
24712
24614
24623
24713
24615
24624
24714
24616
24625
24715
24617
24626
24716
24618
24627
24717
24619
24628
24718
24629
24719
24621
24630
24720
24622
24631
24721
24623
24632
24722
24624
24633
24723
24625
24634
24724
24626
24635
24725
24627
24636
24726
24628
24637
24727
24629
24638
24728
24639
24729
24631
24640
24730
24632
24641
24731
24633
24642
24732
24634
24643
24733
24635
24644
24734
24636
24645
24735
24637
24646
24736
24638
24647
24737
24639
24648
24738
24649
24739
24641
24650
24740
24642
24651
24741
24643
24652
24742
24644
24653
24743
24645
24654
24744
24646
24655
24745
24647
24656
24746
24648
24657
24747
24649
24658
24748
24659
24749
24651
24660
24750
24652
24661
24751
24653
24662
24752
24654
24663
24753
24655
24664
24754
24656
24665
24755
24657
24666
24756
24658
24667
24757
24659
24668
24758
24669
24759
24661
24670
24760
24662
24671
24761
24663
24672
24762
24664
24673
24763
24665
24674
24764
24666
24675
24765
24667
24676
24766
24668
24677
24767
24669
24678
24768
24679
24769
24671
24680
24770
24672
24681
24771
24673
24682
24772
24674
24683
24773
24675
24684
24774
24676
24685
24775
24677
24686
24776
24678
24687
24777
24679
24688
24778
24689
24779
24681
24690
24780
24682
24691
24781
24683
24692
24782
24684
24693
24783
24685
24694
24784
24686
24695
24785
24687
24696
24786
24688
24697
24787
24689
24698
24788
24699
24789
24691
24790
26600
24692
24791
26601
24693
24792
26602
24694
24793
26603
24695
24794
26604
24696
24795
26605
24697
24796
26606
24698
24797
26607
24699
24798
26608
24799
26609
24701
24710
24800
24702
24711
24801
24703
24712
24802
24704
24713
24803
24705
24714
24804
24706
24715
24805
24707
24716
24806
24708
24717
24807
24709
24718
24808
24719
24809
24711
24720
24810
24712
24721
24811
24713
24722
24812
24714
24723
24813
24715
24724
24814
24716
24725
24815
24717
24726
24816
24718
24727
24817
24719
24728
24818
24729
24819
24721
24730
24820
24722
24731
24821
24723
24732
24822
24724
24733
24823
24725
24734
24824
24726
24735
24825
24727
24736
24826
24728
24737
24827
24729
24738
24828
24739
24829
24731
24740
24830
24732
24741
24831
24733
24742
24832
24734
24743
24833
24735
24744
24834
24736
24745
24835
24737
24746
24836
24738
24747
24837
24739
24748
24838
24749
24839
24741
24750
24840
24742
24751
24841
24743
24752
24842
24744
24753
24843
24745
24754
24844
24746
24755
24845
24747
24756
24846
24748
24757
24847
24749
24758
24848
24759
24849
24751
24760
24850
24752
24761
24851
24753
24762
24852
24754
24763
24853
24755
24764
24854
24756
24765
24855
24757
24766
24856
24758
24767
24857
24759
24768
24858
24769
24859
24761
24770
24860
24762
24771
24861
24763
24772
24862
24764
24773
24863
24765
24774
24864
24766
24775
24865
24767
24776
24866
24768
24777
24867
24769
24778
24868
24779
24869
24771
24780
24870
24772
24781
24871
24773
24782
24872
24774
24783
24873
24775
24784
24874
24776
24785
24875
24777
24786
24876
24778
24787
24877
24779
24788
24878
24789
24879
24781
24790
24880
24782
24791
24881
24783
24792
24882
24784
24793
24883
24785
24794
24884
24786
24795
24885
24787
24796
24886
24788
24797
24887
24789
24798
24888
24799
24889
24791
24890
26700
24792
24891
26701
24793
24892
26702
24794
24893
26703
24795
24894
26704
24796
24895
26705
24797
24896
26706
24798
24897
26707
24799
24898
26708
24899
26709
24801
24810
24900
24802
24811
24901
24803
24812
24902
24804
24813
24903
24805
24814
24904
24806
24815
24905
24807
24816
24906
24808
24817
24907
24809
24818
24908
24819
24909
24811
24820
24910
24812
24821
24911
24813
24822
24912
24814
24823
24913
24815
24824
24914
24816
24825
24915
24817
24826
24916
24818
24827
24917
24819
24828
24918
24829
24919
24821
24830
24920
24822
24831
24921
24823
24832
24922
24824
24833
24923
24825
24834
24924
24826
24835
24925
24827
24836
24926
24828
24837
24927
24829
24838
24928
24839
24929
24831
24840
24930
24832
24841
24931
24833
24842
24932
24834
24843
24933
24835
24844
24934
24836
24845
24935
24837
24846
24936
24838
24847
24937
24839
24848
24938
24849
24939
24841
24850
24940
24842
24851
24941
24843
24852
24942
24844
24853
24943
24845
24854
24944
24846
24855
24945
24847
24856
24946
24848
24857
24947
24849
24858
24948
24859
24949
24851
24860
24950
24852
24861
24951
24853
24862
24952
24854
24863
24953
24855
24864
24954
24856
24865
24955
24857
24866
24956
24858
24867
24957
24859
24868
24958
24869
24959
24861
24870
24960
24862
24871
24961
24863
24872
24962
24864
24873
24963
24865
24874
24964
24866
24875
24965
24867
24876
24966
24868
24877
24967
24869
24878
24968
24879
24969
24871
24880
24970
24872
24881
24971
24873
24882
24972
24874
24883
24973
24875
24884
24974
24876
24885
24975
24877
24886
24976
24878
24887
24977
24879
24888
24978
24889
24979
24881
24890
24980
24882
24891
24981
24883
24892
24982
24884
24893
24983
24885
24894
24984
24886
24895
24985
24887
24896
24986
24888
24897
24987
24889
24898
24988
24899
24989
24891
24990
26800
24892
24991
26801
24893
24992
26802
24894
24993
26803
24895
24994
26804
24896
24995
26805
24897
24996
26806
24898
24997
26807
24899
24998
26808
24999
26809
24901
24910
25090
24902
24911
25091
24903
24912
25092
24904
24913
25093
24905
24914
25094
24906
24915
25095
24907
24916
25096
24908
24917
25097
24909
24918
25098
24919
25099
24911
24920
25190
24912
24921
25191
24913
24922
25192
24914
24923
25193
24915
24924
25194
24916
24925
25195
24917
24926
25196
24918
24927
25197
24919
24928
25198
24929
25199
24921
24930
25290
24922
24931
25291
24923
24932
25292
24924
24933
25293
24925
24934
25294
24926
24935
25295
24927
24936
25296
24928
24937
25297
24929
24938
25298
24939
25299
24931
24940
25390
24932
24941
25391
24933
24942
25392
24934
24943
25393
24935
24944
25394
24936
24945
25395
24937
24946
25396
24938
24947
25397
24939
24948
25398
24949
25399
24941
24950
25490
24942
24951
25491
24943
24952
25492
24944
24953
25493
24945
24954
25494
24946
24955
25495
24947
24956
25496
24948
24957
25497
24949
24958
25498
24959
25499
24951
24960
25590
24952
24961
25591
24953
24962
25592
24954
24963
25593
24955
24964
25594
24956
24965
25595
24957
24966
25596
24958
24967
25597
24959
24968
25598
24969
25599
24961
24970
25690
24962
24971
25691
24963
24972
25692
24964
24973
25693
24965
24974
25694
24966
24975
25695
24967
24976
25696
24968
24977
25697
24969
24978
25698
24979
25699
24971
24980
25790
24972
24981
25791
24973
24982
25792
24974
24983
25793
24975
24984
25794
24976
24985
25795
24977
24986
25796
24978
24987
25797
24979
24988
25798
24989
25799
24981
24990
25890
24982
24991
25891
24983
24992
25892
24984
24993
25893
24985
24994
25894
24986
24995
25895
24987
24996
25896
24988
24997
25897
24989
24998
25898
24999
25899
24991
25990
26900
24992
25991
26901
24993
25992
26902
24994
25993
26903
24995
25994
26904
24996
25995
26905
24997
25996
26906
24998
25997
26907
24999
25998
26908
25999
26909
25001
25010
25100
25002
25011
25101
25003
25012
25102
25004
25013
25103
25005
25014
25104
25006
25015
25105
25007
25016
25106
25008
25017
25107
25009
25018
25108
25019
25109
25011
25020
25110
25012
25021
25111
25013
25022
25112
25014
25023
25113
25015
25024
25114
25016
25025
25115
25017
25026
25116
25018
25027
25117
25019
25028
25118
25029
25119
25021
25030
25120
25022
25031
25121
25023
25032
25122
25024
25033
25123
25025
25034
25124
25026
25035
25125
25027
25036
25126
25028
25037
25127
25029
25038
25128
25039
25129
25031
25040
25130
25032
25041
25131
25033
25042
25132
25034
25043
25133
25035
25044
25134
25036
25045
25135
25037
25046
25136
25038
25047
25137
25039
25048
25138
25049
25139
25041
25050
25140
25042
25051
25141
25043
25052
25142
25044
25053
25143
25045
25054
25144
25046
25055
25145
25047
25056
25146
25048
25057
25147
25049
25058
25148
25059
25149
25051
25060
25150
25052
25061
25151
25053
25062
25152
25054
25063
25153
25055
25064
25154
25056
25065
25155
25057
25066
25156
25058
25067
25157
25059
25068
25158
25069
25159
25061
25070
25160
25062
25071
25161
25063
25072
25162
25064
25073
25163
25065
25074
25164
25066
25075
25165
25067
25076
25166
25068
25077
25167
25069
25078
25168
25079
25169
25071
25080
25170
25072
25081
25171
25073
25082
25172
25074
25083
25173
25075
25084
25174
25076
25085
25175
25077
25086
25176
25078
25087
25177
25079
25088
25178
25089
25179
25081
25090
25180
25082
25091
25181
25083
25092
25182
25084
25093
25183
25085
25094
25184
25086
25095
25185
25087
25096
25186
25088
25097
25187
25089
25098
25188
25099
25189
25091
25190
25092
25191
25093
25192
25094
25193
25095
25194
25096
25195
25097
25196
25098
25197
25099
25198
25199
25101
25110
25200
25102
25111
25201
25103
25112
25202
25104
25113
25203
25105
25114
25204
25106
25115
25205
25107
25116
25206
25108
25117
25207
25109
25118
25208
25119
25209
25111
25120
25210
25112
25121
25211
25113
25122
25212
25114
25123
25213
25115
25124
25214
25116
25125
25215
25117
25126
25216
25118
25127
25217
25119
25128
25218
25129
25219
25121
25130
25220
25122
25131
25221
25123
25132
25222
25124
25133
25223
25125
25134
25224
25126
25135
25225
25127
25136
25226
25128
25137
25227
25129
25138
25228
25139
25229
25131
25140
25230
25132
25141
25231
25133
25142
25232
25134
25143
25233
25135
25144
25234
25136
25145
25235
25137
25146
25236
25138
25147
25237
25139
25148
25238
25149
25239
25141
25150
25240
25142
25151
25241
25143
25152
25242
25144
25153
25243
25145
25154
25244
25146
25155
25245
25147
25156
25246
25148
25157
25247
25149
25158
25248
25159
25249
25151
25160
25250
25152
25161
25251
25153
25162
25252
25154
25163
25253
25155
25164
25254
25156
25165
25255
25157
25166
25256
25158
25167
25257
25159
25168
25258
25169
25259
25161
25170
25260
25162
25171
25261
25163
25172
25262
25164
25173
25263
25165
25174
25264
25166
25175
25265
25167
25176
25266
25168
25177
25267
25169
25178
25268
25179
25269
25171
25180
25270
25172
25181
25271
25173
25182
25272
25174
25183
25273
25175
25184
25274
25176
25185
25275
25177
25186
25276
25178
25187
25277
25179
25188
25278
25189
25279
25181
25190
25280
25182
25191
25281
25183
25192
25282
25184
25193
25283
25185
25194
25284
25186
25195
25285
25187
25196
25286
25188
25197
25287
25189
25198
25288
25199
25289
25191
25290
25192
25291
25193
25292
25194
25293
25195
25294
25196
25295
25197
25296
25198
25297
25199
25298
25299
25201
25210
25300
25202
25211
25301
25203
25212
25302
25204
25213
25303
25205
25214
25304
25206
25215
25305
25207
25216
25306
25208
25217
25307
25209
25218
25308
25219
25309
25211
25220
25310
25212
25221
25311
25213
25222
25312
25214
25223
25313
25215
25224
25314
25216
25225
25315
25217
25226
25316
25218
25227
25317
25219
25228
25318
25229
25319
25221
25230
25320
25222
25231
25321
25223
25232
25322
25224
25233
25323
25225
25234
25324
25226
25235
25325
25227
25236
25326
25228
25237
25327
25229
25238
25328
25239
25329
25231
25240
25330
25232
25241
25331
25233
25242
25332
25234
25243
25333
25235
25244
25334
25236
25245
25335
25237
25246
25336
25238
25247
25337
25239
25248
25338
25249
25339
25241
25250
25340
25242
25251
25341
25243
25252
25342
25244
25253
25343
25245
25254
25344
25246
25255
25345
25247
25256
25346
25248
25257
25347
25249
25258
25348
25259
25349
25251
25260
25350
25252
25261
25351
25253
25262
25352
25254
25263
25353
25255
25264
25354
25256
25265
25355
25257
25266
25356
25258
25267
25357
25259
25268
25358
25269
25359
25261
25270
25360
25262
25271
25361
25263
25272
25362
25264
25273
25363
25265
25274
25364
25266
25275
25365
25267
25276
25366
25268
25277
25367
25269
25278
25368
25279
25369
25271
25280
25370
25272
25281
25371
25273
25282
25372
25274
25283
25373
25275
25284
25374
25276
25285
25375
25277
25286
25376
25278
25287
25377
25279
25288
25378
25289
25379
25281
25290
25380
25282
25291
25381
25283
25292
25382
25284
25293
25383
25285
25294
25384
25286
25295
25385
25287
25296
25386
25288
25297
25387
25289
25298
25388
25299
25389
25291
25390
25292
25391
25293
25392
25294
25393
25295
25394
25296
25395
25297
25396
25298
25397
25299
25398
25399
25301
25310
25400
25302
25311
25401
25303
25312
25402
25304
25313
25403
25305
25314
25404
25306
25315
25405
25307
25316
25406
25308
25317
25407
25309
25318
25408
25319
25409
25311
25320
25410
25312
25321
25411
25313
25322
25412
25314
25323
25413
25315
25324
25414
25316
25325
25415
25317
25326
25416
25318
25327
25417
25319
25328
25418
25329
25419
25321
25330
25420
25322
25331
25421
25323
25332
25422
25324
25333
25423
25325
25334
25424
25326
25335
25425
25327
25336
25426
25328
25337
25427
25329
25338
25428
25339
25429
25331
25340
25430
25332
25341
25431
25333
25342
25432
25334
25343
25433
25335
25344
25434
25336
25345
25435
25337
25346
25436
25338
25347
25437
25339
25348
25438
25349
25439
25341
25350
25440
25342
25351
25441
25343
25352
25442
25344
25353
25443
25345
25354
25444
25346
25355
25445
25347
25356
25446
25348
25357
25447
25349
25358
25448
25359
25449
25351
25360
25450
25352
25361
25451
25353
25362
25452
25354
25363
25453
25355
25364
25454
25356
25365
25455
25357
25366
25456
25358
25367
25457
25359
25368
25458
25369
25459
25361
25370
25460
25362
25371
25461
25363
25372
25462
25364
25373
25463
25365
25374
25464
25366
25375
25465
25367
25376
25466
25368
25377
25467
25369
25378
25468
25379
25469
25371
25380
25470
25372
25381
25471
25373
25382
25472
25374
25383
25473
25375
25384
25474
25376
25385
25475
25377
25386
25476
25378
25387
25477
25379
25388
25478
25389
25479
25381
25390
25480
25382
25391
25481
25383
25392
25482
25384
25393
25483
25385
25394
25484
25386
25395
25485
25387
25396
25486
25388
25397
25487
25389
25398
25488
25399
25489
25391
25490
25392
25491
25393
25492
25394
25493
25395
25494
25396
25495
25397
25496
25398
25497
25399
25498
25499
25401
25410
25500
25402
25411
25501
25403
25412
25502
25404
25413
25503
25405
25414
25504
25406
25415
25505
25407
25416
25506
25408
25417
25507
25409
25418
25508
25419
25509
25411
25420
25510
25412
25421
25511
25413
25422
25512
25414
25423
25513
25415
25424
25514
25416
25425
25515
25417
25426
25516
25418
25427
25517
25419
25428
25518
25429
25519
25421
25430
25520
25422
25431
25521
25423
25432
25522
25424
25433
25523
25425
25434
25524
25426
25435
25525
25427
25436
25526
25428
25437
25527
25429
25438
25528
25439
25529
25431
25440
25530
25432
25441
25531
25433
25442
25532
25434
25443
25533
25435
25444
25534
25436
25445
25535
25437
25446
25536
25438
25447
25537
25439
25448
25538
25449
25539
25441
25450
25540
25442
25451
25541
25443
25452
25542
25444
25453
25543
25445
25454
25544
25446
25455
25545
25447
25456
25546
25448
25457
25547
25449
25458
25548
25459
25549
25451
25460
25550
25452
25461
25551
25453
25462
25552
25454
25463
25553
25455
25464
25554
25456
25465
25555
25457
25466
25556
25458
25467
25557
25459
25468
25558
25469
25559
25461
25470
25560
25462
25471
25561
25463
25472
25562
25464
25473
25563
25465
25474
25564
25466
25475
25565
25467
25476
25566
25468
25477
25567
25469
25478
25568
25479
25569
25471
25480
25570
25472
25481
25571
25473
25482
25572
25474
25483
25573
25475
25484
25574
25476
25485
25575
25477
25486
25576
25478
25487
25577
25479
25488
25578
25489
25579
25481
25490
25580
25482
25491
25581
25483
25492
25582
25484
25493
25583
25485
25494
25584
25486
25495
25585
25487
25496
25586
25488
25497
25587
25489
25498
25588
25499
25589
25491
25590
25492
25591
25493
25592
25494
25593
25495
25594
25496
25595
25497
25596
25498
25597
25499
25598
25599
25501
25510
25600
25502
25511
25601
25503
25512
25602
25504
25513
25603
25505
25514
25604
25506
25515
25605
25507
25516
25606
25508
25517
25607
25509
25518
25608
25519
25609
25511
25520
25610
25512
25521
25611
25513
25522
25612
25514
25523
25613
25515
25524
25614
25516
25525
25615
25517
25526
25616
25518
25527
25617
25519
25528
25618
25529
25619
25521
25530
25620
25522
25531
25621
25523
25532
25622
25524
25533
25623
25525
25534
25624
25526
25535
25625
25527
25536
25626
25528
25537
25627
25529
25538
25628
25539
25629
25531
25540
25630
25532
25541
25631
25533
25542
25632
25534
25543
25633
25535
25544
25634
25536
25545
25635
25537
25546
25636
25538
25547
25637
25539
25548
25638
25549
25639
25541
25550
25640
25542
25551
25641
25543
25552
25642
25544
25553
25643
25545
25554
25644
25546
25555
25645
25547
25556
25646
25548
25557
25647
25549
25558
25648
25559
25649
25551
25560
25650
25552
25561
25651
25553
25562
25652
25554
25563
25653
25555
25564
25654
25556
25565
25655
25557
25566
25656
25558
25567
25657
25559
25568
25658
25569
25659
25561
25570
25660
25562
25571
25661
25563
25572
25662
25564
25573
25663
25565
25574
25664
25566
25575
25665
25567
25576
25666
25568
25577
25667
25569
25578
25668
25579
25669
25571
25580
25670
25572
25581
25671
25573
25582
25672
25574
25583
25673
25575
25584
25674
25576
25585
25675
25577
25586
25676
25578
25587
25677
25579
25588
25678
25589
25679
25581
25590
25680
25582
25591
25681
25583
25592
25682
25584
25593
25683
25585
25594
25684
25586
25595
25685
25587
25596
25686
25588
25597
25687
25589
25598
25688
25599
25689
25591
25690
25592
25691
25593
25692
25594
25693
25595
25694
25596
25695
25597
25696
25598
25697
25599
25698
25699
25601
25610
25700
25602
25611
25701
25603
25612
25702
25604
25613
25703
25605
25614
25704
25606
25615
25705
25607
25616
25706
25608
25617
25707
25609
25618
25708
25619
25709
25611
25620
25710
25612
25621
25711
25613
25622
25712
25614
25623
25713
25615
25624
25714
25616
25625
25715
25617
25626
25716
25618
25627
25717
25619
25628
25718
25629
25719
25621
25630
25720
25622
25631
25721
25623
25632
25722
25624
25633
25723
25625
25634
25724
25626
25635
25725
25627
25636
25726
25628
25637
25727
25629
25638
25728
25639
25729
25631
25640
25730
25632
25641
25731
25633
25642
25732
25634
25643
25733
25635
25644
25734
25636
25645
25735
25637
25646
25736
25638
25647
25737
25639
25648
25738
25649
25739
25641
25650
25740
25642
25651
25741
25643
25652
25742
25644
25653
25743
25645
25654
25744
25646
25655
25745
25647
25656
25746
25648
25657
25747
25649
25658
25748
25659
25749
25651
25660
25750
25652
25661
25751
25653
25662
25752
25654
25663
25753
25655
25664
25754
25656
25665
25755
25657
25666
25756
25658
25667
25757
25659
25668
25758
25669
25759
25661
25670
25760
25662
25671
25761
25663
25672
25762
25664
25673
25763
25665
25674
25764
25666
25675
25765
25667
25676
25766
25668
25677
25767
25669
25678
25768
25679
25769
25671
25680
25770
25672
25681
25771
25673
25682
25772
25674
25683
25773
25675
25684
25774
25676
25685
25775
25677
25686
25776
25678
25687
25777
25679
25688
25778
25689
25779
25681
25690
25780
25682
25691
25781
25683
25692
25782
25684
25693
25783
25685
25694
25784
25686
25695
25785
25687
25696
25786
25688
25697
25787
25689
25698
25788
25699
25789
25691
25790
25692
25791
25693
25792
25694
25793
25695
25794
25696
25795
25697
25796
25698
25797
25699
25798
25799
25701
25710
25800
25702
25711
25801
25703
25712
25802
25704
25713
25803
25705
25714
25804
25706
25715
25805
25707
25716
25806
25708
25717
25807
25709
25718
25808
25719
25809
25711
25720
25810
25712
25721
25811
25713
25722
25812
25714
25723
25813
25715
25724
25814
25716
25725
25815
25717
25726
25816
25718
25727
25817
25719
25728
25818
25729
25819
25721
25730
25820
25722
25731
25821
25723
25732
25822
25724
25733
25823
25725
25734
25824
25726
25735
25825
25727
25736
25826
25728
25737
25827
25729
25738
25828
25739
25829
25731
25740
25830
25732
25741
25831
25733
25742
25832
25734
25743
25833
25735
25744
25834
25736
25745
25835
25737
25746
25836
25738
25747
25837
25739
25748
25838
25749
25839
25741
25750
25840
25742
25751
25841
25743
25752
25842
25744
25753
25843
25745
25754
25844
25746
25755
25845
25747
25756
25846
25748
25757
25847
25749
25758
25848
25759
25849
25751
25760
25850
25752
25761
25851
25753
25762
25852
25754
25763
25853
25755
25764
25854
25756
25765
25855
25757
25766
25856
25758
25767
25857
25759
25768
25858
25769
25859
25761
25770
25860
25762
25771
25861
25763
25772
25862
25764
25773
25863
25765
25774
25864
25766
25775
25865
25767
25776
25866
25768
25777
25867
25769
25778
25868
25779
25869
25771
25780
25870
25772
25781
25871
25773
25782
25872
25774
25783
25873
25775
25784
25874
25776
25785
25875
25777
25786
25876
25778
25787
25877
25779
25788
25878
25789
25879
25781
25790
25880
25782
25791
25881
25783
25792
25882
25784
25793
25883
25785
25794
25884
25786
25795
25885
25787
25796
25886
25788
25797
25887
25789
25798
25888
25799
25889
25791
25890
25792
25891
25793
25892
25794
25893
25795
25894
25796
25895
25797
25896
25798
25897
25799
25898
25899
25801
25810
25900
25802
25811
25901
25803
25812
25902
25804
25813
25903
25805
25814
25904
25806
25815
25905
25807
25816
25906
25808
25817
25907
25809
25818
25908
25819
25909
25811
25820
25910
25812
25821
25911
25813
25822
25912
25814
25823
25913
25815
25824
25914
25816
25825
25915
25817
25826
25916
25818
25827
25917
25819
25828
25918
25829
25919
25821
25830
25920
25822
25831
25921
25823
25832
25922
25824
25833
25923
25825
25834
25924
25826
25835
25925
25827
25836
25926
25828
25837
25927
25829
25838
25928
25839
25929
25831
25840
25930
25832
25841
25931
25833
25842
25932
25834
25843
25933
25835
25844
25934
25836
25845
25935
25837
25846
25936
25838
25847
25937
25839
25848
25938
25849
25939
25841
25850
25940
25842
25851
25941
25843
25852
25942
25844
25853
25943
25845
25854
25944
25846
25855
25945
25847
25856
25946
25848
25857
25947
25849
25858
25948
25859
25949
25851
25860
25950
25852
25861
25951
25853
25862
25952
25854
25863
25953
25855
25864
25954
25856
25865
25955
25857
25866
25956
25858
25867
25957
25859
25868
25958
25869
25959
25861
25870
25960
25862
25871
25961
25863
25872
25962
25864
25873
25963
25865
25874
25964
25866
25875
25965
25867
25876
25966
25868
25877
25967
25869
25878
25968
25879
25969
25871
25880
25970
25872
25881
25971
25873
25882
25972
25874
25883
25973
25875
25884
25974
25876
25885
25975
25877
25886
25976
25878
25887
25977
25879
25888
25978
25889
25979
25881
25890
25980
25882
25891
25981
25883
25892
25982
25884
25893
25983
25885
25894
25984
25886
25895
25985
25887
25896
25986
25888
25897
25987
25889
25898
25988
25899
25989
25891
25990
25892
25991
25893
25992
25894
25993
25895
25994
25896
25995
25897
25996
25898
25997
25899
25998
25999
25901
25910
28900
25902
25911
28901
25903
25912
28902
25904
25913
28903
25905
25914
28904
25906
25915
28905
25907
25916
28906
25908
25917
28907
25909
25918
28908
25919
28909
25911
25920
28800
25912
25921
28801
25913
25922
28802
25914
25923
28803
25915
25924
28804
25916
25925
28805
25917
25926
28806
25918
25927
28807
25919
25928
28808
25929
28809
25921
25930
28700
25922
25931
28701
25923
25932
28702
25924
25933
28703
25925
25934
28704
25926
25935
28705
25927
25936
28706
25928
25937
28707
25929
25938
28708
25939
28709
25931
25940
28600
25932
25941
28601
25933
25942
28602
25934
25943
28603
25935
25944
28604
25936
25945
28605
25937
25946
28606
25938
25947
28607
25939
25948
28608
25949
28609
25941
25950
28500
25942
25951
28501
25943
25952
28502
25944
25953
28503
25945
25954
28504
25946
25955
28505
25947
25956
28506
25948
25957
28507
25949
25958
28508
25959
28509
25951
25960
28400
25952
25961
28401
25953
25962
28402
25954
25963
28403
25955
25964
28404
25956
25965
28405
25957
25966
28406
25958
25967
28407
25959
25968
28408
25969
28409
25961
25970
28300
25962
25971
28301
25963
25972
28302
25964
25973
28303
25965
25974
28304
25966
25975
28305
25967
25976
28306
25968
25977
28307
25969
25978
28308
25979
28309
25971
25980
28200
25972
25981
28201
25973
25982
28202
25974
25983
28203
25975
25984
28204
25976
25985
28205
25977
25986
28206
25978
25987
28207
25979
25988
28208
25989
28209
25981
25990
28100
25982
25991
28101
25983
25992
28102
25984
25993
28103
25985
25994
28104
25986
25995
28105
25987
25996
28106
25988
25997
28107
25989
25998
28108
25999
28109
25991
28000
25992
28001
25993
28002
25994
28003
25995
28004
25996
28005
25997
28006
25998
28007
25999
28008
28009
26001
26010
26100
26002
26011
26101
26003
26012
26102
26004
26013
26103
26005
26014
26104
26006
26015
26105
26007
26016
26106
26008
26017
26107
26009
26018
26108
26019
26109
26011
26020
26110
26012
26021
26111
26013
26022
26112
26014
26023
26113
26015
26024
26114
26016
26025
26115
26017
26026
26116
26018
26027
26117
26019
26028
26118
26029
26119
26021
26030
26120
26022
26031
26121
26023
26032
26122
26024
26033
26123
26025
26034
26124
26026
26035
26125
26027
26036
26126
26028
26037
26127
26029
26038
26128
26039
26129
26031
26040
26130
26032
26041
26131
26033
26042
26132
26034
26043
26133
26035
26044
26134
26036
26045
26135
26037
26046
26136
26038
26047
26137
26039
26048
26138
26049
26139
26041
26050
26140
26042
26051
26141
26043
26052
26142
26044
26053
26143
26045
26054
26144
26046
26055
26145
26047
26056
26146
26048
26057
26147
26049
26058
26148
26059
26149
26051
26060
26150
26052
26061
26151
26053
26062
26152
26054
26063
26153
26055
26064
26154
26056
26065
26155
26057
26066
26156
26058
26067
26157
26059
26068
26158
26069
26159
26061
26070
26160
26062
26071
26161
26063
26072
26162
26064
26073
26163
26065
26074
26164
26066
26075
26165
26067
26076
26166
26068
26077
26167
26069
26078
26168
26079
26169
26071
26080
26170
26072
26081
26171
26073
26082
26172
26074
26083
26173
26075
26084
26174
26076
26085
26175
26077
26086
26176
26078
26087
26177
26079
26088
26178
26089
26179
26081
26090
26180
26082
26091
26181
26083
26092
26182
26084
26093
26183
26085
26094
26184
26086
26095
26185
26087
26096
26186
26088
26097
26187
26089
26098
26188
26099
26189
26091
26190
27000
26092
26191
27001
26093
26192
27002
26094
26193
27003
26095
26194
27004
26096
26195
27005
26097
26196
27006
26098
26197
27007
26099
26198
27008
26199
27009
26101
26110
26200
26102
26111
26201
26103
26112
26202
26104
26113
26203
26105
26114
26204
26106
26115
26205
26107
26116
26206
26108
26117
26207
26109
26118
26208
26119
26209
26111
26120
26210
26112
26121
26211
26113
26122
26212
26114
26123
26213
26115
26124
26214
26116
26125
26215
26117
26126
26216
26118
26127
26217
26119
26128
26218
26129
26219
26121
26130
26220
26122
26131
26221
26123
26132
26222
26124
26133
26223
26125
26134
26224
26126
26135
26225
26127
26136
26226
26128
26137
26227
26129
26138
26228
26139
26229
26131
26140
26230
26132
26141
26231
26133
26142
26232
26134
26143
26233
26135
26144
26234
26136
26145
26235
26137
26146
26236
26138
26147
26237
26139
26148
26238
26149
26239
26141
26150
26240
26142
26151
26241
26143
26152
26242
26144
26153
26243
26145
26154
26244
26146
26155
26245
26147
26156
26246
26148
26157
26247
26149
26158
26248
26159
26249
26151
26160
26250
26152
26161
26251
26153
26162
26252
26154
26163
26253
26155
26164
26254
26156
26165
26255
26157
26166
26256
26158
26167
26257
26159
26168
26258
26169
26259
26161
26170
26260
26162
26171
26261
26163
26172
26262
26164
26173
26263
26165
26174
26264
26166
26175
26265
26167
26176
26266
26168
26177
26267
26169
26178
26268
26179
26269
26171
26180
26270
26172
26181
26271
26173
26182
26272
26174
26183
26273
26175
26184
26274
26176
26185
26275
26177
26186
26276
26178
26187
26277
26179
26188
26278
26189
26279
26181
26190
26280
26182
26191
26281
26183
26192
26282
26184
26193
26283
26185
26194
26284
26186
26195
26285
26187
26196
26286
26188
26197
26287
26189
26198
26288
26199
26289
26191
26290
27100
26192
26291
27101
26193
26292
27102
26194
26293
27103
26195
26294
27104
26196
26295
27105
26197
26296
27106
26198
26297
27107
26199
26298
27108
26299
27109
26201
26210
26300
26202
26211
26301
26203
26212
26302
26204
26213
26303
26205
26214
26304
26206
26215
26305
26207
26216
26306
26208
26217
26307
26209
26218
26308
26219
26309
26211
26220
26310
26212
26221
26311
26213
26222
26312
26214
26223
26313
26215
26224
26314
26216
26225
26315
26217
26226
26316
26218
26227
26317
26219
26228
26318
26229
26319
26221
26230
26320
26222
26231
26321
26223
26232
26322
26224
26233
26323
26225
26234
26324
26226
26235
26325
26227
26236
26326
26228
26237
26327
26229
26238
26328
26239
26329
26231
26240
26330
26232
26241
26331
26233
26242
26332
26234
26243
26333
26235
26244
26334
26236
26245
26335
26237
26246
26336
26238
26247
26337
26239
26248
26338
26249
26339
26241
26250
26340
26242
26251
26341
26243
26252
26342
26244
26253
26343
26245
26254
26344
26246
26255
26345
26247
26256
26346
26248
26257
26347
26249
26258
26348
26259
26349
26251
26260
26350
26252
26261
26351
26253
26262
26352
26254
26263
26353
26255
26264
26354
26256
26265
26355
26257
26266
26356
26258
26267
26357
26259
26268
26358
26269
26359
26261
26270
26360
26262
26271
26361
26263
26272
26362
26264
26273
26363
26265
26274
26364
26266
26275
26365
26267
26276
26366
26268
26277
26367
26269
26278
26368
26279
26369
26271
26280
26370
26272
26281
26371
26273
26282
26372
26274
26283
26373
26275
26284
26374
26276
26285
26375
26277
26286
26376
26278
26287
26377
26279
26288
26378
26289
26379
26281
26290
26380
26282
26291
26381
26283
26292
26382
26284
26293
26383
26285
26294
26384
26286
26295
26385
26287
26296
26386
26288
26297
26387
26289
26298
26388
26299
26389
26291
26390
27200
26292
26391
27201
26293
26392
27202
26294
26393
27203
26295
26394
27204
26296
26395
27205
26297
26396
27206
26298
26397
27207
26299
26398
27208
26399
27209
26301
26310
26400
26302
26311
26401
26303
26312
26402
26304
26313
26403
26305
26314
26404
26306
26315
26405
26307
26316
26406
26308
26317
26407
26309
26318
26408
26319
26409
26311
26320
26410
26312
26321
26411
26313
26322
26412
26314
26323
26413
26315
26324
26414
26316
26325
26415
26317
26326
26416
26318
26327
26417
26319
26328
26418
26329
26419
26321
26330
26420
26322
26331
26421
26323
26332
26422
26324
26333
26423
26325
26334
26424
26326
26335
26425
26327
26336
26426
26328
26337
26427
26329
26338
26428
26339
26429
26331
26340
26430
26332
26341
26431
26333
26342
26432
26334
26343
26433
26335
26344
26434
26336
26345
26435
26337
26346
26436
26338
26347
26437
26339
26348
26438
26349
26439
26341
26350
26440
26342
26351
26441
26343
26352
26442
26344
26353
26443
26345
26354
26444
26346
26355
26445
26347
26356
26446
26348
26357
26447
26349
26358
26448
26359
26449
26351
26360
26450
26352
26361
26451
26353
26362
26452
26354
26363
26453
26355
26364
26454
26356
26365
26455
26357
26366
26456
26358
26367
26457
26359
26368
26458
26369
26459
26361
26370
26460
26362
26371
26461
26363
26372
26462
26364
26373
26463
26365
26374
26464
26366
26375
26465
26367
26376
26466
26368
26377
26467
26369
26378
26468
26379
26469
26371
26380
26470
26372
26381
26471
26373
26382
26472
26374
26383
26473
26375
26384
26474
26376
26385
26475
26377
26386
26476
26378
26387
26477
26379
26388
26478
26389
26479
26381
26390
26480
26382
26391
26481
26383
26392
26482
26384
26393
26483
26385
26394
26484
26386
26395
26485
26387
26396
26486
26388
26397
26487
26389
26398
26488
26399
26489
26391
26490
27300
26392
26491
27301
26393
26492
27302
26394
26493
27303
26395
26494
27304
26396
26495
27305
26397
26496
27306
26398
26497
27307
26399
26498
27308
26499
27309
26401
26410
26500
26402
26411
26501
26403
26412
26502
26404
26413
26503
26405
26414
26504
26406
26415
26505
26407
26416
26506
26408
26417
26507
26409
26418
26508
26419
26509
26411
26420
26510
26412
26421
26511
26413
26422
26512
26414
26423
26513
26415
26424
26514
26416
26425
26515
26417
26426
26516
26418
26427
26517
26419
26428
26518
26429
26519
26421
26430
26520
26422
26431
26521
26423
26432
26522
26424
26433
26523
26425
26434
26524
26426
26435
26525
26427
26436
26526
26428
26437
26527
26429
26438
26528
26439
26529
26431
26440
26530
26432
26441
26531
26433
26442
26532
26434
26443
26533
26435
26444
26534
26436
26445
26535
26437
26446
26536
26438
26447
26537
26439
26448
26538
26449
26539
26441
26450
26540
26442
26451
26541
26443
26452
26542
26444
26453
26543
26445
26454
26544
26446
26455
26545
26447
26456
26546
26448
26457
26547
26449
26458
26548
26459
26549
26451
26460
26550
26452
26461
26551
26453
26462
26552
26454
26463
26553
26455
26464
26554
26456
26465
26555
26457
26466
26556
26458
26467
26557
26459
26468
26558
26469
26559
26461
26470
26560
26462
26471
26561
26463
26472
26562
26464
26473
26563
26465
26474
26564
26466
26475
26565
26467
26476
26566
26468
26477
26567
26469
26478
26568
26479
26569
26471
26480
26570
26472
26481
26571
26473
26482
26572
26474
26483
26573
26475
26484
26574
26476
26485
26575
26477
26486
26576
26478
26487
26577
26479
26488
26578
26489
26579
26481
26490
26580
26482
26491
26581
26483
26492
26582
26484
26493
26583
26485
26494
26584
26486
26495
26585
26487
26496
26586
26488
26497
26587
26489
26498
26588
26499
26589
26491
26590
27400
26492
26591
27401
26493
26592
27402
26494
26593
27403
26495
26594
27404
26496
26595
27405
26497
26596
27406
26498
26597
27407
26499
26598
27408
26599
27409
26501
26510
26600
26502
26511
26601
26503
26512
26602
26504
26513
26603
26505
26514
26604
26506
26515
26605
26507
26516
26606
26508
26517
26607
26509
26518
26608
26519
26609
26511
26520
26610
26512
26521
26611
26513
26522
26612
26514
26523
26613
26515
26524
26614
26516
26525
26615
26517
26526
26616
26518
26527
26617
26519
26528
26618
26529
26619
26521
26530
26620
26522
26531
26621
26523
26532
26622
26524
26533
26623
26525
26534
26624
26526
26535
26625
26527
26536
26626
26528
26537
26627
26529
26538
26628
26539
26629
26531
26540
26630
26532
26541
26631
26533
26542
26632
26534
26543
26633
26535
26544
26634
26536
26545
26635
26537
26546
26636
26538
26547
26637
26539
26548
26638
26549
26639
26541
26550
26640
26542
26551
26641
26543
26552
26642
26544
26553
26643
26545
26554
26644
26546
26555
26645
26547
26556
26646
26548
26557
26647
26549
26558
26648
26559
26649
26551
26560
26650
26552
26561
26651
26553
26562
26652
26554
26563
26653
26555
26564
26654
26556
26565
26655
26557
26566
26656
26558
26567
26657
26559
26568
26658
26569
26659
26561
26570
26660
26562
26571
26661
26563
26572
26662
26564
26573
26663
26565
26574
26664
26566
26575
26665
26567
26576
26666
26568
26577
26667
26569
26578
26668
26579
26669
26571
26580
26670
26572
26581
26671
26573
26582
26672
26574
26583
26673
26575
26584
26674
26576
26585
26675
26577
26586
26676
26578
26587
26677
26579
26588
26678
26589
26679
26581
26590
26680
26582
26591
26681
26583
26592
26682
26584
26593
26683
26585
26594
26684
26586
26595
26685
26587
26596
26686
26588
26597
26687
26589
26598
26688
26599
26689
26591
26690
27500
26592
26691
27501
26593
26692
27502
26594
26693
27503
26595
26694
27504
26596
26695
27505
26597
26696
27506
26598
26697
27507
26599
26698
27508
26699
27509
26601
26610
26700
26602
26611
26701
26603
26612
26702
26604
26613
26703
26605
26614
26704
26606
26615
26705
26607
26616
26706
26608
26617
26707
26609
26618
26708
26619
26709
26611
26620
26710
26612
26621
26711
26613
26622
26712
26614
26623
26713
26615
26624
26714
26616
26625
26715
26617
26626
26716
26618
26627
26717
26619
26628
26718
26629
26719
26621
26630
26720
26622
26631
26721
26623
26632
26722
26624
26633
26723
26625
26634
26724
26626
26635
26725
26627
26636
26726
26628
26637
26727
26629
26638
26728
26639
26729
26631
26640
26730
26632
26641
26731
26633
26642
26732
26634
26643
26733
26635
26644
26734
26636
26645
26735
26637
26646
26736
26638
26647
26737
26639
26648
26738
26649
26739
26641
26650
26740
26642
26651
26741
26643
26652
26742
26644
26653
26743
26645
26654
26744
26646
26655
26745
26647
26656
26746
26648
26657
26747
26649
26658
26748
26659
26749
26651
26660
26750
26652
26661
26751
26653
26662
26752
26654
26663
26753
26655
26664
26754
26656
26665
26755
26657
26666
26756
26658
26667
26757
26659
26668
26758
26669
26759
26661
26670
26760
26662
26671
26761
26663
26672
26762
26664
26673
26763
26665
26674
26764
26666
26675
26765
26667
26676
26766
26668
26677
26767
26669
26678
26768
26679
26769
26671
26680
26770
26672
26681
26771
26673
26682
26772
26674
26683
26773
26675
26684
26774
26676
26685
26775
26677
26686
26776
26678
26687
26777
26679
26688
26778
26689
26779
26681
26690
26780
26682
26691
26781
26683
26692
26782
26684
26693
26783
26685
26694
26784
26686
26695
26785
26687
26696
26786
26688
26697
26787
26689
26698
26788
26699
26789
26691
26790
27600
26692
26791
27601
26693
26792
27602
26694
26793
27603
26695
26794
27604
26696
26795
27605
26697
26796
27606
26698
26797
27607
26699
26798
27608
26799
27609
26701
26710
26800
26702
26711
26801
26703
26712
26802
26704
26713
26803
26705
26714
26804
26706
26715
26805
26707
26716
26806
26708
26717
26807
26709
26718
26808
26719
26809
26711
26720
26810
26712
26721
26811
26713
26722
26812
26714
26723
26813
26715
26724
26814
26716
26725
26815
26717
26726
26816
26718
26727
26817
26719
26728
26818
26729
26819
26721
26730
26820
26722
26731
26821
26723
26732
26822
26724
26733
26823
26725
26734
26824
26726
26735
26825
26727
26736
26826
26728
26737
26827
26729
26738
26828
26739
26829
26731
26740
26830
26732
26741
26831
26733
26742
26832
26734
26743
26833
26735
26744
26834
26736
26745
26835
26737
26746
26836
26738
26747
26837
26739
26748
26838
26749
26839
26741
26750
26840
26742
26751
26841
26743
26752
26842
26744
26753
26843
26745
26754
26844
26746
26755
26845
26747
26756
26846
26748
26757
26847
26749
26758
26848
26759
26849
26751
26760
26850
26752
26761
26851
26753
26762
26852
26754
26763
26853
26755
26764
26854
26756
26765
26855
26757
26766
26856
26758
26767
26857
26759
26768
26858
26769
26859
26761
26770
26860
26762
26771
26861
26763
26772
26862
26764
26773
26863
26765
26774
26864
26766
26775
26865
26767
26776
26866
26768
26777
26867
26769
26778
26868
26779
26869
26771
26780
26870
26772
26781
26871
26773
26782
26872
26774
26783
26873
26775
26784
26874
26776
26785
26875
26777
26786
26876
26778
26787
26877
26779
26788
26878
26789
26879
26781
26790
26880
26782
26791
26881
26783
26792
26882
26784
26793
26883
26785
26794
26884
26786
26795
26885
26787
26796
26886
26788
26797
26887
26789
26798
26888
26799
26889
26791
26890
27700
26792
26891
27701
26793
26892
27702
26794
26893
27703
26795
26894
27704
26796
26895
27705
26797
26896
27706
26798
26897
27707
26799
26898
27708
26899
27709
26801
26810
26900
26802
26811
26901
26803
26812
26902
26804
26813
26903
26805
26814
26904
26806
26815
26905
26807
26816
26906
26808
26817
26907
26809
26818
26908
26819
26909
26811
26820
26910
26812
26821
26911
26813
26822
26912
26814
26823
26913
26815
26824
26914
26816
26825
26915
26817
26826
26916
26818
26827
26917
26819
26828
26918
26829
26919
26821
26830
26920
26822
26831
26921
26823
26832
26922
26824
26833
26923
26825
26834
26924
26826
26835
26925
26827
26836
26926
26828
26837
26927
26829
26838
26928
26839
26929
26831
26840
26930
26832
26841
26931
26833
26842
26932
26834
26843
26933
26835
26844
26934
26836
26845
26935
26837
26846
26936
26838
26847
26937
26839
26848
26938
26849
26939
26841
26850
26940
26842
26851
26941
26843
26852
26942
26844
26853
26943
26845
26854
26944
26846
26855
26945
26847
26856
26946
26848
26857
26947
26849
26858
26948
26859
26949
26851
26860
26950
26852
26861
26951
26853
26862
26952
26854
26863
26953
26855
26864
26954
26856
26865
26955
26857
26866
26956
26858
26867
26957
26859
26868
26958
26869
26959
26861
26870
26960
26862
26871
26961
26863
26872
26962
26864
26873
26963
26865
26874
26964
26866
26875
26965
26867
26876
26966
26868
26877
26967
26869
26878
26968
26879
26969
26871
26880
26970
26872
26881
26971
26873
26882
26972
26874
26883
26973
26875
26884
26974
26876
26885
26975
26877
26886
26976
26878
26887
26977
26879
26888
26978
26889
26979
26881
26890
26980
26882
26891
26981
26883
26892
26982
26884
26893
26983
26885
26894
26984
26886
26895
26985
26887
26896
26986
26888
26897
26987
26889
26898
26988
26899
26989
26891
26990
27800
26892
26991
27801
26893
26992
27802
26894
26993
27803
26895
26994
27804
26896
26995
27805
26897
26996
27806
26898
26997
27807
26899
26998
27808
26999
27809
26901
26910
28000
26902
26911
28001
26903
26912
28002
26904
26913
28003
26905
26914
28004
26906
26915
28005
26907
26916
28006
26908
26917
28007
26909
26918
28008
26919
28009
26911
26920
28010
26912
26921
28011
26913
26922
28012
26914
26923
28013
26915
26924
28014
26916
26925
28015
26917
26926
28016
26918
26927
28017
26919
26928
28018
26929
28019
26921
26930
28020
26922
26931
28021
26923
26932
28022
26924
26933
28023
26925
26934
28024
26926
26935
28025
26927
26936
28026
26928
26937
28027
26929
26938
28028
26939
28029
26931
26940
28030
26932
26941
28031
26933
26942
28032
26934
26943
28033
26935
26944
28034
26936
26945
28035
26937
26946
28036
26938
26947
28037
26939
26948
28038
26949
28039
26941
26950
28040
26942
26951
28041
26943
26952
28042
26944
26953
28043
26945
26954
28044
26946
26955
28045
26947
26956
28046
26948
26957
28047
26949
26958
28048
26959
28049
26951
26960
28050
26952
26961
28051
26953
26962
28052
26954
26963
28053
26955
26964
28054
26956
26965
28055
26957
26966
28056
26958
26967
28057
26959
26968
28058
26969
28059
26961
26970
28060
26962
26971
28061
26963
26972
28062
26964
26973
28063
26965
26974
28064
26966
26975
28065
26967
26976
28066
26968
26977
28067
26969
26978
28068
26979
28069
26971
26980
28070
26972
26981
28071
26973
26982
28072
26974
26983
28073
26975
26984
28074
26976
26985
28075
26977
26986
28076
26978
26987
28077
26979
26988
28078
26989
28079
26981
26990
28080
26982
26991
28081
26983
26992
28082
26984
26993
28083
26985
26994
28084
26986
26995
28085
26987
26996
28086
26988
26997
28087
26989
26998
28088
26999
28089
26991
27900
28090
26992
27901
28091
26993
27902
28092
26994
27903
28093
26995
27904
28094
26996
27905
28095
26997
27906
28096
26998
27907
28097
26999
27908
28098
27909
28099
27001
27010
27100
27002
27011
27101
27003
27012
27102
27004
27013
27103
27005
27014
27104
27006
27015
27105
27007
27016
27106
27008
27017
27107
27009
27018
27108
27019
27109
27011
27020
27110
27012
27021
27111
27013
27022
27112
27014
27023
27113
27015
27024
27114
27016
27025
27115
27017
27026
27116
27018
27027
27117
27019
27028
27118
27029
27119
27021
27030
27120
27022
27031
27121
27023
27032
27122
27024
27033
27123
27025
27034
27124
27026
27035
27125
27027
27036
27126
27028
27037
27127
27029
27038
27128
27039
27129
27031
27040
27130
27032
27041
27131
27033
27042
27132
27034
27043
27133
27035
27044
27134
27036
27045
27135
27037
27046
27136
27038
27047
27137
27039
27048
27138
27049
27139
27041
27050
27140
27042
27051
27141
27043
27052
27142
27044
27053
27143
27045
27054
27144
27046
27055
27145
27047
27056
27146
27048
27057
27147
27049
27058
27148
27059
27149
27051
27060
27150
27052
27061
27151
27053
27062
27152
27054
27063
27153
27055
27064
27154
27056
27065
27155
27057
27066
27156
27058
27067
27157
27059
27068
27158
27069
27159
27061
27070
27160
27062
27071
27161
27063
27072
27162
27064
27073
27163
27065
27074
27164
27066
27075
27165
27067
27076
27166
27068
27077
27167
27069
27078
27168
27079
27169
27071
27080
27170
27072
27081
27171
27073
27082
27172
27074
27083
27173
27075
27084
27174
27076
27085
27175
27077
27086
27176
27078
27087
27177
27079
27088
27178
27089
27179
27081
27090
27180
27082
27091
27181
27083
27092
27182
27084
27093
27183
27085
27094
27184
27086
27095
27185
27087
27096
27186
27088
27097
27187
27089
27098
27188
27099
27189
27091
27190
29000
27092
27191
29001
27093
27192
29002
27094
27193
29003
27095
27194
29004
27096
27195
29005
27097
27196
29006
27098
27197
29007
27099
27198
29008
27199
29009
27101
27110
27200
27102
27111
27201
27103
27112
27202
27104
27113
27203
27105
27114
27204
27106
27115
27205
27107
27116
27206
27108
27117
27207
27109
27118
27208
27119
27209
27111
27120
27210
27112
27121
27211
27113
27122
27212
27114
27123
27213
27115
27124
27214
27116
27125
27215
27117
27126
27216
27118
27127
27217
27119
27128
27218
27129
27219
27121
27130
27220
27122
27131
27221
27123
27132
27222
27124
27133
27223
27125
27134
27224
27126
27135
27225
27127
27136
27226
27128
27137
27227
27129
27138
27228
27139
27229
27131
27140
27230
27132
27141
27231
27133
27142
27232
27134
27143
27233
27135
27144
27234
27136
27145
27235
27137
27146
27236
27138
27147
27237
27139
27148
27238
27149
27239
27141
27150
27240
27142
27151
27241
27143
27152
27242
27144
27153
27243
27145
27154
27244
27146
27155
27245
27147
27156
27246
27148
27157
27247
27149
27158
27248
27159
27249
27151
27160
27250
27152
27161
27251
27153
27162
27252
27154
27163
27253
27155
27164
27254
27156
27165
27255
27157
27166
27256
27158
27167
27257
27159
27168
27258
27169
27259
27161
27170
27260
27162
27171
27261
27163
27172
27262
27164
27173
27263
27165
27174
27264
27166
27175
27265
27167
27176
27266
27168
27177
27267
27169
27178
27268
27179
27269
27171
27180
27270
27172
27181
27271
27173
27182
27272
27174
27183
27273
27175
27184
27274
27176
27185
27275
27177
27186
27276
27178
27187
27277
27179
27188
27278
27189
27279
27181
27190
27280
27182
27191
27281
27183
27192
27282
27184
27193
27283
27185
27194
27284
27186
27195
27285
27187
27196
27286
27188
27197
27287
27189
27198
27288
27199
27289
27191
27290
29100
27192
27291
29101
27193
27292
29102
27194
27293
29103
27195
27294
29104
27196
27295
29105
27197
27296
29106
27198
27297
29107
27199
27298
29108
27299
29109
27201
27210
27300
27202
27211
27301
27203
27212
27302
27204
27213
27303
27205
27214
27304
27206
27215
27305
27207
27216
27306
27208
27217
27307
27209
27218
27308
27219
27309
27211
27220
27310
27212
27221
27311
27213
27222
27312
27214
27223
27313
27215
27224
27314
27216
27225
27315
27217
27226
27316
27218
27227
27317
27219
27228
27318
27229
27319
27221
27230
27320
27222
27231
27321
27223
27232
27322
27224
27233
27323
27225
27234
27324
27226
27235
27325
27227
27236
27326
27228
27237
27327
27229
27238
27328
27239
27329
27231
27240
27330
27232
27241
27331
27233
27242
27332
27234
27243
27333
27235
27244
27334
27236
27245
27335
27237
27246
27336
27238
27247
27337
27239
27248
27338
27249
27339
27241
27250
27340
27242
27251
27341
27243
27252
27342
27244
27253
27343
27245
27254
27344
27246
27255
27345
27247
27256
27346
27248
27257
27347
27249
27258
27348
27259
27349
27251
27260
27350
27252
27261
27351
27253
27262
27352
27254
27263
27353
27255
27264
27354
27256
27265
27355
27257
27266
27356
27258
27267
27357
27259
27268
27358
27269
27359
27261
27270
27360
27262
27271
27361
27263
27272
27362
27264
27273
27363
27265
27274
27364
27266
27275
27365
27267
27276
27366
27268
27277
27367
27269
27278
27368
27279
27369
27271
27280
27370
27272
27281
27371
27273
27282
27372
27274
27283
27373
27275
27284
27374
27276
27285
27375
27277
27286
27376
27278
27287
27377
27279
27288
27378
27289
27379
27281
27290
27380
27282
27291
27381
27283
27292
27382
27284
27293
27383
27285
27294
27384
27286
27295
27385
27287
27296
27386
27288
27297
27387
27289
27298
27388
27299
27389
27291
27390
29200
27292
27391
29201
27293
27392
29202
27294
27393
29203
27295
27394
29204
27296
27395
29205
27297
27396
29206
27298
27397
29207
27299
27398
29208
27399
29209
27301
27310
27400
27302
27311
27401
27303
27312
27402
27304
27313
27403
27305
27314
27404
27306
27315
27405
27307
27316
27406
27308
27317
27407
27309
27318
27408
27319
27409
27311
27320
27410
27312
27321
27411
27313
27322
27412
27314
27323
27413
27315
27324
27414
27316
27325
27415
27317
27326
27416
27318
27327
27417
27319
27328
27418
27329
27419
27321
27330
27420
27322
27331
27421
27323
27332
27422
27324
27333
27423
27325
27334
27424
27326
27335
27425
27327
27336
27426
27328
27337
27427
27329
27338
27428
27339
27429
27331
27340
27430
27332
27341
27431
27333
27342
27432
27334
27343
27433
27335
27344
27434
27336
27345
27435
27337
27346
27436
27338
27347
27437
27339
27348
27438
27349
27439
27341
27350
27440
27342
27351
27441
27343
27352
27442
27344
27353
27443
27345
27354
27444
27346
27355
27445
27347
27356
27446
27348
27357
27447
27349
27358
27448
27359
27449
27351
27360
27450
27352
27361
27451
27353
27362
27452
27354
27363
27453
27355
27364
27454
27356
27365
27455
27357
27366
27456
27358
27367
27457
27359
27368
27458
27369
27459
27361
27370
27460
27362
27371
27461
27363
27372
27462
27364
27373
27463
27365
27374
27464
27366
27375
27465
27367
27376
27466
27368
27377
27467
27369
27378
27468
27379
27469
27371
27380
27470
27372
27381
27471
27373
27382
27472
27374
27383
27473
27375
27384
27474
27376
27385
27475
27377
27386
27476
27378
27387
27477
27379
27388
27478
27389
27479
27381
27390
27480
27382
27391
27481
27383
27392
27482
27384
27393
27483
27385
27394
27484
27386
27395
27485
27387
27396
27486
27388
27397
27487
27389
27398
27488
27399
27489
27391
27490
29300
27392
27491
29301
27393
27492
29302
27394
27493
29303
27395
27494
29304
27396
27495
29305
27397
27496
29306
27398
27497
29307
27399
27498
29308
27499
29309
27401
27410
27500
27402
27411
27501
27403
27412
27502
27404
27413
27503
27405
27414
27504
27406
27415
27505
27407
27416
27506
27408
27417
27507
27409
27418
27508
27419
27509
27411
27420
27510
27412
27421
27511
27413
27422
27512
27414
27423
27513
27415
27424
27514
27416
27425
27515
27417
27426
27516
27418
27427
27517
27419
27428
27518
27429
27519
27421
27430
27520
27422
27431
27521
27423
27432
27522
27424
27433
27523
27425
27434
27524
27426
27435
27525
27427
27436
27526
27428
27437
27527
27429
27438
27528
27439
27529
27431
27440
27530
27432
27441
27531
27433
27442
27532
27434
27443
27533
27435
27444
27534
27436
27445
27535
27437
27446
27536
27438
27447
27537
27439
27448
27538
27449
27539
27441
27450
27540
27442
27451
27541
27443
27452
27542
27444
27453
27543
27445
27454
27544
27446
27455
27545
27447
27456
27546
27448
27457
27547
27449
27458
27548
27459
27549
27451
27460
27550
27452
27461
27551
27453
27462
27552
27454
27463
27553
27455
27464
27554
27456
27465
27555
27457
27466
27556
27458
27467
27557
27459
27468
27558
27469
27559
27461
27470
27560
27462
27471
27561
27463
27472
27562
27464
27473
27563
27465
27474
27564
27466
27475
27565
27467
27476
27566
27468
27477
27567
27469
27478
27568
27479
27569
27471
27480
27570
27472
27481
27571
27473
27482
27572
27474
27483
27573
27475
27484
27574
27476
27485
27575
27477
27486
27576
27478
27487
27577
27479
27488
27578
27489
27579
27481
27490
27580
27482
27491
27581
27483
27492
27582
27484
27493
27583
27485
27494
27584
27486
27495
27585
27487
27496
27586
27488
27497
27587
27489
27498
27588
27499
27589
27491
27590
29400
27492
27591
29401
27493
27592
29402
27494
27593
29403
27495
27594
29404
27496
27595
29405
27497
27596
29406
27498
27597
29407
27499
27598
29408
27599
29409
27501
27510
27600
27502
27511
27601
27503
27512
27602
27504
27513
27603
27505
27514
27604
27506
27515
27605
27507
27516
27606
27508
27517
27607
27509
27518
27608
27519
27609
27511
27520
27610
27512
27521
27611
27513
27522
27612
27514
27523
27613
27515
27524
27614
27516
27525
27615
27517
27526
27616
27518
27527
27617
27519
27528
27618
27529
27619
27521
27530
27620
27522
27531
27621
27523
27532
27622
27524
27533
27623
27525
27534
27624
27526
27535
27625
27527
27536
27626
27528
27537
27627
27529
27538
27628
27539
27629
27531
27540
27630
27532
27541
27631
27533
27542
27632
27534
27543
27633
27535
27544
27634
27536
27545
27635
27537
27546
27636
27538
27547
27637
27539
27548
27638
27549
27639
27541
27550
27640
27542
27551
27641
27543
27552
27642
27544
27553
27643
27545
27554
27644
27546
27555
27645
27547
27556
27646
27548
27557
27647
27549
27558
27648
27559
27649
27551
27560
27650
27552
27561
27651
27553
27562
27652
27554
27563
27653
27555
27564
27654
27556
27565
27655
27557
27566
27656
27558
27567
27657
27559
27568
27658
27569
27659
27561
27570
27660
27562
27571
27661
27563
27572
27662
27564
27573
27663
27565
27574
27664
27566
27575
27665
27567
27576
27666
27568
27577
27667
27569
27578
27668
27579
27669
27571
27580
27670
27572
27581
27671
27573
27582
27672
27574
27583
27673
27575
27584
27674
27576
27585
27675
27577
27586
27676
27578
27587
27677
27579
27588
27678
27589
27679
27581
27590
27680
27582
27591
27681
27583
27592
27682
27584
27593
27683
27585
27594
27684
27586
27595
27685
27587
27596
27686
27588
27597
27687
27589
27598
27688
27599
27689
27591
27690
29500
27592
27691
29501
27593
27692
29502
27594
27693
29503
27595
27694
29504
27596
27695
29505
27597
27696
29506
27598
27697
29507
27599
27698
29508
27699
29509
27601
27610
27700
27602
27611
27701
27603
27612
27702
27604
27613
27703
27605
27614
27704
27606
27615
27705
27607
27616
27706
27608
27617
27707
27609
27618
27708
27619
27709
27611
27620
27710
27612
27621
27711
27613
27622
27712
27614
27623
27713
27615
27624
27714
27616
27625
27715
27617
27626
27716
27618
27627
27717
27619
27628
27718
27629
27719
27621
27630
27720
27622
27631
27721
27623
27632
27722
27624
27633
27723
27625
27634
27724
27626
27635
27725
27627
27636
27726
27628
27637
27727
27629
27638
27728
27639
27729
27631
27640
27730
27632
27641
27731
27633
27642
27732
27634
27643
27733
27635
27644
27734
27636
27645
27735
27637
27646
27736
27638
27647
27737
27639
27648
27738
27649
27739
27641
27650
27740
27642
27651
27741
27643
27652
27742
27644
27653
27743
27645
27654
27744
27646
27655
27745
27647
27656
27746
27648
27657
27747
27649
27658
27748
27659
27749
27651
27660
27750
27652
27661
27751
27653
27662
27752
27654
27663
27753
27655
27664
27754
27656
27665
27755
27657
27666
27756
27658
27667
27757
27659
27668
27758
27669
27759
27661
27670
27760
27662
27671
27761
27663
27672
27762
27664
27673
27763
27665
27674
27764
27666
27675
27765
27667
27676
27766
27668
27677
27767
27669
27678
27768
27679
27769
27671
27680
27770
27672
27681
27771
27673
27682
27772
27674
27683
27773
27675
27684
27774
27676
27685
27775
27677
27686
27776
27678
27687
27777
27679
27688
27778
27689
27779
27681
27690
27780
27682
27691
27781
27683
27692
27782
27684
27693
27783
27685
27694
27784
27686
27695
27785
27687
27696
27786
27688
27697
27787
27689
27698
27788
27699
27789
27691
27790
29600
27692
27791
29601
27693
27792
29602
27694
27793
29603
27695
27794
29604
27696
27795
29605
27697
27796
29606
27698
27797
29607
27699
27798
29608
27799
29609
27701
27710
27800
27702
27711
27801
27703
27712
27802
27704
27713
27803
27705
27714
27804
27706
27715
27805
27707
27716
27806
27708
27717
27807
27709
27718
27808
27719
27809
27711
27720
27810
27712
27721
27811
27713
27722
27812
27714
27723
27813
27715
27724
27814
27716
27725
27815
27717
27726
27816
27718
27727
27817
27719
27728
27818
27729
27819
27721
27730
27820
27722
27731
27821
27723
27732
27822
27724
27733
27823
27725
27734
27824
27726
27735
27825
27727
27736
27826
27728
27737
27827
27729
27738
27828
27739
27829
27731
27740
27830
27732
27741
27831
27733
27742
27832
27734
27743
27833
27735
27744
27834
27736
27745
27835
27737
27746
27836
27738
27747
27837
27739
27748
27838
27749
27839
27741
27750
27840
27742
27751
27841
27743
27752
27842
27744
27753
27843
27745
27754
27844
27746
27755
27845
27747
27756
27846
27748
27757
27847
27749
27758
27848
27759
27849
27751
27760
27850
27752
27761
27851
27753
27762
27852
27754
27763
27853
27755
27764
27854
27756
27765
27855
27757
27766
27856
27758
27767
27857
27759
27768
27858
27769
27859
27761
27770
27860
27762
27771
27861
27763
27772
27862
27764
27773
27863
27765
27774
27864
27766
27775
27865
27767
27776
27866
27768
27777
27867
27769
27778
27868
27779
27869
27771
27780
27870
27772
27781
27871
27773
27782
27872
27774
27783
27873
27775
27784
27874
27776
27785
27875
27777
27786
27876
27778
27787
27877
27779
27788
27878
27789
27879
27781
27790
27880
27782
27791
27881
27783
27792
27882
27784
27793
27883
27785
27794
27884
27786
27795
27885
27787
27796
27886
27788
27797
27887
27789
27798
27888
27799
27889
27791
27890
29700
27792
27891
29701
27793
27892
29702
27794
27893
29703
27795
27894
29704
27796
27895
29705
27797
27896
29706
27798
27897
29707
27799
27898
29708
27899
29709
27801
27810
27900
27802
27811
27901
27803
27812
27902
27804
27813
27903
27805
27814
27904
27806
27815
27905
27807
27816
27906
27808
27817
27907
27809
27818
27908
27819
27909
27811
27820
27910
27812
27821
27911
27813
27822
27912
27814
27823
27913
27815
27824
27914
27816
27825
27915
27817
27826
27916
27818
27827
27917
27819
27828
27918
27829
27919
27821
27830
27920
27822
27831
27921
27823
27832
27922
27824
27833
27923
27825
27834
27924
27826
27835
27925
27827
27836
27926
27828
27837
27927
27829
27838
27928
27839
27929
27831
27840
27930
27832
27841
27931
27833
27842
27932
27834
27843
27933
27835
27844
27934
27836
27845
27935
27837
27846
27936
27838
27847
27937
27839
27848
27938
27849
27939
27841
27850
27940
27842
27851
27941
27843
27852
27942
27844
27853
27943
27845
27854
27944
27846
27855
27945
27847
27856
27946
27848
27857
27947
27849
27858
27948
27859
27949
27851
27860
27950
27852
27861
27951
27853
27862
27952
27854
27863
27953
27855
27864
27954
27856
27865
27955
27857
27866
27956
27858
27867
27957
27859
27868
27958
27869
27959
27861
27870
27960
27862
27871
27961
27863
27872
27962
27864
27873
27963
27865
27874
27964
27866
27875
27965
27867
27876
27966
27868
27877
27967
27869
27878
27968
27879
27969
27871
27880
27970
27872
27881
27971
27873
27882
27972
27874
27883
27973
27875
27884
27974
27876
27885
27975
27877
27886
27976
27878
27887
27977
27879
27888
27978
27889
27979
27881
27890
27980
27882
27891
27981
27883
27892
27982
27884
27893
27983
27885
27894
27984
27886
27895
27985
27887
27896
27986
27888
27897
27987
27889
27898
27988
27899
27989
27891
27990
29800
27892
27991
29801
27893
27992
29802
27894
27993
29803
27895
27994
29804
27896
27995
29805
27897
27996
29806
27898
27997
29807
27899
27998
29808
27999
29809
27901
27910
28090
27902
27911
28091
27903
27912
28092
27904
27913
28093
27905
27914
28094
27906
27915
28095
27907
27916
28096
27908
27917
28097
27909
27918
28098
27919
28099
27911
27920
28190
27912
27921
28191
27913
27922
28192
27914
27923
28193
27915
27924
28194
27916
27925
28195
27917
27926
28196
27918
27927
28197
27919
27928
28198
27929
28199
27921
27930
28290
27922
27931
28291
27923
27932
28292
27924
27933
28293
27925
27934
28294
27926
27935
28295
27927
27936
28296
27928
27937
28297
27929
27938
28298
27939
28299
27931
27940
28390
27932
27941
28391
27933
27942
28392
27934
27943
28393
27935
27944
28394
27936
27945
28395
27937
27946
28396
27938
27947
28397
27939
27948
28398
27949
28399
27941
27950
28490
27942
27951
28491
27943
27952
28492
27944
27953
28493
27945
27954
28494
27946
27955
28495
27947
27956
28496
27948
27957
28497
27949
27958
28498
27959
28499
27951
27960
28590
27952
27961
28591
27953
27962
28592
27954
27963
28593
27955
27964
28594
27956
27965
28595
27957
27966
28596
27958
27967
28597
27959
27968
28598
27969
28599
27961
27970
28690
27962
27971
28691
27963
27972
28692
27964
27973
28693
27965
27974
28694
27966
27975
28695
27967
27976
28696
27968
27977
28697
27969
27978
28698
27979
28699
27971
27980
28790
27972
27981
28791
27973
27982
28792
27974
27983
28793
27975
27984
28794
27976
27985
28795
27977
27986
28796
27978
27987
28797
27979
27988
28798
27989
28799
27981
27990
28890
27982
27991
28891
27983
27992
28892
27984
27993
28893
27985
27994
28894
27986
27995
28895
27987
27996
28896
27988
27997
28897
27989
27998
28898
27999
28899
27991
28990
29900
27992
28991
29901
27993
28992
29902
27994
28993
29903
27995
28994
29904
27996
28995
29905
27997
28996
29906
27998
28997
29907
27999
28998
29908
28999
29909
28001
28010
28100
28002
28011
28101
28003
28012
28102
28004
28013
28103
28005
28014
28104
28006
28015
28105
28007
28016
28106
28008
28017
28107
28009
28018
28108
28019
28109
28011
28020
28110
28012
28021
28111
28013
28022
28112
28014
28023
28113
28015
28024
28114
28016
28025
28115
28017
28026
28116
28018
28027
28117
28019
28028
28118
28029
28119
28021
28030
28120
28022
28031
28121
28023
28032
28122
28024
28033
28123
28025
28034
28124
28026
28035
28125
28027
28036
28126
28028
28037
28127
28029
28038
28128
28039
28129
28031
28040
28130
28032
28041
28131
28033
28042
28132
28034
28043
28133
28035
28044
28134
28036
28045
28135
28037
28046
28136
28038
28047
28137
28039
28048
28138
28049
28139
28041
28050
28140
28042
28051
28141
28043
28052
28142
28044
28053
28143
28045
28054
28144
28046
28055
28145
28047
28056
28146
28048
28057
28147
28049
28058
28148
28059
28149
28051
28060
28150
28052
28061
28151
28053
28062
28152
28054
28063
28153
28055
28064
28154
28056
28065
28155
28057
28066
28156
28058
28067
28157
28059
28068
28158
28069
28159
28061
28070
28160
28062
28071
28161
28063
28072
28162
28064
28073
28163
28065
28074
28164
28066
28075
28165
28067
28076
28166
28068
28077
28167
28069
28078
28168
28079
28169
28071
28080
28170
28072
28081
28171
28073
28082
28172
28074
28083
28173
28075
28084
28174
28076
28085
28175
28077
28086
28176
28078
28087
28177
28079
28088
28178
28089
28179
28081
28090
28180
28082
28091
28181
28083
28092
28182
28084
28093
28183
28085
28094
28184
28086
28095
28185
28087
28096
28186
28088
28097
28187
28089
28098
28188
28099
28189
28091
28190
28092
28191
28093
28192
28094
28193
28095
28194
28096
28195
28097
28196
28098
28197
28099
28198
28199
28101
28110
28200
28102
28111
28201
28103
28112
28202
28104
28113
28203
28105
28114
28204
28106
28115
28205
28107
28116
28206
28108
28117
28207
28109
28118
28208
28119
28209
28111
28120
28210
28112
28121
28211
28113
28122
28212
28114
28123
28213
28115
28124
28214
28116
28125
28215
28117
28126
28216
28118
28127
28217
28119
28128
28218
28129
28219
28121
28130
28220
28122
28131
28221
28123
28132
28222
28124
28133
28223
28125
28134
28224
28126
28135
28225
28127
28136
28226
28128
28137
28227
28129
28138
28228
28139
28229
28131
28140
28230
28132
28141
28231
28133
28142
28232
28134
28143
28233
28135
28144
28234
28136
28145
28235
28137
28146
28236
28138
28147
28237
28139
28148
28238
28149
28239
28141
28150
28240
28142
28151
28241
28143
28152
28242
28144
28153
28243
28145
28154
28244
28146
28155
28245
28147
28156
28246
28148
28157
28247
28149
28158
28248
28159
28249
28151
28160
28250
28152
28161
28251
28153
28162
28252
28154
28163
28253
28155
28164
28254
28156
28165
28255
28157
28166
28256
28158
28167
28257
28159
28168
28258
28169
28259
28161
28170
28260
28162
28171
28261
28163
28172
28262
28164
28173
28263
28165
28174
28264
28166
28175
28265
28167
28176
28266
28168
28177
28267
28169
28178
28268
28179
28269
28171
28180
28270
28172
28181
28271
28173
28182
28272
28174
28183
28273
28175
28184
28274
28176
28185
28275
28177
28186
28276
28178
28187
28277
28179
28188
28278
28189
28279
28181
28190
28280
28182
28191
28281
28183
28192
28282
28184
28193
28283
28185
28194
28284
28186
28195
28285
28187
28196
28286
28188
28197
28287
28189
28198
28288
28199
28289
28191
28290
28192
28291
28193
28292
28194
28293
28195
28294
28196
28295
28197
28296
28198
28297
28199
28298
28299
28201
28210
28300
28202
28211
28301
28203
28212
28302
28204
28213
28303
28205
28214
28304
28206
28215
28305
28207
28216
28306
28208
28217
28307
28209
28218
28308
28219
28309
28211
28220
28310
28212
28221
28311
28213
28222
28312
28214
28223
28313
28215
28224
28314
28216
28225
28315
28217
28226
28316
28218
28227
28317
28219
28228
28318
28229
28319
28221
28230
28320
28222
28231
28321
28223
28232
28322
28224
28233
28323
28225
28234
28324
28226
28235
28325
28227
28236
28326
28228
28237
28327
28229
28238
28328
28239
28329
28231
28240
28330
28232
28241
28331
28233
28242
28332
28234
28243
28333
28235
28244
28334
28236
28245
28335
28237
28246
28336
28238
28247
28337
28239
28248
28338
28249
28339
28241
28250
28340
28242
28251
28341
28243
28252
28342
28244
28253
28343
28245
28254
28344
28246
28255
28345
28247
28256
28346
28248
28257
28347
28249
28258
28348
28259
28349
28251
28260
28350
28252
28261
28351
28253
28262
28352
28254
28263
28353
28255
28264
28354
28256
28265
28355
28257
28266
28356
28258
28267
28357
28259
28268
28358
28269
28359
28261
28270
28360
28262
28271
28361
28263
28272
28362
28264
28273
28363
28265
28274
28364
28266
28275
28365
28267
28276
28366
28268
28277
28367
28269
28278
28368
28279
28369
28271
28280
28370
28272
28281
28371
28273
28282
28372
28274
28283
28373
28275
28284
28374
28276
28285
28375
28277
28286
28376
28278
28287
28377
28279
28288
28378
28289
28379
28281
28290
28380
28282
28291
28381
28283
28292
28382
28284
28293
28383
28285
28294
28384
28286
28295
28385
28287
28296
28386
28288
28297
28387
28289
28298
28388
28299
28389
28291
28390
28292
28391
28293
28392
28294
28393
28295
28394
28296
28395
28297
28396
28298
28397
28299
28398
28399
28301
28310
28400
28302
28311
28401
28303
28312
28402
28304
28313
28403
28305
28314
28404
28306
28315
28405
28307
28316
28406
28308
28317
28407
28309
28318
28408
28319
28409
28311
28320
28410
28312
28321
28411
28313
28322
28412
28314
28323
28413
28315
28324
28414
28316
28325
28415
28317
28326
28416
28318
28327
28417
28319
28328
28418
28329
28419
28321
28330
28420
28322
28331
28421
28323
28332
28422
28324
28333
28423
28325
28334
28424
28326
28335
28425
28327
28336
28426
28328
28337
28427
28329
28338
28428
28339
28429
28331
28340
28430
28332
28341
28431
28333
28342
28432
28334
28343
28433
28335
28344
28434
28336
28345
28435
28337
28346
28436
28338
28347
28437
28339
28348
28438
28349
28439
28341
28350
28440
28342
28351
28441
28343
28352
28442
28344
28353
28443
28345
28354
28444
28346
28355
28445
28347
28356
28446
28348
28357
28447
28349
28358
28448
28359
28449
28351
28360
28450
28352
28361
28451
28353
28362
28452
28354
28363
28453
28355
28364
28454
28356
28365
28455
28357
28366
28456
28358
28367
28457
28359
28368
28458
28369
28459
28361
28370
28460
28362
28371
28461
28363
28372
28462
28364
28373
28463
28365
28374
28464
28366
28375
28465
28367
28376
28466
28368
28377
28467
28369
28378
28468
28379
28469
28371
28380
28470
28372
28381
28471
28373
28382
28472
28374
28383
28473
28375
28384
28474
28376
28385
28475
28377
28386
28476
28378
28387
28477
28379
28388
28478
28389
28479
28381
28390
28480
28382
28391
28481
28383
28392
28482
28384
28393
28483
28385
28394
28484
28386
28395
28485
28387
28396
28486
28388
28397
28487
28389
28398
28488
28399
28489
28391
28490
28392
28491
28393
28492
28394
28493
28395
28494
28396
28495
28397
28496
28398
28497
28399
28498
28499
28401
28410
28500
28402
28411
28501
28403
28412
28502
28404
28413
28503
28405
28414
28504
28406
28415
28505
28407
28416
28506
28408
28417
28507
28409
28418
28508
28419
28509
28411
28420
28510
28412
28421
28511
28413
28422
28512
28414
28423
28513
28415
28424
28514
28416
28425
28515
28417
28426
28516
28418
28427
28517
28419
28428
28518
28429
28519
28421
28430
28520
28422
28431
28521
28423
28432
28522
28424
28433
28523
28425
28434
28524
28426
28435
28525
28427
28436
28526
28428
28437
28527
28429
28438
28528
28439
28529
28431
28440
28530
28432
28441
28531
28433
28442
28532
28434
28443
28533
28435
28444
28534
28436
28445
28535
28437
28446
28536
28438
28447
28537
28439
28448
28538
28449
28539
28441
28450
28540
28442
28451
28541
28443
28452
28542
28444
28453
28543
28445
28454
28544
28446
28455
28545
28447
28456
28546
28448
28457
28547
28449
28458
28548
28459
28549
28451
28460
28550
28452
28461
28551
28453
28462
28552
28454
28463
28553
28455
28464
28554
28456
28465
28555
28457
28466
28556
28458
28467
28557
28459
28468
28558
28469
28559
28461
28470
28560
28462
28471
28561
28463
28472
28562
28464
28473
28563
28465
28474
28564
28466
28475
28565
28467
28476
28566
28468
28477
28567
28469
28478
28568
28479
28569
28471
28480
28570
28472
28481
28571
28473
28482
28572
28474
28483
28573
28475
28484
28574
28476
28485
28575
28477
28486
28576
28478
28487
28577
28479
28488
28578
28489
28579
28481
28490
28580
28482
28491
28581
28483
28492
28582
28484
28493
28583
28485
28494
28584
28486
28495
28585
28487
28496
28586
28488
28497
28587
28489
28498
28588
28499
28589
28491
28590
28492
28591
28493
28592
28494
28593
28495
28594
28496
28595
28497
28596
28498
28597
28499
28598
28599
28501
28510
28600
28502
28511
28601
28503
28512
28602
28504
28513
28603
28505
28514
28604
28506
28515
28605
28507
28516
28606
28508
28517
28607
28509
28518
28608
28519
28609
28511
28520
28610
28512
28521
28611
28513
28522
28612
28514
28523
28613
28515
28524
28614
28516
28525
28615
28517
28526
28616
28518
28527
28617
28519
28528
28618
28529
28619
28521
28530
28620
28522
28531
28621
28523
28532
28622
28524
28533
28623
28525
28534
28624
28526
28535
28625
28527
28536
28626
28528
28537
28627
28529
28538
28628
28539
28629
28531
28540
28630
28532
28541
28631
28533
28542
28632
28534
28543
28633
28535
28544
28634
28536
28545
28635
28537
28546
28636
28538
28547
28637
28539
28548
28638
28549
28639
28541
28550
28640
28542
28551
28641
28543
28552
28642
28544
28553
28643
28545
28554
28644
28546
28555
28645
28547
28556
28646
28548
28557
28647
28549
28558
28648
28559
28649
28551
28560
28650
28552
28561
28651
28553
28562
28652
28554
28563
28653
28555
28564
28654
28556
28565
28655
28557
28566
28656
28558
28567
28657
28559
28568
28658
28569
28659
28561
28570
28660
28562
28571
28661
28563
28572
28662
28564
28573
28663
28565
28574
28664
28566
28575
28665
28567
28576
28666
28568
28577
28667
28569
28578
28668
28579
28669
28571
28580
28670
28572
28581
28671
28573
28582
28672
28574
28583
28673
28575
28584
28674
28576
28585
28675
28577
28586
28676
28578
28587
28677
28579
28588
28678
28589
28679
28581
28590
28680
28582
28591
28681
28583
28592
28682
28584
28593
28683
28585
28594
28684
28586
28595
28685
28587
28596
28686
28588
28597
28687
28589
28598
28688
28599
28689
28591
28690
28592
28691
28593
28692
28594
28693
28595
28694
28596
28695
28597
28696
28598
28697
28599
28698
28699
28601
28610
28700
28602
28611
28701
28603
28612
28702
28604
28613
28703
28605
28614
28704
28606
28615
28705
28607
28616
28706
28608
28617
28707
28609
28618
28708
28619
28709
28611
28620
28710
28612
28621
28711
28613
28622
28712
28614
28623
28713
28615
28624
28714
28616
28625
28715
28617
28626
28716
28618
28627
28717
28619
28628
28718
28629
28719
28621
28630
28720
28622
28631
28721
28623
28632
28722
28624
28633
28723
28625
28634
28724
28626
28635
28725
28627
28636
28726
28628
28637
28727
28629
28638
28728
28639
28729
28631
28640
28730
28632
28641
28731
28633
28642
28732
28634
28643
28733
28635
28644
28734
28636
28645
28735
28637
28646
28736
28638
28647
28737
28639
28648
28738
28649
28739
28641
28650
28740
28642
28651
28741
28643
28652
28742
28644
28653
28743
28645
28654
28744
28646
28655
28745
28647
28656
28746
28648
28657
28747
28649
28658
28748
28659
28749
28651
28660
28750
28652
28661
28751
28653
28662
28752
28654
28663
28753
28655
28664
28754
28656
28665
28755
28657
28666
28756
28658
28667
28757
28659
28668
28758
28669
28759
28661
28670
28760
28662
28671
28761
28663
28672
28762
28664
28673
28763
28665
28674
28764
28666
28675
28765
28667
28676
28766
28668
28677
28767
28669
28678
28768
28679
28769
28671
28680
28770
28672
28681
28771
28673
28682
28772
28674
28683
28773
28675
28684
28774
28676
28685
28775
28677
28686
28776
28678
28687
28777
28679
28688
28778
28689
28779
28681
28690
28780
28682
28691
28781
28683
28692
28782
28684
28693
28783
28685
28694
28784
28686
28695
28785
28687
28696
28786
28688
28697
28787
28689
28698
28788
28699
28789
28691
28790
28692
28791
28693
28792
28694
28793
28695
28794
28696
28795
28697
28796
28698
28797
28699
28798
28799
28701
28710
28800
28702
28711
28801
28703
28712
28802
28704
28713
28803
28705
28714
28804
28706
28715
28805
28707
28716
28806
28708
28717
28807
28709
28718
28808
28719
28809
28711
28720
28810
28712
28721
28811
28713
28722
28812
28714
28723
28813
28715
28724
28814
28716
28725
28815
28717
28726
28816
28718
28727
28817
28719
28728
28818
28729
28819
28721
28730
28820
28722
28731
28821
28723
28732
28822
28724
28733
28823
28725
28734
28824
28726
28735
28825
28727
28736
28826
28728
28737
28827
28729
28738
28828
28739
28829
28731
28740
28830
28732
28741
28831
28733
28742
28832
28734
28743
28833
28735
28744
28834
28736
28745
28835
28737
28746
28836
28738
28747
28837
28739
28748
28838
28749
28839
28741
28750
28840
28742
28751
28841
28743
28752
28842
28744
28753
28843
28745
28754
28844
28746
28755
28845
28747
28756
28846
28748
28757
28847
28749
28758
28848
28759
28849
28751
28760
28850
28752
28761
28851
28753
28762
28852
28754
28763
28853
28755
28764
28854
28756
28765
28855
28757
28766
28856
28758
28767
28857
28759
28768
28858
28769
28859
28761
28770
28860
28762
28771
28861
28763
28772
28862
28764
28773
28863
28765
28774
28864
28766
28775
28865
28767
28776
28866
28768
28777
28867
28769
28778
28868
28779
28869
28771
28780
28870
28772
28781
28871
28773
28782
28872
28774
28783
28873
28775
28784
28874
28776
28785
28875
28777
28786
28876
28778
28787
28877
28779
28788
28878
28789
28879
28781
28790
28880
28782
28791
28881
28783
28792
28882
28784
28793
28883
28785
28794
28884
28786
28795
28885
28787
28796
28886
28788
28797
28887
28789
28798
28888
28799
28889
28791
28890
28792
28891
28793
28892
28794
28893
28795
28894
28796
28895
28797
28896
28798
28897
28799
28898
28899
28801
28810
28900
28802
28811
28901
28803
28812
28902
28804
28813
28903
28805
28814
28904
28806
28815
28905
28807
28816
28906
28808
28817
28907
28809
28818
28908
28819
28909
28811
28820
28910
28812
28821
28911
28813
28822
28912
28814
28823
28913
28815
28824
28914
28816
28825
28915
28817
28826
28916
28818
28827
28917
28819
28828
28918
28829
28919
28821
28830
28920
28822
28831
28921
28823
28832
28922
28824
28833
28923
28825
28834
28924
28826
28835
28925
28827
28836
28926
28828
28837
28927
28829
28838
28928
28839
28929
28831
28840
28930
28832
28841
28931
28833
28842
28932
28834
28843
28933
28835
28844
28934
28836
28845
28935
28837
28846
28936
28838
28847
28937
28839
28848
28938
28849
28939
28841
28850
28940
28842
28851
28941
28843
28852
28942
28844
28853
28943
28845
28854
28944
28846
28855
28945
28847
28856
28946
28848
28857
28947
28849
28858
28948
28859
28949
28851
28860
28950
28852
28861
28951
28853
28862
28952
28854
28863
28953
28855
28864
28954
28856
28865
28955
28857
28866
28956
28858
28867
28957
28859
28868
28958
28869
28959
28861
28870
28960
28862
28871
28961
28863
28872
28962
28864
28873
28963
28865
28874
28964
28866
28875
28965
28867
28876
28966
28868
28877
28967
28869
28878
28968
28879
28969
28871
28880
28970
28872
28881
28971
28873
28882
28972
28874
28883
28973
28875
28884
28974
28876
28885
28975
28877
28886
28976
28878
28887
28977
28879
28888
28978
28889
28979
28881
28890
28980
28882
28891
28981
28883
28892
28982
28884
28893
28983
28885
28894
28984
28886
28895
28985
28887
28896
28986
28888
28897
28987
28889
28898
28988
28899
28989
28891
28990
28892
28991
28893
28992
28894
28993
28895
28994
28896
28995
28897
28996
28898
28997
28899
28998
28999
28901
28910
31900
28902
28911
31901
28903
28912
31902
28904
28913
31903
28905
28914
31904
28906
28915
31905
28907
28916
31906
28908
28917
31907
28909
28918
31908
28919
31909
28911
28920
31800
28912
28921
31801
28913
28922
31802
28914
28923
31803
28915
28924
31804
28916
28925
31805
28917
28926
31806
28918
28927
31807
28919
28928
31808
28929
31809
28921
28930
31700
28922
28931
31701
28923
28932
31702
28924
28933
31703
28925
28934
31704
28926
28935
31705
28927
28936
31706
28928
28937
31707
28929
28938
31708
28939
31709
28931
28940
31600
28932
28941
31601
28933
28942
31602
28934
28943
31603
28935
28944
31604
28936
28945
31605
28937
28946
31606
28938
28947
31607
28939
28948
31608
28949
31609
28941
28950
31500
28942
28951
31501
28943
28952
31502
28944
28953
31503
28945
28954
31504
28946
28955
31505
28947
28956
31506
28948
28957
31507
28949
28958
31508
28959
31509
28951
28960
31400
28952
28961
31401
28953
28962
31402
28954
28963
31403
28955
28964
31404
28956
28965
31405
28957
28966
31406
28958
28967
31407
28959
28968
31408
28969
31409
28961
28970
31300
28962
28971
31301
28963
28972
31302
28964
28973
31303
28965
28974
31304
28966
28975
31305
28967
28976
31306
28968
28977
31307
28969
28978
31308
28979
31309
28971
28980
31200
28972
28981
31201
28973
28982
31202
28974
28983
31203
28975
28984
31204
28976
28985
31205
28977
28986
31206
28978
28987
31207
28979
28988
31208
28989
31209
28981
28990
31100
28982
28991
31101
28983
28992
31102
28984
28993
31103
28985
28994
31104
28986
28995
31105
28987
28996
31106
28988
28997
31107
28989
28998
31108
28999
31109
28991
31000
28992
31001
28993
31002
28994
31003
28995
31004
28996
31005
28997
31006
28998
31007
28999
31008
31009
29001
29010
29100
29002
29011
29101
29003
29012
29102
29004
29013
29103
29005
29014
29104
29006
29015
29105
29007
29016
29106
29008
29017
29107
29009
29018
29108
29019
29109
29011
29020
29110
29012
29021
29111
29013
29022
29112
29014
29023
29113
29015
29024
29114
29016
29025
29115
29017
29026
29116
29018
29027
29117
29019
29028
29118
29029
29119
29021
29030
29120
29022
29031
29121
29023
29032
29122
29024
29033
29123
29025
29034
29124
29026
29035
29125
29027
29036
29126
29028
29037
29127
29029
29038
29128
29039
29129
29031
29040
29130
29032
29041
29131
29033
29042
29132
29034
29043
29133
29035
29044
29134
29036
29045
29135
29037
29046
29136
29038
29047
29137
29039
29048
29138
29049
29139
29041
29050
29140
29042
29051
29141
29043
29052
29142
29044
29053
29143
29045
29054
29144
29046
29055
29145
29047
29056
29146
29048
29057
29147
29049
29058
29148
29059
29149
29051
29060
29150
29052
29061
29151
29053
29062
29152
29054
29063
29153
29055
29064
29154
29056
29065
29155
29057
29066
29156
29058
29067
29157
29059
29068
29158
29069
29159
29061
29070
29160
29062
29071
29161
29063
29072
29162
29064
29073
29163
29065
29074
29164
29066
29075
29165
29067
29076
29166
29068
29077
29167
29069
29078
29168
29079
29169
29071
29080
29170
29072
29081
29171
29073
29082
29172
29074
29083
29173
29075
29084
29174
29076
29085
29175
29077
29086
29176
29078
29087
29177
29079
29088
29178
29089
29179
29081
29090
29180
29082
29091
29181
29083
29092
29182
29084
29093
29183
29085
29094
29184
29086
29095
29185
29087
29096
29186
29088
29097
29187
29089
29098
29188
29099
29189
29091
29190
30000
29092
29191
30001
29093
29192
30002
29094
29193
30003
29095
29194
30004
29096
29195
30005
29097
29196
30006
29098
29197
30007
29099
29198
30008
29199
30009
29101
29110
29200
29102
29111
29201
29103
29112
29202
29104
29113
29203
29105
29114
29204
29106
29115
29205
29107
29116
29206
29108
29117
29207
29109
29118
29208
29119
29209
29111
29120
29210
29112
29121
29211
29113
29122
29212
29114
29123
29213
29115
29124
29214
29116
29125
29215
29117
29126
29216
29118
29127
29217
29119
29128
29218
29129
29219
29121
29130
29220
29122
29131
29221
29123
29132
29222
29124
29133
29223
29125
29134
29224
29126
29135
29225
29127
29136
29226
29128
29137
29227
29129
29138
29228
29139
29229
29131
29140
29230
29132
29141
29231
29133
29142
29232
29134
29143
29233
29135
29144
29234
29136
29145
29235
29137
29146
29236
29138
29147
29237
29139
29148
29238
29149
29239
29141
29150
29240
29142
29151
29241
29143
29152
29242
29144
29153
29243
29145
29154
29244
29146
29155
29245
29147
29156
29246
29148
29157
29247
29149
29158
29248
29159
29249
29151
29160
29250
29152
29161
29251
29153
29162
29252
29154
29163
29253
29155
29164
29254
29156
29165
29255
29157
29166
29256
29158
29167
29257
29159
29168
29258
29169
29259
29161
29170
29260
29162
29171
29261
29163
29172
29262
29164
29173
29263
29165
29174
29264
29166
29175
29265
29167
29176
29266
29168
29177
29267
29169
29178
29268
29179
29269
29171
29180
29270
29172
29181
29271
29173
29182
29272
29174
29183
29273
29175
29184
29274
29176
29185
29275
29177
29186
29276
29178
29187
29277
29179
29188
29278
29189
29279
29181
29190
29280
29182
29191
29281
29183
29192
29282
29184
29193
29283
29185
29194
29284
29186
29195
29285
29187
29196
29286
29188
29197
29287
29189
29198
29288
29199
29289
29191
29290
30100
29192
29291
30101
29193
29292
30102
29194
29293
30103
29195
29294
30104
29196
29295
30105
29197
29296
30106
29198
29297
30107
29199
29298
30108
29299
30109
29201
29210
29300
29202
29211
29301
29203
29212
29302
29204
29213
29303
29205
29214
29304
29206
29215
29305
29207
29216
29306
29208
29217
29307
29209
29218
29308
29219
29309
29211
29220
29310
29212
29221
29311
29213
29222
29312
29214
29223
29313
29215
29224
29314
29216
29225
29315
29217
29226
29316
29218
29227
29317
29219
29228
29318
29229
29319
29221
29230
29320
29222
29231
29321
29223
29232
29322
29224
29233
29323
29225
29234
29324
29226
29235
29325
29227
29236
29326
29228
29237
29327
29229
29238
29328
29239
29329
29231
29240
29330
29232
29241
29331
29233
29242
29332
29234
29243
29333
29235
29244
29334
29236
29245
29335
29237
29246
29336
29238
29247
29337
29239
29248
29338
29249
29339
29241
29250
29340
29242
29251
29341
29243
29252
29342
29244
29253
29343
29245
29254
29344
29246
29255
29345
29247
29256
29346
29248
29257
29347
29249
29258
29348
29259
29349
29251
29260
29350
29252
29261
29351
29253
29262
29352
29254
29263
29353
29255
29264
29354
29256
29265
29355
29257
29266
29356
29258
29267
29357
29259
29268
29358
29269
29359
29261
29270
29360
29262
29271
29361
29263
29272
29362
29264
29273
29363
29265
29274
29364
29266
29275
29365
29267
29276
29366
29268
29277
29367
29269
29278
29368
29279
29369
29271
29280
29370
29272
29281
29371
29273
29282
29372
29274
29283
29373
29275
29284
29374
29276
29285
29375
29277
29286
29376
29278
29287
29377
29279
29288
29378
29289
29379
29281
29290
29380
29282
29291
29381
29283
29292
29382
29284
29293
29383
29285
29294
29384
29286
29295
29385
29287
29296
29386
29288
29297
29387
29289
29298
29388
29299
29389
29291
29390
30200
29292
29391
30201
29293
29392
30202
29294
29393
30203
29295
29394
30204
29296
29395
30205
29297
29396
30206
29298
29397
30207
29299
29398
30208
29399
30209
29301
29310
29400
29302
29311
29401
29303
29312
29402
29304
29313
29403
29305
29314
29404
29306
29315
29405
29307
29316
29406
29308
29317
29407
29309
29318
29408
29319
29409
29311
29320
29410
29312
29321
29411
29313
29322
29412
29314
29323
29413
29315
29324
29414
29316
29325
29415
29317
29326
29416
29318
29327
29417
29319
29328
29418
29329
29419
29321
29330
29420
29322
29331
29421
29323
29332
29422
29324
29333
29423
29325
29334
29424
29326
29335
29425
29327
29336
29426
29328
29337
29427
29329
29338
29428
29339
29429
29331
29340
29430
29332
29341
29431
29333
29342
29432
29334
29343
29433
29335
29344
29434
29336
29345
29435
29337
29346
29436
29338
29347
29437
29339
29348
29438
29349
29439
29341
29350
29440
29342
29351
29441
29343
29352
29442
29344
29353
29443
29345
29354
29444
29346
29355
29445
29347
29356
29446
29348
29357
29447
29349
29358
29448
29359
29449
29351
29360
29450
29352
29361
29451
29353
29362
29452
29354
29363
29453
29355
29364
29454
29356
29365
29455
29357
29366
29456
29358
29367
29457
29359
29368
29458
29369
29459
29361
29370
29460
29362
29371
29461
29363
29372
29462
29364
29373
29463
29365
29374
29464
29366
29375
29465
29367
29376
29466
29368
29377
29467
29369
29378
29468
29379
29469
29371
29380
29470
29372
29381
29471
29373
29382
29472
29374
29383
29473
29375
29384
29474
29376
29385
29475
29377
29386
29476
29378
29387
29477
29379
29388
29478
29389
29479
29381
29390
29480
29382
29391
29481
29383
29392
29482
29384
29393
29483
29385
29394
29484
29386
29395
29485
29387
29396
29486
29388
29397
29487
29389
29398
29488
29399
29489
29391
29490
30300
29392
29491
30301
29393
29492
30302
29394
29493
30303
29395
29494
30304
29396
29495
30305
29397
29496
30306
29398
29497
30307
29399
29498
30308
29499
30309
29401
29410
29500
29402
29411
29501
29403
29412
29502
29404
29413
29503
29405
29414
29504
29406
29415
29505
29407
29416
29506
29408
29417
29507
29409
29418
29508
29419
29509
29411
29420
29510
29412
29421
29511
29413
29422
29512
29414
29423
29513
29415
29424
29514
29416
29425
29515
29417
29426
29516
29418
29427
29517
29419
29428
29518
29429
29519
29421
29430
29520
29422
29431
29521
29423
29432
29522
29424
29433
29523
29425
29434
29524
29426
29435
29525
29427
29436
29526
29428
29437
29527
29429
29438
29528
29439
29529
29431
29440
29530
29432
29441
29531
29433
29442
29532
29434
29443
29533
29435
29444
29534
29436
29445
29535
29437
29446
29536
29438
29447
29537
29439
29448
29538
29449
29539
29441
29450
29540
29442
29451
29541
29443
29452
29542
29444
29453
29543
29445
29454
29544
29446
29455
29545
29447
29456
29546
29448
29457
29547
29449
29458
29548
29459
29549
29451
29460
29550
29452
29461
29551
29453
29462
29552
29454
29463
29553
29455
29464
29554
29456
29465
29555
29457
29466
29556
29458
29467
29557
29459
29468
29558
29469
29559
29461
29470
29560
29462
29471
29561
29463
29472
29562
29464
29473
29563
29465
29474
29564
29466
29475
29565
29467
29476
29566
29468
29477
29567
29469
29478
29568
29479
29569
29471
29480
29570
29472
29481
29571
29473
29482
29572
29474
29483
29573
29475
29484
29574
29476
29485
29575
29477
29486
29576
29478
29487
29577
29479
29488
29578
29489
29579
29481
29490
29580
29482
29491
29581
29483
29492
29582
29484
29493
29583
29485
29494
29584
29486
29495
29585
29487
29496
29586
29488
29497
29587
29489
29498
29588
29499
29589
29491
29590
30400
29492
29591
30401
29493
29592
30402
29494
29593
30403
29495
29594
30404
29496
29595
30405
29497
29596
30406
29498
29597
30407
29499
29598
30408
29599
30409
29501
29510
29600
29502
29511
29601
29503
29512
29602
29504
29513
29603
29505
29514
29604
29506
29515
29605
29507
29516
29606
29508
29517
29607
29509
29518
29608
29519
29609
29511
29520
29610
29512
29521
29611
29513
29522
29612
29514
29523
29613
29515
29524
29614
29516
29525
29615
29517
29526
29616
29518
29527
29617
29519
29528
29618
29529
29619
29521
29530
29620
29522
29531
29621
29523
29532
29622
29524
29533
29623
29525
29534
29624
29526
29535
29625
29527
29536
29626
29528
29537
29627
29529
29538
29628
29539
29629
29531
29540
29630
29532
29541
29631
29533
29542
29632
29534
29543
29633
29535
29544
29634
29536
29545
29635
29537
29546
29636
29538
29547
29637
29539
29548
29638
29549
29639
29541
29550
29640
29542
29551
29641
29543
29552
29642
29544
29553
29643
29545
29554
29644
29546
29555
29645
29547
29556
29646
29548
29557
29647
29549
29558
29648
29559
29649
29551
29560
29650
29552
29561
29651
29553
29562
29652
29554
29563
29653
29555
29564
29654
29556
29565
29655
29557
29566
29656
29558
29567
29657
29559
29568
29658
29569
29659
29561
29570
29660
29562
29571
29661
29563
29572
29662
29564
29573
29663
29565
29574
29664
29566
29575
29665
29567
29576
29666
29568
29577
29667
29569
29578
29668
29579
29669
29571
29580
29670
29572
29581
29671
29573
29582
29672
29574
29583
29673
29575
29584
29674
29576
29585
29675
29577
29586
29676
29578
29587
29677
29579
29588
29678
29589
29679
29581
29590
29680
29582
29591
29681
29583
29592
29682
29584
29593
29683
29585
29594
29684
29586
29595
29685
29587
29596
29686
29588
29597
29687
29589
29598
29688
29599
29689
29591
29690
30500
29592
29691
30501
29593
29692
30502
29594
29693
30503
29595
29694
30504
29596
29695
30505
29597
29696
30506
29598
29697
30507
29599
29698
30508
29699
30509
29601
29610
29700
29602
29611
29701
29603
29612
29702
29604
29613
29703
29605
29614
29704
29606
29615
29705
29607
29616
29706
29608
29617
29707
29609
29618
29708
29619
29709
29611
29620
29710
29612
29621
29711
29613
29622
29712
29614
29623
29713
29615
29624
29714
29616
29625
29715
29617
29626
29716
29618
29627
29717
29619
29628
29718
29629
29719
29621
29630
29720
29622
29631
29721
29623
29632
29722
29624
29633
29723
29625
29634
29724
29626
29635
29725
29627
29636
29726
29628
29637
29727
29629
29638
29728
29639
29729
29631
29640
29730
29632
29641
29731
29633
29642
29732
29634
29643
29733
29635
29644
29734
29636
29645
29735
29637
29646
29736
29638
29647
29737
29639
29648
29738
29649
29739
29641
29650
29740
29642
29651
29741
29643
29652
29742
29644
29653
29743
29645
29654
29744
29646
29655
29745
29647
29656
29746
29648
29657
29747
29649
29658
29748
29659
29749
29651
29660
29750
29652
29661
29751
29653
29662
29752
29654
29663
29753
29655
29664
29754
29656
29665
29755
29657
29666
29756
29658
29667
29757
29659
29668
29758
29669
29759
29661
29670
29760
29662
29671
29761
29663
29672
29762
29664
29673
29763
29665
29674
29764
29666
29675
29765
29667
29676
29766
29668
29677
29767
29669
29678
29768
29679
29769
29671
29680
29770
29672
29681
29771
29673
29682
29772
29674
29683
29773
29675
29684
29774
29676
29685
29775
29677
29686
29776
29678
29687
29777
29679
29688
29778
29689
29779
29681
29690
29780
29682
29691
29781
29683
29692
29782
29684
29693
29783
29685
29694
29784
29686
29695
29785
29687
29696
29786
29688
29697
29787
29689
29698
29788
29699
29789
29691
29790
30600
29692
29791
30601
29693
29792
30602
29694
29793
30603
29695
29794
30604
29696
29795
30605
29697
29796
30606
29698
29797
30607
29699
29798
30608
29799
30609
29701
29710
29800
29702
29711
29801
29703
29712
29802
29704
29713
29803
29705
29714
29804
29706
29715
29805
29707
29716
29806
29708
29717
29807
29709
29718
29808
29719
29809
29711
29720
29810
29712
29721
29811
29713
29722
29812
29714
29723
29813
29715
29724
29814
29716
29725
29815
29717
29726
29816
29718
29727
29817
29719
29728
29818
29729
29819
29721
29730
29820
29722
29731
29821
29723
29732
29822
29724
29733
29823
29725
29734
29824
29726
29735
29825
29727
29736
29826
29728
29737
29827
29729
29738
29828
29739
29829
29731
29740
29830
29732
29741
29831
29733
29742
29832
29734
29743
29833
29735
29744
29834
29736
29745
29835
29737
29746
29836
29738
29747
29837
29739
29748
29838
29749
29839
29741
29750
29840
29742
29751
29841
29743
29752
29842
29744
29753
29843
29745
29754
29844
29746
29755
29845
29747
29756
29846
29748
29757
29847
29749
29758
29848
29759
29849
29751
29760
29850
29752
29761
29851
29753
29762
29852
29754
29763
29853
29755
29764
29854
29756
29765
29855
29757
29766
29856
29758
29767
29857
29759
29768
29858
29769
29859
29761
29770
29860
29762
29771
29861
29763
29772
29862
29764
29773
29863
29765
29774
29864
29766
29775
29865
29767
29776
29866
29768
29777
29867
29769
29778
29868
29779
29869
29771
29780
29870
29772
29781
29871
29773
29782
29872
29774
29783
29873
29775
29784
29874
29776
29785
29875
29777
29786
29876
29778
29787
29877
29779
29788
29878
29789
29879
29781
29790
29880
29782
29791
29881
29783
29792
29882
29784
29793
29883
29785
29794
29884
29786
29795
29885
29787
29796
29886
29788
29797
29887
29789
29798
29888
29799
29889
29791
29890
30700
29792
29891
30701
29793
29892
30702
29794
29893
30703
29795
29894
30704
29796
29895
30705
29797
29896
30706
29798
29897
30707
29799
29898
30708
29899
30709
29801
29810
29900
29802
29811
29901
29803
29812
29902
29804
29813
29903
29805
29814
29904
29806
29815
29905
29807
29816
29906
29808
29817
29907
29809
29818
29908
29819
29909
29811
29820
29910
29812
29821
29911
29813
29822
29912
29814
29823
29913
29815
29824
29914
29816
29825
29915
29817
29826
29916
29818
29827
29917
29819
29828
29918
29829
29919
29821
29830
29920
29822
29831
29921
29823
29832
29922
29824
29833
29923
29825
29834
29924
29826
29835
29925
29827
29836
29926
29828
29837
29927
29829
29838
29928
29839
29929
29831
29840
29930
29832
29841
29931
29833
29842
29932
29834
29843
29933
29835
29844
29934
29836
29845
29935
29837
29846
29936
29838
29847
29937
29839
29848
29938
29849
29939
29841
29850
29940
29842
29851
29941
29843
29852
29942
29844
29853
29943
29845
29854
29944
29846
29855
29945
29847
29856
29946
29848
29857
29947
29849
29858
29948
29859
29949
29851
29860
29950
29852
29861
29951
29853
29862
29952
29854
29863
29953
29855
29864
29954
29856
29865
29955
29857
29866
29956
29858
29867
29957
29859
29868
29958
29869
29959
29861
29870
29960
29862
29871
29961
29863
29872
29962
29864
29873
29963
29865
29874
29964
29866
29875
29965
29867
29876
29966
29868
29877
29967
29869
29878
29968
29879
29969
29871
29880
29970
29872
29881
29971
29873
29882
29972
29874
29883
29973
29875
29884
29974
29876
29885
29975
29877
29886
29976
29878
29887
29977
29879
29888
29978
29889
29979
29881
29890
29980
29882
29891
29981
29883
29892
29982
29884
29893
29983
29885
29894
29984
29886
29895
29985
29887
29896
29986
29888
29897
29987
29889
29898
29988
29899
29989
29891
29990
30800
29892
29991
30801
29893
29992
30802
29894
29993
30803
29895
29994
30804
29896
29995
30805
29897
29996
30806
29898
29997
30807
29899
29998
30808
29999
30809
29901
29910
31000
29902
29911
31001
29903
29912
31002
29904
29913
31003
29905
29914
31004
29906
29915
31005
29907
29916
31006
29908
29917
31007
29909
29918
31008
29919
31009
29911
29920
31010
29912
29921
31011
29913
29922
31012
29914
29923
31013
29915
29924
31014
29916
29925
31015
29917
29926
31016
29918
29927
31017
29919
29928
31018
29929
31019
29921
29930
31020
29922
29931
31021
29923
29932
31022
29924
29933
31023
29925
29934
31024
29926
29935
31025
29927
29936
31026
29928
29937
31027
29929
29938
31028
29939
31029
29931
29940
31030
29932
29941
31031
29933
29942
31032
29934
29943
31033
29935
29944
31034
29936
29945
31035
29937
29946
31036
29938
29947
31037
29939
29948
31038
29949
31039
29941
29950
31040
29942
29951
31041
29943
29952
31042
29944
29953
31043
29945
29954
31044
29946
29955
31045
29947
29956
31046
29948
29957
31047
29949
29958
31048
29959
31049
29951
29960
31050
29952
29961
31051
29953
29962
31052
29954
29963
31053
29955
29964
31054
29956
29965
31055
29957
29966
31056
29958
29967
31057
29959
29968
31058
29969
31059
29961
29970
31060
29962
29971
31061
29963
29972
31062
29964
29973
31063
29965
29974
31064
29966
29975
31065
29967
29976
31066
29968
29977
31067
29969
29978
31068
29979
31069
29971
29980
31070
29972
29981
31071
29973
29982
31072
29974
29983
31073
29975
29984
31074
29976
29985
31075
29977
29986
31076
29978
29987
31077
29979
29988
31078
29989
31079
29981
29990
31080
29982
29991
31081
29983
29992
31082
29984
29993
31083
29985
29994
31084
29986
29995
31085
29987
29996
31086
29988
29997
31087
29989
29998
31088
29999
31089
29991
30900
31090
29992
30901
31091
29993
30902
31092
29994
30903
31093
29995
30904
31094
29996
30905
31095
29997
30906
31096
29998
30907
31097
29999
30908
31098
30909
31099
30001
30010
30100
30002
30011
30101
30003
30012
30102
30004
30013
30103
30005
30014
30104
30006
30015
30105
30007
30016
30106
30008
30017
30107
30009
30018
30108
30019
30109
30011
30020
30110
30012
30021
30111
30013
30022
30112
30014
30023
30113
30015
30024
30114
30016
30025
30115
30017
30026
30116
30018
30027
30117
30019
30028
30118
30029
30119
30021
30030
30120
30022
30031
30121
30023
30032
30122
30024
30033
30123
30025
30034
30124
30026
30035
30125
30027
30036
30126
30028
30037
30127
30029
30038
30128
30039
30129
30031
30040
30130
30032
30041
30131
30033
30042
30132
30034
30043
30133
30035
30044
30134
30036
30045
30135
30037
30046
30136
30038
30047
30137
30039
30048
30138
30049
30139
30041
30050
30140
30042
30051
30141
30043
30052
30142
30044
30053
30143
30045
30054
30144
30046
30055
30145
30047
30056
30146
30048
30057
30147
30049
30058
30148
30059
30149
30051
30060
30150
30052
30061
30151
30053
30062
30152
30054
30063
30153
30055
30064
30154
30056
30065
30155
30057
30066
30156
30058
30067
30157
30059
30068
30158
30069
30159
30061
30070
30160
30062
30071
30161
30063
30072
30162
30064
30073
30163
30065
30074
30164
30066
30075
30165
30067
30076
30166
30068
30077
30167
30069
30078
30168
30079
30169
30071
30080
30170
30072
30081
30171
30073
30082
30172
30074
30083
30173
30075
30084
30174
30076
30085
30175
30077
30086
30176
30078
30087
30177
30079
30088
30178
30089
30179
30081
30090
30180
30082
30091
30181
30083
30092
30182
30084
30093
30183
30085
30094
30184
30086
30095
30185
30087
30096
30186
30088
30097
30187
30089
30098
30188
30099
30189
30091
30190
30092
30191
30093
30192
30094
30193
30095
30194
30096
30195
30097
30196
30098
30197
30099
30198
30199
30101
30110
30200
30102
30111
30201
30103
30112
30202
30104
30113
30203
30105
30114
30204
30106
30115
30205
30107
30116
30206
30108
30117
30207
30109
30118
30208
30119
30209
30111
30120
30210
30112
30121
30211
30113
30122
30212
30114
30123
30213
30115
30124
30214
30116
30125
30215
30117
30126
30216
30118
30127
30217
30119
30128
30218
30129
30219
30121
30130
30220
30122
30131
30221
30123
30132
30222
30124
30133
30223
30125
30134
30224
30126
30135
30225
30127
30136
30226
30128
30137
30227
30129
30138
30228
30139
30229
30131
30140
30230
30132
30141
30231
30133
30142
30232
30134
30143
30233
30135
30144
30234
30136
30145
30235
30137
30146
30236
30138
30147
30237
30139
30148
30238
30149
30239
30141
30150
30240
30142
30151
30241
30143
30152
30242
30144
30153
30243
30145
30154
30244
30146
30155
30245
30147
30156
30246
30148
30157
30247
30149
30158
30248
30159
30249
30151
30160
30250
30152
30161
30251
30153
30162
30252
30154
30163
30253
30155
30164
30254
30156
30165
30255
30157
30166
30256
30158
30167
30257
30159
30168
30258
30169
30259
30161
30170
30260
30162
30171
30261
30163
30172
30262
30164
30173
30263
30165
30174
30264
30166
30175
30265
30167
30176
30266
30168
30177
30267
30169
30178
30268
30179
30269
30171
30180
30270
30172
30181
30271
30173
30182
30272
30174
30183
30273
30175
30184
30274
30176
30185
30275
30177
30186
30276
30178
30187
30277
30179
30188
30278
30189
30279
30181
30190
30280
30182
30191
30281
30183
30192
30282
30184
30193
30283
30185
30194
30284
30186
30195
30285
30187
30196
30286
30188
30197
30287
30189
30198
30288
30199
30289
30191
30290
30192
30291
30193
30292
30194
30293
30195
30294
30196
30295
30197
30296
30198
30297
30199
30298
30299
30201
30210
30300
30202
30211
30301
30203
30212
30302
30204
30213
30303
30205
30214
30304
30206
30215
30305
30207
30216
30306
30208
30217
30307
30209
30218
30308
30219
30309
30211
30220
30310
30212
30221
30311
30213
30222
30312
30214
30223
30313
30215
30224
30314
30216
30225
30315
30217
30226
30316
30218
30227
30317
30219
30228
30318
30229
30319
30221
30230
30320
30222
30231
30321
30223
30232
30322
30224
30233
30323
30225
30234
30324
30226
30235
30325
30227
30236
30326
30228
30237
30327
30229
30238
30328
30239
30329
30231
30240
30330
30232
30241
30331
30233
30242
30332
30234
30243
30333
30235
30244
30334
30236
30245
30335
30237
30246
30336
30238
30247
30337
30239
30248
30338
30249
30339
30241
30250
30340
30242
30251
30341
30243
30252
30342
30244
30253
30343
30245
30254
30344
30246
30255
30345
30247
30256
30346
30248
30257
30347
30249
30258
30348
30259
30349
30251
30260
30350
30252
30261
30351
30253
30262
30352
30254
30263
30353
30255
30264
30354
30256
30265
30355
30257
30266
30356
30258
30267
30357
30259
30268
30358
30269
30359
30261
30270
30360
30262
30271
30361
30263
30272
30362
30264
30273
30363
30265
30274
30364
30266
30275
30365
30267
30276
30366
30268
30277
30367
30269
30278
30368
30279
30369
30271
30280
30370
30272
30281
30371
30273
30282
30372
30274
30283
30373
30275
30284
30374
30276
30285
30375
30277
30286
30376
30278
30287
30377
30279
30288
30378
30289
30379
30281
30290
30380
30282
30291
30381
30283
30292
30382
30284
30293
30383
30285
30294
30384
30286
30295
30385
30287
30296
30386
30288
30297
30387
30289
30298
30388
30299
30389
30291
30390
30292
30391
30293
30392
30294
30393
30295
30394
30296
30395
30297
30396
30298
30397
30299
30398
30399
30301
30310
30400
30302
30311
30401
30303
30312
30402
30304
30313
30403
30305
30314
30404
30306
30315
30405
30307
30316
30406
30308
30317
30407
30309
30318
30408
30319
30409
30311
30320
30410
30312
30321
30411
30313
30322
30412
30314
30323
30413
30315
30324
30414
30316
30325
30415
30317
30326
30416
30318
30327
30417
30319
30328
30418
30329
30419
30321
30330
30420
30322
30331
30421
30323
30332
30422
30324
30333
30423
30325
30334
30424
30326
30335
30425
30327
30336
30426
30328
30337
30427
30329
30338
30428
30339
30429
30331
30340
30430
30332
30341
30431
30333
30342
30432
30334
30343
30433
30335
30344
30434
30336
30345
30435
30337
30346
30436
30338
30347
30437
30339
30348
30438
30349
30439
30341
30350
30440
30342
30351
30441
30343
30352
30442
30344
30353
30443
30345
30354
30444
30346
30355
30445
30347
30356
30446
30348
30357
30447
30349
30358
30448
30359
30449
30351
30360
30450
30352
30361
30451
30353
30362
30452
30354
30363
30453
30355
30364
30454
30356
30365
30455
30357
30366
30456
30358
30367
30457
30359
30368
30458
30369
30459
30361
30370
30460
30362
30371
30461
30363
30372
30462
30364
30373
30463
30365
30374
30464
30366
30375
30465
30367
30376
30466
30368
30377
30467
30369
30378
30468
30379
30469
30371
30380
30470
30372
30381
30471
30373
30382
30472
30374
30383
30473
30375
30384
30474
30376
30385
30475
30377
30386
30476
30378
30387
30477
30379
30388
30478
30389
30479
30381
30390
30480
30382
30391
30481
30383
30392
30482
30384
30393
30483
30385
30394
30484
30386
30395
30485
30387
30396
30486
30388
30397
30487
30389
30398
30488
30399
30489
30391
30490
30392
30491
30393
30492
30394
30493
30395
30494
30396
30495
30397
30496
30398
30497
30399
30498
30499
30401
30410
30500
30402
30411
30501
30403
30412
30502
30404
30413
30503
30405
30414
30504
30406
30415
30505
30407
30416
30506
30408
30417
30507
30409
30418
30508
30419
30509
30411
30420
30510
30412
30421
30511
30413
30422
30512
30414
30423
30513
30415
30424
30514
30416
30425
30515
30417
30426
30516
30418
30427
30517
30419
30428
30518
30429
30519
30421
30430
30520
30422
30431
30521
30423
30432
30522
30424
30433
30523
30425
30434
30524
30426
30435
30525
30427
30436
30526
30428
30437
30527
30429
30438
30528
30439
30529
30431
30440
30530
30432
30441
30531
30433
30442
30532
30434
30443
30533
30435
30444
30534
30436
30445
30535
30437
30446
30536
30438
30447
30537
30439
30448
30538
30449
30539
30441
30450
30540
30442
30451
30541
30443
30452
30542
30444
30453
30543
30445
30454
30544
30446
30455
30545
30447
30456
30546
30448
30457
30547
30449
30458
30548
30459
30549
30451
30460
30550
30452
30461
30551
30453
30462
30552
30454
30463
30553
30455
30464
30554
30456
30465
30555
30457
30466
30556
30458
30467
30557
30459
30468
30558
30469
30559
30461
30470
30560
30462
30471
30561
30463
30472
30562
30464
30473
30563
30465
30474
30564
30466
30475
30565
30467
30476
30566
30468
30477
30567
30469
30478
30568
30479
30569
30471
30480
30570
30472
30481
30571
30473
30482
30572
30474
30483
30573
30475
30484
30574
30476
30485
30575
30477
30486
30576
30478
30487
30577
30479
30488
30578
30489
30579
30481
30490
30580
30482
30491
30581
30483
30492
30582
30484
30493
30583
30485
30494
30584
30486
30495
30585
30487
30496
30586
30488
30497
30587
30489
30498
30588
30499
30589
30491
30590
30492
30591
30493
30592
30494
30593
30495
30594
30496
30595
30497
30596
30498
30597
30499
30598
30599
30501
30510
30600
30502
30511
30601
30503
30512
30602
30504
30513
30603
30505
30514
30604
30506
30515
30605
30507
30516
30606
30508
30517
30607
30509
30518
30608
30519
30609
30511
30520
30610
30512
30521
30611
30513
30522
30612
30514
30523
30613
30515
30524
30614
30516
30525
30615
30517
30526
30616
30518
30527
30617
30519
30528
30618
30529
30619
30521
30530
30620
30522
30531
30621
30523
30532
30622
30524
30533
30623
30525
30534
30624
30526
30535
30625
30527
30536
30626
30528
30537
30627
30529
30538
30628
30539
30629
30531
30540
30630
30532
30541
30631
30533
30542
30632
30534
30543
30633
30535
30544
30634
30536
30545
30635
30537
30546
30636
30538
30547
30637
30539
30548
30638
30549
30639
30541
30550
30640
30542
30551
30641
30543
30552
30642
30544
30553
30643
30545
30554
30644
30546
30555
30645
30547
30556
30646
30548
30557
30647
30549
30558
30648
30559
30649
30551
30560
30650
30552
30561
30651
30553
30562
30652
30554
30563
30653
30555
30564
30654
30556
30565
30655
30557
30566
30656
30558
30567
30657
30559
30568
30658
30569
30659
30561
30570
30660
30562
30571
30661
30563
30572
30662
30564
30573
30663
30565
30574
30664
30566
30575
30665
30567
30576
30666
30568
30577
30667
30569
30578
30668
30579
30669
30571
30580
30670
30572
30581
30671
30573
30582
30672
30574
30583
30673
30575
30584
30674
30576
30585
30675
30577
30586
30676
30578
30587
30677
30579
30588
30678
30589
30679
30581
30590
30680
30582
30591
30681
30583
30592
30682
30584
30593
30683
30585
30594
30684
30586
30595
30685
30587
30596
30686
30588
30597
30687
30589
30598
30688
30599
30689
30591
30690
30592
30691
30593
30692
30594
30693
30595
30694
30596
30695
30597
30696
30598
30697
30599
30698
30699
30601
30610
30700
30602
30611
30701
30603
30612
30702
30604
30613
30703
30605
30614
30704
30606
30615
30705
30607
30616
30706
30608
30617
30707
30609
30618
30708
30619
30709
30611
30620
30710
30612
30621
30711
30613
30622
30712
30614
30623
30713
30615
30624
30714
30616
30625
30715
30617
30626
30716
30618
30627
30717
30619
30628
30718
30629
30719
30621
30630
30720
30622
30631
30721
30623
30632
30722
30624
30633
30723
30625
30634
30724
30626
30635
30725
30627
30636
30726
30628
30637
30727
30629
30638
30728
30639
30729
30631
30640
30730
30632
30641
30731
30633
30642
30732
30634
30643
30733
30635
30644
30734
30636
30645
30735
30637
30646
30736
30638
30647
30737
30639
30648
30738
30649
30739
30641
30650
30740
30642
30651
30741
30643
30652
30742
30644
30653
30743
30645
30654
30744
30646
30655
30745
30647
30656
30746
30648
30657
30747
30649
30658
30748
30659
30749
30651
30660
30750
30652
30661
30751
30653
30662
30752
30654
30663
30753
30655
30664
30754
30656
30665
30755
30657
30666
30756
30658
30667
30757
30659
30668
30758
30669
30759
30661
30670
30760
30662
30671
30761
30663
30672
30762
30664
30673
30763
30665
30674
30764
30666
30675
30765
30667
30676
30766
30668
30677
30767
30669
30678
30768
30679
30769
30671
30680
30770
30672
30681
30771
30673
30682
30772
30674
30683
30773
30675
30684
30774
30676
30685
30775
30677
30686
30776
30678
30687
30777
30679
30688
30778
30689
30779
30681
30690
30780
30682
30691
30781
30683
30692
30782
30684
30693
30783
30685
30694
30784
30686
30695
30785
30687
30696
30786
30688
30697
30787
30689
30698
30788
30699
30789
30691
30790
30692
30791
30693
30792
30694
30793
30695
30794
30696
30795
30697
30796
30698
30797
30699
30798
30799
30701
30710
30800
30702
30711
30801
30703
30712
30802
30704
30713
30803
30705
30714
30804
30706
30715
30805
30707
30716
30806
30708
30717
30807
30709
30718
30808
30719
30809
30711
30720
30810
30712
30721
30811
30713
30722
30812
30714
30723
30813
30715
30724
30814
30716
30725
30815
30717
30726
30816
30718
30727
30817
30719
30728
30818
30729
30819
30721
30730
30820
30722
30731
30821
30723
30732
30822
30724
30733
30823
30725
30734
30824
30726
30735
30825
30727
30736
30826
30728
30737
30827
30729
30738
30828
30739
30829
30731
30740
30830
30732
30741
30831
30733
30742
30832
30734
30743
30833
30735
30744
30834
30736
30745
30835
30737
30746
30836
30738
30747
30837
30739
30748
30838
30749
30839
30741
30750
30840
30742
30751
30841
30743
30752
30842
30744
30753
30843
30745
30754
30844
30746
30755
30845
30747
30756
30846
30748
30757
30847
30749
30758
30848
30759
30849
30751
30760
30850
30752
30761
30851
30753
30762
30852
30754
30763
30853
30755
30764
30854
30756
30765
30855
30757
30766
30856
30758
30767
30857
30759
30768
30858
30769
30859
30761
30770
30860
30762
30771
30861
30763
30772
30862
30764
30773
30863
30765
30774
30864
30766
30775
30865
30767
30776
30866
30768
30777
30867
30769
30778
30868
30779
30869
30771
30780
30870
30772
30781
30871
30773
30782
30872
30774
30783
30873
30775
30784
30874
30776
30785
30875
30777
30786
30876
30778
30787
30877
30779
30788
30878
30789
30879
30781
30790
30880
30782
30791
30881
30783
30792
30882
30784
30793
30883
30785
30794
30884
30786
30795
30885
30787
30796
30886
30788
30797
30887
30789
30798
30888
30799
30889
30791
30890
30792
30891
30793
30892
30794
30893
30795
30894
30796
30895
30797
30896
30798
30897
30799
30898
30899
30801
30810
30900
30802
30811
30901
30803
30812
30902
30804
30813
30903
30805
30814
30904
30806
30815
30905
30807
30816
30906
30808
30817
30907
30809
30818
30908
30819
30909
30811
30820
30910
30812
30821
30911
30813
30822
30912
30814
30823
30913
30815
30824
30914
30816
30825
30915
30817
30826
30916
30818
30827
30917
30819
30828
30918
30829
30919
30821
30830
30920
30822
30831
30921
30823
30832
30922
30824
30833
30923
30825
30834
30924
30826
30835
30925
30827
30836
30926
30828
30837
30927
30829
30838
30928
30839
30929
30831
30840
30930
30832
30841
30931
30833
30842
30932
30834
30843
30933
30835
30844
30934
30836
30845
30935
30837
30846
30936
30838
30847
30937
30839
30848
30938
30849
30939
30841
30850
30940
30842
30851
30941
30843
30852
30942
30844
30853
30943
30845
30854
30944
30846
30855
30945
30847
30856
30946
30848
30857
30947
30849
30858
30948
30859
30949
30851
30860
30950
30852
30861
30951
30853
30862
30952
30854
30863
30953
30855
30864
30954
30856
30865
30955
30857
30866
30956
30858
30867
30957
30859
30868
30958
30869
30959
30861
30870
30960
30862
30871
30961
30863
30872
30962
30864
30873
30963
30865
30874
30964
30866
30875
30965
30867
30876
30966
30868
30877
30967
30869
30878
30968
30879
30969
30871
30880
30970
30872
30881
30971
30873
30882
30972
30874
30883
30973
30875
30884
30974
30876
30885
30975
30877
30886
30976
30878
30887
30977
30879
30888
30978
30889
30979
30881
30890
30980
30882
30891
30981
30883
30892
30982
30884
30893
30983
30885
30894
30984
30886
30895
30985
30887
30896
30986
30888
30897
30987
30889
30898
30988
30899
30989
30891
30990
30892
30991
30893
30992
30894
30993
30895
30994
30896
30995
30897
30996
30898
30997
30899
30998
30999
30901
30910
31090
30902
30911
31091
30903
30912
31092
30904
30913
31093
30905
30914
31094
30906
30915
31095
30907
30916
31096
30908
30917
31097
30909
30918
31098
30919
31099
30911
30920
31190
30912
30921
31191
30913
30922
31192
30914
30923
31193
30915
30924
31194
30916
30925
31195
30917
30926
31196
30918
30927
31197
30919
30928
31198
30929
31199
30921
30930
31290
30922
30931
31291
30923
30932
31292
30924
30933
31293
30925
30934
31294
30926
30935
31295
30927
30936
31296
30928
30937
31297
30929
30938
31298
30939
31299
30931
30940
31390
30932
30941
31391
30933
30942
31392
30934
30943
31393
30935
30944
31394
30936
30945
31395
30937
30946
31396
30938
30947
31397
30939
30948
31398
30949
31399
30941
30950
31490
30942
30951
31491
30943
30952
31492
30944
30953
31493
30945
30954
31494
30946
30955
31495
30947
30956
31496
30948
30957
31497
30949
30958
31498
30959
31499
30951
30960
31590
30952
30961
31591
30953
30962
31592
30954
30963
31593
30955
30964
31594
30956
30965
31595
30957
30966
31596
30958
30967
31597
30959
30968
31598
30969
31599
30961
30970
31690
30962
30971
31691
30963
30972
31692
30964
30973
31693
30965
30974
31694
30966
30975
31695
30967
30976
31696
30968
30977
31697
30969
30978
31698
30979
31699
30971
30980
31790
30972
30981
31791
30973
30982
31792
30974
30983
31793
30975
30984
31794
30976
30985
31795
30977
30986
31796
30978
30987
31797
30979
30988
31798
30989
31799
30981
30990
31890
30982
30991
31891
30983
30992
31892
30984
30993
31893
30985
30994
31894
30986
30995
31895
30987
30996
31896
30988
30997
31897
30989
30998
31898
30999
31899
30991
31990
30992
31991
30993
31992
30994
31993
30995
31994
30996
31995
30997
31996
30998
31997
30999
31998
31999
31001
31010
31100
31002
31011
31101
31003
31012
31102
31004
31013
31103
31005
31014
31104
31006
31015
31105
31007
31016
31106
31008
31017
31107
31009
31018
31108
31019
31109
31011
31020
31110
31012
31021
31111
31013
31022
31112
31014
31023
31113
31015
31024
31114
31016
31025
31115
31017
31026
31116
31018
31027
31117
31019
31028
31118
31029
31119
31021
31030
31120
31022
31031
31121
31023
31032
31122
31024
31033
31123
31025
31034
31124
31026
31035
31125
31027
31036
31126
31028
31037
31127
31029
31038
31128
31039
31129
31031
31040
31130
31032
31041
31131
31033
31042
31132
31034
31043
31133
31035
31044
31134
31036
31045
31135
31037
31046
31136
31038
31047
31137
31039
31048
31138
31049
31139
31041
31050
31140
31042
31051
31141
31043
31052
31142
31044
31053
31143
31045
31054
31144
31046
31055
31145
31047
31056
31146
31048
31057
31147
31049
31058
31148
31059
31149
31051
31060
31150
31052
31061
31151
31053
31062
31152
31054
31063
31153
31055
31064
31154
31056
31065
31155
31057
31066
31156
31058
31067
31157
31059
31068
31158
31069
31159
31061
31070
31160
31062
31071
31161
31063
31072
31162
31064
31073
31163
31065
31074
31164
31066
31075
31165
31067
31076
31166
31068
31077
31167
31069
31078
31168
31079
31169
31071
31080
31170
31072
31081
31171
31073
31082
31172
31074
31083
31173
31075
31084
31174
31076
31085
31175
31077
31086
31176
31078
31087
31177
31079
31088
31178
31089
31179
31081
31090
31180
31082
31091
31181
31083
31092
31182
31084
31093
31183
31085
31094
31184
31086
31095
31185
31087
31096
31186
31088
31097
31187
31089
31098
31188
31099
31189
31091
31190
31092
31191
31093
31192
31094
31193
31095
31194
31096
31195
31097
31196
31098
31197
31099
31198
31199
31101
31110
31200
31102
31111
31201
31103
31112
31202
31104
31113
31203
31105
31114
31204
31106
31115
31205
31107
31116
31206
31108
31117
31207
31109
31118
31208
31119
31209
31111
31120
31210
31112
31121
31211
31113
31122
31212
31114
31123
31213
31115
31124
31214
31116
31125
31215
31117
31126
31216
31118
31127
31217
31119
31128
31218
31129
31219
31121
31130
31220
31122
31131
31221
31123
31132
31222
31124
31133
31223
31125
31134
31224
31126
31135
31225
31127
31136
31226
31128
31137
31227
31129
31138
31228
31139
31229
31131
31140
31230
31132
31141
31231
31133
31142
31232
31134
31143
31233
31135
31144
31234
31136
31145
31235
31137
31146
31236
31138
31147
31237
31139
31148
31238
31149
31239
31141
31150
31240
31142
31151
31241
31143
31152
31242
31144
31153
31243
31145
31154
31244
31146
31155
31245
31147
31156
31246
31148
31157
31247
31149
31158
31248
31159
31249
31151
31160
31250
31152
31161
31251
31153
31162
31252
31154
31163
31253
31155
31164
31254
31156
31165
31255
31157
31166
31256
31158
31167
31257
31159
31168
31258
31169
31259
31161
31170
31260
31162
31171
31261
31163
31172
31262
31164
31173
31263
31165
31174
31264
31166
31175
31265
31167
31176
31266
31168
31177
31267
31169
31178
31268
31179
31269
31171
31180
31270
31172
31181
31271
31173
31182
31272
31174
31183
31273
31175
31184
31274
31176
31185
31275
31177
31186
31276
31178
31187
31277
31179
31188
31278
31189
31279
31181
31190
31280
31182
31191
31281
31183
31192
31282
31184
31193
31283
31185
31194
31284
31186
31195
31285
31187
31196
31286
31188
31197
31287
31189
31198
31288
31199
31289
31191
31290
31192
31291
31193
31292
31194
31293
31195
31294
31196
31295
31197
31296
31198
31297
31199
31298
31299
31201
31210
31300
31202
31211
31301
31203
31212
31302
31204
31213
31303
31205
31214
31304
31206
31215
31305
31207
31216
31306
31208
31217
31307
31209
31218
31308
31219
31309
31211
31220
31310
31212
31221
31311
31213
31222
31312
31214
31223
31313
31215
31224
31314
31216
31225
31315
31217
31226
31316
31218
31227
31317
31219
31228
31318
31229
31319
31221
31230
31320
31222
31231
31321
31223
31232
31322
31224
31233
31323
31225
31234
31324
31226
31235
31325
31227
31236
31326
31228
31237
31327
31229
31238
31328
31239
31329
31231
31240
31330
31232
31241
31331
31233
31242
31332
31234
31243
31333
31235
31244
31334
31236
31245
31335
31237
31246
31336
31238
31247
31337
31239
31248
31338
31249
31339
31241
31250
31340
31242
31251
31341
31243
31252
31342
31244
31253
31343
31245
31254
31344
31246
31255
31345
31247
31256
31346
31248
31257
31347
31249
31258
31348
31259
31349
31251
31260
31350
31252
31261
31351
31253
31262
31352
31254
31263
31353
31255
31264
31354
31256
31265
31355
31257
31266
31356
31258
31267
31357
31259
31268
31358
31269
31359
31261
31270
31360
31262
31271
31361
31263
31272
31362
31264
31273
31363
31265
31274
31364
31266
31275
31365
31267
31276
31366
31268
31277
31367
31269
31278
31368
31279
31369
31271
31280
31370
31272
31281
31371
31273
31282
31372
31274
31283
31373
31275
31284
31374
31276
31285
31375
31277
31286
31376
31278
31287
31377
31279
31288
31378
31289
31379
31281
31290
31380
31282
31291
31381
31283
31292
31382
31284
31293
31383
31285
31294
31384
31286
31295
31385
31287
31296
31386
31288
31297
31387
31289
31298
31388
31299
31389
31291
31390
31292
31391
31293
31392
31294
31393
31295
31394
31296
31395
31297
31396
31298
31397
31299
31398
31399
31301
31310
31400
31302
31311
31401
31303
31312
31402
31304
31313
31403
31305
31314
31404
31306
31315
31405
31307
31316
31406
31308
31317
31407
31309
31318
31408
31319
31409
31311
31320
31410
31312
31321
31411
31313
31322
31412
31314
31323
31413
31315
31324
31414
31316
31325
31415
31317
31326
31416
31318
31327
31417
31319
31328
31418
31329
31419
31321
31330
31420
31322
31331
31421
31323
31332
31422
31324
31333
31423
31325
31334
31424
31326
31335
31425
31327
31336
31426
31328
31337
31427
31329
31338
31428
31339
31429
31331
31340
31430
31332
31341
31431
31333
31342
31432
31334
31343
31433
31335
31344
31434
31336
31345
31435
31337
31346
31436
31338
31347
31437
31339
31348
31438
31349
31439
31341
31350
31440
31342
31351
31441
31343
31352
31442
31344
31353
31443
31345
31354
31444
31346
31355
31445
31347
31356
31446
31348
31357
31447
31349
31358
31448
31359
31449
31351
31360
31450
31352
31361
31451
31353
31362
31452
31354
31363
31453
31355
31364
31454
31356
31365
31455
31357
31366
31456
31358
31367
31457
31359
31368
31458
31369
31459
31361
31370
31460
31362
31371
31461
31363
31372
31462
31364
31373
31463
31365
31374
31464
31366
31375
31465
31367
31376
31466
31368
31377
31467
31369
31378
31468
31379
31469
31371
31380
31470
31372
31381
31471
31373
31382
31472
31374
31383
31473
31375
31384
31474
31376
31385
31475
31377
31386
31476
31378
31387
31477
31379
31388
31478
31389
31479
31381
31390
31480
31382
31391
31481
31383
31392
31482
31384
31393
31483
31385
31394
31484
31386
31395
31485
31387
31396
31486
31388
31397
31487
31389
31398
31488
31399
31489
31391
31490
31392
31491
31393
31492
31394
31493
31395
31494
31396
31495
31397
31496
31398
31497
31399
31498
31499
31401
31410
31500
31402
31411
31501
31403
31412
31502
31404
31413
31503
31405
31414
31504
31406
31415
31505
31407
31416
31506
31408
31417
31507
31409
31418
31508
31419
31509
31411
31420
31510
31412
31421
31511
31413
31422
31512
31414
31423
31513
31415
31424
31514
31416
31425
31515
31417
31426
31516
31418
31427
31517
31419
31428
31518
31429
31519
31421
31430
31520
31422
31431
31521
31423
31432
31522
31424
31433
31523
31425
31434
31524
31426
31435
31525
31427
31436
31526
31428
31437
31527
31429
31438
31528
31439
31529
31431
31440
31530
31432
31441
31531
31433
31442
31532
31434
31443
31533
31435
31444
31534
31436
31445
31535
31437
31446
31536
31438
31447
31537
31439
31448
31538
31449
31539
31441
31450
31540
31442
31451
31541
31443
31452
31542
31444
31453
31543
31445
31454
31544
31446
31455
31545
31447
31456
31546
31448
31457
31547
31449
31458
31548
31459
31549
31451
31460
31550
31452
31461
31551
31453
31462
31552
31454
31463
31553
31455
31464
31554
31456
31465
31555
31457
31466
31556
31458
31467
31557
31459
31468
31558
31469
31559
31461
31470
31560
31462
31471
31561
31463
31472
31562
31464
31473
31563
31465
31474
31564
31466
31475
31565
31467
31476
31566
31468
31477
31567
31469
31478
31568
31479
31569
31471
31480
31570
31472
31481
31571
31473
31482
31572
31474
31483
31573
31475
31484
31574
31476
31485
31575
31477
31486
31576
31478
31487
31577
31479
31488
31578
31489
31579
31481
31490
31580
31482
31491
31581
31483
31492
31582
31484
31493
31583
31485
31494
31584
31486
31495
31585
31487
31496
31586
31488
31497
31587
31489
31498
31588
31499
31589
31491
31590
31492
31591
31493
31592
31494
31593
31495
31594
31496
31595
31497
31596
31498
31597
31499
31598
31599
31501
31510
31600
31502
31511
31601
31503
31512
31602
31504
31513
31603
31505
31514
31604
31506
31515
31605
31507
31516
31606
31508
31517
31607
31509
31518
31608
31519
31609
31511
31520
31610
31512
31521
31611
31513
31522
31612
31514
31523
31613
31515
31524
31614
31516
31525
31615
31517
31526
31616
31518
31527
31617
31519
31528
31618
31529
31619
31521
31530
31620
31522
31531
31621
31523
31532
31622
31524
31533
31623
31525
31534
31624
31526
31535
31625
31527
31536
31626
31528
31537
31627
31529
31538
31628
31539
31629
31531
31540
31630
31532
31541
31631
31533
31542
31632
31534
31543
31633
31535
31544
31634
31536
31545
31635
31537
31546
31636
31538
31547
31637
31539
31548
31638
31549
31639
31541
31550
31640
31542
31551
31641
31543
31552
31642
31544
31553
31643
31545
31554
31644
31546
31555
31645
31547
31556
31646
31548
31557
31647
31549
31558
31648
31559
31649
31551
31560
31650
31552
31561
31651
31553
31562
31652
31554
31563
31653
31555
31564
31654
31556
31565
31655
31557
31566
31656
31558
31567
31657
31559
31568
31658
31569
31659
31561
31570
31660
31562
31571
31661
31563
31572
31662
31564
31573
31663
31565
31574
31664
31566
31575
31665
31567
31576
31666
31568
31577
31667
31569
31578
31668
31579
31669
31571
31580
31670
31572
31581
31671
31573
31582
31672
31574
31583
31673
31575
31584
31674
31576
31585
31675
31577
31586
31676
31578
31587
31677
31579
31588
31678
31589
31679
31581
31590
31680
31582
31591
31681
31583
31592
31682
31584
31593
31683
31585
31594
31684
31586
31595
31685
31587
31596
31686
31588
31597
31687
31589
31598
31688
31599
31689
31591
31690
31592
31691
31593
31692
31594
31693
31595
31694
31596
31695
31597
31696
31598
31697
31599
31698
31699
31601
31610
31700
31602
31611
31701
31603
31612
31702
31604
31613
31703
31605
31614
31704
31606
31615
31705
31607
31616
31706
31608
31617
31707
31609
31618
31708
31619
31709
31611
31620
31710
31612
31621
31711
31613
31622
31712
31614
31623
31713
31615
31624
31714
31616
31625
31715
31617
31626
31716
31618
31627
31717
31619
31628
31718
31629
31719
31621
31630
31720
31622
31631
31721
31623
31632
31722
31624
31633
31723
31625
31634
31724
31626
31635
31725
31627
31636
31726
31628
31637
31727
31629
31638
31728
31639
31729
31631
31640
31730
31632
31641
31731
31633
31642
31732
31634
31643
31733
31635
31644
31734
31636
31645
31735
31637
31646
31736
31638
31647
31737
31639
31648
31738
31649
31739
31641
31650
31740
31642
31651
31741
31643
31652
31742
31644
31653
31743
31645
31654
31744
31646
31655
31745
31647
31656
31746
31648
31657
31747
31649
31658
31748
31659
31749
31651
31660
31750
31652
31661
31751
31653
31662
31752
31654
31663
31753
31655
31664
31754
31656
31665
31755
31657
31666
31756
31658
31667
31757
31659
31668
31758
31669
31759
31661
31670
31760
31662
31671
31761
31663
31672
31762
31664
31673
31763
31665
31674
31764
31666
31675
31765
31667
31676
31766
31668
31677
31767
31669
31678
31768
31679
31769
31671
31680
31770
31672
31681
31771
31673
31682
31772
31674
31683
31773
31675
31684
31774
31676
31685
31775
31677
31686
31776
31678
31687
31777
31679
31688
31778
31689
31779
31681
31690
31780
31682
31691
31781
31683
31692
31782
31684
31693
31783
31685
31694
31784
31686
31695
31785
31687
31696
31786
31688
31697
31787
31689
31698
31788
31699
31789
31691
31790
31692
31791
31693
31792
31694
31793
31695
31794
31696
31795
31697
31796
31698
31797
31699
31798
31799
31701
31710
31800
31702
31711
31801
31703
31712
31802
31704
31713
31803
31705
31714
31804
31706
31715
31805
31707
31716
31806
31708
31717
31807
31709
31718
31808
31719
31809
31711
31720
31810
31712
31721
31811
31713
31722
31812
31714
31723
31813
31715
31724
31814
31716
31725
31815
31717
31726
31816
31718
31727
31817
31719
31728
31818
31729
31819
31721
31730
31820
31722
31731
31821
31723
31732
31822
31724
31733
31823
31725
31734
31824
31726
31735
31825
31727
31736
31826
31728
31737
31827
31729
31738
31828
31739
31829
31731
31740
31830
31732
31741
31831
31733
31742
31832
31734
31743
31833
31735
31744
31834
31736
31745
31835
31737
31746
31836
31738
31747
31837
31739
31748
31838
31749
31839
31741
31750
31840
31742
31751
31841
31743
31752
31842
31744
31753
31843
31745
31754
31844
31746
31755
31845
31747
31756
31846
31748
31757
31847
31749
31758
31848
31759
31849
31751
31760
31850
31752
31761
31851
31753
31762
31852
31754
31763
31853
31755
31764
31854
31756
31765
31855
31757
31766
31856
31758
31767
31857
31759
31768
31858
31769
31859
31761
31770
31860
31762
31771
31861
31763
31772
31862
31764
31773
31863
31765
31774
31864
31766
31775
31865
31767
31776
31866
31768
31777
31867
31769
31778
31868
31779
31869
31771
31780
31870
31772
31781
31871
31773
31782
31872
31774
31783
31873
31775
31784
31874
31776
31785
31875
31777
31786
31876
31778
31787
31877
31779
31788
31878
31789
31879
31781
31790
31880
31782
31791
31881
31783
31792
31882
31784
31793
31883
31785
31794
31884
31786
31795
31885
31787
31796
31886
31788
31797
31887
31789
31798
31888
31799
31889
31791
31890
31792
31891
31793
31892
31794
31893
31795
31894
31796
31895
31797
31896
31798
31897
31799
31898
31899
31801
31810
31900
31802
31811
31901
31803
31812
31902
31804
31813
31903
31805
31814
31904
31806
31815
31905
31807
31816
31906
31808
31817
31907
31809
31818
31908
31819
31909
31811
31820
31910
31812
31821
31911
31813
31822
31912
31814
31823
31913
31815
31824
31914
31816
31825
31915
31817
31826
31916
31818
31827
31917
31819
31828
31918
31829
31919
31821
31830
31920
31822
31831
31921
31823
31832
31922
31824
31833
31923
31825
31834
31924
31826
31835
31925
31827
31836
31926
31828
31837
31927
31829
31838
31928
31839
31929
31831
31840
31930
31832
31841
31931
31833
31842
31932
31834
31843
31933
31835
31844
31934
31836
31845
31935
31837
31846
31936
31838
31847
31937
31839
31848
31938
31849
31939
31841
31850
31940
31842
31851
31941
31843
31852
31942
31844
31853
31943
31845
31854
31944
31846
31855
31945
31847
31856
31946
31848
31857
31947
31849
31858
31948
31859
31949
31851
31860
31950
31852
31861
31951
31853
31862
31952
31854
31863
31953
31855
31864
31954
31856
31865
31955
31857
31866
31956
31858
31867
31957
31859
31868
31958
31869
31959
31861
31870
31960
31862
31871
31961
31863
31872
31962
31864
31873
31963
31865
31874
31964
31866
31875
31965
31867
31876
31966
31868
31877
31967
31869
31878
31968
31879
31969
31871
31880
31970
31872
31881
31971
31873
31882
31972
31874
31883
31973
31875
31884
31974
31876
31885
31975
31877
31886
31976
31878
31887
31977
31879
31888
31978
31889
31979
31881
31890
31980
31882
31891
31981
31883
31892
31982
31884
31893
31983
31885
31894
31984
31886
31895
31985
31887
31896
31986
31888
31897
31987
31889
31898
31988
31899
31989
31891
31990
31892
31991
31893
31992
31894
31993
31895
31994
31896
31995
31897
31996
31898
31997
31899
31998
31999
31901
31910
31902
31911
31903
31912
31904
31913
31905
31914
31906
31915
31907
31916
31908
31917
31909
31918
31919
31911
31920
31912
31921
31913
31922
31914
31923
31915
31924
31916
31925
31917
31926
31918
31927
31919
31928
31929
31921
31930
31922
31931
31923
31932
31924
31933
31925
31934
31926
31935
31927
31936
31928
31937
31929
31938
31939
31931
31940
31932
31941
31933
31942
31934
31943
31935
31944
31936
31945
31937
31946
31938
31947
31939
31948
31949
31941
31950
31942
31951
31943
31952
31944
31953
31945
31954
31946
31955
31947
31956
31948
31957
31949
31958
31959
31951
31960
31952
31961
31953
31962
31954
31963
31955
31964
31956
31965
31957
31966
31958
31967
31959
31968
31969
31961
31970
31962
31971
31963
31972
31964
31973
31965
31974
31966
31975
31967
31976
31968
31977
31969
31978
31979
31971
31980
31972
31981
31973
31982
31974
31983
31975
31984
31976
31985
31977
31986
31978
31987
31979
31988
31989
31981
31990
31982
31991
31983
31992
31984
31993
31985
31994
31986
31995
31987
31996
31988
31997
31989
31998
31999
31991
31992
31993
31994
31995
31996
31997
31998
31999
)


// ************************************************************************* //
