/*--------------------------------*- C++ -*----------------------------------*\
  =========                 |
  \\      /  F ield         | OpenFOAM: The Open Source CFD Toolbox
   \\    /   O peration     | Website:  https://openfoam.org
    \\  /    A nd           | Version:  13
     \\/     M anipulation  |
\*---------------------------------------------------------------------------*/
FoamFile
{
    format      ascii;
    class       vectorField;
    location    "constant/polyMesh";
    object      points;
}
// * * * * * * * * * * * * * * * * * * * * * * * * * * * * * * * * * * * * * //


16707
(
(-50 -50 -50)
(-46.66666667 -50 -50)
(-43.33333333 -50 -50)
(-40 -50 -50)
(-36.66666667 -50 -50)
(-33.33333333 -50 -50)
(-30 -50 -50)
(-26.66666667 -50 -50)
(-23.33333333 -50 -50)
(-20 -50 -50)
(-16.66666667 -50 -50)
(-13.33333333 -50 -50)
(-10 -50 -50)
(-6.666666667 -50 -50)
(-3.333333333 -50 -50)
(0 -50 -50)
(3.333333333 -50 -50)
(6.666666667 -50 -50)
(10 -50 -50)
(13.33333333 -50 -50)
(16.66666667 -50 -50)
(20 -50 -50)
(23.33333333 -50 -50)
(26.66666667 -50 -50)
(30 -50 -50)
(33.33333333 -50 -50)
(36.66666667 -50 -50)
(40 -50 -50)
(43.33333333 -50 -50)
(46.66666667 -50 -50)
(50 -50 -50)
(-50 -46.66666667 -50)
(-46.66666667 -46.66666667 -50)
(-43.33333333 -46.66666667 -50)
(-40 -46.66666667 -50)
(-36.66666667 -46.66666667 -50)
(-33.33333333 -46.66666667 -50)
(-30 -46.66666667 -50)
(-26.66666667 -46.66666667 -50)
(-23.33333333 -46.66666667 -50)
(-20 -46.66666667 -50)
(-16.66666667 -46.66666667 -50)
(-13.33333333 -46.66666667 -50)
(-10 -46.66666667 -50)
(-6.666666667 -46.66666667 -50)
(-3.333333333 -46.66666667 -50)
(0 -46.66666667 -50)
(3.333333333 -46.66666667 -50)
(6.666666667 -46.66666667 -50)
(10 -46.66666667 -50)
(13.33333333 -46.66666667 -50)
(16.66666667 -46.66666667 -50)
(20 -46.66666667 -50)
(23.33333333 -46.66666667 -50)
(26.66666667 -46.66666667 -50)
(30 -46.66666667 -50)
(33.33333333 -46.66666667 -50)
(36.66666667 -46.66666667 -50)
(40 -46.66666667 -50)
(43.33333333 -46.66666667 -50)
(46.66666667 -46.66666667 -50)
(50 -46.66666667 -50)
(-50 -43.33333333 -50)
(-46.66666667 -43.33333333 -50)
(-43.33333333 -43.33333333 -50)
(-40 -43.33333333 -50)
(-36.66666667 -43.33333333 -50)
(-33.33333333 -43.33333333 -50)
(-30 -43.33333333 -50)
(-26.66666667 -43.33333333 -50)
(-23.33333333 -43.33333333 -50)
(-20 -43.33333333 -50)
(-16.66666667 -43.33333333 -50)
(-13.33333333 -43.33333333 -50)
(-10 -43.33333333 -50)
(-6.666666667 -43.33333333 -50)
(-3.333333333 -43.33333333 -50)
(0 -43.33333333 -50)
(3.333333333 -43.33333333 -50)
(6.666666667 -43.33333333 -50)
(10 -43.33333333 -50)
(13.33333333 -43.33333333 -50)
(16.66666667 -43.33333333 -50)
(20 -43.33333333 -50)
(23.33333333 -43.33333333 -50)
(26.66666667 -43.33333333 -50)
(30 -43.33333333 -50)
(33.33333333 -43.33333333 -50)
(36.66666667 -43.33333333 -50)
(40 -43.33333333 -50)
(43.33333333 -43.33333333 -50)
(46.66666667 -43.33333333 -50)
(50 -43.33333333 -50)
(-50 -40 -50)
(-46.66666667 -40 -50)
(-43.33333333 -40 -50)
(-40 -40 -50)
(-36.66666667 -40 -50)
(-33.33333333 -40 -50)
(-30 -40 -50)
(-26.66666667 -40 -50)
(-23.33333333 -40 -50)
(-20 -40 -50)
(-16.66666667 -40 -50)
(-13.33333333 -40 -50)
(-10 -40 -50)
(-6.666666667 -40 -50)
(-3.333333333 -40 -50)
(0 -40 -50)
(3.333333333 -40 -50)
(6.666666667 -40 -50)
(10 -40 -50)
(13.33333333 -40 -50)
(16.66666667 -40 -50)
(20 -40 -50)
(23.33333333 -40 -50)
(26.66666667 -40 -50)
(30 -40 -50)
(33.33333333 -40 -50)
(36.66666667 -40 -50)
(40 -40 -50)
(43.33333333 -40 -50)
(46.66666667 -40 -50)
(50 -40 -50)
(-50 -36.66666667 -50)
(-46.66666667 -36.66666667 -50)
(-43.33333333 -36.66666667 -50)
(-40 -36.66666667 -50)
(-36.66666667 -36.66666667 -50)
(-33.33333333 -36.66666667 -50)
(-30 -36.66666667 -50)
(-26.66666667 -36.66666667 -50)
(-23.33333333 -36.66666667 -50)
(-20 -36.66666667 -50)
(-16.66666667 -36.66666667 -50)
(-13.33333333 -36.66666667 -50)
(-10 -36.66666667 -50)
(-6.666666667 -36.66666667 -50)
(-3.333333333 -36.66666667 -50)
(0 -36.66666667 -50)
(3.333333333 -36.66666667 -50)
(6.666666667 -36.66666667 -50)
(10 -36.66666667 -50)
(13.33333333 -36.66666667 -50)
(16.66666667 -36.66666667 -50)
(20 -36.66666667 -50)
(23.33333333 -36.66666667 -50)
(26.66666667 -36.66666667 -50)
(30 -36.66666667 -50)
(33.33333333 -36.66666667 -50)
(36.66666667 -36.66666667 -50)
(40 -36.66666667 -50)
(43.33333333 -36.66666667 -50)
(46.66666667 -36.66666667 -50)
(50 -36.66666667 -50)
(-50 -33.33333333 -50)
(-46.66666667 -33.33333333 -50)
(-43.33333333 -33.33333333 -50)
(-40 -33.33333333 -50)
(-36.66666667 -33.33333333 -50)
(-33.33333333 -33.33333333 -50)
(-30 -33.33333333 -50)
(-26.66666667 -33.33333333 -50)
(-23.33333333 -33.33333333 -50)
(-20 -33.33333333 -50)
(-16.66666667 -33.33333333 -50)
(-13.33333333 -33.33333333 -50)
(-10 -33.33333333 -50)
(-6.666666667 -33.33333333 -50)
(-3.333333333 -33.33333333 -50)
(0 -33.33333333 -50)
(3.333333333 -33.33333333 -50)
(6.666666667 -33.33333333 -50)
(10 -33.33333333 -50)
(13.33333333 -33.33333333 -50)
(16.66666667 -33.33333333 -50)
(20 -33.33333333 -50)
(23.33333333 -33.33333333 -50)
(26.66666667 -33.33333333 -50)
(30 -33.33333333 -50)
(33.33333333 -33.33333333 -50)
(36.66666667 -33.33333333 -50)
(40 -33.33333333 -50)
(43.33333333 -33.33333333 -50)
(46.66666667 -33.33333333 -50)
(50 -33.33333333 -50)
(-50 -30 -50)
(-46.66666667 -30 -50)
(-43.33333333 -30 -50)
(-40 -30 -50)
(-36.66666667 -30 -50)
(-33.33333333 -30 -50)
(-30 -30 -50)
(-26.66666667 -30 -50)
(-23.33333333 -30 -50)
(-20 -30 -50)
(-16.66666667 -30 -50)
(-13.33333333 -30 -50)
(-10 -30 -50)
(-6.666666667 -30 -50)
(-3.333333333 -30 -50)
(0 -30 -50)
(3.333333333 -30 -50)
(6.666666667 -30 -50)
(10 -30 -50)
(13.33333333 -30 -50)
(16.66666667 -30 -50)
(20 -30 -50)
(23.33333333 -30 -50)
(26.66666667 -30 -50)
(30 -30 -50)
(33.33333333 -30 -50)
(36.66666667 -30 -50)
(40 -30 -50)
(43.33333333 -30 -50)
(46.66666667 -30 -50)
(50 -30 -50)
(-50 -26.66666667 -50)
(-46.66666667 -26.66666667 -50)
(-43.33333333 -26.66666667 -50)
(-40 -26.66666667 -50)
(-36.66666667 -26.66666667 -50)
(-33.33333333 -26.66666667 -50)
(-30 -26.66666667 -50)
(-26.66666667 -26.66666667 -50)
(-23.33333333 -26.66666667 -50)
(-20 -26.66666667 -50)
(-16.66666667 -26.66666667 -50)
(-13.33333333 -26.66666667 -50)
(-10 -26.66666667 -50)
(-6.666666667 -26.66666667 -50)
(-3.333333333 -26.66666667 -50)
(0 -26.66666667 -50)
(3.333333333 -26.66666667 -50)
(6.666666667 -26.66666667 -50)
(10 -26.66666667 -50)
(13.33333333 -26.66666667 -50)
(16.66666667 -26.66666667 -50)
(20 -26.66666667 -50)
(23.33333333 -26.66666667 -50)
(26.66666667 -26.66666667 -50)
(30 -26.66666667 -50)
(33.33333333 -26.66666667 -50)
(36.66666667 -26.66666667 -50)
(40 -26.66666667 -50)
(43.33333333 -26.66666667 -50)
(46.66666667 -26.66666667 -50)
(50 -26.66666667 -50)
(-50 -23.33333333 -50)
(-46.66666667 -23.33333333 -50)
(-43.33333333 -23.33333333 -50)
(-40 -23.33333333 -50)
(-36.66666667 -23.33333333 -50)
(-33.33333333 -23.33333333 -50)
(-30 -23.33333333 -50)
(-26.66666667 -23.33333333 -50)
(-23.33333333 -23.33333333 -50)
(-20 -23.33333333 -50)
(-16.66666667 -23.33333333 -50)
(-13.33333333 -23.33333333 -50)
(-10 -23.33333333 -50)
(-6.666666667 -23.33333333 -50)
(-3.333333333 -23.33333333 -50)
(0 -23.33333333 -50)
(3.333333333 -23.33333333 -50)
(6.666666667 -23.33333333 -50)
(10 -23.33333333 -50)
(13.33333333 -23.33333333 -50)
(16.66666667 -23.33333333 -50)
(20 -23.33333333 -50)
(23.33333333 -23.33333333 -50)
(26.66666667 -23.33333333 -50)
(30 -23.33333333 -50)
(33.33333333 -23.33333333 -50)
(36.66666667 -23.33333333 -50)
(40 -23.33333333 -50)
(43.33333333 -23.33333333 -50)
(46.66666667 -23.33333333 -50)
(50 -23.33333333 -50)
(-50 -20 -50)
(-46.66666667 -20 -50)
(-43.33333333 -20 -50)
(-40 -20 -50)
(-36.66666667 -20 -50)
(-33.33333333 -20 -50)
(-30 -20 -50)
(-26.66666667 -20 -50)
(-23.33333333 -20 -50)
(-20 -20 -50)
(-16.66666667 -20 -50)
(-13.33333333 -20 -50)
(-10 -20 -50)
(-6.666666667 -20 -50)
(-3.333333333 -20 -50)
(0 -20 -50)
(3.333333333 -20 -50)
(6.666666667 -20 -50)
(10 -20 -50)
(13.33333333 -20 -50)
(16.66666667 -20 -50)
(20 -20 -50)
(23.33333333 -20 -50)
(26.66666667 -20 -50)
(30 -20 -50)
(33.33333333 -20 -50)
(36.66666667 -20 -50)
(40 -20 -50)
(43.33333333 -20 -50)
(46.66666667 -20 -50)
(50 -20 -50)
(-50 -16.66666667 -50)
(-46.66666667 -16.66666667 -50)
(-43.33333333 -16.66666667 -50)
(-40 -16.66666667 -50)
(-36.66666667 -16.66666667 -50)
(-33.33333333 -16.66666667 -50)
(-30 -16.66666667 -50)
(-26.66666667 -16.66666667 -50)
(-23.33333333 -16.66666667 -50)
(-20 -16.66666667 -50)
(-16.66666667 -16.66666667 -50)
(-13.33333333 -16.66666667 -50)
(-10 -16.66666667 -50)
(-6.666666667 -16.66666667 -50)
(-3.333333333 -16.66666667 -50)
(0 -16.66666667 -50)
(3.333333333 -16.66666667 -50)
(6.666666667 -16.66666667 -50)
(10 -16.66666667 -50)
(13.33333333 -16.66666667 -50)
(16.66666667 -16.66666667 -50)
(20 -16.66666667 -50)
(23.33333333 -16.66666667 -50)
(26.66666667 -16.66666667 -50)
(30 -16.66666667 -50)
(33.33333333 -16.66666667 -50)
(36.66666667 -16.66666667 -50)
(40 -16.66666667 -50)
(43.33333333 -16.66666667 -50)
(46.66666667 -16.66666667 -50)
(50 -16.66666667 -50)
(-50 -13.33333333 -50)
(-46.66666667 -13.33333333 -50)
(-43.33333333 -13.33333333 -50)
(-40 -13.33333333 -50)
(-36.66666667 -13.33333333 -50)
(-33.33333333 -13.33333333 -50)
(-30 -13.33333333 -50)
(-26.66666667 -13.33333333 -50)
(-23.33333333 -13.33333333 -50)
(-20 -13.33333333 -50)
(-16.66666667 -13.33333333 -50)
(-13.33333333 -13.33333333 -50)
(-10 -13.33333333 -50)
(-6.666666667 -13.33333333 -50)
(-3.333333333 -13.33333333 -50)
(0 -13.33333333 -50)
(3.333333333 -13.33333333 -50)
(6.666666667 -13.33333333 -50)
(10 -13.33333333 -50)
(13.33333333 -13.33333333 -50)
(16.66666667 -13.33333333 -50)
(20 -13.33333333 -50)
(23.33333333 -13.33333333 -50)
(26.66666667 -13.33333333 -50)
(30 -13.33333333 -50)
(33.33333333 -13.33333333 -50)
(36.66666667 -13.33333333 -50)
(40 -13.33333333 -50)
(43.33333333 -13.33333333 -50)
(46.66666667 -13.33333333 -50)
(50 -13.33333333 -50)
(-50 -10 -50)
(-46.66666667 -10 -50)
(-43.33333333 -10 -50)
(-40 -10 -50)
(-36.66666667 -10 -50)
(-33.33333333 -10 -50)
(-30 -10 -50)
(-26.66666667 -10 -50)
(-23.33333333 -10 -50)
(-20 -10 -50)
(-16.66666667 -10 -50)
(-13.33333333 -10 -50)
(-10 -10 -50)
(-6.666666667 -10 -50)
(-3.333333333 -10 -50)
(0 -10 -50)
(3.333333333 -10 -50)
(6.666666667 -10 -50)
(10 -10 -50)
(13.33333333 -10 -50)
(16.66666667 -10 -50)
(20 -10 -50)
(23.33333333 -10 -50)
(26.66666667 -10 -50)
(30 -10 -50)
(33.33333333 -10 -50)
(36.66666667 -10 -50)
(40 -10 -50)
(43.33333333 -10 -50)
(46.66666667 -10 -50)
(50 -10 -50)
(-50 -6.666666667 -50)
(-46.66666667 -6.666666667 -50)
(-43.33333333 -6.666666667 -50)
(-40 -6.666666667 -50)
(-36.66666667 -6.666666667 -50)
(-33.33333333 -6.666666667 -50)
(-30 -6.666666667 -50)
(-26.66666667 -6.666666667 -50)
(-23.33333333 -6.666666667 -50)
(-20 -6.666666667 -50)
(-16.66666667 -6.666666667 -50)
(-13.33333333 -6.666666667 -50)
(-10 -6.666666667 -50)
(-6.666666667 -6.666666667 -50)
(-3.333333333 -6.666666667 -50)
(0 -6.666666667 -50)
(3.333333333 -6.666666667 -50)
(6.666666667 -6.666666667 -50)
(10 -6.666666667 -50)
(13.33333333 -6.666666667 -50)
(16.66666667 -6.666666667 -50)
(20 -6.666666667 -50)
(23.33333333 -6.666666667 -50)
(26.66666667 -6.666666667 -50)
(30 -6.666666667 -50)
(33.33333333 -6.666666667 -50)
(36.66666667 -6.666666667 -50)
(40 -6.666666667 -50)
(43.33333333 -6.666666667 -50)
(46.66666667 -6.666666667 -50)
(50 -6.666666667 -50)
(-50 -3.333333333 -50)
(-46.66666667 -3.333333333 -50)
(-43.33333333 -3.333333333 -50)
(-40 -3.333333333 -50)
(-36.66666667 -3.333333333 -50)
(-33.33333333 -3.333333333 -50)
(-30 -3.333333333 -50)
(-26.66666667 -3.333333333 -50)
(-23.33333333 -3.333333333 -50)
(-20 -3.333333333 -50)
(-16.66666667 -3.333333333 -50)
(-13.33333333 -3.333333333 -50)
(-10 -3.333333333 -50)
(-6.666666667 -3.333333333 -50)
(-3.333333333 -3.333333333 -50)
(0 -3.333333333 -50)
(3.333333333 -3.333333333 -50)
(6.666666667 -3.333333333 -50)
(10 -3.333333333 -50)
(13.33333333 -3.333333333 -50)
(16.66666667 -3.333333333 -50)
(20 -3.333333333 -50)
(23.33333333 -3.333333333 -50)
(26.66666667 -3.333333333 -50)
(30 -3.333333333 -50)
(33.33333333 -3.333333333 -50)
(36.66666667 -3.333333333 -50)
(40 -3.333333333 -50)
(43.33333333 -3.333333333 -50)
(46.66666667 -3.333333333 -50)
(50 -3.333333333 -50)
(-50 0 -50)
(-46.66666667 0 -50)
(-43.33333333 0 -50)
(-40 0 -50)
(-36.66666667 0 -50)
(-33.33333333 0 -50)
(-30 0 -50)
(-26.66666667 0 -50)
(-23.33333333 0 -50)
(-20 0 -50)
(-16.66666667 0 -50)
(-13.33333333 -5.921189465e-16 -50)
(-10 0 -50)
(-6.666666667 0 -50)
(-3.333333333 0 -50)
(0 0 -50)
(3.333333333 0 -50)
(6.666666667 0 -50)
(10 0 -50)
(13.33333333 0 -50)
(16.66666667 -5.921189465e-16 -50)
(20 2.960594732e-16 -50)
(23.33333333 0 -50)
(26.66666667 0 -50)
(30 -2.960594732e-16 -50)
(33.33333333 5.921189465e-16 -50)
(36.66666667 1.480297366e-16 -50)
(40 -1.480297366e-16 -50)
(43.33333333 -5.181040782e-16 -50)
(46.66666667 3.330669074e-16 -50)
(50 0 -50)
(-50 3.333333333 -50)
(-46.66666667 3.333333333 -50)
(-43.33333333 3.333333333 -50)
(-40 3.333333333 -50)
(-36.66666667 3.333333333 -50)
(-33.33333333 3.333333333 -50)
(-30 3.333333333 -50)
(-26.66666667 3.333333333 -50)
(-23.33333333 3.333333333 -50)
(-20 3.333333333 -50)
(-16.66666667 3.333333333 -50)
(-13.33333333 3.333333333 -50)
(-10 3.333333333 -50)
(-6.666666667 3.333333333 -50)
(-3.333333333 3.333333333 -50)
(0 3.333333333 -50)
(3.333333333 3.333333333 -50)
(6.666666667 3.333333333 -50)
(10 3.333333333 -50)
(13.33333333 3.333333333 -50)
(16.66666667 3.333333333 -50)
(20 3.333333333 -50)
(23.33333333 3.333333333 -50)
(26.66666667 3.333333333 -50)
(30 3.333333333 -50)
(33.33333333 3.333333333 -50)
(36.66666667 3.333333333 -50)
(40 3.333333333 -50)
(43.33333333 3.333333333 -50)
(46.66666667 3.333333333 -50)
(50 3.333333333 -50)
(-50 6.666666667 -50)
(-46.66666667 6.666666667 -50)
(-43.33333333 6.666666667 -50)
(-40 6.666666667 -50)
(-36.66666667 6.666666667 -50)
(-33.33333333 6.666666667 -50)
(-30 6.666666667 -50)
(-26.66666667 6.666666667 -50)
(-23.33333333 6.666666667 -50)
(-20 6.666666667 -50)
(-16.66666667 6.666666667 -50)
(-13.33333333 6.666666667 -50)
(-10 6.666666667 -50)
(-6.666666667 6.666666667 -50)
(-3.333333333 6.666666667 -50)
(0 6.666666667 -50)
(3.333333333 6.666666667 -50)
(6.666666667 6.666666667 -50)
(10 6.666666667 -50)
(13.33333333 6.666666667 -50)
(16.66666667 6.666666667 -50)
(20 6.666666667 -50)
(23.33333333 6.666666667 -50)
(26.66666667 6.666666667 -50)
(30 6.666666667 -50)
(33.33333333 6.666666667 -50)
(36.66666667 6.666666667 -50)
(40 6.666666667 -50)
(43.33333333 6.666666667 -50)
(46.66666667 6.666666667 -50)
(50 6.666666667 -50)
(-50 10 -50)
(-46.66666667 10 -50)
(-43.33333333 10 -50)
(-40 10 -50)
(-36.66666667 10 -50)
(-33.33333333 10 -50)
(-30 10 -50)
(-26.66666667 10 -50)
(-23.33333333 10 -50)
(-20 10 -50)
(-16.66666667 10 -50)
(-13.33333333 10 -50)
(-10 10 -50)
(-6.666666667 10 -50)
(-3.333333333 10 -50)
(0 10 -50)
(3.333333333 10 -50)
(6.666666667 10 -50)
(10 10 -50)
(13.33333333 10 -50)
(16.66666667 10 -50)
(20 10 -50)
(23.33333333 10 -50)
(26.66666667 10 -50)
(30 10 -50)
(33.33333333 10 -50)
(36.66666667 10 -50)
(40 10 -50)
(43.33333333 10 -50)
(46.66666667 10 -50)
(50 10 -50)
(-50 13.33333333 -50)
(-46.66666667 13.33333333 -50)
(-43.33333333 13.33333333 -50)
(-40 13.33333333 -50)
(-36.66666667 13.33333333 -50)
(-33.33333333 13.33333333 -50)
(-30 13.33333333 -50)
(-26.66666667 13.33333333 -50)
(-23.33333333 13.33333333 -50)
(-20 13.33333333 -50)
(-16.66666667 13.33333333 -50)
(-13.33333333 13.33333333 -50)
(-10 13.33333333 -50)
(-6.666666667 13.33333333 -50)
(-3.333333333 13.33333333 -50)
(0 13.33333333 -50)
(3.333333333 13.33333333 -50)
(6.666666667 13.33333333 -50)
(10 13.33333333 -50)
(13.33333333 13.33333333 -50)
(16.66666667 13.33333333 -50)
(20 13.33333333 -50)
(23.33333333 13.33333333 -50)
(26.66666667 13.33333333 -50)
(30 13.33333333 -50)
(33.33333333 13.33333333 -50)
(36.66666667 13.33333333 -50)
(40 13.33333333 -50)
(43.33333333 13.33333333 -50)
(46.66666667 13.33333333 -50)
(50 13.33333333 -50)
(-50 16.66666667 -50)
(-46.66666667 16.66666667 -50)
(-43.33333333 16.66666667 -50)
(-40 16.66666667 -50)
(-36.66666667 16.66666667 -50)
(-33.33333333 16.66666667 -50)
(-30 16.66666667 -50)
(-26.66666667 16.66666667 -50)
(-23.33333333 16.66666667 -50)
(-20 16.66666667 -50)
(-16.66666667 16.66666667 -50)
(-13.33333333 16.66666667 -50)
(-10 16.66666667 -50)
(-6.666666667 16.66666667 -50)
(-3.333333333 16.66666667 -50)
(0 16.66666667 -50)
(3.333333333 16.66666667 -50)
(6.666666667 16.66666667 -50)
(10 16.66666667 -50)
(13.33333333 16.66666667 -50)
(16.66666667 16.66666667 -50)
(20 16.66666667 -50)
(23.33333333 16.66666667 -50)
(26.66666667 16.66666667 -50)
(30 16.66666667 -50)
(33.33333333 16.66666667 -50)
(36.66666667 16.66666667 -50)
(40 16.66666667 -50)
(43.33333333 16.66666667 -50)
(46.66666667 16.66666667 -50)
(50 16.66666667 -50)
(-50 20 -50)
(-46.66666667 20 -50)
(-43.33333333 20 -50)
(-40 20 -50)
(-36.66666667 20 -50)
(-33.33333333 20 -50)
(-30 20 -50)
(-26.66666667 20 -50)
(-23.33333333 20 -50)
(-20 20 -50)
(-16.66666667 20 -50)
(-13.33333333 20 -50)
(-10 20 -50)
(-6.666666667 20 -50)
(-3.333333333 20 -50)
(0 20 -50)
(3.333333333 20 -50)
(6.666666667 20 -50)
(10 20 -50)
(13.33333333 20 -50)
(16.66666667 20 -50)
(20 20 -50)
(23.33333333 20 -50)
(26.66666667 20 -50)
(30 20 -50)
(33.33333333 20 -50)
(36.66666667 20 -50)
(40 20 -50)
(43.33333333 20 -50)
(46.66666667 20 -50)
(50 20 -50)
(-50 23.33333333 -50)
(-46.66666667 23.33333333 -50)
(-43.33333333 23.33333333 -50)
(-40 23.33333333 -50)
(-36.66666667 23.33333333 -50)
(-33.33333333 23.33333333 -50)
(-30 23.33333333 -50)
(-26.66666667 23.33333333 -50)
(-23.33333333 23.33333333 -50)
(-20 23.33333333 -50)
(-16.66666667 23.33333333 -50)
(-13.33333333 23.33333333 -50)
(-10 23.33333333 -50)
(-6.666666667 23.33333333 -50)
(-3.333333333 23.33333333 -50)
(0 23.33333333 -50)
(3.333333333 23.33333333 -50)
(6.666666667 23.33333333 -50)
(10 23.33333333 -50)
(13.33333333 23.33333333 -50)
(16.66666667 23.33333333 -50)
(20 23.33333333 -50)
(23.33333333 23.33333333 -50)
(26.66666667 23.33333333 -50)
(30 23.33333333 -50)
(33.33333333 23.33333333 -50)
(36.66666667 23.33333333 -50)
(40 23.33333333 -50)
(43.33333333 23.33333333 -50)
(46.66666667 23.33333333 -50)
(50 23.33333333 -50)
(-50 26.66666667 -50)
(-46.66666667 26.66666667 -50)
(-43.33333333 26.66666667 -50)
(-40 26.66666667 -50)
(-36.66666667 26.66666667 -50)
(-33.33333333 26.66666667 -50)
(-30 26.66666667 -50)
(-26.66666667 26.66666667 -50)
(-23.33333333 26.66666667 -50)
(-20 26.66666667 -50)
(-16.66666667 26.66666667 -50)
(-13.33333333 26.66666667 -50)
(-10 26.66666667 -50)
(-6.666666667 26.66666667 -50)
(-3.333333333 26.66666667 -50)
(0 26.66666667 -50)
(3.333333333 26.66666667 -50)
(6.666666667 26.66666667 -50)
(10 26.66666667 -50)
(13.33333333 26.66666667 -50)
(16.66666667 26.66666667 -50)
(20 26.66666667 -50)
(23.33333333 26.66666667 -50)
(26.66666667 26.66666667 -50)
(30 26.66666667 -50)
(33.33333333 26.66666667 -50)
(36.66666667 26.66666667 -50)
(40 26.66666667 -50)
(43.33333333 26.66666667 -50)
(46.66666667 26.66666667 -50)
(50 26.66666667 -50)
(-50 30 -50)
(-46.66666667 30 -50)
(-43.33333333 30 -50)
(-40 30 -50)
(-36.66666667 30 -50)
(-33.33333333 30 -50)
(-30 30 -50)
(-26.66666667 30 -50)
(-23.33333333 30 -50)
(-20 30 -50)
(-16.66666667 30 -50)
(-13.33333333 30 -50)
(-10 30 -50)
(-6.666666667 30 -50)
(-3.333333333 30 -50)
(0 30 -50)
(3.333333333 30 -50)
(6.666666667 30 -50)
(10 30 -50)
(13.33333333 30 -50)
(16.66666667 30 -50)
(20 30 -50)
(23.33333333 30 -50)
(26.66666667 30 -50)
(30 30 -50)
(33.33333333 30 -50)
(36.66666667 30 -50)
(40 30 -50)
(43.33333333 30 -50)
(46.66666667 30 -50)
(50 30 -50)
(-50 33.33333333 -50)
(-46.66666667 33.33333333 -50)
(-43.33333333 33.33333333 -50)
(-40 33.33333333 -50)
(-36.66666667 33.33333333 -50)
(-33.33333333 33.33333333 -50)
(-30 33.33333333 -50)
(-26.66666667 33.33333333 -50)
(-23.33333333 33.33333333 -50)
(-20 33.33333333 -50)
(-16.66666667 33.33333333 -50)
(-13.33333333 33.33333333 -50)
(-10 33.33333333 -50)
(-6.666666667 33.33333333 -50)
(-3.333333333 33.33333333 -50)
(0 33.33333333 -50)
(3.333333333 33.33333333 -50)
(6.666666667 33.33333333 -50)
(10 33.33333333 -50)
(13.33333333 33.33333333 -50)
(16.66666667 33.33333333 -50)
(20 33.33333333 -50)
(23.33333333 33.33333333 -50)
(26.66666667 33.33333333 -50)
(30 33.33333333 -50)
(33.33333333 33.33333333 -50)
(36.66666667 33.33333333 -50)
(40 33.33333333 -50)
(43.33333333 33.33333333 -50)
(46.66666667 33.33333333 -50)
(50 33.33333333 -50)
(-50 36.66666667 -50)
(-46.66666667 36.66666667 -50)
(-43.33333333 36.66666667 -50)
(-40 36.66666667 -50)
(-36.66666667 36.66666667 -50)
(-33.33333333 36.66666667 -50)
(-30 36.66666667 -50)
(-26.66666667 36.66666667 -50)
(-23.33333333 36.66666667 -50)
(-20 36.66666667 -50)
(-16.66666667 36.66666667 -50)
(-13.33333333 36.66666667 -50)
(-10 36.66666667 -50)
(-6.666666667 36.66666667 -50)
(-3.333333333 36.66666667 -50)
(0 36.66666667 -50)
(3.333333333 36.66666667 -50)
(6.666666667 36.66666667 -50)
(10 36.66666667 -50)
(13.33333333 36.66666667 -50)
(16.66666667 36.66666667 -50)
(20 36.66666667 -50)
(23.33333333 36.66666667 -50)
(26.66666667 36.66666667 -50)
(30 36.66666667 -50)
(33.33333333 36.66666667 -50)
(36.66666667 36.66666667 -50)
(40 36.66666667 -50)
(43.33333333 36.66666667 -50)
(46.66666667 36.66666667 -50)
(50 36.66666667 -50)
(-50 40 -50)
(-46.66666667 40 -50)
(-43.33333333 40 -50)
(-40 40 -50)
(-36.66666667 40 -50)
(-33.33333333 40 -50)
(-30 40 -50)
(-26.66666667 40 -50)
(-23.33333333 40 -50)
(-20 40 -50)
(-16.66666667 40 -50)
(-13.33333333 40 -50)
(-10 40 -50)
(-6.666666667 40 -50)
(-3.333333333 40 -50)
(0 40 -50)
(3.333333333 40 -50)
(6.666666667 40 -50)
(10 40 -50)
(13.33333333 40 -50)
(16.66666667 40 -50)
(20 40 -50)
(23.33333333 40 -50)
(26.66666667 40 -50)
(30 40 -50)
(33.33333333 40 -50)
(36.66666667 40 -50)
(40 40 -50)
(43.33333333 40 -50)
(46.66666667 40 -50)
(50 40 -50)
(-50 43.33333333 -50)
(-46.66666667 43.33333333 -50)
(-43.33333333 43.33333333 -50)
(-40 43.33333333 -50)
(-36.66666667 43.33333333 -50)
(-33.33333333 43.33333333 -50)
(-30 43.33333333 -50)
(-26.66666667 43.33333333 -50)
(-23.33333333 43.33333333 -50)
(-20 43.33333333 -50)
(-16.66666667 43.33333333 -50)
(-13.33333333 43.33333333 -50)
(-10 43.33333333 -50)
(-6.666666667 43.33333333 -50)
(-3.333333333 43.33333333 -50)
(0 43.33333333 -50)
(3.333333333 43.33333333 -50)
(6.666666667 43.33333333 -50)
(10 43.33333333 -50)
(13.33333333 43.33333333 -50)
(16.66666667 43.33333333 -50)
(20 43.33333333 -50)
(23.33333333 43.33333333 -50)
(26.66666667 43.33333333 -50)
(30 43.33333333 -50)
(33.33333333 43.33333333 -50)
(36.66666667 43.33333333 -50)
(40 43.33333333 -50)
(43.33333333 43.33333333 -50)
(46.66666667 43.33333333 -50)
(50 43.33333333 -50)
(-50 46.66666667 -50)
(-46.66666667 46.66666667 -50)
(-43.33333333 46.66666667 -50)
(-40 46.66666667 -50)
(-36.66666667 46.66666667 -50)
(-33.33333333 46.66666667 -50)
(-30 46.66666667 -50)
(-26.66666667 46.66666667 -50)
(-23.33333333 46.66666667 -50)
(-20 46.66666667 -50)
(-16.66666667 46.66666667 -50)
(-13.33333333 46.66666667 -50)
(-10 46.66666667 -50)
(-6.666666667 46.66666667 -50)
(-3.333333333 46.66666667 -50)
(0 46.66666667 -50)
(3.333333333 46.66666667 -50)
(6.666666667 46.66666667 -50)
(10 46.66666667 -50)
(13.33333333 46.66666667 -50)
(16.66666667 46.66666667 -50)
(20 46.66666667 -50)
(23.33333333 46.66666667 -50)
(26.66666667 46.66666667 -50)
(30 46.66666667 -50)
(33.33333333 46.66666667 -50)
(36.66666667 46.66666667 -50)
(40 46.66666667 -50)
(43.33333333 46.66666667 -50)
(46.66666667 46.66666667 -50)
(50 46.66666667 -50)
(-50 50 -50)
(-46.66666667 50 -50)
(-43.33333333 50 -50)
(-40 50 -50)
(-36.66666667 50 -50)
(-33.33333333 50 -50)
(-30 50 -50)
(-26.66666667 50 -50)
(-23.33333333 50 -50)
(-20 50 -50)
(-16.66666667 50 -50)
(-13.33333333 50 -50)
(-10 50 -50)
(-6.666666667 50 -50)
(-3.333333333 50 -50)
(0 50 -50)
(3.333333333 50 -50)
(6.666666667 50 -50)
(10 50 -50)
(13.33333333 50 -50)
(16.66666667 50 -50)
(20 50 -50)
(23.33333333 50 -50)
(26.66666667 50 -50)
(30 50 -50)
(33.33333333 50 -50)
(36.66666667 50 -50)
(40 50 -50)
(43.33333333 50 -50)
(46.66666667 50 -50)
(50 50 -50)
(-50 -50 -43.33333333)
(-46.66666667 -50 -43.33333333)
(-43.33333333 -50 -43.33333333)
(-40 -50 -43.33333333)
(-36.66666667 -50 -43.33333333)
(-33.33333333 -50 -43.33333333)
(-30 -50 -43.33333333)
(-26.66666667 -50 -43.33333333)
(-23.33333333 -50 -43.33333333)
(-20 -50 -43.33333333)
(-16.66666667 -50 -43.33333333)
(-13.33333333 -50 -43.33333333)
(-10 -50 -43.33333333)
(-6.666666667 -50 -43.33333333)
(-3.333333333 -50 -43.33333333)
(0 -50 -43.33333333)
(3.333333333 -50 -43.33333333)
(6.666666667 -50 -43.33333333)
(10 -50 -43.33333333)
(13.33333333 -50 -43.33333333)
(16.66666667 -50 -43.33333333)
(20 -50 -43.33333333)
(23.33333333 -50 -43.33333333)
(26.66666667 -50 -43.33333333)
(30 -50 -43.33333333)
(33.33333333 -50 -43.33333333)
(36.66666667 -50 -43.33333333)
(40 -50 -43.33333333)
(43.33333333 -50 -43.33333333)
(46.66666667 -50 -43.33333333)
(50 -50 -43.33333333)
(-50 -46.66666667 -43.33333333)
(-46.25133337 -46.65453357 -43.87431081)
(-42.97044098 -46.66203815 -43.95117153)
(-39.80410159 -46.68303705 -43.86951962)
(-36.57265986 -46.68514125 -43.84005846)
(-33.4557422 -46.70281302 -43.81670905)
(-29.66986787 -46.60085387 -43.72782609)
(-26.44198948 -46.55871606 -43.55216282)
(-23.1328132 -46.4889266 -43.53949927)
(-19.84410242 -46.59138647 -43.56960708)
(-16.59605023 -46.63175655 -43.70102981)
(-13.38549362 -46.61469842 -43.75621281)
(-10.07667423 -46.54503787 -43.88328411)
(-6.764957561 -46.44964558 -44.01998044)
(-3.53500207 -46.40959805 -44.09191121)
(-0.3997613193 -46.4136851 -44.0814137)
(3.136589404 -46.38279478 -44.43934567)
(6.455243351 -46.38187266 -44.5278954)
(9.71814107 -46.49311685 -44.63372307)
(13.11093115 -46.72819447 -44.60689619)
(16.27881298 -46.74835924 -44.68089494)
(19.55033044 -46.6608612 -44.69761631)
(22.85738525 -46.70483532 -44.74079279)
(26.14369328 -46.86862918 -44.6951261)
(29.46662378 -46.89560423 -44.75750046)
(32.77591493 -46.86108871 -44.85175153)
(36.10830764 -46.8430151 -44.90362936)
(39.43040305 -46.98773646 -44.8595803)
(42.67698394 -47.0204715 -44.89184726)
(46.02607007 -46.96405097 -44.97654233)
(50 -46.66666667 -43.33333333)
(-50 -43.33333333 -43.33333333)
(-46.13558157 -43.28373373 -43.91506241)
(-42.79164178 -43.30516612 -44.00501903)
(-39.53272646 -43.47704749 -44.00550538)
(-36.26004817 -43.48376595 -43.87939191)
(-33.13133314 -43.52873444 -43.79826686)
(-29.70205085 -43.24016614 -43.54857723)
(-26.3893511 -43.18468836 -43.4220984)
(-23.06048487 -43.09027523 -43.48418768)
(-19.74672617 -43.1865795 -43.60793065)
(-16.42828341 -43.25344907 -43.73210683)
(-13.12386319 -43.33885827 -43.85883883)
(-9.842146213 -43.24971311 -44.02693223)
(-6.547993121 -43.15164016 -44.178296)
(-3.256166118 -43.21416299 -44.33475381)
(-0.1193944864 -43.24657305 -44.33713815)
(3.343387053 -42.94632003 -44.52725348)
(6.686731877 -42.95110971 -44.58417725)
(9.974070686 -43.05663733 -44.61820418)
(13.13745377 -43.31698107 -44.74770556)
(16.50214886 -43.26934677 -44.77195511)
(19.80505037 -43.25813925 -44.81810643)
(23.14178397 -43.35174857 -44.86448814)
(26.33896245 -43.5600479 -44.91005016)
(29.66430547 -43.59557251 -44.92181328)
(33.05394246 -43.60650572 -45.00574709)
(36.40995411 -43.69266817 -45.04105538)
(39.5960467 -43.86408902 -44.93739289)
(42.9500289 -43.82508173 -45.00331865)
(46.26392742 -43.77801456 -45.10771499)
(50 -43.33333333 -43.33333333)
(-50 -40 -43.33333333)
(-46.29687527 -39.93521376 -43.93410162)
(-42.96769412 -39.99142559 -43.84995019)
(-39.60959388 -40.12566987 -43.94735628)
(-36.250935 -40.15840123 -43.82823868)
(-32.90533508 -40.23048947 -43.74305416)
(-29.73413171 -39.87475264 -43.41851382)
(-26.5542897 -39.83585305 -43.35314255)
(-23.19072755 -39.74467573 -43.34338605)
(-19.86091004 -39.80843146 -43.49840221)
(-16.52787769 -39.84298639 -43.65314557)
(-13.19886325 -39.90550359 -43.83428147)
(-9.826654373 -39.81350966 -43.94668158)
(-6.497666919 -39.71026253 -44.10267592)
(-3.226067277 -39.73523447 -44.30559809)
(0.101651522 -39.8528211 -44.42092435)
(3.355892879 -39.47682016 -44.38037762)
(6.648128639 -39.46366513 -44.45346407)
(10.00645356 -39.5569327 -44.43972019)
(13.17159416 -39.81570061 -44.5692249)
(16.56700904 -39.73444311 -44.69384699)
(19.87645684 -39.76093312 -44.77762348)
(23.20009138 -39.85799753 -44.89638211)
(26.45152838 -40.12761726 -44.89046875)
(29.80229283 -40.19007969 -44.97909607)
(33.15666243 -40.19469916 -45.10390244)
(36.4821616 -40.30667129 -45.20354442)
(39.70077478 -40.52246326 -45.103049)
(43.07376437 -40.53243688 -45.20670342)
(46.37633583 -40.44895367 -45.23108009)
(50 -40 -43.33333333)
(-50 -36.66666667 -43.33333333)
(-46.31130116 -36.60223513 -43.76897065)
(-42.93281193 -36.63071865 -43.66112742)
(-39.59217805 -36.80858207 -43.69406541)
(-36.21710893 -36.84334701 -43.567243)
(-32.88908067 -36.90731399 -43.49832402)
(-29.69001214 -36.50659427 -43.25084921)
(-26.41163949 -36.47339774 -43.25734275)
(-23.06000368 -36.35730446 -43.34365602)
(-19.71478077 -36.42732158 -43.46631836)
(-16.38616725 -36.44143421 -43.64551387)
(-13.04548528 -36.50551283 -43.80402649)
(-9.704480662 -36.39293792 -43.95609738)
(-6.367178842 -36.2907347 -44.1020232)
(-3.033255648 -36.30672965 -44.28581744)
(0.2265149908 -36.37317444 -44.37762692)
(3.521368126 -36.00112529 -44.33010547)
(6.897074396 -36.0183414 -44.44434346)
(10.15082676 -36.09355941 -44.56617965)
(13.44576131 -36.37016916 -44.55685638)
(16.74297306 -36.24089468 -44.75514629)
(20.00319818 -36.30031876 -44.91189063)
(23.30176109 -36.40956082 -45.0522798)
(26.55463404 -36.71085121 -45.02513627)
(29.91137711 -36.76652572 -45.07129126)
(33.30672246 -36.78885854 -45.20218587)
(36.55682518 -36.92197032 -45.27016653)
(39.87813908 -37.22423068 -45.30227288)
(43.20179965 -37.17941044 -45.34441944)
(46.32704926 -37.0615393 -45.30046001)
(50 -36.66666667 -43.33333333)
(-50 -33.33333333 -43.33333333)
(-46.20922178 -33.29430954 -43.5901139)
(-42.87520233 -33.32679194 -43.42417702)
(-39.50349111 -33.45197992 -43.49384032)
(-36.13936527 -33.46616649 -43.3891996)
(-32.83581186 -33.51841228 -43.33443741)
(-29.67631951 -33.10394133 -43.15384642)
(-26.3524873 -33.07328986 -43.19770326)
(-23.01738274 -32.95231299 -43.30252028)
(-19.71944506 -33.00543336 -43.51231378)
(-16.36457053 -33.02435217 -43.55127029)
(-12.99487993 -33.08284541 -43.68671152)
(-9.691444463 -32.995354 -43.79532232)
(-6.374661806 -32.89070084 -43.9409349)
(-3.02999567 -32.8655711 -44.12653055)
(0.2893517885 -32.88065047 -44.33460253)
(3.390646957 -32.57292119 -44.48804832)
(6.727323524 -32.59135735 -44.62345538)
(10.02128749 -32.6125127 -44.73812289)
(13.33904498 -32.8677568 -44.65053424)
(16.52372554 -32.75469009 -44.84851993)
(19.89369261 -32.82165236 -44.96812072)
(23.15230865 -32.93606583 -45.04166021)
(26.53150905 -33.26694396 -45.10346167)
(29.89300471 -33.35390132 -45.16387818)
(33.13337387 -33.38267328 -45.18713113)
(36.38215051 -33.53026459 -45.2300751)
(39.71669661 -33.85141947 -45.31793047)
(43.08165783 -33.81620251 -45.42649534)
(46.2777627 -33.67412493 -45.36983993)
(50 -33.33333333 -43.33333333)
(-50 -30 -43.33333333)
(-46.32715434 -29.96308816 -43.45899606)
(-42.99983258 -29.97068617 -43.29475095)
(-39.60176697 -30.10530508 -43.28851452)
(-36.24121683 -30.07044943 -43.25645985)
(-32.87559948 -30.12074142 -43.18670634)
(-29.72519948 -29.71368684 -43.19547188)
(-26.43321852 -29.70955322 -43.08632689)
(-23.12561893 -29.62356079 -43.14075645)
(-19.81773209 -29.65088803 -43.34279152)
(-16.50551094 -29.66371923 -43.39610875)
(-13.12127912 -29.73768326 -43.47757483)
(-9.792817428 -29.64569624 -43.61876116)
(-6.517655135 -29.52785954 -43.84729635)
(-3.289082807 -29.49564404 -44.04399659)
(0.04240312668 -29.50380344 -44.26474614)
(3.361304734 -29.14291273 -44.52879448)
(6.588293216 -29.12595571 -44.59436915)
(9.870231474 -29.10498503 -44.75305626)
(13.19413572 -29.37577572 -44.80323892)
(16.34127686 -29.31921273 -44.96626372)
(19.61763124 -29.41612823 -45.0064451)
(22.92678623 -29.52211739 -45.10330828)
(26.36563151 -29.82679433 -45.11659244)
(29.70515959 -29.9430465 -45.19560097)
(32.9362517 -29.98739672 -45.2317514)
(36.22388541 -30.1318803 -45.23530087)
(39.54701633 -30.47574827 -45.22602334)
(42.83410633 -30.57495437 -45.31855115)
(46.10773377 -30.39821757 -45.388354)
(50 -30 -43.33333333)
(-50 -26.66666667 -43.33333333)
(-46.44789917 -26.62129662 -43.58125949)
(-43.12318937 -26.61925127 -43.44549921)
(-39.75097877 -26.71325335 -43.2854245)
(-36.39322704 -26.68329085 -43.31821435)
(-33.00907322 -26.73586372 -43.25000037)
(-29.64835152 -26.32269592 -43.25194393)
(-26.41648644 -26.33905463 -43.23461693)
(-23.07381332 -26.22349191 -43.22730055)
(-19.74850634 -26.26075984 -43.28352528)
(-16.34278727 -26.27822337 -43.33447053)
(-13.03157202 -26.3245584 -43.48605206)
(-9.720442742 -26.22605737 -43.74397847)
(-6.428533453 -26.11202734 -43.9922685)
(-3.179308306 -26.0517456 -44.19403026)
(0.07094289232 -26.05441234 -44.37106683)
(3.47165851 -25.72663347 -44.76285463)
(6.663435283 -25.70806819 -44.86568485)
(9.914017682 -25.66167789 -45.03661806)
(13.14926862 -25.9063034 -45.01974462)
(16.41274086 -25.8522619 -45.22549724)
(19.65825575 -25.97966117 -45.22770608)
(22.97517229 -26.10131497 -45.34282238)
(26.25661694 -26.42577691 -45.25750251)
(29.59607813 -26.54592857 -45.31905095)
(32.91974504 -26.57390606 -45.39508973)
(36.19780194 -26.71604046 -45.35888196)
(39.41180337 -27.07315443 -45.22444194)
(42.67580344 -27.22490198 -45.23354928)
(45.96623173 -27.04191121 -45.36256279)
(50 -26.66666667 -43.33333333)
(-50 -23.33333333 -43.33333333)
(-46.37025795 -23.25329395 -43.51855063)
(-42.97116544 -23.23701743 -43.4622797)
(-39.63379964 -23.40870472 -43.46844843)
(-36.21339752 -23.32630004 -43.45754681)
(-32.88184319 -23.34224852 -43.3016493)
(-29.57383025 -22.90782421 -43.23583036)
(-26.26645859 -22.96203639 -43.2107844)
(-22.90070593 -22.85876896 -43.22316829)
(-19.56529534 -22.89662495 -43.27404006)
(-16.19699285 -22.9004608 -43.45393314)
(-12.92448816 -22.94357893 -43.65350777)
(-9.609564382 -22.84953376 -43.92929227)
(-6.301543126 -22.73215929 -44.17855803)
(-3.024950831 -22.65211641 -44.38682558)
(0.2237009577 -22.64004582 -44.56364877)
(3.560596576 -22.34770149 -45.05052453)
(6.739338977 -22.30625218 -45.15454877)
(9.995180099 -22.24248842 -45.33798698)
(13.20340698 -22.46643051 -45.29915687)
(16.5476326 -22.42286635 -45.50454044)
(19.72882699 -22.57841848 -45.50274341)
(23.10482087 -22.67118291 -45.53773769)
(26.30243088 -23.02296712 -45.46845078)
(29.62490009 -23.15329378 -45.53022867)
(32.96308186 -23.2118398 -45.63092476)
(36.2371381 -23.37853613 -45.58501436)
(39.35878642 -23.67534196 -45.35889748)
(42.63670343 -23.83552659 -45.34263169)
(46.04797633 -23.69338409 -45.46261268)
(50 -23.33333333 -43.33333333)
(-50 -20 -43.33333333)
(-46.37811166 -19.86266988 -43.45357047)
(-42.96856485 -19.83226074 -43.3637416)
(-39.60614407 -19.99391201 -43.51674397)
(-36.2230955 -19.88323957 -43.4326519)
(-32.83629435 -19.90937134 -43.2951085)
(-29.52111199 -19.48851278 -43.19998008)
(-26.18500546 -19.55793003 -43.17245152)
(-22.81661338 -19.46634183 -43.31138217)
(-19.43770429 -19.51817725 -43.36106148)
(-16.11526098 -19.51507807 -43.61045529)
(-12.7992193 -19.55496936 -43.79986595)
(-9.475576522 -19.46850075 -44.08864112)
(-6.199719377 -19.3661709 -44.39731898)
(-2.936009044 -19.2842812 -44.65554209)
(0.3198111304 -19.26896678 -44.83897246)
(3.646686502 -18.95682208 -45.32801014)
(6.827459675 -18.89047984 -45.42325847)
(10.14066686 -18.81863839 -45.60645054)
(13.3407465 -19.04390573 -45.56340437)
(16.77864113 -19.02167369 -45.74701342)
(19.96350488 -19.21483968 -45.70899824)
(23.34988924 -19.35391387 -45.76875112)
(26.48046418 -19.6481162 -45.64163983)
(29.75005858 -19.78027541 -45.71769026)
(33.20531242 -19.93476195 -45.78048805)
(36.49741253 -20.15359334 -45.74344371)
(39.52702997 -20.41086534 -45.56214864)
(42.85420003 -20.57573453 -45.48334803)
(46.3013267 -20.46816048 -45.54141421)
(50 -20 -43.33333333)
(-50 -16.66666667 -43.33333333)
(-46.44550904 -16.4914191 -43.42240404)
(-43.00677425 -16.4226215 -43.45713914)
(-39.58221431 -16.55469965 -43.52564399)
(-36.22183249 -16.45001186 -43.34094505)
(-32.80151819 -16.47338745 -43.24519012)
(-29.47195901 -16.08586683 -43.2239447)
(-26.09515057 -16.18708743 -43.29120894)
(-22.70475515 -16.08112556 -43.3923186)
(-19.31100165 -16.15518274 -43.4997937)
(-15.94856295 -16.15803986 -43.7460016)
(-12.68310461 -16.19330764 -43.99365376)
(-9.384398926 -16.13168004 -44.32946121)
(-6.092141494 -16.02169302 -44.63704094)
(-2.8425464 -15.93926537 -44.94333214)
(0.4086745229 -15.93929764 -45.15131122)
(3.746759145 -15.52368099 -45.5375146)
(6.946374109 -15.45436656 -45.65269557)
(10.34633862 -15.38964202 -45.82432054)
(13.58761164 -15.65633667 -45.78520939)
(17.01634123 -15.59183656 -45.94335708)
(20.24667619 -15.88921885 -45.90516047)
(23.64870871 -16.05011675 -45.93681981)
(26.74182571 -16.34717485 -45.82526128)
(30.0361887 -16.50341223 -45.85005945)
(33.51468757 -16.68629594 -45.8585732)
(36.79049779 -16.91021482 -45.80368563)
(39.83654015 -17.23305071 -45.64554905)
(43.09783902 -17.30958808 -45.58580976)
(46.43681102 -17.15647716 -45.66214864)
(50 -16.66666667 -43.33333333)
(-50 -13.33333333 -43.33333333)
(-46.48723077 -13.2314078 -43.66214919)
(-43.04294963 -13.11552973 -43.70133986)
(-39.60306546 -13.117089 -43.55757876)
(-36.2476518 -13.00572457 -43.31824921)
(-32.80613161 -13.03417378 -43.20890364)
(-29.45668845 -12.71953315 -43.40763379)
(-26.02778133 -12.82741659 -43.45743075)
(-22.63121572 -12.71641276 -43.54646849)
(-19.23037254 -12.8020478 -43.681619)
(-15.85304435 -12.81022471 -43.94687048)
(-12.58240173 -12.8424695 -44.209801)
(-9.296503851 -12.79780894 -44.57420737)
(-6.039691236 -12.69838969 -44.91219922)
(-2.769752213 -12.58656888 -45.2307574)
(0.5211705722 -12.56633407 -45.41662356)
(3.844074848 -12.0423258 -45.61293076)
(7.093725962 -11.9699285 -45.75744487)
(10.51871412 -11.88364786 -45.90292398)
(13.77068659 -12.1944844 -45.95445433)
(17.21831954 -12.11496764 -46.10112781)
(20.47301926 -12.49753298 -46.08196706)
(23.86081717 -12.6638049 -46.12615985)
(27.03461461 -13.0518545 -45.96415844)
(30.3440771 -13.24268742 -45.94859053)
(33.76914133 -13.38241682 -45.98447122)
(37.03704511 -13.61308942 -45.91531815)
(40.07188327 -13.92516593 -45.75598802)
(43.32031088 -14.02681639 -45.70349199)
(46.59477906 -13.83050299 -45.74824478)
(50 -13.33333333 -43.33333333)
(-50 -10 -43.33333333)
(-46.4461827 -9.859851672 -43.70432446)
(-43.19930209 -9.738872559 -43.76134328)
(-39.71496197 -9.721079142 -43.67548513)
(-36.27642468 -9.619792824 -43.50453067)
(-32.81789774 -9.631898883 -43.32027852)
(-29.44470242 -9.348712646 -43.56881161)
(-25.95887971 -9.434019414 -43.55415874)
(-22.5653484 -9.318549863 -43.61954239)
(-19.16055046 -9.42139947 -43.82457752)
(-15.79927503 -9.432667681 -44.12661717)
(-12.51949397 -9.467188051 -44.40862687)
(-9.26946535 -9.438628833 -44.80687631)
(-6.018739294 -9.333008245 -45.1530506)
(-2.697057206 -9.151098998 -45.41747697)
(0.6323052399 -9.128886937 -45.58913748)
(3.923830129 -8.540279453 -45.55848809)
(7.278438446 -8.486546216 -45.72681257)
(10.70683366 -8.386313775 -45.91889858)
(13.94650681 -8.699997883 -46.05805151)
(17.51529625 -8.765173543 -46.21183689)
(20.67298584 -9.055901398 -46.20376387)
(24.08650245 -9.243496894 -46.22627533)
(27.25944944 -9.695482451 -46.13143287)
(30.58646972 -9.921222027 -46.09972854)
(34.05495122 -10.14336361 -46.11047421)
(37.35154214 -10.47198475 -45.97034432)
(40.37616574 -10.7215003 -45.83393801)
(43.50696726 -10.70635939 -45.82291768)
(46.75920345 -10.51003788 -45.86103552)
(50 -10 -43.33333333)
(-50 -6.666666667 -43.33333333)
(-46.36451782 -6.504210736 -43.83190631)
(-43.1040732 -6.36085549 -43.84603271)
(-39.71400644 -6.329916501 -43.83356248)
(-36.32720672 -6.194821689 -43.59321612)
(-32.85418791 -6.214846181 -43.4265559)
(-29.39699892 -5.959586353 -43.45400582)
(-25.91338113 -6.029613487 -43.48706864)
(-22.49848479 -5.931079509 -43.54730731)
(-19.12595178 -6.010268906 -43.78739475)
(-15.79264808 -6.003619224 -44.1033186)
(-12.50575392 -6.042333615 -44.46094151)
(-9.24286739 -6.002483542 -44.81235658)
(-5.949305434 -5.895904984 -45.14056096)
(-2.595197452 -5.686880605 -45.37054592)
(0.7416663315 -5.660873675 -45.61129701)
(4.049312189 -5.079114638 -45.49235446)
(7.381131419 -5.051236933 -45.64290959)
(10.62992364 -5.007507208 -45.73802673)
(14.08881696 -5.327996007 -46.03003012)
(17.24227153 -5.326738202 -46.0787897)
(20.80329565 -5.681128206 -46.24352401)
(24.07968631 -5.921250565 -46.24815917)
(27.46773932 -6.415928589 -46.21392314)
(30.8136105 -6.773978937 -46.17002542)
(34.04632051 -6.955825912 -46.11495573)
(37.30213759 -7.209224905 -46.01165756)
(40.57001807 -7.377539536 -45.95026734)
(43.6112409 -7.34899883 -45.93852063)
(46.92362784 -7.189572768 -45.97382626)
(50 -6.666666667 -43.33333333)
(-50 -3.333333333 -43.33333333)
(-46.29937859 -3.146455739 -43.9519974)
(-42.87585294 -3.038820571 -43.9022564)
(-39.54571234 -2.9584713 -43.72281045)
(-36.19457939 -2.820181978 -43.43456025)
(-32.78380558 -2.835838967 -43.29156779)
(-29.33557328 -2.723926397 -43.19667838)
(-25.87941617 -2.705508733 -43.27201257)
(-22.54528539 -2.552606241 -43.44140193)
(-19.17299484 -2.615961949 -43.66814285)
(-15.88647845 -2.613046402 -43.97284957)
(-12.55780477 -2.64276856 -44.32309533)
(-9.284812587 -2.628864796 -44.61465488)
(-5.985176448 -2.556933446 -44.8989736)
(-2.683815963 -2.359088236 -45.0962082)
(0.7389898558 -2.261047517 -45.42494004)
(3.987938466 -1.86752385 -45.31353338)
(7.321984779 -1.826090706 -45.51183686)
(10.8647637 -1.914541043 -45.88909257)
(14.05480031 -1.930856982 -45.94437634)
(17.15228977 -1.870659521 -45.92087318)
(20.62878294 -2.209670734 -46.1741669)
(23.89142 -2.462103023 -46.24691916)
(27.28789963 -2.979424356 -46.24911897)
(30.67539777 -3.338449737 -46.22040451)
(33.85716774 -3.557931711 -46.17474547)
(37.13082518 -3.828640572 -46.10887996)
(40.55639901 -4.052073099 -46.05295849)
(43.68590235 -3.983159993 -46.09050947)
(47.03144824 -3.864373333 -46.09134442)
(50 -3.333333333 -43.33333333)
(-50 0 -43.33333333)
(-46.39484751 0.2318452097 -43.99928792)
(-42.96946078 0.3372061428 -44.01536003)
(-39.69204952 0.3678530548 -43.66777507)
(-36.43464083 0.4657452461 -43.33114062)
(-32.97400939 0.4479990963 -43.14363818)
(-29.49342272 0.5265686671 -43.0119755)
(-26.03665396 0.5842690245 -43.09937222)
(-22.67198888 0.7281882338 -43.26593844)
(-19.34606116 0.7275952219 -43.58026136)
(-15.96768402 0.7738945333 -43.84957953)
(-12.62556167 0.7519450396 -44.16146503)
(-9.289957237 0.7845063312 -44.46920773)
(-5.959171934 0.862136921 -44.75222433)
(-2.60135772 1.100716035 -44.96422625)
(0.7332434575 1.131816771 -45.23522341)
(4.081161745 1.340708271 -45.35408838)
(7.522691497 1.315540858 -45.69568539)
(10.73054433 1.28822269 -45.75960517)
(13.95156426 1.237158005 -45.84573682)
(17.47723023 1.096729291 -46.12961464)
(20.65319869 1.00662315 -46.17606228)
(23.83647495 0.9563339252 -46.20312621)
(27.24879265 0.449500385 -46.30120563)
(30.53718505 0.09707946229 -46.2707836)
(33.7311366 -0.1458637104 -46.23617015)
(36.99383209 -0.4321017047 -46.195072)
(40.32710897 -0.7463762876 -46.15145295)
(43.7855593 -0.595556519 -46.17827496)
(46.93241168 -0.4958846658 -46.15732096)
(50 0 -43.33333333)
(-50 3.333333333 -43.33333333)
(-46.38505634 3.587358955 -43.95600751)
(-42.97376077 3.61599762 -43.76594215)
(-39.71034468 3.665931358 -43.41501656)
(-36.41405902 3.78472953 -43.07471267)
(-32.95323914 3.797165117 -42.94223616)
(-29.50600957 3.894359566 -42.93429351)
(-26.07572175 3.994534268 -43.08851299)
(-22.68050778 4.144182119 -43.27136697)
(-19.37189959 4.149465557 -43.5433793)
(-16.11204757 4.127810368 -43.79952708)
(-12.71778432 4.139320288 -44.06094601)
(-9.334772914 4.201070413 -44.34234802)
(-5.968137935 4.272245436 -44.60781651)
(-2.702235746 4.351560754 -44.7445014)
(0.6720278857 4.399598099 -45.03432171)
(3.817358373 4.409789644 -45.05205406)
(7.23740291 4.45374943 -45.39916756)
(10.41018085 4.463076706 -45.46575812)
(13.79685505 4.406239227 -45.6993)
(17.19162173 4.328411101 -45.93440876)
(20.51749887 4.233960651 -46.08148934)
(23.69429075 4.180522358 -46.13451673)
(27.09661776 3.847308753 -46.27073254)
(30.45094978 3.550616839 -46.31563846)
(33.73482142 3.303088771 -46.31406217)
(37.01694077 3.000673566 -46.27933285)
(40.34242032 2.680041481 -46.23845073)
(43.65937919 2.776338895 -46.27862706)
(46.73835576 2.822377582 -46.2122476)
(50 3.333333333 -43.33333333)
(-50 6.666666667 -43.33333333)
(-46.44530929 6.837034582 -43.71130712)
(-43.04580726 6.889070779 -43.50547949)
(-39.79699868 6.982858449 -43.17666818)
(-36.47660578 7.176170075 -42.91139858)
(-33.03498929 7.221640066 -42.87832959)
(-29.6307812 7.272872025 -43.01829428)
(-26.26672294 7.286725951 -43.15413124)
(-22.89753265 7.32373364 -43.26548205)
(-19.54250674 7.357290742 -43.3377449)
(-16.20779002 7.262558542 -43.60286739)
(-12.97501723 7.215741586 -43.84386849)
(-9.563768617 7.277959398 -44.09925429)
(-6.201966444 7.364592081 -44.35617719)
(-2.924998829 7.406124377 -44.48623896)
(0.410742144 7.468438747 -44.74577893)
(3.895819396 7.519094234 -45.12528986)
(7.132850497 7.54426632 -45.26698463)
(10.65235457 7.494730119 -45.65147673)
(14.15205179 7.397761196 -45.92050569)
(17.27554399 7.341041567 -45.96858287)
(20.62170065 7.259988484 -46.13926562)
(23.96397041 7.083984662 -46.24858085)
(27.14217615 7.089578346 -46.28093642)
(30.44293571 6.848762366 -46.33361714)
(33.57002292 6.707245666 -46.29919304)
(36.95429824 6.401222716 -46.31074813)
(40.34508109 6.102140811 -46.31473105)
(43.4838246 6.126230615 -46.27581656)
(46.54429984 6.140639831 -46.26717424)
(50 6.666666667 -43.33333333)
(-50 10 -43.33333333)
(-46.4694871 10.09041786 -43.46276537)
(-43.12374045 10.1522346 -43.24466841)
(-39.80427863 10.35804669 -43.01063321)
(-36.35075992 10.5622344 -42.82760013)
(-33.02167199 10.57659735 -42.90823195)
(-29.67681839 10.53583426 -43.1037271)
(-26.22345359 10.47339767 -43.20198247)
(-22.76780162 10.43008312 -43.36700403)
(-19.36768228 10.40332732 -43.59108855)
(-16.00083765 10.36019491 -43.85511791)
(-12.74148246 10.39877088 -44.06659232)
(-9.428258856 10.43638617 -44.21535114)
(-6.129573764 10.49832946 -44.41519183)
(-2.665835617 10.57970162 -44.76048006)
(0.6206136661 10.61904728 -44.96318112)
(4.173900835 10.65435899 -45.41669676)
(7.438427199 10.62399852 -45.54875314)
(10.98739083 10.50274426 -45.9163611)
(14.50724853 10.38928317 -46.14171137)
(17.60416368 10.21446508 -46.15613573)
(20.95167939 10.18879479 -46.27469738)
(24.2467627 10.00541852 -46.33817292)
(27.36068018 9.90377455 -46.34059603)
(30.57386975 9.827629624 -46.33538147)
(33.33479472 10.07272311 -46.25965079)
(36.72976794 9.757802289 -46.28341078)
(40.12977802 9.45989923 -46.3084023)
(43.28285775 9.46632869 -46.31130759)
(46.35024392 9.458902079 -46.32210087)
(50 10 -43.33333333)
(-50 13.33333333 -43.33333333)
(-46.45285743 13.38224675 -43.24115872)
(-43.01956479 13.4924101 -43.05385074)
(-39.61668284 13.68549594 -42.85249169)
(-36.19771644 13.92443147 -42.75884616)
(-32.82199804 13.86283334 -43.03961572)
(-29.41681379 13.68631822 -43.23724603)
(-25.92508803 13.6502561 -43.22658978)
(-22.56756841 13.57588495 -43.44977741)
(-19.24511039 13.47603139 -43.76742468)
(-15.85326423 13.46488256 -44.04756658)
(-12.50224518 13.5830389 -44.29442646)
(-9.181293126 13.62286383 -44.4402518)
(-5.876612948 13.66670306 -44.65232365)
(-2.406672404 13.75327886 -45.03472115)
(0.8892458997 13.77985356 -45.2436826)
(4.451982274 13.78962374 -45.70810366)
(7.744003901 13.70373072 -45.83052165)
(11.25049794 13.55301707 -46.12401965)
(14.62606768 13.5613168 -46.20400201)
(17.87773688 13.1641667 -46.31024881)
(20.88501941 13.51458496 -46.21531082)
(24.0434039 13.44658905 -46.26402268)
(27.15080018 13.30977575 -46.28445281)
(30.36688627 13.21066794 -46.291033)
(33.46125353 13.21293204 -46.18773694)
(36.50523764 13.11438186 -46.25607344)
(39.91447496 12.81765765 -46.30207356)
(43.0818909 12.80642676 -46.34679863)
(46.2089217 12.79794472 -46.22705666)
(50 13.33333333 -43.33333333)
(-50 16.66666667 -43.33333333)
(-46.57780792 16.73075932 -43.13828431)
(-43.15201287 16.87792823 -42.9851493)
(-39.76423606 17.08916416 -42.8236295)
(-36.36207176 17.32598252 -42.74677124)
(-32.96745901 17.24793113 -42.95062179)
(-29.62228033 17.00515291 -43.13686281)
(-26.17967091 16.80762984 -43.26046689)
(-22.74117524 16.85214152 -43.28009427)
(-19.39422263 16.72086146 -43.5397401)
(-16.07327808 16.64761195 -43.84207896)
(-12.62295221 16.64853221 -44.14421372)
(-9.124212341 16.75377217 -44.48467959)
(-5.676481325 16.82530695 -44.83740103)
(-2.420619268 16.87114431 -45.00782264)
(1.025856055 16.92250433 -45.38006993)
(4.211653412 16.94750935 -45.47050814)
(7.724143804 16.86064554 -45.83041533)
(10.97661264 16.91987488 -45.89537447)
(14.39138573 16.98924005 -46.02243428)
(17.73699186 16.68799048 -46.21267086)
(20.6767745 16.93594118 -46.05898664)
(23.84268528 16.86237386 -46.11085261)
(27.02271214 16.7383169 -46.17286973)
(30.20779767 16.62358345 -46.20728422)
(33.44351737 16.47828571 -46.16779581)
(36.38803087 16.45472368 -46.16477657)
(39.69917189 16.17541607 -46.29574481)
(42.93321175 16.15387399 -46.24485422)
(46.07299119 16.13911203 -46.11667881)
(50 16.66666667 -43.33333333)
(-50 20 -43.33333333)
(-46.62951415 20.11604377 -43.0998344)
(-43.2001597 20.24610769 -43.15550598)
(-39.83155579 20.46407752 -43.00843337)
(-36.45058261 20.68349118 -42.95568614)
(-33.06783 20.66511083 -42.99185767)
(-29.70816255 20.40979257 -43.09693215)
(-26.3388867 20.17013275 -43.25290305)
(-22.94060078 20.19082023 -43.28429433)
(-19.52601361 20.08158256 -43.44633569)
(-16.16205639 20.00787323 -43.65851872)
(-12.78893166 19.92820224 -43.92765405)
(-9.39180211 19.82444573 -44.28408024)
(-5.920130613 19.89934476 -44.5870034)
(-2.687087856 19.95232188 -44.73706923)
(0.7693253384 20.01732817 -45.08489389)
(3.972829972 20.16060096 -45.16435303)
(7.430739829 20.10647552 -45.56799911)
(10.7152929 20.24483773 -45.6248701)
(14.11334832 20.32440063 -45.79263786)
(17.50977228 20.13623169 -46.02845802)
(20.46648456 20.33764513 -45.87183269)
(23.6354455 20.25547329 -45.92777321)
(26.84836719 20.14034168 -46.01967651)
(30.02700634 20.00976071 -46.08840477)
(33.27555876 19.86258777 -46.03084791)
(36.44559629 19.77102695 -46.02290902)
(39.59554347 19.54457048 -46.12557317)
(42.79835296 19.5032637 -46.10658371)
(45.93706068 19.48027934 -46.00630097)
(50 20 -43.33333333)
(-50 23.33333333 -43.33333333)
(-46.59675102 23.48755346 -43.21721324)
(-43.22364704 23.57392097 -43.38387995)
(-39.86210004 23.78423929 -43.26074137)
(-36.52633384 24.03530017 -43.17547872)
(-33.20740487 24.05682141 -43.02086717)
(-29.8502669 23.78656373 -43.01726101)
(-26.52722719 23.49629514 -43.14230899)
(-23.14339047 23.51742781 -43.24884866)
(-19.75421961 23.40306837 -43.41149717)
(-16.33862554 23.34349274 -43.5442454)
(-12.96362261 23.25395893 -43.74647925)
(-9.564963095 23.05127064 -44.01535714)
(-6.172130906 22.99643349 -44.34436192)
(-2.918120454 23.06005482 -44.43387737)
(0.5121462198 23.13640826 -44.78979124)
(3.727732021 23.30479677 -44.84557016)
(7.165723906 23.30434362 -45.26100831)
(10.39359104 23.42150872 -45.33339807)
(13.76538807 23.49669876 -45.53919734)
(17.24603873 23.51253869 -45.78396236)
(20.24887974 23.67131117 -45.61062005)
(23.42637784 23.63268937 -45.72566605)
(26.65374195 23.49783264 -45.82199365)
(29.86055791 23.39101452 -45.92676641)
(33.06915791 23.23997789 -45.99311549)
(36.2975341 23.14020192 -45.88370991)
(39.49459548 22.91399843 -45.95146897)
(42.66349416 22.8526534 -45.9683132)
(45.80113016 22.82144665 -45.89592312)
(50 23.33333333 -43.33333333)
(-50 26.66666667 -43.33333333)
(-46.55204054 26.7906595 -43.42652403)
(-43.20157979 26.92033725 -43.59289267)
(-39.83204595 27.09678557 -43.51814171)
(-36.593608 27.36230594 -43.41624108)
(-33.3024037 27.39270929 -43.23112955)
(-29.91898773 27.19111079 -43.06339172)
(-26.573934 26.88821177 -43.03363318)
(-23.27378497 26.89544904 -43.20263217)
(-19.93406324 26.77079889 -43.39956791)
(-16.5903649 26.65158105 -43.58917868)
(-13.19515663 26.60685655 -43.71631241)
(-9.746501256 26.37966153 -43.82924208)
(-6.387570576 26.20305167 -44.09471485)
(-3.155839432 26.29197822 -44.1615385)
(0.2803203358 26.28814048 -44.47818665)
(3.478017759 26.47314194 -44.53427108)
(6.916060948 26.46323174 -44.93119212)
(10.10357261 26.58118395 -45.00700737)
(13.4400755 26.63354959 -45.25126083)
(16.93916078 26.7581239 -45.50452019)
(19.9995338 26.93290068 -45.33458378)
(23.22821074 26.922469 -45.43346328)
(26.46740389 26.82629118 -45.58220215)
(29.68272086 26.76006706 -45.7579854)
(32.9154061 26.62866803 -45.85040117)
(36.12937984 26.51229458 -45.80609643)
(39.38221471 26.28031416 -45.83750137)
(42.52863537 26.20204311 -45.83004269)
(45.66519965 26.16261396 -45.78554527)
(50 26.66666667 -43.33333333)
(-50 30 -43.33333333)
(-46.65219831 30.08313592 -43.62566371)
(-43.34007222 30.22858495 -43.79632163)
(-39.96179408 30.37997788 -43.76656668)
(-36.77668371 30.65108643 -43.6309781)
(-33.48006314 30.68080323 -43.44314684)
(-30.13120653 30.49398766 -43.19496927)
(-26.73151873 30.2490003 -43.08872675)
(-23.46002458 30.24622481 -43.23573062)
(-20.08462426 30.15340906 -43.37428595)
(-16.77715998 30.02798608 -43.58185288)
(-13.44230108 29.94176186 -43.769421)
(-9.970536692 29.73639852 -43.76449246)
(-6.587837823 29.51645834 -43.89844468)
(-3.40502637 29.60274237 -43.95820812)
(0.01224945841 29.49893663 -44.21544898)
(3.193997596 29.70616939 -44.27833046)
(6.649646024 29.63226727 -44.61766056)
(9.824440367 29.7945956 -44.68349261)
(13.17025127 29.80187746 -44.91479527)
(16.62575007 29.91218729 -45.19083046)
(19.73456548 30.14788087 -45.04472601)
(22.99443797 30.1834963 -45.15437337)
(26.26058888 30.11392045 -45.32729778)
(29.5333508 30.04551336 -45.4856185)
(32.75798875 29.98359103 -45.65707848)
(35.89386317 29.81665352 -45.74019456)
(39.25152742 29.64019676 -45.68000066)
(42.39377658 29.55143282 -45.69177219)
(45.52926914 29.50378127 -45.67516742)
(50 30 -43.33333333)
(-50 33.33333333 -43.33333333)
(-46.67664518 33.40616791 -43.81462958)
(-43.4908928 33.58116165 -43.93255279)
(-40.12185865 33.7295414 -43.92726087)
(-36.89657643 33.95059522 -43.867745)
(-33.63127372 33.92141698 -43.69901137)
(-30.25219577 33.82062254 -43.38744617)
(-26.88749672 33.59538543 -43.20376375)
(-23.60225717 33.61605846 -43.31678333)
(-20.23211628 33.52909872 -43.44563561)
(-16.87949545 33.44641235 -43.60863979)
(-13.57094044 33.36348708 -43.78776381)
(-10.18020208 33.09747523 -43.83396191)
(-6.803294533 32.87918071 -43.80213664)
(-3.635526118 33.01048817 -43.88662599)
(-0.2479693295 32.84546873 -44.05744796)
(2.902457575 33.07370044 -44.17100723)
(6.352749594 32.89756671 -44.38315655)
(9.517352049 33.09167137 -44.43287084)
(12.91427874 33.04629569 -44.59048038)
(16.35765071 33.08527421 -44.84351877)
(19.47758292 33.34674736 -44.74387446)
(22.73655823 33.40965938 -44.87777805)
(26.02941788 33.35185087 -45.06579001)
(29.31823427 33.28060967 -45.2361823)
(32.58345487 33.24889771 -45.39953269)
(35.79998009 33.15216203 -45.51161694)
(39.08905075 33.00093035 -45.58628295)
(42.26874731 32.89414194 -45.58059206)
(45.39333863 32.84494858 -45.56478957)
(50 33.33333333 -43.33333333)
(-50 36.66666667 -43.33333333)
(-46.68611775 36.75816841 -43.96303802)
(-43.58000356 36.92281052 -44.12432818)
(-40.30410323 37.03644775 -44.11755247)
(-37.15009797 37.11958091 -44.07722808)
(-33.8562191 37.09511469 -43.93281307)
(-30.438842 37.01448907 -43.62618354)
(-27.05906352 36.89012159 -43.37521501)
(-23.80458377 36.92231838 -43.3786177)
(-20.40376346 36.88643949 -43.40982544)
(-17.03795139 36.82609794 -43.54240183)
(-13.73791952 36.75524788 -43.70593335)
(-10.37155279 36.48710386 -43.84902414)
(-7.027561482 36.25752575 -43.82283707)
(-3.876019229 36.41164595 -43.82369431)
(-0.4835716076 36.24678356 -43.94144707)
(2.665614865 36.43215744 -43.95964368)
(6.045541225 36.24460711 -44.23283437)
(9.188587811 36.41456443 -44.23528018)
(12.58796096 36.33304688 -44.36630637)
(16.05293995 36.28053847 -44.53873303)
(19.19728226 36.50005194 -44.45807203)
(22.47751351 36.62384581 -44.59746882)
(25.78372265 36.56342841 -44.8033449)
(29.07826582 36.4962748 -44.99464212)
(32.38829 36.48639957 -45.14469252)
(35.66868033 36.46250169 -45.2842948)
(38.91497713 36.33727705 -45.49247476)
(42.16317703 36.23235295 -45.40349641)
(45.25707157 36.18536997 -45.46519224)
(50 36.66666667 -43.33333333)
(-50 40 -43.33333333)
(-46.75479601 40.13251501 -44.05548061)
(-43.73514198 40.30725462 -44.14776519)
(-40.6016476 40.26961759 -44.18777902)
(-37.29597553 40.26401461 -44.19479401)
(-33.93922277 40.23995489 -44.01921152)
(-30.65390559 40.18793032 -43.84751176)
(-27.26710507 40.09449041 -43.57781066)
(-24.07098266 40.11035252 -43.49593578)
(-20.68490649 40.13581792 -43.38115427)
(-17.30362853 40.09400355 -43.43529293)
(-13.95436572 40.10544822 -43.6035508)
(-10.58672142 39.84094025 -43.74846301)
(-7.263982494 39.62620236 -43.81705905)
(-4.105125883 39.82646414 -43.82103153)
(-0.7200372894 39.64177179 -43.81193276)
(2.479361988 39.79560566 -43.77213859)
(5.835500677 39.61278978 -43.99196888)
(8.979151977 39.78568346 -43.97860126)
(12.30304798 39.69304444 -44.15238789)
(15.69776288 39.53703595 -44.31765435)
(18.87506681 39.74532777 -44.28773578)
(22.2180195 39.87674589 -44.34603781)
(25.54137231 39.79795379 -44.54742113)
(28.84613462 39.71642192 -44.74742934)
(32.13912837 39.67205802 -44.91561103)
(35.48531879 39.73791793 -45.05891711)
(38.81535813 39.6340601 -45.24220544)
(41.98900694 39.56725323 -45.34641643)
(45.17156545 39.50310418 -45.29287503)
(50 40 -43.33333333)
(-50 43.33333333 -43.33333333)
(-46.85546195 43.48413065 -44.10422525)
(-43.49677885 43.40737713 -44.06539289)
(-40.31805474 43.3899638 -44.11478359)
(-37.03469002 43.32862318 -43.99795748)
(-33.66738681 43.34963152 -43.83379028)
(-30.48217054 43.35679438 -43.78319395)
(-27.26731897 43.29209799 -43.65847986)
(-23.85916946 43.3999588 -43.62743277)
(-20.53089446 43.43966277 -43.53572759)
(-17.19622255 43.38935694 -43.66010254)
(-13.87180908 43.48567794 -43.7596672)
(-10.60543447 43.23720982 -43.73407484)
(-7.326276517 43.03784111 -43.79892865)
(-4.141278041 43.3101877 -43.77988701)
(-0.8485314502 43.10757102 -43.76211577)
(2.436427083 43.26427271 -43.89841031)
(5.690778685 43.04245604 -43.91019582)
(9.036542959 43.28532183 -44.05277143)
(12.22659425 43.19801073 -44.06772164)
(15.53072448 42.98291937 -44.16894224)
(18.83512591 43.24221126 -44.24309923)
(22.13085235 43.36002332 -44.33536506)
(25.4476451 43.22130987 -44.38332166)
(28.67854097 43.06047154 -44.54298314)
(31.95344761 42.98381086 -44.71209057)
(35.29663179 43.01098862 -44.83624636)
(38.63853577 42.90545246 -45.0179865)
(41.89090349 42.87573694 -45.15042072)
(45.05722612 42.82472419 -45.16652916)
(50 43.33333333 -43.33333333)
(-50 46.66666667 -43.33333333)
(-46.57654188 46.57146164 -44.03804958)
(-43.25927245 46.43166621 -43.87621813)
(-40.05286634 46.4658224 -43.93471836)
(-36.76124527 46.44430923 -43.80985398)
(-33.37500178 46.48897287 -43.68127699)
(-30.19703383 46.50358554 -43.6564186)
(-27.00768838 46.51322164 -43.62059806)
(-23.58120874 46.62583 -43.68710155)
(-20.37697826 46.65744331 -43.70470991)
(-17.07670685 46.69141572 -43.75256478)
(-13.66636528 46.62449912 -43.75431134)
(-10.55434456 46.63714471 -43.78825388)
(-7.417249905 46.47669264 -43.81097927)
(-3.850760897 46.46855302 -43.92544325)
(-0.7500323214 46.46691158 -43.92981258)
(2.772481152 46.45292759 -44.03623182)
(5.87040304 46.44973835 -44.03378824)
(9.407256032 46.54947427 -44.20763909)
(12.51808994 46.54531471 -44.22394158)
(15.63276289 46.50586527 -44.23689255)
(19.08876693 46.58791423 -44.37805285)
(22.43073335 46.65719003 -44.47925703)
(25.56108448 46.66122673 -44.48988725)
(28.75923411 46.50817447 -44.55707692)
(31.97162259 46.44105343 -44.69744008)
(35.26175899 46.44625007 -44.78884269)
(38.52785265 46.27416401 -44.86384239)
(41.78308687 46.16159556 -44.92255849)
(45.00746654 46.17412536 -45.0293833)
(50 46.66666667 -43.33333333)
(-50 50 -43.33333333)
(-46.66666667 50 -43.33333333)
(-43.33333333 50 -43.33333333)
(-40 50 -43.33333333)
(-36.66666667 50 -43.33333333)
(-33.33333333 50 -43.33333333)
(-30 50 -43.33333333)
(-26.66666667 50 -43.33333333)
(-23.33333333 50 -43.33333333)
(-20 50 -43.33333333)
(-16.66666667 50 -43.33333333)
(-13.33333333 50 -43.33333333)
(-10 50 -43.33333333)
(-6.666666667 50 -43.33333333)
(-3.333333333 50 -43.33333333)
(0 50 -43.33333333)
(3.333333333 50 -43.33333333)
(6.666666667 50 -43.33333333)
(10 50 -43.33333333)
(13.33333333 50 -43.33333333)
(16.66666667 50 -43.33333333)
(20 50 -43.33333333)
(23.33333333 50 -43.33333333)
(26.66666667 50 -43.33333333)
(30 50 -43.33333333)
(33.33333333 50 -43.33333333)
(36.66666667 50 -43.33333333)
(40 50 -43.33333333)
(43.33333333 50 -43.33333333)
(46.66666667 50 -43.33333333)
(50 50 -43.33333333)
(-50 -50 -36.66666667)
(-46.66666667 -50 -36.66666667)
(-43.33333333 -50 -36.66666667)
(-40 -50 -36.66666667)
(-36.66666667 -50 -36.66666667)
(-33.33333333 -50 -36.66666667)
(-30 -50 -36.66666667)
(-26.66666667 -50 -36.66666667)
(-23.33333333 -50 -36.66666667)
(-20 -50 -36.66666667)
(-16.66666667 -50 -36.66666667)
(-13.33333333 -50 -36.66666667)
(-10 -50 -36.66666667)
(-6.666666667 -50 -36.66666667)
(-3.333333333 -50 -36.66666667)
(0 -50 -36.66666667)
(3.333333333 -50 -36.66666667)
(6.666666667 -50 -36.66666667)
(10 -50 -36.66666667)
(13.33333333 -50 -36.66666667)
(16.66666667 -50 -36.66666667)
(20 -50 -36.66666667)
(23.33333333 -50 -36.66666667)
(26.66666667 -50 -36.66666667)
(30 -50 -36.66666667)
(33.33333333 -50 -36.66666667)
(36.66666667 -50 -36.66666667)
(40 -50 -36.66666667)
(43.33333333 -50 -36.66666667)
(46.66666667 -50 -36.66666667)
(50 -50 -36.66666667)
(-50 -46.66666667 -36.66666667)
(-45.83600006 -46.64240047 -37.74862161)
(-42.60754863 -46.65740962 -37.90234306)
(-39.60820319 -46.69940743 -37.73903923)
(-36.47865306 -46.70361582 -37.68011692)
(-33.57815107 -46.73895937 -37.63341811)
(-29.33973574 -46.53504106 -37.45565217)
(-26.2173123 -46.45076545 -37.10432564)
(-22.93229308 -46.31118653 -37.07899854)
(-19.68820484 -46.51610627 -37.13921416)
(-16.5254338 -46.59684644 -37.40205962)
(-13.4376539 -46.56273018 -37.51242561)
(-10.15334845 -46.42340907 -37.76656823)
(-6.863248456 -46.23262449 -38.03996088)
(-3.736670806 -46.15252944 -38.18382242)
(-0.7995226386 -46.16070352 -38.1628274)
(2.939845474 -46.0989229 -38.87869135)
(6.243820035 -46.09707866 -39.05579081)
(9.436282139 -46.31956704 -39.26744615)
(12.88852896 -46.78972228 -39.21379238)
(15.89095929 -46.83005181 -39.36178989)
(19.10066088 -46.65505573 -39.39523263)
(22.38143716 -46.74300398 -39.48158558)
(25.6207199 -47.0705917 -39.3902522)
(28.93324755 -47.12454178 -39.51500093)
(32.21849652 -47.05551075 -39.70350305)
(35.54994862 -47.01936354 -39.80725873)
(38.8608061 -47.30880625 -39.71916061)
(42.02063455 -47.37427634 -39.78369451)
(45.38547348 -47.26143528 -39.95308466)
(50 -46.66666667 -36.66666667)
(-50 -43.33333333 -36.66666667)
(-45.60449648 -43.23413413 -37.83012483)
(-42.24995022 -43.27699891 -38.01003806)
(-39.06545293 -43.62076166 -38.01101076)
(-35.85342967 -43.63419856 -37.75878382)
(-32.92933294 -43.72413554 -37.59653373)
(-29.4041017 -43.14699894 -37.09715447)
(-26.11203554 -43.03604338 -36.84419679)
(-22.78763641 -42.84721712 -36.96837535)
(-19.49345235 -43.03982567 -37.21586131)
(-16.18990015 -43.1735648 -37.46421366)
(-12.91439304 -43.34438321 -37.71767765)
(-9.684292426 -43.16609289 -38.05386446)
(-6.429319576 -42.96994698 -38.35659199)
(-3.178998903 -43.09499265 -38.66950762)
(-0.2387889728 -43.15981276 -38.6742763)
(3.353440773 -42.55930673 -39.05450697)
(6.706797087 -42.56888608 -39.1683545)
(9.948141371 -42.77994133 -39.23640835)
(12.94157421 -43.3006288 -39.49541111)
(16.33763106 -43.2053602 -39.54391021)
(19.61010073 -43.18294517 -39.63621286)
(22.95023461 -43.37016381 -39.72897627)
(26.01125822 -43.78676247 -39.82010033)
(29.32861094 -43.8578117 -39.84362657)
(32.77455159 -43.87967812 -40.01149418)
(36.15324156 -44.05200301 -40.08211076)
(39.1920934 -44.3948447 -39.87478578)
(42.56672447 -44.31683012 -40.0066373)
(45.86118817 -44.22269578 -40.21542999)
(50 -43.33333333 -36.66666667)
(-50 -40 -36.66666667)
(-45.92708388 -39.87042751 -37.86820325)
(-42.60205491 -39.98285119 -37.69990039)
(-39.21918776 -40.25133975 -37.89471255)
(-35.83520333 -40.31680246 -37.65647736)
(-32.47733683 -40.46097895 -37.48610833)
(-29.46826343 -39.74950527 -36.83702763)
(-26.44191274 -39.67170609 -36.7062851)
(-23.04812177 -39.48935147 -36.6867721)
(-19.72182007 -39.61686292 -36.99680442)
(-16.38908872 -39.68597277 -37.30629113)
(-13.06439317 -39.81100718 -37.66856294)
(-9.653308746 -39.62701931 -37.89336316)
(-6.328667171 -39.42052505 -38.20535185)
(-3.118801221 -39.47046893 -38.61119618)
(0.203303044 -39.7056422 -38.8418487)
(3.378452425 -38.95364033 -38.76075525)
(6.62959061 -38.92733026 -38.90692813)
(10.01290711 -39.1138654 -38.87944037)
(13.00985499 -39.63140121 -39.1384498)
(16.46735142 -39.46888621 -39.38769397)
(19.75291369 -39.52186624 -39.55524695)
(23.06684942 -39.71599506 -39.79276422)
(26.2363901 -40.25523453 -39.7809375)
(29.60458567 -40.38015937 -39.95819215)
(32.97999153 -40.38939832 -40.20780487)
(36.29765653 -40.61334258 -40.40708884)
(39.40154957 -41.04492652 -40.206098)
(42.8141954 -41.06487376 -40.41340683)
(46.08600499 -40.89790734 -40.46216019)
(50 -40 -36.66666667)
(-50 -36.66666667 -36.66666667)
(-45.95593564 -36.53780359 -37.5379413)
(-42.53229052 -36.59477063 -37.32225485)
(-39.18435611 -36.95049747 -37.38813081)
(-35.76755119 -37.02002736 -37.134486)
(-32.44482801 -37.14796131 -36.99664805)
(-29.38002429 -36.34652188 -36.50169841)
(-26.1566123 -36.28012881 -36.51468551)
(-22.78667402 -36.04794225 -36.68731204)
(-19.42956153 -36.18797649 -36.93263671)
(-16.10566784 -36.21620175 -37.29102775)
(-12.75763724 -36.344359 -37.60805298)
(-9.408961324 -36.11920917 -37.91219477)
(-6.067691017 -35.91480273 -38.20404641)
(-2.733177963 -35.94679263 -38.57163488)
(0.4530299815 -36.07968221 -38.75525385)
(3.709402918 -35.33558391 -38.66021094)
(7.127482126 -35.37001614 -38.88868693)
(10.30165352 -35.52045216 -39.1323593)
(13.55818928 -36.07367165 -39.11371277)
(16.81927946 -35.8151227 -39.51029258)
(20.00639636 -35.93397085 -39.82378126)
(23.27018885 -36.15245498 -40.10455961)
(26.44260141 -36.75503576 -40.05027254)
(29.82275422 -36.86638477 -40.14258252)
(33.28011159 -36.91105041 -40.40437173)
(36.44698368 -37.17727398 -40.54033306)
(39.75627816 -37.78179469 -40.60454575)
(43.07026596 -37.69215421 -40.68883887)
(45.98743186 -37.45641193 -40.60092003)
(50 -36.66666667 -36.66666667)
(-50 -33.33333333 -36.66666667)
(-45.7517769 -33.25528575 -37.18022779)
(-42.41707133 -33.32025055 -36.84835403)
(-39.00698222 -33.5706265 -36.98768065)
(-35.61206386 -33.59899964 -36.77839919)
(-32.33829039 -33.70349122 -36.66887483)
(-29.35263902 -32.87454932 -36.30769283)
(-26.03830793 -32.81324639 -36.39540652)
(-22.70143215 -32.57129264 -36.60504056)
(-19.43889011 -32.67753339 -37.02462757)
(-16.0624744 -32.71537101 -37.10254058)
(-12.65642652 -32.83235749 -37.37342303)
(-9.382888926 -32.65737467 -37.59064463)
(-6.082656944 -32.44806836 -37.88186981)
(-2.726658006 -32.39780886 -38.25306111)
(0.5787035769 -32.42796761 -38.66920506)
(3.447960581 -31.81250905 -38.97609664)
(6.787980381 -31.84938137 -39.24691076)
(10.04257499 -31.89169206 -39.47624578)
(13.34475662 -32.40218027 -39.30106847)
(16.3807844 -32.17604686 -39.69703987)
(19.78738521 -32.30997138 -39.93624144)
(22.97128396 -32.53879832 -40.08332043)
(26.39635143 -33.20055458 -40.20692335)
(29.78600941 -33.37446932 -40.32775636)
(32.93341441 -33.43201322 -40.37426227)
(36.09763436 -33.72719584 -40.46015019)
(39.43339322 -34.3695056 -40.63586093)
(42.82998232 -34.29907169 -40.85299067)
(45.88885872 -34.01491653 -40.73967987)
(50 -33.33333333 -36.66666667)
(-50 -30 -36.66666667)
(-45.98764202 -29.92617632 -36.91799212)
(-42.66633182 -29.94137233 -36.58950189)
(-39.20353394 -30.21061017 -36.57702905)
(-35.81576699 -30.14089886 -36.51291969)
(-32.41786563 -30.24148284 -36.37341268)
(-29.45039896 -29.42737368 -36.39094376)
(-26.19977038 -29.41910645 -36.17265377)
(-22.91790454 -29.24712158 -36.2815129)
(-19.63546418 -29.30177606 -36.68558304)
(-16.34435521 -29.32743845 -36.79221749)
(-12.90922492 -29.47536652 -36.95514966)
(-9.585634855 -29.29139249 -37.23752232)
(-6.368643604 -29.05571907 -37.6945927)
(-3.244832281 -28.99128809 -38.08799317)
(0.08480625337 -29.00760687 -38.52949228)
(3.389276134 -28.28582546 -39.05758895)
(6.509919765 -28.25191143 -39.1887383)
(9.740462948 -28.20997005 -39.50611252)
(13.05493811 -28.75155144 -39.60647784)
(16.01588705 -28.63842545 -39.93252743)
(19.23526248 -28.83225646 -40.0128902)
(22.52023913 -29.04423478 -40.20661656)
(26.06459635 -29.65358866 -40.23318489)
(29.41031918 -29.886093 -40.39120194)
(32.53917006 -29.97479343 -40.46350281)
(35.78110415 -30.26376059 -40.47060173)
(39.09403265 -30.95149654 -40.45204668)
(42.33487932 -31.14990875 -40.6371023)
(45.54880086 -30.79643514 -40.77670799)
(50 -30 -36.66666667)
(-50 -26.66666667 -36.66666667)
(-46.22913167 -26.57592658 -37.16251898)
(-42.9130454 -26.57183587 -36.89099841)
(-39.50195755 -26.75984004 -36.57084899)
(-36.11978741 -26.69991503 -36.6364287)
(-32.68481311 -26.80506077 -36.50000074)
(-29.29670304 -25.97872517 -36.50388787)
(-26.16630621 -26.01144259 -36.46923386)
(-22.8142933 -25.78031715 -36.4546011)
(-19.49701268 -25.85485301 -36.56705055)
(-16.01890787 -25.88978008 -36.66894107)
(-12.72981071 -25.98245013 -36.97210411)
(-9.440885483 -25.78544807 -37.48795694)
(-6.190400239 -25.55738801 -37.98453699)
(-3.025283279 -25.43682454 -38.38806052)
(0.1418857846 -25.44215801 -38.74213367)
(3.609983686 -24.78660028 -39.52570927)
(6.660203899 -24.7494697 -39.73136971)
(9.828035363 -24.65668911 -40.07323613)
(12.96520391 -25.14594013 -40.03948924)
(16.15881506 -25.03785713 -40.45099448)
(19.31651151 -25.29265567 -40.45541215)
(22.61701125 -25.53596328 -40.68564477)
(25.84656722 -26.18488715 -40.51500503)
(29.19215626 -26.42519047 -40.6381019)
(32.50615675 -26.48114546 -40.79017946)
(35.72893721 -26.76541425 -40.71776392)
(38.82360674 -27.47964219 -40.44888389)
(42.01827354 -27.7831373 -40.46709856)
(45.2657968 -27.41715575 -40.72512558)
(50 -26.66666667 -36.66666667)
(-50 -23.33333333 -36.66666667)
(-46.07384922 -23.17325456 -37.03710126)
(-42.60899755 -23.14070152 -36.9245594)
(-39.26759928 -23.48407611 -36.93689686)
(-35.76012837 -23.31926674 -36.91509362)
(-32.43035306 -23.3511637 -36.60329861)
(-29.1476605 -22.48231509 -36.47166073)
(-25.8662505 -22.59073945 -36.42156881)
(-22.46807852 -22.38420459 -36.44633658)
(-19.13059068 -22.45991657 -36.54808012)
(-15.72731903 -22.46758827 -36.90786629)
(-12.51564299 -22.55382452 -37.30701554)
(-9.219128764 -22.3657342 -37.85858454)
(-5.936419585 -22.13098524 -38.35711606)
(-2.716568328 -21.97089949 -38.77365116)
(0.4474019155 -21.94675831 -39.12729753)
(3.787859818 -21.36206964 -40.10104905)
(6.812011287 -21.27917102 -40.30909753)
(9.990360198 -21.15164351 -40.67597395)
(13.07348063 -21.59952769 -40.59831375)
(16.42859852 -21.51239937 -41.00908089)
(19.45765399 -21.82350363 -41.00548682)
(22.87630841 -22.00903248 -41.07547537)
(25.9381951 -22.71260091 -40.93690155)
(29.24980018 -22.97325424 -41.06045734)
(32.59283039 -23.09034626 -41.26184951)
(35.80760953 -23.42373892 -41.17002872)
(38.71757285 -24.01735058 -40.71779497)
(41.94007353 -24.33771986 -40.68526337)
(45.42928599 -24.05343485 -40.92522536)
(50 -23.33333333 -36.66666667)
(-50 -20 -36.66666667)
(-46.08955665 -19.72533976 -36.90714093)
(-42.60379636 -19.66452147 -36.72748321)
(-39.21228814 -19.98782401 -37.03348795)
(-35.77952434 -19.76647915 -36.8653038)
(-32.33925538 -19.81874269 -36.590217)
(-29.04222398 -18.97702557 -36.39996016)
(-25.70334425 -19.11586005 -36.34490304)
(-22.29989342 -18.93268367 -36.62276435)
(-18.87540858 -19.0363545 -36.72212297)
(-15.56385529 -19.03015615 -37.22091058)
(-12.26510526 -19.10993872 -37.5997319)
(-8.951153044 -18.93700151 -38.17728224)
(-5.732772088 -18.7323418 -38.79463795)
(-2.538684755 -18.5685624 -39.31108418)
(0.6396222608 -18.53793355 -39.67794493)
(3.960039671 -17.91364416 -40.65602027)
(6.988252684 -17.78095967 -40.84651693)
(10.28133372 -17.63727678 -41.21290107)
(13.34815968 -18.08781146 -41.12680875)
(16.8906156 -18.04334739 -41.49402685)
(19.92700975 -18.42967936 -41.41799648)
(23.36644516 -18.70782775 -41.53750223)
(26.29426168 -19.29623239 -41.28327966)
(29.50011715 -19.56055082 -41.43538052)
(33.0772915 -19.86952389 -41.5609761)
(36.3281584 -20.30718668 -41.48688743)
(39.05405994 -20.82173069 -41.12429729)
(42.37506672 -21.15146905 -40.96669606)
(45.93598674 -20.93632096 -41.08282842)
(50 -20 -36.66666667)
(-50 -16.66666667 -36.66666667)
(-46.2243514 -16.31617153 -36.84480809)
(-42.68021516 -16.17857633 -36.91427827)
(-39.16442861 -16.44273262 -37.05128798)
(-35.77699831 -16.23335706 -36.68189009)
(-32.26970304 -16.28010823 -36.49038025)
(-28.94391801 -15.50506699 -36.44788941)
(-25.52363448 -15.7075082 -36.58241789)
(-22.07617696 -15.49558446 -36.78463719)
(-18.62200329 -15.64369881 -36.99958739)
(-15.23045924 -15.64941305 -37.4920032)
(-12.03287588 -15.71994862 -37.98730752)
(-8.768797853 -15.59669341 -38.65892242)
(-5.51761632 -15.37671938 -39.27408188)
(-2.351759466 -15.21186407 -39.88666429)
(0.8173490458 -15.21192861 -40.30262243)
(4.160184957 -14.38069532 -41.07502919)
(7.226081551 -14.24206645 -41.30539115)
(10.69267724 -14.11261738 -41.64864107)
(13.84188995 -14.64600667 -41.57041878)
(17.36601579 -14.51700646 -41.88671417)
(20.49335239 -15.11177103 -41.81032095)
(23.96408408 -15.43356683 -41.87363962)
(26.81698475 -16.02768302 -41.65052257)
(30.07237739 -16.3401578 -41.70011889)
(33.69604182 -16.70592521 -41.7171464)
(36.9143289 -17.15376297 -41.60737126)
(39.6730803 -17.79943475 -41.2910981)
(42.8623447 -17.9525095 -41.17161953)
(46.20695536 -17.64628765 -41.32429729)
(50 -16.66666667 -36.66666667)
(-50 -13.33333333 -36.66666667)
(-46.30779487 -13.12948227 -37.32429837)
(-42.75256592 -12.89772612 -37.40267971)
(-39.20613093 -12.90084466 -37.11515752)
(-35.82863693 -12.6781158 -36.63649842)
(-32.27892989 -12.73501422 -36.41780729)
(-28.9133769 -12.10573297 -36.81526758)
(-25.38889599 -12.32149986 -36.91486149)
(-21.92909812 -12.09949219 -37.09293698)
(-18.46074509 -12.27076227 -37.363238)
(-15.03942204 -12.28711608 -37.89374096)
(-11.83147013 -12.35160567 -38.419602)
(-8.593007702 -12.26228455 -39.14841475)
(-5.412715806 -12.06344605 -39.82439845)
(-2.206171092 -11.83980443 -40.46151481)
(1.042341144 -11.79933482 -40.83324712)
(4.354816363 -10.75131826 -41.22586152)
(7.520785257 -10.60652366 -41.51488974)
(11.03742825 -10.43396239 -41.80584797)
(14.20803985 -11.05563546 -41.90890866)
(17.76997242 -10.89660194 -42.20225563)
(20.94603853 -11.66173263 -42.16393413)
(24.38830101 -11.99427646 -42.2523197)
(27.40256255 -12.77037567 -41.92831688)
(30.68815421 -13.15204151 -41.89718107)
(34.20494933 -13.4315003 -41.96894245)
(37.40742355 -13.8928455 -41.8306363)
(40.14376654 -14.51699852 -41.51197604)
(43.30728842 -14.72029944 -41.40698397)
(46.52289146 -14.32767264 -41.49648955)
(50 -13.33333333 -36.66666667)
(-50 -10 -36.66666667)
(-46.22569874 -9.719703344 -37.40864893)
(-43.06527084 -9.477745118 -37.52268656)
(-39.42992395 -9.442158283 -37.35097026)
(-35.8861827 -9.239585649 -37.00906135)
(-32.30246214 -9.263797766 -36.64055705)
(-28.88940485 -8.697425292 -37.13762321)
(-25.25109274 -8.868038828 -37.10831749)
(-21.79736346 -8.637099725 -37.23908478)
(-18.32110093 -8.84279894 -37.64915503)
(-14.9318834 -8.865335363 -38.25323435)
(-11.70565461 -8.934376102 -38.81725375)
(-8.538930699 -8.877257665 -39.61375262)
(-5.37081192 -8.66601649 -40.3061012)
(-2.060781078 -8.302197996 -40.83495395)
(1.26461048 -8.257773875 -41.17827495)
(4.514326924 -7.080558905 -41.11697617)
(7.890210226 -6.973092431 -41.45362514)
(11.41366731 -6.77262755 -41.83779716)
(14.55968028 -7.399995765 -42.11610303)
(18.36392582 -7.530347086 -42.42367379)
(21.34597168 -8.111802796 -42.40752775)
(24.83967158 -8.486993788 -42.45255066)
(27.85223221 -9.390964902 -42.26286574)
(31.17293944 -9.842444054 -42.19945709)
(34.77656912 -10.28672721 -42.22094843)
(38.03641762 -10.94396949 -41.94068863)
(40.75233148 -11.4430006 -41.66787602)
(43.68060119 -11.41271878 -41.64583535)
(46.85174024 -11.02007576 -41.72207104)
(50 -10 -36.66666667)
(-50 -6.666666667 -36.66666667)
(-46.06236897 -6.341754805 -37.66381263)
(-42.87481308 -6.055044314 -37.69206542)
(-39.42801288 -5.993166336 -37.66712496)
(-35.98774678 -5.722976712 -37.18643225)
(-32.37504249 -5.763025695 -36.8531118)
(-28.79399783 -5.25250604 -36.90801164)
(-25.1600956 -5.392560307 -36.97413727)
(-21.66363624 -5.195492351 -37.09461462)
(-18.25190356 -5.353871145 -37.57478951)
(-14.91862948 -5.340571781 -38.2066372)
(-11.67817451 -5.418000564 -38.92188301)
(-8.485734781 -5.338300417 -39.62471315)
(-5.231944202 -5.1251433 -40.28112192)
(-1.857061572 -4.707094544 -40.74109184)
(1.483332663 -4.655080683 -41.22259402)
(4.765291044 -3.491562608 -40.98470893)
(8.09559617 -3.435807199 -41.28581918)
(11.25984728 -3.348347749 -41.47605345)
(14.84430058 -3.989325347 -42.06006024)
(17.8178764 -3.986809738 -42.15757939)
(21.6065913 -4.695589745 -42.48704802)
(24.82603929 -5.175834463 -42.49631835)
(28.26881197 -6.165190511 -42.42784627)
(31.627221 -6.881291207 -42.34005084)
(34.75930768 -7.244985157 -42.22991145)
(37.93760851 -7.751783143 -42.02331512)
(41.14003615 -8.088412405 -41.90053468)
(43.88914846 -8.031330994 -41.87704126)
(47.18058902 -7.712478868 -41.94765252)
(50 -6.666666667 -36.66666667)
(-50 -3.333333333 -36.66666667)
(-45.93209051 -2.959578145 -37.9039948)
(-42.41837255 -2.744307808 -37.8045128)
(-39.09142468 -2.583609266 -37.44562091)
(-35.72249211 -2.307030623 -36.8691205)
(-32.23427783 -2.338344601 -36.58313559)
(-28.67114657 -2.11451946 -36.39335676)
(-25.09216568 -2.077684132 -36.54402515)
(-21.75723744 -1.771879149 -36.88280387)
(-18.34598968 -1.898590565 -37.33628571)
(-15.10629023 -1.892759471 -37.94569913)
(-11.7822762 -1.952203787 -38.64619066)
(-8.569625175 -1.92439626 -39.22930977)
(-5.303686229 -1.780533558 -39.79794719)
(-2.034298592 -1.384843138 -40.1924164)
(1.477979712 -1.188761701 -40.84988008)
(4.642543599 -0.4017143659 -40.62706677)
(7.977302891 -0.3188480792 -41.02367372)
(11.72952741 -0.495748753 -41.77818514)
(14.77626728 -0.5283806307 -41.88875269)
(17.63791288 -0.4079857087 -41.84174636)
(21.25756588 -1.086008135 -42.34833379)
(24.44950667 -1.590872712 -42.49383831)
(27.9091326 -2.62551538 -42.49823793)
(31.35079555 -3.343566141 -42.44080902)
(34.38100215 -3.782530088 -42.34949095)
(37.5949837 -4.323947811 -42.21775993)
(41.11279803 -4.770812865 -42.10591699)
(44.03847137 -4.632986653 -42.18101894)
(47.39622982 -4.395413333 -42.18268885)
(50 -3.333333333 -36.66666667)
(-50 0 -36.66666667)
(-46.12302835 0.4636904194 -37.99857584)
(-42.60558822 0.6744122857 -38.03072006)
(-39.38409904 0.7357061095 -37.33555014)
(-36.202615 0.9314904922 -36.66228124)
(-32.61468545 0.8959981925 -36.28727637)
(-28.98684545 1.053137334 -36.02395101)
(-25.40664126 1.168538049 -36.19874445)
(-22.01064443 1.456376468 -36.53187687)
(-18.69212231 1.455190444 -37.16052271)
(-15.26870137 1.547789067 -37.69915906)
(-11.91779 1.503890079 -38.32293007)
(-8.579914474 1.569012662 -38.93841545)
(-5.251677201 1.724273842 -39.50444866)
(-1.869382107 2.20143207 -39.9284525)
(1.466486915 2.263633542 -40.47044682)
(4.828990157 2.681416541 -40.70817676)
(8.378716327 2.631081716 -41.39137078)
(11.46108867 2.57644538 -41.51921035)
(14.56979519 2.47431601 -41.69147364)
(18.2877938 2.193458582 -42.25922928)
(21.30639737 2.0132463 -42.35212457)
(24.33961658 1.91266785 -42.40625242)
(27.83091863 0.8990007699 -42.60241126)
(31.0743701 0.1941589246 -42.54156721)
(34.12893987 -0.2917274208 -42.47234029)
(37.32099751 -0.8642034095 -42.390144)
(40.65421795 -1.492752575 -42.30290591)
(44.23778527 -1.191113038 -42.35654993)
(47.19815669 -0.9917693316 -42.31464192)
(50 0 -36.66666667)
(-50 3.333333333 -36.66666667)
(-46.10344601 3.841384577 -37.91201502)
(-42.6141882 3.898661906 -37.53188431)
(-39.42068935 3.998529383 -36.83003313)
(-36.16145137 4.236125727 -36.14942534)
(-32.57314495 4.260996901 -35.88447231)
(-29.01201914 4.455385799 -35.86858702)
(-25.48477683 4.655735203 -36.17702598)
(-22.02768223 4.955030904 -36.54273393)
(-18.74379917 4.96559778 -37.0867586)
(-15.55742846 4.922287403 -37.59905416)
(-12.10223531 4.945307244 -38.12189202)
(-8.669545829 5.068807493 -38.68469604)
(-5.269609204 5.211157539 -39.21563301)
(-2.071138159 5.369788174 -39.4890028)
(1.344055771 5.465862865 -40.06864342)
(4.301383412 5.486245954 -40.10410812)
(7.808139153 5.574165526 -40.79833511)
(10.82036171 5.592820079 -40.93151625)
(14.26037677 5.47914512 -41.39860001)
(17.71657679 5.323488869 -41.86881753)
(21.03499774 5.134587969 -42.16297868)
(24.05524817 5.027711383 -42.26903345)
(27.52656886 4.361284173 -42.54146509)
(30.90189956 3.767900344 -42.63127692)
(34.1363095 3.27284421 -42.62812435)
(37.36721487 2.668013798 -42.5586657)
(40.68484064 2.026749629 -42.47690146)
(43.98542504 2.219344457 -42.55725412)
(46.81004485 2.311421831 -42.42449519)
(50 3.333333333 -36.66666667)
(-50 6.666666667 -36.66666667)
(-46.22395192 7.007402497 -37.42261425)
(-42.75828119 7.111474892 -37.01095898)
(-39.59399737 7.299050231 -36.35333635)
(-36.28654489 7.685673484 -35.82279717)
(-32.73664525 7.776613465 -35.75665918)
(-29.2615624 7.879077384 -36.03658856)
(-25.86677922 7.906785235 -36.30826248)
(-22.46173196 7.980800613 -36.53096409)
(-19.08501349 8.047914817 -36.6754898)
(-15.74891336 7.858450417 -37.20573477)
(-12.61670112 7.764816505 -37.68773697)
(-9.127537234 7.889252129 -38.19850858)
(-5.737266221 8.062517494 -38.71235437)
(-2.516664325 8.145582087 -38.97247792)
(0.8214842879 8.270210827 -39.49155785)
(4.458305458 8.3715218 -40.25057973)
(7.599034328 8.421865973 -40.53396925)
(11.30470915 8.322793571 -41.30295347)
(14.97077024 8.128855725 -41.84101137)
(17.88442132 8.015416468 -41.93716573)
(21.24340131 7.853310301 -42.27853123)
(24.5946075 7.501302657 -42.49716169)
(27.61768564 7.512490025 -42.56187284)
(30.88587143 7.030858066 -42.66723427)
(33.8067125 6.747824664 -42.59838609)
(37.24192981 6.135778765 -42.62149625)
(40.69016218 5.537614956 -42.6294621)
(43.63431586 5.585794563 -42.55163311)
(46.42193302 5.614612995 -42.53434847)
(50 6.666666667 -36.66666667)
(-50 10 -36.66666667)
(-46.27230753 10.18083571 -36.92553074)
(-42.91414757 10.3044692 -36.48933682)
(-39.60855726 10.71609338 -36.02126642)
(-36.03485317 11.12446881 -35.65520027)
(-32.71001064 11.15319471 -35.81646389)
(-29.35363678 11.07166852 -36.2074542)
(-25.78024051 10.94679534 -36.40396494)
(-22.20226991 10.86016624 -36.73400806)
(-18.73536456 10.80665464 -37.1821771)
(-15.33500864 10.72038982 -37.71023582)
(-12.14963158 10.79754175 -38.13318464)
(-8.856517711 10.87277234 -38.43070228)
(-5.592480861 10.99665892 -38.83038365)
(-1.9983379 11.15940323 -39.52096011)
(1.241227332 11.23809457 -39.92636224)
(5.014468336 11.30871798 -40.83339353)
(8.210187732 11.24799704 -41.09750627)
(11.97478166 11.00548851 -41.8327222)
(15.68116372 10.77856633 -42.28342273)
(18.54166069 10.42893016 -42.31227145)
(21.90335878 10.37758958 -42.54939476)
(25.16019207 10.01083704 -42.67634585)
(28.0546937 9.807549099 -42.68119205)
(31.1477395 9.655259249 -42.67076294)
(33.33625612 10.14544622 -42.51930158)
(36.79286921 9.515604578 -42.56682157)
(40.25955605 8.919798461 -42.61680461)
(43.23238217 8.932657379 -42.62261519)
(46.03382118 8.917804158 -42.64420175)
(50 10 -36.66666667)
(-50 13.33333333 -36.66666667)
(-46.23904818 13.43116016 -36.48231744)
(-42.70579625 13.65148686 -36.10770148)
(-39.23336567 14.03765855 -35.70498337)
(-35.72876622 14.5155296 -35.51769233)
(-32.31066275 14.39233335 -36.07923144)
(-28.83362758 14.0393031 -36.47449206)
(-25.18350938 13.96717887 -36.45317956)
(-21.80180348 13.81843656 -36.89955482)
(-18.49022077 13.61872945 -37.53484935)
(-15.0398618 13.59643179 -38.09513316)
(-11.67115703 13.83274448 -38.58885291)
(-8.362586253 13.91239432 -38.88050361)
(-5.08655923 14.00007279 -39.3046473)
(-1.480011475 14.17322438 -40.0694423)
(1.778491799 14.22637379 -40.48736521)
(5.570631215 14.24591415 -41.41620733)
(8.821341135 14.0741281 -41.66104329)
(12.50099587 13.77270081 -42.24803931)
(15.91880202 13.78930026 -42.40800403)
(19.08880709 12.99500006 -42.62049763)
(21.77003881 13.69583658 -42.43062164)
(24.75347447 13.55984477 -42.52804536)
(27.63493369 13.28621817 -42.56890561)
(30.73377255 13.08800254 -42.58206601)
(33.58917373 13.09253075 -42.37547387)
(36.34380861 12.89543039 -42.51214688)
(39.82894991 12.30198197 -42.60414712)
(42.83044847 12.2795202 -42.69359726)
(45.75117673 12.2625561 -42.45411333)
(50 13.33333333 -36.66666667)
(-50 16.66666667 -36.66666667)
(-46.48894918 16.79485198 -36.27656863)
(-42.97069241 17.0891898 -35.9702986)
(-39.52847212 17.51166166 -35.647259)
(-36.05747686 17.98529838 -35.49354248)
(-32.60158468 17.82919559 -35.90124358)
(-29.24456066 17.34363914 -36.27372562)
(-25.69267515 16.94859301 -36.52093377)
(-22.14901715 17.03761638 -36.56018855)
(-18.78844525 16.77505626 -37.0794802)
(-15.4798895 16.62855723 -37.68415793)
(-11.91257108 16.63039776 -38.28842743)
(-8.248424681 16.84087768 -38.96935919)
(-4.686295984 16.98394723 -39.67480206)
(-1.507905202 17.07562196 -40.01564529)
(2.05171211 17.17834199 -40.76013986)
(5.08997349 17.22835203 -40.94101628)
(8.781620942 17.05462441 -41.66083066)
(11.95322528 17.1730831 -41.79074893)
(15.44943814 17.31181343 -42.04486857)
(18.80731705 16.7093143 -42.42534172)
(21.35354899 17.2052157 -42.11797328)
(24.35203723 17.05808106 -42.22170522)
(27.37875761 16.80996714 -42.34573947)
(30.41559533 16.58050024 -42.41456845)
(33.55370142 16.28990474 -42.33559162)
(36.10939508 16.2427807 -42.32955314)
(39.39834378 15.68416547 -42.59148963)
(42.53309017 15.64108131 -42.48970843)
(45.47931571 15.61155739 -42.23335763)
(50 16.66666667 -36.66666667)
(-50 20 -36.66666667)
(-46.59236163 20.23208754 -36.19966879)
(-43.06698608 20.49221537 -36.31101196)
(-39.66311157 20.92815504 -36.01686674)
(-36.23449855 21.36698236 -35.91137228)
(-32.80232667 21.33022166 -35.98371534)
(-29.41632509 20.81958513 -36.1938643)
(-26.01110674 20.34026549 -36.50580609)
(-22.54786823 20.38164046 -36.56858865)
(-19.05202723 20.16316512 -36.89267138)
(-15.65744611 20.01574645 -37.31703743)
(-12.24452999 19.85640448 -37.85530809)
(-8.78360422 19.64889146 -38.56816049)
(-5.173594559 19.79868951 -39.1740068)
(-2.040842378 19.90464376 -39.47413847)
(1.538650677 20.03465634 -40.16978777)
(4.612326611 20.32120193 -40.32870606)
(8.194812991 20.21295105 -41.13599822)
(11.4305858 20.48967546 -41.24974021)
(14.8933633 20.64880126 -41.58527572)
(18.35287789 20.27246339 -42.05691605)
(20.93296912 20.67529027 -41.74366539)
(23.93755767 20.51094658 -41.85554642)
(27.03006772 20.28068335 -42.03935302)
(30.05401268 20.01952142 -42.17680955)
(33.21778418 19.72517554 -42.06169582)
(36.22452592 19.54205389 -42.04581804)
(39.19108695 19.08914097 -42.25114635)
(42.26337258 19.00652739 -42.21316742)
(45.20745468 18.96055868 -42.01260193)
(50 20 -36.66666667)
(-50 23.33333333 -36.66666667)
(-46.52683538 23.64177358 -36.43442647)
(-43.11396074 23.81450862 -36.7677599)
(-39.72420008 24.23514526 -36.52148274)
(-36.386001 24.73726701 -36.35095745)
(-33.08147641 24.78030949 -36.04173434)
(-29.70053381 24.23979413 -36.03452202)
(-26.38778772 23.65925695 -36.28461797)
(-22.9534476 23.70152229 -36.49769731)
(-19.50843921 23.4728034 -36.82299434)
(-16.01058442 23.35365215 -37.08849079)
(-12.59391188 23.17458453 -37.4929585)
(-9.12992619 22.76920794 -38.03071428)
(-5.677595145 22.65953365 -38.68872385)
(-2.502907574 22.78677632 -38.86775475)
(1.02429244 22.93948319 -39.57958249)
(4.122130708 23.27626021 -39.69114032)
(7.664781146 23.27535391 -40.52201661)
(10.78718208 23.50968411 -40.66679614)
(14.19744281 23.66006419 -41.07839468)
(17.8254108 23.69174404 -41.56792471)
(20.49775949 24.00928901 -41.22124011)
(23.51942234 23.93204541 -41.4513321)
(26.64081724 23.66233195 -41.6439873)
(29.72111583 23.4486957 -41.85353282)
(32.80498248 23.14662246 -41.98623098)
(35.92840154 22.9470705 -41.76741981)
(38.98919096 22.49466352 -41.90293793)
(41.99365499 22.37197347 -41.9366264)
(44.93559366 22.30955997 -41.79184624)
(50 23.33333333 -36.66666667)
(-50 26.66666667 -36.66666667)
(-46.43741442 26.91465233 -36.85304807)
(-43.06982624 27.17400784 -37.18578534)
(-39.66409191 27.52690448 -37.03628341)
(-36.52054933 28.05794522 -36.83248217)
(-33.27147406 28.11875192 -36.46225911)
(-29.83797546 27.71555491 -36.12678344)
(-26.48120134 27.10975688 -36.06726635)
(-23.21423661 27.12423141 -36.40526434)
(-19.86812648 26.87493111 -36.79913581)
(-16.51406312 26.63649544 -37.17835736)
(-13.05697993 26.54704643 -37.43262481)
(-9.493002512 26.09265639 -37.65848416)
(-6.108474484 25.73943667 -38.1894297)
(-2.97834553 25.91728978 -38.32307699)
(0.5606406716 25.90961429 -38.9563733)
(3.622702184 26.27961722 -39.06854215)
(7.165455229 26.25979682 -39.86238424)
(10.20714522 26.49570123 -40.01401473)
(13.54681767 26.60043252 -40.50252166)
(17.2116549 26.84958113 -41.00904037)
(19.9990676 27.19913469 -40.66916757)
(23.12308814 27.17827134 -40.86692656)
(26.26814111 26.98591569 -41.16440429)
(29.36544172 26.85346745 -41.51597081)
(32.49747888 26.5906694 -41.70080234)
(35.59209302 26.35792249 -41.61219286)
(38.76442942 25.89396165 -41.67500275)
(41.72393741 25.73741955 -41.66008539)
(44.66373263 25.65856126 -41.57109054)
(50 26.66666667 -36.66666667)
(-50 30 -36.66666667)
(-46.63772996 30.16627184 -37.25132743)
(-43.34681111 30.4571699 -37.59264325)
(-39.92358816 30.75995575 -37.53313336)
(-36.88670075 31.30217286 -37.26195619)
(-33.62679294 31.36160646 -36.88629368)
(-30.26241305 30.98797531 -36.38993855)
(-26.7963708 30.4980006 -36.17745351)
(-23.58671583 30.49244962 -36.47146125)
(-20.16924851 30.30681811 -36.74857189)
(-16.88765329 30.05597216 -37.16370576)
(-13.55126883 29.88352372 -37.53884199)
(-9.941073384 29.47279704 -37.52898491)
(-6.50900898 29.03291668 -37.79688937)
(-3.476719407 29.20548474 -37.91641624)
(0.02449891681 28.99787326 -38.43089797)
(3.054661859 29.41233878 -38.55666092)
(6.632625381 29.26453454 -39.23532112)
(9.648880735 29.58919121 -39.36698523)
(13.00716921 29.60375492 -39.82959053)
(16.58483347 29.82437457 -40.38166093)
(19.46913097 30.29576175 -40.08945203)
(22.6555426 30.3669926 -40.30874674)
(25.85451109 30.22784091 -40.65459556)
(29.06670159 30.09102672 -40.97123699)
(32.18264416 29.96718205 -41.31415695)
(35.12105968 29.63330704 -41.48038913)
(38.50305484 29.28039353 -41.36000132)
(41.45421982 29.10286563 -41.38354437)
(44.39187161 29.00756255 -41.35033485)
(50 30 -36.66666667)
(-50 33.33333333 -36.66666667)
(-46.6866237 33.4790025 -37.62925916)
(-43.64845226 33.82898997 -37.86510558)
(-40.2437173 34.12574947 -37.85452174)
(-37.1264862 34.56785711 -37.73549)
(-33.92921411 34.50950062 -37.39802275)
(-30.50439154 34.30791174 -36.77489233)
(-27.10832678 33.85743753 -36.4075275)
(-23.871181 33.89878359 -36.63356666)
(-20.46423256 33.7248641 -36.89127122)
(-17.09232424 33.55949137 -37.21727958)
(-13.80854756 33.39364083 -37.57552761)
(-10.36040417 32.86161712 -37.66792382)
(-6.939922399 32.42502809 -37.60427327)
(-3.937718902 32.68764301 -37.77325199)
(-0.495938659 32.35760413 -38.11489592)
(2.471581816 32.81406755 -38.34201447)
(6.038832521 32.46180008 -38.7663131)
(9.034704098 32.8500094 -38.86574168)
(12.49522414 32.75925805 -39.18096077)
(16.04863476 32.83721509 -39.68703754)
(18.95516583 33.36016138 -39.48774891)
(22.13978313 33.48598543 -39.75555609)
(25.39216909 33.3703684 -40.13158001)
(28.63646853 33.227886 -40.4723646)
(31.8335764 33.1644621 -40.79906537)
(34.93329352 32.97099072 -41.02323388)
(38.1781015 32.66852736 -41.1725659)
(41.20416129 32.45495055 -41.16118413)
(44.12001058 32.35656383 -41.12957915)
(50 33.33333333 -36.66666667)
(-50 36.66666667 -36.66666667)
(-46.70556883 36.84967016 -37.92607604)
(-43.82667378 37.17895437 -38.24865636)
(-40.60820647 37.40622883 -38.23510493)
(-37.63352927 37.57249515 -38.15445617)
(-34.37910487 37.52356272 -37.86562614)
(-30.87768401 37.36231147 -37.25236707)
(-27.45146038 37.11357651 -36.75043001)
(-24.2758342 37.1779701 -36.7572354)
(-20.80752692 37.10621231 -36.81965087)
(-17.40923612 36.98552921 -37.08480366)
(-14.1425057 36.8438291 -37.41186671)
(-10.74310558 36.30754105 -37.69804829)
(-7.388456297 35.84838483 -37.64567414)
(-4.418705125 36.15662524 -37.64738862)
(-0.9671432151 35.82690045 -37.88289414)
(1.997896397 36.19764822 -37.91928736)
(5.424415783 35.82254756 -38.46566875)
(8.377175622 36.1624622 -38.47056036)
(11.84258858 35.9994271 -38.73261275)
(15.43921324 35.89441027 -39.07746606)
(18.39456452 36.33343721 -38.91614405)
(21.62169368 36.58102495 -39.19493763)
(24.90077863 36.46019016 -39.6066898)
(28.15653165 36.32588293 -39.98928423)
(31.44324667 36.30613247 -40.28938504)
(34.67069399 36.25833671 -40.56858961)
(37.82995427 36.00788744 -40.98494952)
(40.99302073 35.79803923 -40.80699282)
(43.84747648 35.70407327 -40.93038448)
(50 36.66666667 -36.66666667)
(-50 40 -36.66666667)
(-46.84292535 40.26503001 -38.11096123)
(-44.13695063 40.61450924 -38.29553038)
(-41.20329521 40.53923518 -38.37555804)
(-37.92528439 40.52802923 -38.38958802)
(-34.54511222 40.47990978 -38.03842305)
(-31.30781117 40.37586063 -37.69502353)
(-27.86754348 40.18898082 -37.15562132)
(-24.80863198 40.22070503 -36.99187156)
(-21.36981298 40.27163584 -36.76230855)
(-17.94059039 40.18800711 -36.87058587)
(-14.5753981 40.21089643 -37.20710161)
(-11.17344283 39.6818805 -37.49692603)
(-7.86129832 39.25240473 -37.63411809)
(-4.876918432 39.65292829 -37.64206306)
(-1.440074579 39.28354359 -37.62386551)
(1.625390642 39.59121132 -37.54427717)
(5.004334687 39.22557957 -37.98393776)
(7.958303954 39.57136692 -37.95720252)
(11.27276262 39.38608888 -38.30477578)
(14.72885909 39.07407191 -38.6353087)
(17.75013362 39.49065554 -38.57547156)
(21.10270567 39.75349177 -38.69207562)
(24.41607796 39.59590757 -39.09484226)
(27.69226924 39.43284384 -39.49485867)
(30.9449234 39.34411605 -39.83122207)
(34.3039709 39.47583586 -40.11783423)
(37.63071627 39.26812021 -40.48441089)
(40.64468054 39.13450645 -40.69283286)
(43.67646424 39.00620835 -40.58575005)
(50 40 -36.66666667)
(-50 43.33333333 -36.66666667)
(-47.04425722 43.63492796 -38.20845049)
(-43.66022436 43.48142092 -38.13078578)
(-40.63610948 43.44659428 -38.22956717)
(-37.40271336 43.32391302 -37.99591496)
(-34.00144029 43.3659297 -37.66758056)
(-30.96434107 43.38025544 -37.56638789)
(-27.86797127 43.25086264 -37.31695972)
(-24.38500558 43.46658427 -37.25486554)
(-21.06178892 43.5459922 -37.07145518)
(-17.72577843 43.44538054 -37.32020509)
(-14.41028483 43.63802255 -37.5193344)
(-11.21086893 43.14108631 -37.46814967)
(-7.985886368 42.74234889 -37.5978573)
(-4.949222749 43.28704206 -37.55977403)
(-1.6970629 42.8818087 -37.52423154)
(1.539520833 43.19521209 -37.79682062)
(4.714890704 42.75157876 -37.82039164)
(8.073085918 43.23731033 -38.10554286)
(11.11985517 43.06268813 -38.13544327)
(14.39478229 42.63250541 -38.33788449)
(17.67025182 43.15108919 -38.48619845)
(20.92837137 43.3867133 -38.67073011)
(24.22862354 43.1092864 -38.76664333)
(27.35708193 42.78760975 -39.08596629)
(30.57356189 42.63428839 -39.42418113)
(33.92659691 42.6886439 -39.67249272)
(37.27707155 42.47757158 -40.035973)
(40.44847365 42.41814054 -40.30084144)
(43.44778557 42.31611504 -40.33305831)
(50 43.33333333 -36.66666667)
(-50 46.66666667 -36.66666667)
(-46.48641709 46.4762566 -38.07609915)
(-43.18521156 46.19666575 -37.75243625)
(-40.10573268 46.26497812 -37.86943672)
(-36.85582388 46.22195179 -37.61970797)
(-33.41667022 46.31127907 -37.36255399)
(-30.39406767 46.34050441 -37.31283719)
(-27.3487101 46.35977662 -37.24119612)
(-23.82908415 46.58499333 -37.37420309)
(-20.75395651 46.64821995 -37.40941982)
(-17.48674703 46.71616477 -37.50512956)
(-13.99939722 46.58233157 -37.50862268)
(-11.10868911 46.60762275 -37.57650776)
(-8.167833143 46.28671862 -37.62195854)
(-4.368188461 46.27043938 -37.8508865)
(-1.500064643 46.26715649 -37.85962516)
(2.21162897 46.23918851 -38.07246364)
(5.074139413 46.23281004 -38.06757649)
(8.814512063 46.43228188 -38.41527818)
(11.70284654 46.42396276 -38.44788316)
(14.59885911 46.34506387 -38.4737851)
(18.17753387 46.5091618 -38.75610569)
(21.52813337 46.64771339 -38.95851406)
(24.4555023 46.6557868 -38.97977451)
(27.51846823 46.34968227 -39.11415384)
(30.60991185 46.21544019 -39.39488017)
(33.85685131 46.22583347 -39.57768538)
(37.0557053 45.88166135 -39.72768477)
(40.23284041 45.65652446 -39.84511697)
(43.34826641 45.68158405 -40.05876661)
(50 46.66666667 -36.66666667)
(-50 50 -36.66666667)
(-46.66666667 50 -36.66666667)
(-43.33333333 50 -36.66666667)
(-40 50 -36.66666667)
(-36.66666667 50 -36.66666667)
(-33.33333333 50 -36.66666667)
(-30 50 -36.66666667)
(-26.66666667 50 -36.66666667)
(-23.33333333 50 -36.66666667)
(-20 50 -36.66666667)
(-16.66666667 50 -36.66666667)
(-13.33333333 50 -36.66666667)
(-10 50 -36.66666667)
(-6.666666667 50 -36.66666667)
(-3.333333333 50 -36.66666667)
(0 50 -36.66666667)
(3.333333333 50 -36.66666667)
(6.666666667 50 -36.66666667)
(10 50 -36.66666667)
(13.33333333 50 -36.66666667)
(16.66666667 50 -36.66666667)
(20 50 -36.66666667)
(23.33333333 50 -36.66666667)
(26.66666667 50 -36.66666667)
(30 50 -36.66666667)
(33.33333333 50 -36.66666667)
(36.66666667 50 -36.66666667)
(40 50 -36.66666667)
(43.33333333 50 -36.66666667)
(46.66666667 50 -36.66666667)
(50 50 -36.66666667)
(-50 -50 -30)
(-46.66666667 -50 -30)
(-43.33333333 -50 -30)
(-40 -50 -30)
(-36.66666667 -50 -30)
(-33.33333333 -50 -30)
(-30 -50 -30)
(-26.66666667 -50 -30)
(-23.33333333 -50 -30)
(-20 -50 -30)
(-16.66666667 -50 -30)
(-13.33333333 -50 -30)
(-10 -50 -30)
(-6.666666667 -50 -30)
(-3.333333333 -50 -30)
(0 -50 -30)
(3.333333333 -50 -30)
(6.666666667 -50 -30)
(10 -50 -30)
(13.33333333 -50 -30)
(16.66666667 -50 -30)
(20 -50 -30)
(23.33333333 -50 -30)
(26.66666667 -50 -30)
(30 -50 -30)
(33.33333333 -50 -30)
(36.66666667 -50 -30)
(40 -50 -30)
(43.33333333 -50 -30)
(46.66666667 -50 -30)
(50 -50 -30)
(-50 -46.66666667 -30)
(-45.42066676 -46.63026736 -31.62293242)
(-42.24465628 -46.6527811 -31.85351459)
(-39.41230478 -46.71577781 -31.60855885)
(-36.38464625 -46.7220904 -31.52017538)
(-33.70055993 -46.77510573 -31.45012716)
(-29.00960362 -46.46922826 -31.18347826)
(-25.99263512 -46.34281484 -30.65648845)
(-22.73177295 -46.13344646 -30.61849781)
(-19.53230727 -46.44082607 -30.70882124)
(-16.45481736 -46.56193633 -31.10308943)
(-13.48981419 -46.51076193 -31.26863842)
(-10.23002268 -46.30178028 -31.64985234)
(-6.961539351 -46.0156034 -32.05994133)
(-3.938339543 -45.89546082 -32.27573362)
(-1.199283958 -45.90772195 -32.2442411)
(2.743101544 -45.81505102 -33.31803702)
(6.03239672 -45.81228466 -33.58368621)
(9.154423209 -46.14601722 -33.90116922)
(12.66612678 -46.85125009 -33.82068857)
(15.5031056 -46.91174439 -34.04268483)
(18.65099132 -46.64925025 -34.09284894)
(21.90548907 -46.78117264 -34.22237837)
(25.09774651 -47.27255421 -34.08537829)
(28.39987133 -47.35347934 -34.27250139)
(31.66107811 -47.24993279 -34.55525458)
(34.9915896 -47.19571198 -34.71088809)
(38.29120916 -47.62987605 -34.57874091)
(41.36428515 -47.72808117 -34.67554177)
(44.74487689 -47.55881959 -34.92962699)
(50 -46.66666667 -30)
(-50 -43.33333333 -30)
(-45.07341139 -43.18453452 -31.74518724)
(-41.70825867 -43.2488317 -32.01505709)
(-38.59817939 -43.76447582 -32.01651614)
(-35.44681117 -43.78463117 -31.63817573)
(-32.72733275 -43.91953665 -31.39480059)
(-29.10615254 -43.05383175 -30.6457317)
(-25.83471997 -42.8873984 -30.26629519)
(-22.51478795 -42.60415902 -30.45256303)
(-19.24017852 -42.89307183 -30.82379196)
(-15.95151689 -43.09368054 -31.19632048)
(-12.7049229 -43.34990815 -31.57651648)
(-9.526438639 -43.08247267 -32.08079669)
(-6.310646031 -42.7882538 -32.53488799)
(-3.101831687 -42.97582232 -33.00426143)
(-0.3581834591 -43.07305248 -33.01141445)
(3.363494493 -42.17229342 -33.58176045)
(6.726862297 -42.18666246 -33.75253175)
(9.922212057 -42.50324532 -33.85461253)
(12.74569465 -43.28427654 -34.24311667)
(16.17311325 -43.14137364 -34.31586532)
(19.4151511 -43.10775109 -34.45431929)
(22.75868525 -43.38857904 -34.59346441)
(25.683554 -44.01347704 -34.73015049)
(28.9929164 -44.12005088 -34.76543985)
(32.49516072 -44.15285051 -35.01724128)
(35.89652901 -44.41133785 -35.12316614)
(38.7881401 -44.92560039 -34.81217866)
(42.18342004 -44.80857852 -35.00995596)
(45.45844892 -44.667377 -35.32314498)
(50 -43.33333333 -30)
(-50 -40 -30)
(-45.55729249 -39.80564127 -31.80230487)
(-42.2364157 -39.97427678 -31.54985058)
(-38.82878163 -40.37700962 -31.84206883)
(-35.41947167 -40.47520369 -31.48471604)
(-32.04933857 -40.69146842 -31.22916249)
(-29.20239514 -39.62425791 -30.25554145)
(-26.32953578 -39.50755914 -30.05942765)
(-22.90551599 -39.2340272 -30.03015814)
(-19.58273011 -39.42529438 -30.49520663)
(-16.25029975 -39.52895916 -30.9594367)
(-12.92992309 -39.71651076 -31.50284441)
(-9.479963119 -39.44052897 -31.84004475)
(-6.159667423 -39.13078758 -32.30802777)
(-3.011535165 -39.2057034 -32.91679427)
(0.304954566 -39.5584633 -33.26277305)
(3.401011971 -38.43046049 -33.14113287)
(6.611052582 -38.3909954 -33.3603922)
(10.01936067 -38.6707981 -33.31916056)
(12.84811582 -39.44710182 -33.70767471)
(16.3676938 -39.20332932 -34.08154096)
(19.62937053 -39.28279936 -34.33287043)
(22.93360747 -39.57399259 -34.68914633)
(26.02125182 -40.38285179 -34.67140625)
(29.4068785 -40.57023906 -34.93728822)
(32.80332063 -40.58409748 -35.31170731)
(36.11315147 -40.92001386 -35.61063327)
(39.10232435 -41.56738978 -35.309147)
(42.55462644 -41.59731064 -35.62011025)
(45.79567416 -41.346861 -35.69324028)
(50 -40 -30)
(-50 -36.66666667 -30)
(-45.60057013 -36.47337205 -31.30691195)
(-42.13176912 -36.55882261 -30.98338227)
(-38.77653416 -37.09241287 -31.08219622)
(-35.31799345 -37.1967077 -30.701729)
(-32.00057535 -37.38860864 -30.49497207)
(-29.07003643 -36.18644948 -29.75254762)
(-25.90158512 -36.08685988 -29.77202826)
(-22.51334437 -35.73858005 -30.03096806)
(-19.1443423 -35.94863141 -30.39895507)
(-15.82516843 -35.99096929 -30.93654162)
(-12.46978919 -36.18320516 -31.41207947)
(-9.113441986 -35.84548043 -31.86829215)
(-5.768203192 -35.53887077 -32.30606961)
(-2.433100278 -35.58685561 -32.85745232)
(0.6795449723 -35.78618998 -33.13288077)
(3.89743771 -34.67004254 -32.9903164)
(7.357889856 -34.72169087 -33.33303039)
(10.45248027 -34.9473449 -33.69853895)
(13.67061725 -35.77717414 -33.67056915)
(16.89558586 -35.38935072 -34.26543888)
(20.00959454 -35.56762295 -34.73567189)
(23.23861661 -35.89534914 -35.15683941)
(26.33056879 -36.79922031 -35.07540881)
(29.73413133 -36.96624382 -35.21387378)
(33.25350071 -37.03324227 -35.6065576)
(36.33714219 -37.43257764 -35.81049959)
(39.63441725 -38.33935869 -35.90681863)
(42.93873227 -38.20489798 -36.03325831)
(45.64781445 -37.85128457 -35.90138004)
(50 -36.66666667 -30)
(-50 -33.33333333 -30)
(-45.29433201 -33.21626196 -30.77034169)
(-41.95894032 -33.31370916 -30.27253105)
(-38.51047333 -33.68927309 -30.48152097)
(-35.08476246 -33.73183279 -30.16759879)
(-31.84076892 -33.88857017 -30.00331224)
(-29.02895854 -32.64515731 -29.46153925)
(-25.72412856 -32.55320292 -29.59310978)
(-22.38548156 -32.19027229 -29.90756084)
(-19.15833517 -32.34963342 -30.53694135)
(-15.76037826 -32.40638984 -30.65381087)
(-12.31797311 -32.58186957 -31.06013455)
(-9.074333389 -32.31939534 -31.38596695)
(-5.790652083 -32.00543587 -31.82280471)
(-2.423320343 -31.93004662 -32.37959166)
(0.8680553654 -31.97528475 -33.0038076)
(3.505274205 -31.05209691 -33.46414496)
(6.848637238 -31.10740539 -33.87036614)
(10.06386248 -31.17087142 -34.21436867)
(13.35046827 -31.93660373 -33.95160271)
(16.23784327 -31.59740362 -34.5455598)
(19.68107782 -31.7982904 -34.90436216)
(22.79025927 -32.14153082 -35.12498064)
(26.26119381 -33.1341652 -35.31038502)
(29.67901412 -33.39503731 -35.49163454)
(32.73345495 -33.48135316 -35.5613934)
(35.81311821 -33.92412709 -35.69022529)
(39.15008983 -34.88759174 -35.9537914)
(42.57830682 -34.78194086 -36.27948601)
(45.49995475 -34.35570813 -36.1095198)
(50 -33.33333333 -30)
(-50 -30 -30)
(-45.6481297 -29.88926447 -30.37698818)
(-42.33283106 -29.9120585 -29.88425284)
(-38.80530092 -30.31591525 -29.86554357)
(-35.39031715 -30.21134829 -29.76937954)
(-31.96013178 -30.36222426 -29.56011903)
(-29.17559844 -29.14106053 -29.58641564)
(-25.96632223 -29.12865967 -29.25898066)
(-22.71019014 -28.87068238 -29.42226934)
(-19.45319626 -28.95266409 -30.02837457)
(-16.18319948 -28.99115768 -30.18832624)
(-12.69717071 -29.21304978 -30.43272449)
(-9.378452283 -28.93708873 -30.85628349)
(-6.219632072 -28.58357861 -31.54188906)
(-3.200581755 -28.48693213 -32.13198976)
(0.1272093801 -28.51141031 -32.79423843)
(3.417247535 -27.42873819 -33.58638343)
(6.431546315 -27.37786714 -33.78310745)
(9.610694422 -27.31495508 -34.25916878)
(12.9157405 -28.12732716 -34.40971676)
(15.69049723 -27.95763818 -34.89879115)
(18.85289371 -28.24838469 -35.0193353)
(22.11369202 -28.56635217 -35.30992484)
(25.7635612 -29.48038299 -35.34977733)
(29.11547877 -29.8291395 -35.58680291)
(32.14208843 -29.96219015 -35.69525421)
(35.33832289 -30.39564089 -35.7059026)
(38.64104898 -31.42724481 -35.67807002)
(41.83565231 -31.72486312 -35.95565345)
(44.98986796 -31.19465271 -36.16506199)
(50 -30 -30)
(-50 -26.66666667 -30)
(-46.01036417 -26.53055653 -30.74377847)
(-42.70290144 -26.52442047 -30.33649762)
(-39.25293632 -26.80642673 -29.85627349)
(-35.84634777 -26.71653921 -29.95464305)
(-32.360553 -26.87425783 -29.75000111)
(-28.94505456 -25.63475442 -29.7558318)
(-25.91612598 -25.68383055 -29.70385079)
(-22.55477328 -25.33714239 -29.68190166)
(-19.24551902 -25.44894619 -29.85057583)
(-15.69502848 -25.50133678 -30.0034116)
(-12.42804939 -25.64034186 -30.45815617)
(-9.161328225 -25.34483877 -31.23193541)
(-5.952267026 -25.00274868 -31.97680549)
(-2.871258252 -24.82190347 -32.58209078)
(0.212828677 -24.82990369 -33.1132005)
(3.748308863 -23.84656709 -34.2885639)
(6.656972516 -23.79087122 -34.59705456)
(9.742053045 -23.65170033 -35.10985419)
(12.7811392 -24.38557686 -35.05923387)
(15.90488926 -24.22345237 -35.67649172)
(18.97476726 -24.60565018 -35.68311823)
(22.25885022 -24.97061158 -36.02846715)
(25.43651749 -25.94399739 -35.77250754)
(28.78823439 -26.30445237 -35.95715285)
(32.09256845 -26.38838486 -36.18526918)
(35.26007248 -26.81478805 -36.07664589)
(38.23541011 -27.88612995 -35.67332583)
(41.36074364 -28.34137262 -35.70064784)
(44.56536186 -27.79240029 -36.08768837)
(50 -26.66666667 -30)
(-50 -23.33333333 -30)
(-45.7774405 -23.09321517 -30.55565189)
(-42.24682966 -23.04438561 -30.3868391)
(-38.90139892 -23.5594475 -30.40534529)
(-35.30685922 -23.31223344 -30.37264043)
(-31.97886292 -23.36007888 -29.90494791)
(-28.72149076 -22.05680597 -29.70749109)
(-25.46604242 -22.21944251 -29.63235321)
(-22.03545112 -21.90964022 -29.66950487)
(-18.69588602 -22.02320818 -29.82212018)
(-15.25764521 -22.03471574 -30.36179943)
(-12.10679782 -22.16407011 -30.96052331)
(-8.828693146 -21.88193463 -31.78787682)
(-5.571296044 -21.5298112 -32.53567409)
(-2.408185826 -21.28968257 -33.16047674)
(0.6711028732 -21.2534708 -33.6909463)
(4.01512306 -20.3764378 -35.15157358)
(6.884683596 -20.25208987 -35.4636463)
(9.985540297 -20.0607986 -36.01396093)
(12.94355427 -20.73262487 -35.89747062)
(16.30956445 -20.60193239 -36.51362133)
(19.18648098 -21.06858878 -36.50823023)
(22.64779595 -21.34688205 -36.61321306)
(25.57395931 -22.40223469 -36.40535233)
(28.87470027 -22.79321469 -36.59068601)
(32.22257892 -22.96885273 -36.89277427)
(35.37808096 -23.46894171 -36.75504307)
(38.07635927 -24.35935921 -36.07669245)
(41.24344363 -24.83991312 -36.02789506)
(44.81059565 -24.41348561 -36.38783804)
(50 -23.33333333 -30)
(-50 -20 -30)
(-45.80100164 -19.58800964 -30.3607114)
(-42.23902788 -19.49678221 -30.09122481)
(-38.8184322 -19.98173602 -30.55023192)
(-35.33595318 -19.64971872 -30.2979557)
(-31.8422164 -19.72811403 -29.8853255)
(-28.56333597 -18.46553835 -29.59994024)
(-25.22168304 -18.67379008 -29.51735456)
(-21.78317347 -18.3990255 -29.93414652)
(-18.31311288 -18.55453175 -30.08318445)
(-15.0124496 -18.54523422 -30.83136587)
(-11.73099122 -18.66490807 -31.39959786)
(-8.426729567 -18.40550226 -32.26592336)
(-5.265824799 -18.0985127 -33.19195693)
(-2.141360465 -17.85284361 -33.96662627)
(0.9594333912 -17.80690033 -34.51691739)
(4.273392841 -16.87046624 -35.98403041)
(7.149045693 -16.67143951 -36.2697754)
(10.42200059 -16.45591518 -36.81935161)
(13.35557285 -17.13171719 -36.69021312)
(17.00259006 -17.06502108 -37.24104027)
(19.89051463 -17.64451903 -37.12699472)
(23.38300107 -18.06174162 -37.30625335)
(26.10805919 -18.94434859 -36.92491948)
(29.25017573 -19.34082623 -37.15307078)
(32.94927059 -19.80428584 -37.34146416)
(36.15890427 -20.46078003 -37.23033114)
(38.58108992 -21.23259603 -36.68644593)
(41.89593341 -21.72720358 -36.45004409)
(45.57064677 -21.40448144 -36.62424263)
(50 -20 -30)
(-50 -16.66666667 -30)
(-46.00319377 -16.14092397 -30.26721213)
(-42.35365607 -15.93453116 -30.37141741)
(-38.74664292 -16.3307656 -30.57693197)
(-35.33216413 -16.01670226 -30.02283514)
(-31.7378879 -16.08682901 -29.73557037)
(-28.41587702 -14.92426715 -29.67183411)
(-24.95211838 -15.22792896 -29.87362683)
(-21.44759877 -14.91004336 -30.17695579)
(-17.93300494 -15.13221488 -30.49938109)
(-14.51235552 -15.14078624 -31.2380048)
(-11.38264715 -15.24658959 -31.98096127)
(-8.153196779 -15.06170678 -32.98838364)
(-4.943091147 -14.73174573 -33.91112282)
(-1.860972533 -14.48446277 -34.82999643)
(1.226023569 -14.48455958 -35.45393365)
(4.573610769 -13.23770965 -36.61254379)
(7.505788993 -13.02976634 -36.95808672)
(11.03901586 -12.83559274 -37.47296161)
(14.09616826 -13.63567667 -37.35562817)
(17.71569035 -13.44217635 -37.83007125)
(20.74002858 -14.33432322 -37.71548142)
(24.27945945 -14.81701691 -37.81045942)
(26.89214379 -15.7081912 -37.47578385)
(30.10856609 -16.17690336 -37.55017834)
(33.87739606 -16.72555447 -37.5757196)
(37.03816002 -17.39731112 -37.41105689)
(39.50962045 -18.36581879 -36.93664715)
(42.62685038 -18.59543091 -36.75742929)
(45.97709971 -18.13609814 -36.98644593)
(50 -16.66666667 -30)
(-50 -13.33333333 -30)
(-46.12835898 -13.02755673 -30.98644756)
(-42.46218222 -12.67992252 -31.10401957)
(-38.80919639 -12.68460033 -30.67273628)
(-35.40962206 -12.35050704 -29.95474763)
(-31.75172816 -12.43585466 -29.62671093)
(-28.37006534 -11.49193279 -30.22290137)
(-24.75001065 -11.81558312 -30.37229224)
(-21.22698051 -11.48257161 -30.63940547)
(-17.69111763 -11.73947673 -31.044857)
(-14.22579972 -11.76400746 -31.84061145)
(-11.08053853 -11.86074184 -32.629403)
(-7.889511553 -11.72676016 -33.72262212)
(-4.785740376 -11.4285024 -34.73659767)
(-1.642589971 -11.09303998 -35.69227221)
(1.563511717 -11.03233556 -36.24987068)
(4.865557878 -9.460310726 -36.83879228)
(7.947844552 -9.243118829 -37.27233461)
(11.55614237 -8.984276926 -37.70877195)
(14.64539311 -9.916786523 -37.863363)
(18.32162529 -9.678236244 -38.30338344)
(21.41905779 -10.82593228 -38.24590119)
(24.91578485 -11.32474803 -38.37847955)
(27.77051049 -12.48889685 -37.89247532)
(31.03223131 -13.06139559 -37.8457716)
(34.64075733 -13.48058379 -37.95341367)
(37.77780199 -14.17260158 -37.74595445)
(40.21564982 -15.10883111 -37.26796406)
(43.29426596 -15.4137825 -37.11047596)
(46.45100386 -14.8248423 -37.24473433)
(50 -13.33333333 -30)
(-50 -10 -30)
(-46.00521478 -9.579555016 -31.11297339)
(-42.93123959 -9.216617678 -31.28402984)
(-39.14488592 -9.163237425 -31.0264554)
(-35.49594071 -8.859378473 -30.51359202)
(-31.78702654 -8.895696649 -29.96083557)
(-28.33410727 -8.046137937 -30.70643482)
(-24.54330578 -8.302058241 -30.66247623)
(-21.02937852 -7.955649588 -30.85862717)
(-17.48165139 -8.26419841 -31.47373255)
(-14.06449177 -8.298003044 -32.37985152)
(-10.89181525 -8.401564153 -33.22588062)
(-7.808396049 -8.315886498 -34.42062893)
(-4.722884547 -7.999024735 -35.45915179)
(-1.424504951 -7.453296994 -36.25243092)
(1.89691572 -7.386660812 -36.76741243)
(5.104823719 -5.620838358 -36.67546426)
(8.501982005 -5.459638647 -37.18043771)
(12.12050097 -5.158941325 -37.75669574)
(15.17285376 -6.099993648 -38.17415454)
(19.2125554 -6.295520628 -38.63551068)
(22.01895752 -7.167704194 -38.61129162)
(25.5928407 -7.730490681 -38.67882598)
(28.44501498 -9.086447354 -38.39429862)
(31.75940916 -9.763666081 -38.29918563)
(35.49818701 -10.43009082 -38.33142264)
(38.72129309 -11.41595424 -37.91103295)
(41.12849721 -12.16450089 -37.50181403)
(43.85423511 -12.11907816 -37.46875303)
(46.94427703 -11.53011363 -37.58310656)
(50 -10 -30)
(-50 -6.666666667 -30)
(-45.76022012 -6.179298874 -31.49571894)
(-42.64555295 -5.749233138 -31.53809812)
(-39.14201932 -5.65641617 -31.50068744)
(-35.64828683 -5.251131734 -30.77964837)
(-31.89589706 -5.31120521 -30.27966769)
(-28.19099675 -4.545425726 -30.36201746)
(-24.40681007 -4.755507127 -30.46120591)
(-20.8287877 -4.459905193 -30.64192193)
(-17.37785534 -4.697473384 -31.36218426)
(-14.04461089 -4.677524339 -32.3099558)
(-10.8505951 -4.793667512 -33.38282452)
(-7.728602171 -4.674117292 -34.43706973)
(-4.51458297 -4.354381617 -35.42168288)
(-1.118925691 -3.727308482 -36.11163776)
(2.224998994 -3.649287691 -36.83389103)
(5.4812699 -1.904010579 -36.47706339)
(8.810060922 -1.820377465 -36.92872877)
(11.88977092 -1.68918829 -37.21408018)
(15.5997842 -2.650654688 -38.09009036)
(18.39348126 -2.646881273 -38.23636909)
(22.40988695 -3.710051285 -38.73057203)
(25.57239227 -4.430418362 -38.74447752)
(29.06988462 -5.914452433 -38.64176941)
(32.4408315 -6.988603476 -38.51007626)
(35.47229486 -7.534144402 -38.34486718)
(38.57307943 -8.294341381 -38.03497268)
(41.71005422 -8.799285275 -37.85080202)
(44.16705602 -8.713663158 -37.8155619)
(47.4375502 -8.235384969 -37.92147879)
(50 -6.666666667 -30)
(-50 -3.333333333 -30)
(-45.56480244 -2.77270055 -31.8559922)
(-41.96089216 -2.449795046 -31.70676919)
(-38.63713701 -2.208747233 -31.16843136)
(-35.25040483 -1.793879269 -30.30368076)
(-31.68475008 -1.840850234 -29.87470338)
(-28.00671985 -1.505112524 -29.59003514)
(-24.30491518 -1.449859532 -29.81603772)
(-20.96918949 -0.9911520571 -30.3242058)
(-17.51898452 -1.18121918 -31.00442856)
(-14.32610201 -1.17247254 -31.9185487)
(-11.00674763 -1.261639014 -32.96928599)
(-7.854437762 -1.219927723 -33.84396465)
(-4.62219601 -1.00413367 -34.69692079)
(-1.384781222 -0.4105980404 -35.2886246)
(2.216969567 -0.1164758842 -36.27482012)
(5.297148732 1.064095118 -35.94060015)
(8.632621003 1.188394548 -36.53551058)
(12.59429111 0.9230435372 -37.66727772)
(15.49773426 0.8740957206 -37.83312903)
(18.12353598 1.054688104 -37.76261954)
(21.88634882 0.03765446438 -38.52250069)
(25.00759333 -0.7196424019 -38.74075747)
(28.53036557 -2.271606403 -38.7473569)
(32.02619332 -3.348682545 -38.66121354)
(34.90483656 -4.007128466 -38.52423642)
(38.05914221 -4.81925505 -38.32663989)
(41.66919704 -5.48955263 -38.15887548)
(44.39104039 -5.282813312 -38.27152842)
(47.76101139 -4.926453333 -38.27403327)
(50 -3.333333333 -30)
(-50 0 -30)
(-45.85120919 0.6955356291 -31.99786376)
(-42.24171566 1.011618429 -32.0460801)
(-39.07614857 1.103559164 -31.00332521)
(-35.97058916 1.397235738 -29.99342186)
(-32.25536151 1.343997289 -29.43091455)
(-28.48026817 1.579706001 -29.03592651)
(-24.77662855 1.752807074 -29.29811667)
(-21.34929997 2.184564702 -29.79781531)
(-18.03818347 2.182785666 -30.74078407)
(-14.56971873 2.3216836 -31.54873859)
(-11.21001834 2.255835119 -32.4843951)
(-7.869871711 2.353518994 -33.40762318)
(-4.544182469 2.586410763 -34.25667299)
(-1.137406493 3.302148105 -34.89267875)
(2.199730372 3.395450313 -35.70567023)
(5.576818568 4.022124812 -36.06226514)
(9.234741157 3.946622574 -37.08705617)
(12.191633 3.86466807 -37.27881552)
(15.18802611 3.711474015 -37.53721046)
(19.09835737 3.290187873 -38.38884391)
(21.95959606 3.01986945 -38.52818685)
(24.8427582 2.869001776 -38.60937863)
(28.41304462 1.348501155 -38.90361689)
(31.61155514 0.2912383869 -38.81235081)
(34.52674314 -0.4375911311 -38.70851044)
(37.64816293 -1.296305114 -38.585216)
(40.98132692 -2.239128863 -38.45435886)
(44.69001124 -1.786669557 -38.53482489)
(47.4639017 -1.487653997 -38.47196288)
(50 0 -30)
(-50 3.333333333 -30)
(-45.82183568 4.095410199 -31.86802253)
(-42.25461563 4.181326192 -31.29782646)
(-39.13103403 4.331127407 -30.24504969)
(-35.90884372 4.687521923 -29.22413801)
(-32.19305076 4.724828685 -28.82670847)
(-28.51802871 5.016412031 -28.80288053)
(-24.89383192 5.316936138 -29.26553897)
(-21.37485667 5.76587969 -29.8141009)
(-18.11569876 5.781730003 -30.6301379)
(-15.00280936 5.716764438 -31.39858124)
(-11.4866863 5.751294199 -32.18283804)
(-8.004318743 5.936544573 -33.02704406)
(-4.571080472 6.150069641 -33.82344952)
(-1.440040572 6.388015595 -34.23350419)
(2.016083657 6.532127631 -35.10296512)
(4.785408452 6.562702264 -35.15616219)
(8.378875396 6.694581623 -36.19750267)
(11.23054256 6.722563451 -36.39727437)
(14.72389848 6.552051014 -37.09790001)
(18.24153186 6.318566637 -37.80322629)
(21.55249662 6.035215287 -38.24446802)
(24.41620559 5.874900409 -38.40355018)
(27.95651995 4.875259593 -38.81219763)
(31.35284934 3.985183849 -38.94691538)
(34.53779759 3.242599648 -38.94218652)
(37.71748897 2.33535403 -38.83799855)
(41.02726096 1.373457778 -38.71535219)
(44.31147089 1.662350019 -38.83588118)
(46.88173395 1.800466081 -38.63674279)
(50 3.333333333 -30)
(-50 6.666666667 -30)
(-46.00259455 7.177770413 -31.13392137)
(-42.47075512 7.333879004 -30.51643848)
(-39.39099605 7.615242013 -29.53000453)
(-36.09648401 8.195176892 -28.73419575)
(-32.43830121 8.331586865 -28.63498876)
(-28.8923436 8.485282743 -29.05488284)
(-25.4668355 8.52684452 -29.46239372)
(-22.02593127 8.637867586 -29.79644614)
(-18.62752023 8.738538892 -30.01323471)
(-15.29003671 8.454342292 -30.80860216)
(-12.25838501 8.313891425 -31.53160546)
(-8.691305851 8.50054486 -32.29776287)
(-5.272565998 8.760442908 -33.06853156)
(-2.10832982 8.885039798 -33.45871688)
(1.232226432 9.071982908 -34.23733678)
(5.02079152 9.223949367 -35.37586959)
(8.065218159 9.299465626 -35.80095388)
(11.95706372 9.150857023 -36.9544302)
(15.7894887 8.859950255 -37.76151706)
(18.49329864 8.689791369 -37.9057486)
(21.86510196 8.446632117 -38.41779685)
(25.22524458 7.918620651 -38.74574254)
(28.09319513 7.935401704 -38.84280926)
(31.32880714 7.212953765 -39.00085141)
(34.04340208 6.788403663 -38.89757913)
(37.52956139 5.870334814 -38.93224438)
(41.03524327 4.973089101 -38.94419315)
(43.78480712 5.045358511 -38.82744967)
(46.29956619 5.088586158 -38.80152271)
(50 6.666666667 -30)
(-50 10 -30)
(-46.07512796 10.27125357 -30.38829611)
(-42.70455469 10.4567038 -29.73400523)
(-39.41283589 11.07414008 -29.03189963)
(-35.71894643 11.68670321 -28.4828004)
(-32.39834929 11.72979206 -28.72469584)
(-29.03045517 11.60750278 -29.31118129)
(-25.33702744 11.42019302 -29.6059474)
(-21.63673821 11.29024937 -30.10101209)
(-18.10304684 11.20998196 -30.77326565)
(-14.66917962 11.08058473 -31.56535372)
(-11.55778071 11.19631263 -32.19977696)
(-8.284776567 11.3091585 -32.64605342)
(-5.055387959 11.49498838 -33.24557548)
(-1.330840183 11.73910485 -34.28144017)
(1.861840998 11.85714185 -34.88954337)
(5.855035838 11.96307696 -36.25009029)
(8.981948264 11.87199556 -36.64625941)
(12.96217249 11.50823277 -37.7490833)
(16.85507891 11.1678495 -38.4251341)
(19.47915771 10.64339523 -38.46840718)
(22.85503816 10.56638437 -38.82409214)
(26.07362143 10.01625556 -39.01451877)
(28.74870722 9.711323649 -39.02178808)
(31.72160924 9.482888873 -39.00614441)
(33.33771751 10.21816933 -38.77895236)
(36.85597048 9.273406867 -38.85023235)
(40.38933407 8.379697691 -38.92520691)
(43.18190658 8.398986069 -38.93392278)
(45.71739844 8.376706236 -38.96630262)
(50 10 -30)
(-50 13.33333333 -30)
(-46.02523894 13.48007358 -29.72347616)
(-42.39202771 13.81056362 -29.16155223)
(-38.85004851 14.38982116 -28.55747506)
(-35.259816 15.10662773 -28.27653849)
(-31.79932746 14.92183336 -29.11884716)
(-28.25044137 14.39228798 -29.71173809)
(-24.44193074 14.28410164 -29.67976934)
(-21.03603855 14.06098817 -30.34933222)
(-17.73533116 13.7614275 -31.30227403)
(-14.22645937 13.72798102 -32.14269974)
(-10.84006888 14.08245005 -32.88327937)
(-7.543879379 14.20192482 -33.32075541)
(-4.296505511 14.33344252 -33.95697096)
(-0.5533505456 14.59316991 -35.10416345)
(2.667737699 14.67289402 -35.73104781)
(6.689280156 14.70220456 -37.12431099)
(9.89867837 14.44452548 -37.49156494)
(13.75149381 13.99238455 -38.37205896)
(17.21153637 14.01728372 -38.61200604)
(20.2998773 12.82583342 -38.93074644)
(22.65505822 13.8770882 -38.64593246)
(25.46354504 13.67310049 -38.79206803)
(28.11906721 13.26266058 -38.85335842)
(31.10065882 12.96533714 -38.87309901)
(33.71709393 12.97212945 -38.56321081)
(36.18237958 12.67647892 -38.76822032)
(39.74342487 11.78630628 -38.90622068)
(42.57900604 11.75261363 -39.04039589)
(45.29343177 11.72716748 -38.68116999)
(50 13.33333333 -30)
(-50 16.66666667 -30)
(-46.40009043 16.85894464 -29.41485294)
(-42.78937194 17.30045136 -28.9554479)
(-39.29270818 17.93415915 -28.4708885)
(-35.75288196 18.64461423 -28.24031372)
(-32.23571036 18.41046006 -28.85186537)
(-28.86684099 17.68212538 -29.41058842)
(-25.20567939 17.08955618 -29.78140066)
(-21.55685905 17.22309123 -29.84028282)
(-18.18266788 16.82925106 -30.6192203)
(-14.88650091 16.60950251 -31.52623689)
(-11.20218995 16.61226331 -32.43264115)
(-7.372637022 16.92798318 -33.45403878)
(-3.696110643 17.14258751 -34.51220309)
(-0.5951911366 17.28009961 -35.02346793)
(3.077568165 17.43417966 -36.14020979)
(5.968293568 17.50919472 -36.41152442)
(9.839098079 17.24860329 -37.49124598)
(12.92983791 17.42629132 -37.6861234)
(16.50749054 17.63438681 -38.06730285)
(19.87764224 16.73063811 -38.63801257)
(22.03032349 17.47449021 -38.17695991)
(24.86138918 17.25378826 -38.33255783)
(27.73480308 16.88161738 -38.5186092)
(30.623393 16.53741703 -38.62185267)
(33.66388546 16.10152378 -38.50338744)
(35.83075929 16.03083772 -38.4943297)
(39.09751566 15.19291487 -38.88723444)
(42.13296858 15.12828863 -38.73456265)
(44.88564023 15.08400275 -38.35003644)
(50 16.66666667 -30)
(-50 20 -30)
(-46.55520912 20.34813131 -29.29950319)
(-42.93381245 20.73832306 -29.46651794)
(-39.49466736 21.39223255 -29.02530011)
(-36.01841449 22.05047355 -28.86705842)
(-32.53682334 21.99533249 -28.97557302)
(-29.12448764 21.2293777 -29.29079645)
(-25.68332677 20.51039824 -29.75870914)
(-22.15513568 20.57246068 -29.85288298)
(-18.57804084 20.24474769 -30.33900707)
(-15.15283583 20.02361968 -30.97555615)
(-11.70012832 19.78460672 -31.78296214)
(-8.175406331 19.47333718 -32.85224073)
(-4.427058505 19.69803427 -33.7610102)
(-1.394596901 19.85696564 -34.2112077)
(2.307976015 20.05198451 -35.25468166)
(5.25182325 20.48180289 -35.4930591)
(8.958886153 20.31942657 -36.70399733)
(12.1458787 20.7345132 -36.87461031)
(15.67337828 20.97320189 -37.37791358)
(19.1959835 20.40869508 -38.08537407)
(21.39945369 21.0129354 -37.61549808)
(24.23966984 20.76641987 -37.78331963)
(27.21176825 20.42102503 -38.05902952)
(30.08101902 20.02928214 -38.26521432)
(33.16000961 19.58776332 -38.09254373)
(36.00345554 19.31308084 -38.06872706)
(38.78663042 18.63371145 -38.37671952)
(41.7283922 18.50979109 -38.31975113)
(44.47784869 18.44083802 -38.0189029)
(50 20 -30)
(-50 23.33333333 -30)
(-46.45691973 23.79599371 -29.65163971)
(-43.00427444 24.05509626 -30.15163985)
(-39.58630013 24.68605122 -29.78222411)
(-36.24566817 25.43923386 -29.52643617)
(-32.95554796 25.50379756 -29.06260151)
(-29.55080071 24.69302453 -29.05178303)
(-26.24834824 23.82221875 -29.42692696)
(-22.76350473 23.88561676 -29.74654597)
(-19.26265882 23.54253843 -30.23449151)
(-15.6825433 23.36381155 -30.63273619)
(-12.22420116 23.09521013 -31.23943775)
(-8.694889285 22.48714525 -32.04607142)
(-5.183059384 22.3226338 -33.03308577)
(-2.087694694 22.51349781 -33.30163212)
(1.536438659 22.74255811 -34.36937373)
(4.516529396 23.24772364 -34.53671048)
(8.163838385 23.2463642 -35.78302492)
(11.18077313 23.59785949 -36.00019421)
(14.62949755 23.82342962 -36.61759203)
(18.40478286 23.87094939 -37.35188707)
(20.74663923 24.34726684 -36.83186016)
(23.61246684 24.23140144 -37.17699816)
(26.62789253 23.82683126 -37.46598095)
(29.58167374 23.50637688 -37.78029923)
(32.54080705 23.05326702 -37.97934647)
(35.55926897 22.75393908 -37.65112972)
(38.48378644 22.07532862 -37.8544069)
(41.32381582 21.89129354 -37.9049396)
(44.07005716 21.79767328 -37.68776936)
(50 23.33333333 -30)
(-50 26.66666667 -30)
(-46.32278829 27.03864516 -30.2795721)
(-42.9380727 27.42767842 -30.77867802)
(-39.49613786 27.95702338 -30.55442512)
(-36.44749066 28.7535845 -30.24872325)
(-33.24054442 28.84479455 -29.69338866)
(-29.75696319 28.23999904 -29.19017516)
(-26.38846868 27.33130198 -29.10089953)
(-23.15468824 27.35301379 -29.60789651)
(-19.80218971 26.97906333 -30.19870372)
(-16.43776135 26.62140983 -30.76753605)
(-12.91880322 26.48723631 -31.14893722)
(-9.239503768 25.80565125 -31.48772625)
(-5.829378393 25.27582167 -32.28414455)
(-2.800851628 25.54260133 -32.48461549)
(0.8409610074 25.53108811 -33.43455995)
(3.76738661 26.08609249 -33.60281323)
(7.41484951 26.0563619 -34.79357636)
(10.31071783 26.4102185 -35.0210221)
(13.65355983 26.56731544 -35.75378249)
(17.48414901 26.94103836 -36.51356056)
(19.9986014 27.4653687 -36.00375135)
(23.01796555 27.43407367 -36.30038984)
(26.06887834 27.1455402 -36.74660644)
(29.04816258 26.94686784 -37.27395621)
(32.07955165 26.55267076 -37.55120351)
(35.0548062 26.2035504 -37.41828929)
(38.14664413 25.50760914 -37.51250412)
(40.91923944 25.27279599 -37.49012808)
(43.66226562 25.15450855 -37.35663581)
(50 26.66666667 -30)
(-50 30 -30)
(-46.62326161 30.24940776 -30.87699114)
(-43.35355 30.68575486 -31.38896488)
(-39.88538224 31.13993363 -31.29970003)
(-36.99671779 31.95325929 -30.89293429)
(-33.77352274 32.04240969 -30.32944052)
(-30.39361958 31.48196297 -29.58490782)
(-26.86122287 30.7470009 -29.26618026)
(-23.71340708 30.73867443 -29.70719187)
(-20.25387277 30.46022717 -30.12285784)
(-16.9981466 30.08395824 -30.74555864)
(-13.66023658 29.82528557 -31.30826299)
(-9.911610076 29.20919555 -31.29347737)
(-6.430180136 28.54937503 -31.69533405)
(-3.548412444 28.80822712 -31.87462436)
(0.03674837522 28.49680988 -32.64634695)
(2.915326122 29.11850817 -32.83499138)
(6.615604738 28.89680182 -33.85298168)
(9.473321102 29.38378681 -34.05047784)
(12.84408715 29.40563238 -34.7443858)
(16.54391687 29.73656186 -35.57249139)
(19.20369645 30.44364262 -35.13417804)
(22.31664724 30.5504889 -35.46312011)
(25.4484333 30.34176136 -35.98189334)
(28.60005239 30.13654007 -36.45685549)
(31.60729958 29.95077308 -36.97123543)
(34.34825618 29.44996056 -37.22058369)
(37.75458226 28.92059029 -37.04000198)
(40.51466306 28.65429845 -37.07531656)
(43.25447408 28.51134382 -37.02550227)
(50 30 -30)
(-50 33.33333333 -30)
(-46.69660221 33.55183708 -31.44388873)
(-43.80601173 34.07681829 -31.79765837)
(-40.36557596 34.52195754 -31.78178261)
(-37.35639597 35.18511899 -31.60323499)
(-34.2271545 35.09758426 -31.09703412)
(-30.75658731 34.79520094 -30.1623385)
(-27.32915683 34.11948964 -29.61129125)
(-24.14010483 34.18150872 -29.95034999)
(-20.69634883 33.92062949 -30.33690682)
(-17.30515302 33.67257039 -30.82591937)
(-14.04615467 33.42379458 -31.36329142)
(-10.54060625 32.62575901 -31.50188572)
(-7.076550264 31.97087547 -31.40640991)
(-4.239911686 32.36479784 -31.65987798)
(-0.7439079884 31.86973953 -32.17234388)
(2.040706058 32.55443466 -32.5130217)
(5.724915448 32.02603345 -33.14946965)
(8.552056147 32.60834743 -33.29861252)
(12.07616954 32.4722204 -33.77144115)
(15.73961881 32.58915597 -34.53055631)
(18.43274875 33.37357541 -34.23162337)
(21.54300803 33.56231147 -34.63333414)
(24.75492031 33.38888593 -35.19737002)
(27.9547028 33.17516233 -35.7085469)
(31.08369793 33.08002648 -36.19859806)
(34.06660695 32.78981941 -36.53485082)
(37.26715225 32.33612437 -36.75884885)
(40.13957527 32.01575916 -36.74177619)
(42.84668254 31.86817908 -36.69436872)
(50 33.33333333 -30)
(-50 36.66666667 -30)
(-46.72501991 36.94117191 -31.88911405)
(-44.073344 37.43509823 -32.37298454)
(-40.9123097 37.77600992 -32.3526574)
(-38.11696057 38.02540939 -32.23168425)
(-34.90199064 37.95201075 -31.79843921)
(-31.31652601 37.71013387 -30.87855061)
(-27.84385724 37.33703143 -30.12564502)
(-24.74708464 37.43362181 -30.13585309)
(-21.21129039 37.32598513 -30.22947631)
(-17.78052084 37.14496048 -30.6272055)
(-14.54709188 36.93241031 -31.11780006)
(-11.11465837 36.12797824 -31.54707243)
(-7.749351113 35.43924391 -31.46851121)
(-4.96139102 35.90160452 -31.47108294)
(-1.450714823 35.40701735 -31.82434121)
(1.330177928 35.963139 -31.87893104)
(4.803290341 35.40048801 -32.69850312)
(7.565763433 35.91035997 -32.70584054)
(11.09721621 35.66580731 -33.09891912)
(14.82548652 35.50828207 -33.6161991)
(17.59184678 36.16682249 -33.37421608)
(20.76587385 36.53820409 -33.79240645)
(24.01783461 36.35695191 -34.4100347)
(27.23479747 36.15549107 -34.98392635)
(30.49820333 36.12586537 -35.43407756)
(33.67270765 36.05417174 -35.85288441)
(36.7449314 35.67849783 -36.47742429)
(39.82286443 35.36372551 -36.21048923)
(42.43788138 35.22277658 -36.39557671)
(50 36.66666667 -30)
(-50 40 -30)
(-46.93105469 40.39754502 -32.16644184)
(-44.53875928 40.92176385 -32.44329556)
(-41.80494281 40.80885278 -32.56333706)
(-38.55459325 40.79204384 -32.58438202)
(-35.15100166 40.71986467 -32.05763457)
(-31.96171676 40.56379095 -31.54253529)
(-28.46798189 40.28347123 -30.73343198)
(-25.5462813 40.33105755 -30.48780734)
(-22.05471947 40.40745377 -30.14346282)
(-18.57755226 40.28201066 -30.3058788)
(-15.19643048 40.31634465 -30.81065241)
(-11.76016425 39.52282075 -31.24538904)
(-8.458614147 38.87860709 -31.45117714)
(-5.648710981 39.47939243 -31.46309458)
(-2.160111868 38.92531538 -31.43579827)
(0.7714192968 39.38681697 -31.31641576)
(4.173168697 38.83836935 -31.97590664)
(6.93745593 39.35705037 -31.93580378)
(10.24247727 39.07913331 -32.45716366)
(13.75995529 38.61110786 -32.95296305)
(16.62520042 39.23598331 -32.86320734)
(19.98739184 39.63023766 -33.03811343)
(23.2907836 39.39386136 -33.6422634)
(26.53840385 39.14926575 -34.24228801)
(29.75071843 39.01617407 -34.7468331)
(33.12262302 39.2137538 -35.17675134)
(36.4460744 38.90218031 -35.72661633)
(39.30035414 38.70175968 -36.03924929)
(42.18136302 38.50931253 -35.87862508)
(50 40 -30)
(-50 43.33333333 -30)
(-47.2330525 43.78572528 -32.31267574)
(-43.82366987 43.55546472 -32.19617866)
(-40.95416422 43.50322475 -32.34435076)
(-37.77073671 43.31920286 -31.99387244)
(-34.33549376 43.38222788 -31.50137084)
(-31.44651161 43.40371649 -31.34958184)
(-28.46862357 43.20962729 -30.97543958)
(-24.9108417 43.53320974 -30.8822983)
(-21.59268339 43.65232163 -30.60718277)
(-18.25533432 43.50140414 -30.98030763)
(-14.94876058 43.79036715 -31.27900161)
(-11.8163034 43.0449628 -31.20222451)
(-8.645496218 42.44685666 -31.39678594)
(-5.757167457 43.26389642 -31.33966104)
(-2.545594351 42.65604638 -31.28634731)
(0.6426145829 43.12615147 -31.69523092)
(3.739002723 42.46070147 -31.73058746)
(7.109628877 43.18929882 -32.15831429)
(10.01311609 42.92736553 -32.20316491)
(13.2588401 42.28209145 -32.50682673)
(16.50537773 43.05996711 -32.72929768)
(19.7258904 43.41340328 -33.00609517)
(23.00960197 42.99726293 -33.14996499)
(26.0356229 42.51474796 -33.62894943)
(29.19367617 42.28476592 -34.1362717)
(32.55656203 42.36629919 -34.50873908)
(35.91560732 42.0496907 -35.0539595)
(39.0060438 41.96054414 -35.45126217)
(41.83834503 41.8075059 -35.49958747)
(50 43.33333333 -30)
(-50 46.66666667 -30)
(-46.3962923 46.38105157 -32.11414873)
(-43.11115068 45.96166529 -31.62865438)
(-40.15859901 46.06413385 -31.80415508)
(-36.95040248 45.99959436 -31.42956195)
(-33.45833866 46.13358527 -31.04383098)
(-30.5911015 46.17742329 -30.96925579)
(-27.68973181 46.2063316 -30.86179418)
(-24.07695956 46.54415666 -31.06130464)
(-21.13093477 46.63899659 -31.11412973)
(-17.89678721 46.74091383 -31.25769434)
(-14.33242917 46.54016402 -31.26293402)
(-11.66303367 46.57810079 -31.36476164)
(-8.918416382 46.09674459 -31.43293782)
(-4.885616024 46.07232574 -31.77632975)
(-2.250096964 46.0674014 -31.78943774)
(1.650776788 46.02544943 -32.10869545)
(4.277875786 46.01588173 -32.10136473)
(8.221768095 46.31508949 -32.62291726)
(10.88760314 46.30261081 -32.67182474)
(13.56495533 46.18426247 -32.71067765)
(17.2663008 46.43040936 -33.13415854)
(20.62553339 46.63823675 -33.43777109)
(23.34992012 46.65034686 -33.46966176)
(26.27770234 46.19119008 -33.67123076)
(29.24820112 45.98982695 -34.09232025)
(32.45194363 46.00541687 -34.36652808)
(35.58355796 45.48915869 -34.59152716)
(38.68259395 45.15145336 -34.76767546)
(41.68906629 45.18904274 -35.08814991)
(50 46.66666667 -30)
(-50 50 -30)
(-46.66666667 50 -30)
(-43.33333333 50 -30)
(-40 50 -30)
(-36.66666667 50 -30)
(-33.33333333 50 -30)
(-30 50 -30)
(-26.66666667 50 -30)
(-23.33333333 50 -30)
(-20 50 -30)
(-16.66666667 50 -30)
(-13.33333333 50 -30)
(-10 50 -30)
(-6.666666667 50 -30)
(-3.333333333 50 -30)
(0 50 -30)
(3.333333333 50 -30)
(6.666666667 50 -30)
(10 50 -30)
(13.33333333 50 -30)
(16.66666667 50 -30)
(20 50 -30)
(23.33333333 50 -30)
(26.66666667 50 -30)
(30 50 -30)
(33.33333333 50 -30)
(36.66666667 50 -30)
(40 50 -30)
(43.33333333 50 -30)
(46.66666667 50 -30)
(50 50 -30)
(-50 -50 -23.33333333)
(-46.66666667 -50 -23.33333333)
(-43.33333333 -50 -23.33333333)
(-40 -50 -23.33333333)
(-36.66666667 -50 -23.33333333)
(-33.33333333 -50 -23.33333333)
(-30 -50 -23.33333333)
(-26.66666667 -50 -23.33333333)
(-23.33333333 -50 -23.33333333)
(-20 -50 -23.33333333)
(-16.66666667 -50 -23.33333333)
(-13.33333333 -50 -23.33333333)
(-10 -50 -23.33333333)
(-6.666666667 -50 -23.33333333)
(-3.333333333 -50 -23.33333333)
(0 -50 -23.33333333)
(3.333333333 -50 -23.33333333)
(6.666666667 -50 -23.33333333)
(10 -50 -23.33333333)
(13.33333333 -50 -23.33333333)
(16.66666667 -50 -23.33333333)
(20 -50 -23.33333333)
(23.33333333 -50 -23.33333333)
(26.66666667 -50 -23.33333333)
(30 -50 -23.33333333)
(33.33333333 -50 -23.33333333)
(36.66666667 -50 -23.33333333)
(40 -50 -23.33333333)
(43.33333333 -50 -23.33333333)
(46.66666667 -50 -23.33333333)
(50 -50 -23.33333333)
(-50 -46.66666667 -23.33333333)
(-45.00533346 -46.61813426 -25.49724322)
(-41.88176393 -46.64815258 -25.80468612)
(-39.21640638 -46.7321482 -25.47807847)
(-36.29063944 -46.74056498 -25.36023384)
(-33.8229688 -46.81125208 -25.26683622)
(-28.67947149 -46.40341546 -24.91130435)
(-25.76795794 -46.23486424 -24.20865127)
(-22.53125282 -45.95570639 -24.15799708)
(-19.37640969 -46.36554587 -24.27842832)
(-16.38420093 -46.52702622 -24.80411924)
(-13.54197447 -46.45879369 -25.02485123)
(-10.3066969 -46.18015148 -25.53313645)
(-7.059830245 -45.79858232 -26.07992177)
(-4.14000828 -45.6383922 -26.36764483)
(-1.599045277 -45.65474038 -26.3256548)
(2.546357615 -45.53117914 -27.7573827)
(5.820973404 -45.52749066 -28.11158161)
(8.872564278 -45.97246741 -28.5348923)
(12.44372459 -46.91277789 -28.42758475)
(15.11525191 -46.99343696 -28.72357978)
(18.20132176 -46.64344478 -28.79046525)
(21.42954098 -46.8193413 -28.96317116)
(24.57477313 -47.47451672 -28.78050439)
(27.8664951 -47.5824169 -29.03000186)
(31.10365971 -47.44435483 -29.40700611)
(34.43323057 -47.37206042 -29.61451745)
(37.72161221 -47.95094584 -29.43832121)
(40.70793576 -48.081886 -29.56738903)
(44.1042803 -47.85620389 -29.90616932)
(50 -46.66666667 -23.33333333)
(-50 -43.33333333 -23.33333333)
(-44.5423263 -43.13493492 -25.66024966)
(-41.16656711 -43.22066449 -26.02007611)
(-38.13090585 -43.90818998 -26.02202152)
(-35.04019267 -43.93506378 -25.51756764)
(-32.52533255 -44.11493775 -25.19306746)
(-28.80820339 -42.96066455 -24.19430894)
(-25.55740441 -42.73875343 -23.68839359)
(-22.24193949 -42.36110091 -23.93675071)
(-18.9869047 -42.746318 -24.43172261)
(-15.71313363 -43.01379627 -24.92842731)
(-12.49545275 -43.35543309 -25.4353553)
(-9.368584852 -42.99885244 -26.10772892)
(-6.191972485 -42.60656062 -26.71318398)
(-3.024664472 -42.85665198 -27.33901524)
(-0.4775779455 -42.9862922 -27.34855259)
(3.373548213 -41.78528012 -28.10901393)
(6.746927507 -41.80443883 -28.336709)
(9.896282743 -42.22654932 -28.4728167)
(12.54981509 -43.26792428 -28.99082222)
(16.00859545 -43.07738708 -29.08782042)
(19.22020146 -43.03255701 -29.27242572)
(22.56713588 -43.40699428 -29.45795255)
(25.35584978 -44.24019161 -29.64020065)
(28.65722187 -44.38229006 -29.68725313)
(32.21576985 -44.4260229 -30.02298837)
(35.63981646 -44.77067269 -30.16422152)
(38.38418681 -45.45635608 -29.74957155)
(41.80011561 -45.30032691 -30.01327461)
(45.05570967 -45.11205823 -30.43085998)
(50 -43.33333333 -23.33333333)
(-50 -40 -23.33333333)
(-45.18750109 -39.74085502 -25.73640649)
(-41.87077649 -39.96570237 -25.39980078)
(-38.43837551 -40.5026795 -25.78942511)
(-35.00374 -40.63360492 -25.31295472)
(-31.62134032 -40.9219579 -24.97221665)
(-28.93652686 -39.49901054 -23.67405527)
(-26.21715881 -39.34341218 -23.4125702)
(-22.76291021 -38.97870293 -23.37354419)
(-19.44364015 -39.23372583 -23.99360884)
(-16.11151078 -39.37194555 -24.61258226)
(-12.79545301 -39.62201435 -25.33712587)
(-9.306617492 -39.25403863 -25.78672633)
(-5.990667675 -38.84105011 -26.41070369)
(-2.904269109 -38.94093787 -27.22239236)
(0.4066060879 -39.4112844 -27.6836974)
(3.423571516 -37.90728066 -27.5215105)
(6.592514554 -37.85466053 -27.81385627)
(10.02581422 -38.2277308 -27.75888075)
(12.68637665 -39.26280243 -28.27689961)
(16.26803617 -38.93777243 -28.77538795)
(19.50582737 -39.04373248 -29.11049391)
(22.80036551 -39.43199012 -29.58552844)
(25.80611354 -40.51046905 -29.561875)
(29.20917134 -40.76031874 -29.9163843)
(32.62664973 -40.77879663 -30.41560974)
(35.9286464 -41.22668515 -30.81417769)
(38.80309914 -42.08985304 -30.41219599)
(42.29505747 -42.12974752 -30.82681367)
(45.50534332 -41.79581467 -30.92432037)
(50 -40 -23.33333333)
(-50 -36.66666667 -23.33333333)
(-45.24520462 -36.40894051 -25.07588259)
(-41.73124771 -36.52287459 -24.64450969)
(-38.36871221 -37.23432828 -24.77626163)
(-34.86843571 -37.37338804 -24.268972)
(-31.55632268 -37.62925596 -23.9932961)
(-28.76004857 -36.02637709 -23.00339682)
(-25.64655794 -35.89359096 -23.02937102)
(-22.24001471 -35.42921784 -23.37462408)
(-18.85912307 -35.70928632 -23.86527343)
(-15.54466902 -35.76573683 -24.58205549)
(-12.18194114 -36.02205132 -25.21610596)
(-8.817922648 -35.57175168 -25.82438954)
(-5.468715367 -35.1629388 -26.40809282)
(-2.133022592 -35.22691859 -27.14326975)
(0.9060599631 -35.49269775 -27.5105077)
(4.085472503 -34.00450116 -27.32042187)
(7.588297586 -34.07336561 -27.77737385)
(10.60330703 -34.37423765 -28.2647186)
(13.78304522 -35.48067663 -28.22742553)
(16.97189226 -34.96357873 -29.02058517)
(20.01279272 -35.20127504 -29.64756252)
(23.20704436 -35.6382433 -30.20911921)
(26.21853616 -36.84340486 -30.10054508)
(29.64550844 -37.06610287 -30.28516504)
(33.22688984 -37.15543414 -30.80874347)
(36.2273007 -37.68788129 -31.08066612)
(39.51255633 -38.8969227 -31.2090915)
(42.80719858 -38.71764176 -31.37767774)
(45.30819705 -38.2461572 -31.20184005)
(50 -36.66666667 -23.33333333)
(-50 -33.33333333 -23.33333333)
(-44.83688712 -33.17723817 -24.36045559)
(-41.50080932 -33.30716777 -23.69670806)
(-38.01396444 -33.80791967 -23.97536129)
(-34.55746106 -33.86466594 -23.55679839)
(-31.34324744 -34.07364912 -23.33774965)
(-28.70527805 -32.41576531 -22.61538567)
(-25.40994919 -32.29315944 -22.79081304)
(-22.06953097 -31.80925194 -23.21008113)
(-18.87778022 -32.02173345 -24.04925514)
(-15.45828212 -32.09740868 -24.20508116)
(-11.97951971 -32.33138165 -24.74684607)
(-8.765777851 -31.98141601 -25.18128927)
(-5.498647222 -31.56280338 -25.76373961)
(-2.119982679 -31.46228439 -26.50612221)
(1.157407154 -31.52260189 -27.33841013)
(3.562587828 -30.29168476 -27.95219328)
(6.909294095 -30.36542941 -28.49382151)
(10.08514998 -30.45005078 -28.95249157)
(13.35617992 -31.4710272 -28.60213694)
(16.09490214 -31.01876038 -29.39407974)
(19.57477042 -31.28660942 -29.87248288)
(22.60923459 -31.74426331 -30.16664085)
(26.1260362 -33.06777582 -30.4138467)
(29.57201883 -33.4156053 -30.65551272)
(32.53349549 -33.53069311 -30.74852454)
(35.52860206 -34.12105835 -30.92030039)
(38.86678643 -35.40567787 -31.27172187)
(42.32663131 -35.26481004 -31.70598134)
(45.11105078 -34.69649973 -31.47935973)
(50 -33.33333333 -23.33333333)
(-50 -30 -23.33333333)
(-45.30861738 -29.85235263 -23.83598425)
(-41.9993303 -29.88274466 -23.17900379)
(-38.40706789 -30.42122034 -23.1540581)
(-34.96486732 -30.28179772 -23.02583938)
(-31.50239793 -30.48296568 -22.74682537)
(-28.90079792 -28.85474737 -22.78188752)
(-25.73287409 -28.83821289 -22.34530755)
(-22.50247574 -28.49424317 -22.56302579)
(-19.27092835 -28.60355212 -23.37116609)
(-16.02204375 -28.6548769 -23.58443498)
(-12.4851165 -28.95073304 -23.91029932)
(-9.171269711 -28.58278498 -24.47504465)
(-6.070620541 -28.11143815 -25.38918541)
(-3.156331228 -27.98257617 -26.17598635)
(0.1696125067 -28.01521375 -27.05898457)
(3.445218935 -26.57165092 -28.11517791)
(6.353172864 -26.50382285 -28.3774766)
(9.480925896 -26.4199401 -29.01222503)
(12.77654289 -27.50310288 -29.21295568)
(15.36510742 -27.2768509 -29.86505487)
(18.47052495 -27.66451293 -30.0257804)
(21.70714492 -28.08846956 -30.41323312)
(25.46252604 -29.30717731 -30.46636977)
(28.82063837 -29.772186 -30.78240387)
(31.7450068 -29.94958686 -30.92700562)
(34.89554163 -30.52752119 -30.94120346)
(38.1880653 -31.90299308 -30.90409336)
(41.33642531 -32.2998175 -31.2742046)
(44.43093506 -31.59287027 -31.55341599)
(50 -30 -23.33333333)
(-50 -26.66666667 -23.33333333)
(-45.79159667 -26.48518649 -24.32503796)
(-42.49275747 -26.47700507 -23.78199683)
(-39.00391509 -26.85301342 -23.14169799)
(-35.57290814 -26.73316339 -23.2728574)
(-32.03629289 -26.94345488 -23.00000149)
(-28.59340608 -25.29078368 -23.00777573)
(-25.66594575 -25.35621851 -22.93846772)
(-22.29525326 -24.89396763 -22.90920221)
(-18.99402536 -25.04303936 -23.1341011)
(-15.37114908 -25.11289349 -23.33788213)
(-12.12628808 -25.29823358 -23.94420823)
(-8.881770966 -24.90422947 -24.97591388)
(-5.714133812 -24.44810935 -25.96907399)
(-2.717233225 -24.20698241 -26.77612104)
(0.2837715693 -24.21764936 -27.48426734)
(3.886634039 -22.90653389 -29.05141854)
(6.653741132 -22.83227274 -29.46273941)
(9.656070726 -22.64671155 -30.14647226)
(12.59707448 -23.62521359 -30.07897849)
(15.65096345 -23.4090476 -30.90198896)
(18.63302302 -23.91864468 -30.9108243)
(21.90068918 -24.40525988 -31.37128954)
(25.02646777 -25.70310763 -31.03001006)
(28.38431251 -26.18371427 -31.2762038)
(31.67898016 -26.29562426 -31.58035891)
(34.79120776 -26.86416184 -31.43552785)
(37.64721348 -28.29261771 -30.89776778)
(40.70321375 -28.89960794 -30.93419712)
(43.86492692 -28.16764484 -31.45025116)
(50 -26.66666667 -23.33333333)
(-50 -23.33333333 -23.33333333)
(-45.48103178 -23.01317578 -24.07420252)
(-41.88466177 -22.94806971 -23.8491188)
(-38.53519857 -23.63481888 -23.87379371)
(-34.85359007 -23.30520014 -23.83018725)
(-31.52737278 -23.36899407 -23.20659721)
(-28.29532101 -21.63129685 -22.94332145)
(-25.06583434 -21.84814556 -22.84313761)
(-21.60282371 -21.43507585 -22.89267316)
(-18.26118136 -21.5864998 -23.09616025)
(-14.78797139 -21.60184321 -23.81573257)
(-11.69795264 -21.7743157 -24.61403108)
(-8.438257528 -21.39813506 -25.71716909)
(-5.206172503 -20.92863715 -26.71423212)
(-2.099803323 -20.60846564 -27.54730231)
(0.8948038309 -20.56018328 -28.25459506)
(4.242386302 -19.39080595 -30.2020981)
(6.957355906 -19.22500871 -30.61819506)
(9.980720396 -18.96995368 -31.3519479)
(12.81362792 -19.86572205 -31.19662749)
(16.19053038 -19.69146541 -32.01816177)
(18.91530797 -20.31367393 -32.01097364)
(22.41928349 -20.68473162 -32.15095075)
(25.20972353 -22.09186848 -31.87380311)
(28.49960036 -22.61317514 -32.12091468)
(31.85232745 -22.8473592 -32.52369903)
(34.9485524 -23.5141445 -32.34005743)
(37.43514569 -24.70136783 -31.43558994)
(40.54681372 -25.34210638 -31.37052675)
(44.19190531 -24.77353637 -31.85045073)
(50 -23.33333333 -23.33333333)
(-50 -20 -23.33333333)
(-45.51244663 -19.45067952 -23.81428187)
(-41.87425939 -19.32904295 -23.45496641)
(-38.42457627 -19.97564803 -24.0669759)
(-34.89238201 -19.5329583 -23.73060761)
(-31.34517742 -19.63748537 -23.180434)
(-28.08444796 -17.95405114 -22.79992032)
(-24.74002183 -18.23172011 -22.68980608)
(-21.26645351 -17.86536733 -23.24552869)
(-17.75081717 -18.072709 -23.44424593)
(-14.46104391 -18.06031229 -24.44182116)
(-11.19687718 -18.21987743 -25.19946381)
(-7.902306089 -17.87400301 -26.35456447)
(-4.79887751 -17.4646836 -27.5892759)
(-1.744036176 -17.13712481 -28.62216836)
(1.279244522 -17.0758671 -29.35588985)
(4.58674601 -15.82728832 -31.31204054)
(7.309838701 -15.56191935 -31.69303387)
(10.56266745 -15.27455357 -32.42580214)
(13.36298602 -16.17562292 -32.25361749)
(17.11456453 -16.08669477 -32.9880537)
(19.85401951 -16.85935871 -32.83599296)
(23.39955698 -17.4156555 -33.07500447)
(25.9218567 -18.59246478 -32.56655931)
(29.00023431 -19.12110164 -32.87076104)
(32.82124967 -19.73904778 -33.12195221)
(35.98965014 -20.61437337 -32.97377486)
(38.10811989 -21.64346138 -32.24859458)
(41.41680011 -22.30293811 -31.93339212)
(45.2053068 -21.87264192 -32.16565684)
(50 -20 -23.33333333)
(-50 -16.66666667 -23.33333333)
(-45.78203614 -15.9656764 -23.68961617)
(-42.02709698 -15.690486 -23.82855655)
(-38.32885722 -16.21879858 -24.10257597)
(-34.88732995 -15.80004745 -23.36378019)
(-31.20607275 -15.8935498 -22.98076049)
(-27.88783602 -14.34346731 -22.89577881)
(-24.38060228 -14.74834973 -23.16483577)
(-20.81902059 -14.32450225 -23.56927438)
(-17.24400658 -14.62073095 -23.99917479)
(-13.79425181 -14.63215943 -24.98400639)
(-10.73241843 -14.77323057 -25.97461503)
(-7.537595705 -14.52672014 -27.31784485)
(-4.368565974 -14.08677209 -28.54816376)
(-1.3701856 -13.75706147 -29.77332857)
(1.634698092 -13.75719055 -30.60524487)
(4.987036582 -12.09472397 -32.15005839)
(7.785496435 -11.81746623 -32.61078229)
(11.38535448 -11.5585681 -33.29728214)
(14.35044657 -12.62534667 -33.14083756)
(18.06536492 -12.36734625 -33.77342834)
(20.98670477 -13.5568754 -33.62064189)
(24.59483482 -14.20046699 -33.74727923)
(26.96730283 -15.38869938 -33.30104513)
(30.14475479 -16.01364893 -33.40023778)
(34.0587503 -16.74518374 -33.4342928)
(37.16199114 -17.64085928 -33.21474252)
(39.34616061 -18.93220282 -32.58219621)
(42.39135606 -19.23835233 -32.34323905)
(45.74724406 -18.62590863 -32.64859458)
(50 -16.66666667 -23.33333333)
(-50 -13.33333333 -23.33333333)
(-45.94892308 -12.9256312 -24.64859674)
(-42.17179851 -12.46211891 -24.80535943)
(-38.41226186 -12.46835599 -24.23031504)
(-34.99060719 -12.02289827 -23.27299684)
(-31.22452644 -12.13669511 -22.83561458)
(-27.82675379 -10.8781326 -23.63053517)
(-24.11112531 -11.30966638 -23.82972299)
(-20.5248629 -10.86565104 -24.18587396)
(-16.92149017 -11.2081912 -24.726476)
(-13.41217741 -11.24089883 -25.78748193)
(-10.32960693 -11.36987801 -26.83920399)
(-7.186015404 -11.19123577 -28.29682949)
(-4.158764945 -10.79355876 -29.64879689)
(-1.07900885 -10.34627553 -30.92302962)
(2.084682289 -10.2653363 -31.66649424)
(5.376299394 -8.169303191 -32.45172305)
(8.374903847 -7.879713995 -33.02977947)
(12.0748565 -7.534591456 -33.61169594)
(15.08274636 -8.777937586 -33.81781733)
(18.87327816 -8.459870548 -34.40451125)
(21.89207705 -9.990131923 -34.32786825)
(25.44326869 -10.6552196 -34.50463939)
(28.13845843 -12.20741802 -33.85663376)
(31.37630842 -12.97074968 -33.79436213)
(35.07656533 -13.52966727 -33.93788489)
(38.14818044 -14.45235767 -33.6612726)
(40.28753309 -15.7006637 -33.02395207)
(43.28124351 -16.10726556 -32.81396794)
(46.37911625 -15.32201195 -32.99297911)
(50 -13.33333333 -23.33333333)
(-50 -10 -23.33333333)
(-45.78473081 -9.439406687 -24.81729786)
(-42.79720835 -8.955490237 -25.04537312)
(-38.8598479 -8.884316567 -24.70194053)
(-35.10569873 -8.479171298 -24.01812269)
(-31.27159095 -8.527595532 -23.2811141)
(-27.7788097 -7.394850583 -24.27524643)
(-23.83551882 -7.736077655 -24.21663498)
(-20.26139358 -7.274199451 -24.47816956)
(-16.64220186 -7.68559788 -25.29831006)
(-13.19710013 -7.730670725 -26.5064687)
(-10.07797588 -7.868752204 -27.6345075)
(-7.077861398 -7.75451533 -29.22750524)
(-4.074957174 -7.332032981 -30.61220239)
(-0.7882288235 -6.604395992 -31.66990789)
(2.529220959 -6.515547749 -32.35654991)
(5.695320515 -4.161117811 -32.23395235)
(9.113753785 -3.946184862 -32.90725028)
(12.82733463 -3.5452551 -33.67559432)
(15.78602723 -4.799991531 -34.23220605)
(20.06118498 -5.060694171 -34.84734757)
(22.69194336 -6.223605592 -34.81505549)
(26.34600982 -6.973987575 -34.90510131)
(29.03779776 -8.781929805 -34.52573149)
(32.34587888 -9.684888108 -34.39891417)
(36.2198049 -10.57345443 -34.44189686)
(39.40616857 -11.88793898 -33.88137726)
(41.50466295 -12.88600119 -33.33575204)
(44.02786904 -12.82543755 -33.29167071)
(47.03681381 -12.04015151 -33.44414208)
(50 -10 -23.33333333)
(-50 -6.666666667 -23.33333333)
(-45.45807127 -6.016842943 -25.32762525)
(-42.41629282 -5.443421962 -25.38413083)
(-38.85602576 -5.319666005 -25.33424992)
(-35.30882688 -4.779286757 -24.3728645)
(-31.41675164 -4.859384724 -23.70622359)
(-27.58799567 -3.838345413 -23.81602328)
(-23.65352454 -4.118453947 -23.94827455)
(-19.99393915 -3.724318035 -24.18922925)
(-16.50380712 -4.041075623 -25.14957901)
(-13.1705923 -4.014476896 -26.4132744)
(-10.02301568 -4.169334461 -27.84376603)
(-6.971469562 -4.009934167 -29.2494263)
(-3.797221738 -3.583619934 -30.56224384)
(-0.3807898099 -2.74752242 -31.48218369)
(2.966665326 -2.6434947 -32.44518804)
(6.197248755 -0.31645855 -31.96941786)
(9.524525674 -0.2049477316 -32.57163836)
(12.51969456 -0.03002883152 -32.95210691)
(16.35526782 -1.311984028 -34.12012048)
(18.96908613 -1.306952809 -34.31515879)
(23.2131826 -2.724512824 -34.97409604)
(26.31874525 -3.68500226 -34.9926367)
(29.87095727 -5.663714354 -34.85569255)
(33.25444199 -7.095915746 -34.68010168)
(36.18528203 -7.823303647 -34.45982291)
(39.20855035 -8.836899619 -34.04663024)
(42.28007229 -9.510158144 -33.80106936)
(44.44496358 -9.395995322 -33.75408253)
(47.69451137 -8.75829107 -33.89530505)
(50 -6.666666667 -23.33333333)
(-50 -3.333333333 -23.33333333)
(-45.19751436 -2.585822956 -25.8079896)
(-41.50341178 -2.155282284 -25.60902559)
(-38.18284935 -1.833885199 -24.89124182)
(-34.77831755 -1.280727914 -23.73824101)
(-31.13522233 -1.343355868 -23.16627118)
(-27.34229313 -0.8957055872 -22.78671352)
(-23.51766468 -0.8220349315 -23.0880503)
(-20.18114155 -0.210424965 -23.76560774)
(-16.69197936 -0.4638477959 -24.67257142)
(-13.54591379 -0.4521856086 -25.89139827)
(-10.23121906 -0.571074241 -27.29238132)
(-7.139250349 -0.5154591859 -28.45861954)
(-3.940705791 -0.2277337825 -29.59589439)
(-0.7352638513 0.5636470572 -30.3848328)
(2.955959423 0.9558099321 -31.69976016)
(5.951753865 2.529904602 -31.25413354)
(9.287939115 2.695637175 -32.04734744)
(13.45905481 2.341835827 -33.55637029)
(16.21920123 2.276572072 -33.77750538)
(18.60915909 2.517361916 -33.68349272)
(22.51513177 1.161317064 -34.69666759)
(25.56568 0.1515879085 -34.98767662)
(29.15159854 -1.917697426 -34.99647586)
(32.70159109 -3.353798949 -34.88161805)
(35.42867097 -4.231726843 -34.69898189)
(38.52330073 -5.314562289 -34.43551985)
(42.22559605 -6.208292396 -34.21183398)
(44.7436094 -5.932639972 -34.36203789)
(48.12579296 -5.457493332 -34.3653777)
(50 -3.333333333 -23.33333333)
(-50 0 -23.33333333)
(-45.57939004 0.9273808388 -25.99715168)
(-41.87784311 1.348824571 -26.06144013)
(-38.76819809 1.471412219 -24.67110028)
(-35.73856332 1.862980984 -23.32456248)
(-31.89603757 1.791996385 -22.57455273)
(-27.97369089 2.106274668 -22.04790202)
(-24.14661585 2.337076098 -22.39748889)
(-20.68795552 2.912752935 -23.06375374)
(-17.38424463 2.910380888 -24.32104543)
(-13.87073608 3.095578133 -25.39831812)
(-10.50224667 3.007780158 -26.64586014)
(-7.159828947 3.138025325 -27.87683091)
(-3.836687736 3.448547684 -29.00889732)
(-0.4054308798 4.402864141 -29.85690499)
(2.93297383 4.527267084 -30.94089364)
(6.32464698 5.362833083 -31.41635352)
(10.09076599 5.262163433 -32.78274156)
(12.92217733 5.15289076 -33.0384207)
(15.80625704 4.94863202 -33.38294728)
(19.90892093 4.386917164 -34.51845855)
(22.61279474 4.026492601 -34.70424913)
(25.34589982 3.825335701 -34.81250484)
(28.9951706 1.79800154 -35.20482252)
(32.14874019 0.3883178492 -35.08313441)
(34.92454642 -0.5834548415 -34.94468059)
(37.97532835 -1.728406819 -34.780288)
(41.30843589 -2.98550515 -34.60581181)
(45.14223721 -2.382226076 -34.71309985)
(47.72964671 -1.983538663 -34.62928384)
(50 0 -23.33333333)
(-50 3.333333333 -23.33333333)
(-45.54022535 4.349435821 -25.82403004)
(-41.89504306 4.463990478 -25.06376861)
(-38.8413787 4.663725432 -23.66006625)
(-35.65623608 5.13891812 -22.29885067)
(-31.81295657 5.188660469 -21.76894463)
(-28.02403828 5.577438264 -21.73717404)
(-24.302887 5.978137072 -22.35405196)
(-20.72203112 6.576728475 -23.08546786)
(-17.48759835 6.597862226 -24.1735172)
(-14.44819026 6.511241473 -25.19810832)
(-10.87113729 6.557281154 -26.24378405)
(-7.339091658 6.804281653 -27.36939208)
(-3.87255174 7.088981744 -28.43126603)
(-0.808942985 7.406243015 -28.97800559)
(2.688111543 7.598392398 -30.13728683)
(5.269433491 7.639158575 -30.20821625)
(8.949611639 7.814997719 -31.59667023)
(11.64072342 7.852306824 -31.8630325)
(15.1874202 7.624956907 -32.79720002)
(18.76648692 7.313644405 -33.73763506)
(22.06999549 6.935842605 -34.32595736)
(24.77716301 6.722089434 -34.5380669)
(28.38647105 5.389235012 -35.08293017)
(31.80379913 4.202467354 -35.26255384)
(34.93928567 3.212355086 -35.2562487)
(38.06776307 2.002694263 -35.1173314)
(41.36968128 0.7201659256 -34.95380292)
(44.63751674 1.105355581 -35.11450824)
(46.95342304 1.28951033 -34.84899039)
(50 3.333333333 -23.33333333)
(-50 6.666666667 -23.33333333)
(-45.78123718 7.348138328 -24.84522849)
(-42.18322904 7.556283117 -24.02191797)
(-39.18799474 7.931433794 -22.7066727)
(-35.90642312 8.704680301 -21.64559434)
(-32.13995717 8.886560264 -21.51331835)
(-28.52312479 9.091488102 -22.07317712)
(-25.06689178 9.146903804 -22.61652496)
(-21.59013058 9.294934559 -23.06192819)
(-18.17002697 9.429162967 -23.35097961)
(-14.83116006 9.050234168 -24.41146954)
(-11.9000689 8.862966344 -25.37547394)
(-8.255074468 9.111837591 -26.39701716)
(-4.807865776 9.458368322 -27.42470874)
(-1.699995316 9.624497508 -27.94495584)
(1.642968576 9.873754988 -28.98311571)
(5.583277582 10.07637693 -30.50115945)
(8.531401989 10.17706528 -31.0679385)
(12.6094183 9.978920475 -32.60590694)
(16.60820715 9.591044784 -33.68202274)
(19.10217597 9.36416627 -33.87433146)
(22.48680261 9.039953934 -34.55706246)
(25.85588166 8.335938646 -34.99432338)
(28.56870462 8.358313383 -35.12374569)
(31.77174285 7.395049465 -35.33446855)
(34.28009166 6.828982662 -35.19677218)
(37.81719296 5.604890863 -35.24299251)
(41.38032436 4.408563246 -35.25892419)
(43.93529838 4.504922459 -35.10326623)
(46.17719937 4.562559322 -35.06869694)
(50 6.666666667 -23.33333333)
(-50 10 -23.33333333)
(-45.8779484 10.36167143 -23.85106148)
(-42.49496181 10.60893839 -22.97867364)
(-39.21711452 11.43218677 -22.04253283)
(-35.40303968 12.24893762 -21.31040054)
(-32.08668794 12.30638942 -21.63292779)
(-28.70727355 12.14333704 -22.41490839)
(-24.89381436 11.89359069 -22.80792987)
(-21.0712065 11.72033249 -23.46801611)
(-17.47072912 11.61330928 -24.36435419)
(-14.00335061 11.44077964 -25.42047163)
(-10.96592983 11.5950835 -26.26636928)
(-7.713035423 11.74554467 -26.86140456)
(-4.518295056 11.99331784 -27.6607673)
(-0.6633424662 12.31880647 -29.04192022)
(2.482454665 12.47618914 -29.85272449)
(6.69560334 12.61743595 -31.66678706)
(9.753708797 12.49599407 -32.19501255)
(13.94956332 12.01097703 -33.66544441)
(18.02899411 11.55713266 -34.56684546)
(20.41665472 10.85786031 -34.62454291)
(23.80671755 10.75517915 -35.09878952)
(26.9870508 10.02167408 -35.3526917)
(29.44272073 9.615098198 -35.3623841)
(32.29547899 9.310518498 -35.34152588)
(33.3391789 10.29089244 -35.03860315)
(36.91907176 9.031209156 -35.13364313)
(40.51911209 7.839596922 -35.23360921)
(43.131431 7.865314759 -35.24523038)
(45.40097569 7.835608315 -35.28840349)
(50 10 -23.33333333)
(-50 13.33333333 -23.33333333)
(-45.8114297 13.52898699 -22.96463488)
(-42.07825917 13.96964038 -22.21540297)
(-38.46673135 14.74198377 -21.40996675)
(-34.79086578 15.69772586 -21.03538465)
(-31.28799216 15.45133337 -22.15846288)
(-27.66725516 14.74527286 -22.94898411)
(-23.7003521 14.60102441 -22.90635912)
(-20.27027363 14.30353978 -23.79910963)
(-16.98044155 13.90412556 -25.0696987)
(-13.41305693 13.85953025 -26.19026631)
(-10.00898073 14.33215562 -27.17770582)
(-6.725172505 14.49145531 -27.76100722)
(-3.506451793 14.66681225 -28.60929461)
(0.3733103837 15.01311543 -30.1388846)
(3.556983599 15.11941425 -30.97473041)
(7.807929097 15.15849497 -32.83241466)
(10.9760156 14.81492287 -33.32208659)
(15.00199175 14.21206829 -34.49607862)
(18.50427072 14.24526718 -34.81600806)
(21.51094751 12.65666679 -35.24099525)
(23.54007762 14.05833982 -34.86124328)
(26.1736156 13.7863562 -35.05609071)
(28.60320072 13.239103 -35.13781123)
(31.4675451 12.84267174 -35.16413201)
(33.84501413 12.85172816 -34.75094774)
(36.02095055 12.45752745 -35.02429376)
(39.65789982 11.2706306 -35.20829424)
(42.32756362 11.22570706 -35.38719452)
(44.8356868 11.19177887 -34.90822665)
(50 13.33333333 -23.33333333)
(-50 16.66666667 -23.33333333)
(-46.31123168 16.92303729 -22.55313726)
(-42.60805148 17.51171293 -21.9405972)
(-39.05694424 18.35665665 -21.29451801)
(-35.44828705 19.30393009 -20.98708495)
(-31.86983603 18.99172452 -21.80248716)
(-28.48912132 18.02061162 -22.54745123)
(-24.71868363 17.23051935 -23.04186755)
(-20.96470096 17.40856609 -23.12037709)
(-17.5768905 16.88344586 -24.15896041)
(-14.29311233 16.59044779 -25.36831585)
(-10.49180883 16.59412885 -26.57685486)
(-6.496849363 17.01508869 -27.93871838)
(-2.705925302 17.3012278 -29.34960411)
(0.317522929 17.48457726 -30.03129057)
(4.103424219 17.69001732 -31.52027972)
(6.846613646 17.7900374 -31.88203256)
(10.89657522 17.44258216 -33.32166131)
(13.90645055 17.67949953 -33.58149786)
(17.56554294 17.95696019 -34.08973714)
(20.94796743 16.75196193 -34.85068343)
(22.70709799 17.74376473 -34.23594655)
(25.37074112 17.44949546 -34.44341044)
(28.09084856 16.95326761 -34.69147893)
(30.83119067 16.49433382 -34.82913689)
(33.7740695 15.91314282 -34.67118325)
(35.5521235 15.81889474 -34.65910627)
(38.79668755 14.70166427 -35.18297926)
(41.732847 14.61549596 -34.97941687)
(44.29196475 14.55644811 -34.46671526)
(50 16.66666667 -23.33333333)
(-50 20 -23.33333333)
(-46.5180566 20.46417508 -22.39933759)
(-42.80063882 20.98443075 -22.62202392)
(-39.32622315 21.85631007 -22.03373349)
(-35.80233043 22.73396473 -21.82274455)
(-32.27132 22.66044331 -21.96743069)
(-28.83265018 21.63917027 -22.38772859)
(-25.35554681 20.68053098 -23.01161218)
(-21.76240312 20.76328091 -23.13717731)
(-18.10405446 20.32633025 -23.78534276)
(-14.64822556 20.0314929 -24.63407486)
(-11.15572664 19.71280897 -25.71061619)
(-7.567208441 19.29778291 -27.13632098)
(-3.680522452 19.59737903 -28.3480136)
(-0.7483514232 19.80928752 -28.94827693)
(3.077301354 20.06931269 -30.33957554)
(5.891319888 20.64240386 -30.65741213)
(9.722959315 20.4259021 -32.27199644)
(12.8611716 20.97935093 -32.49948042)
(16.45339327 21.29760252 -33.17055143)
(20.03908911 20.54492677 -34.1138321)
(21.86593825 21.35058054 -33.48733078)
(24.54178201 21.02189317 -33.71109284)
(27.39346877 20.5613667 -34.07870603)
(30.10802537 20.03904285 -34.35361909)
(33.10223503 19.45035109 -34.12339164)
(35.78238517 19.08410779 -34.09163609)
(38.38217389 18.17828194 -34.5022927)
(41.19341183 18.01305478 -34.42633484)
(43.7482427 17.92111736 -34.02520387)
(50 20 -23.33333333)
(-50 23.33333333 -23.33333333)
(-46.38700409 23.95021383 -22.86885294)
(-42.89458814 24.2956839 -23.5355198)
(-39.44840017 25.13695718 -23.04296548)
(-36.10533534 26.1412007 -22.7019149)
(-32.8296195 26.22728564 -22.08346868)
(-29.40106761 25.14625493 -22.06904403)
(-26.10890877 23.98518056 -22.56923594)
(-22.57356186 24.06971124 -22.99539463)
(-19.01687843 23.61227346 -23.64598868)
(-15.35450217 23.37397096 -24.17698158)
(-11.85449044 23.01583573 -24.985917)
(-8.25985238 22.20508255 -26.06142856)
(-4.688523623 21.98573396 -27.3774477)
(-1.672481814 22.2402193 -27.73550949)
(2.048584879 22.54563304 -29.15916498)
(4.910928083 23.21918708 -29.38228064)
(8.662895625 23.21737449 -31.04403323)
(11.57436417 23.68603488 -31.33359228)
(15.06155229 23.98679505 -32.15678937)
(18.98415493 24.05015474 -33.13584943)
(20.99551898 24.68524468 -32.44248021)
(23.70551135 24.53075748 -32.90266421)
(26.61496782 23.99133057 -33.28797459)
(29.44223165 23.56405806 -33.70706564)
(32.27663162 22.95991158 -33.97246197)
(35.19013641 22.56080766 -33.53483963)
(37.97838192 21.65599371 -33.80587586)
(40.65397665 21.41061361 -33.8732528)
(43.20452065 21.2857866 -33.58369248)
(50 23.33333333 -23.33333333)
(-50 26.66666667 -23.33333333)
(-46.20816217 27.16263799 -23.70609613)
(-42.80631915 27.68134901 -24.37157069)
(-39.32818382 28.38714229 -24.07256683)
(-36.37443199 29.44922378 -23.66496433)
(-33.20961478 29.57083717 -22.92451821)
(-29.67595093 28.76444316 -22.25356687)
(-26.29573601 27.55284709 -22.1345327)
(-23.09513988 27.58179616 -22.81052868)
(-19.73625295 27.08319554 -23.59827162)
(-16.36145958 26.60632422 -24.35671473)
(-12.78062652 26.42742619 -24.86524963)
(-8.986005024 25.51864611 -25.31696833)
(-5.550282302 24.81220668 -26.3788594)
(-2.623357727 25.16791289 -26.64615399)
(1.121281343 25.15256192 -27.9127466)
(3.912071036 25.89256777 -28.1370843)
(7.664243792 25.85292697 -29.72476848)
(10.41429044 26.32473578 -30.02802947)
(13.760302 26.53419837 -31.00504332)
(17.75664313 27.03249559 -32.01808074)
(19.9981352 27.73160271 -31.33833514)
(22.91284295 27.68987601 -31.73385312)
(25.86961556 27.30516472 -32.32880859)
(28.73088345 27.04026823 -33.03194161)
(31.66162442 26.51467213 -33.40160468)
(34.51751937 26.04917832 -33.22438572)
(37.52885883 25.12125662 -33.35000549)
(40.11454148 24.80817244 -33.32017077)
(42.6607986 24.65045585 -33.14218108)
(50 26.66666667 -23.33333333)
(-50 30 -23.33333333)
(-46.60879325 30.33254368 -24.50265485)
(-43.36028889 30.91433981 -25.1852865)
(-39.84717632 31.51991151 -25.06626671)
(-37.10673483 32.60434572 -24.52391239)
(-33.92025255 32.72321293 -23.77258736)
(-30.52482611 31.97595062 -22.77987709)
(-26.92607493 30.99600121 -22.35490701)
(-23.84009833 30.98489924 -22.94292249)
(-20.33849702 30.61363623 -23.49714379)
(-17.10863992 30.11194432 -24.32741152)
(-13.76920433 29.76704743 -25.07768398)
(-9.882146767 28.94559407 -25.05796983)
(-6.351351292 28.06583337 -25.59377874)
(-3.620105481 28.41096949 -25.83283247)
(0.04899783363 27.99574651 -26.86179594)
(2.775990385 28.82467756 -27.11332184)
(6.598584095 28.52906909 -28.47064224)
(9.29776147 29.17838241 -28.73397046)
(12.68100508 29.20750984 -29.65918106)
(16.50300026 29.64874914 -30.76332186)
(18.93826194 30.59152349 -30.17890405)
(21.97775188 30.7339852 -30.61749348)
(25.04235551 30.45568182 -31.30919113)
(28.13340318 30.18205343 -31.94247399)
(31.03195499 29.93436411 -32.6283139)
(33.57545269 29.26661408 -32.96077825)
(37.00610968 28.56078705 -32.72000263)
(39.57510631 28.20573126 -32.76708874)
(42.11707655 28.01512509 -32.70066969)
(50 30 -23.33333333)
(-50 33.33333333 -23.33333333)
(-46.70658073 33.62467166 -25.25851831)
(-43.9635712 34.32464661 -25.73021117)
(-40.48743461 34.9181656 -25.70904348)
(-37.58630573 35.80238088 -25.47097999)
(-34.52509488 35.6856679 -24.7960455)
(-31.00878308 35.28249015 -23.54978467)
(-27.54998689 34.38154174 -22.81505501)
(-24.40902867 34.46423385 -23.26713331)
(-20.92846511 34.11639488 -23.78254243)
(-17.51798181 33.78564941 -24.43455916)
(-14.28376178 33.45394833 -25.15105523)
(-10.72080833 32.3899009 -25.33584763)
(-7.21317813 31.51672285 -25.20854654)
(-4.54210447 32.04195268 -25.54650398)
(-0.9918773179 31.38187492 -26.22979183)
(1.609830299 32.29480177 -26.68402894)
(5.410998375 31.59026682 -27.5326262)
(8.069408196 32.36668547 -27.73148336)
(11.65711494 32.18518276 -28.36192154)
(15.43060286 32.34109685 -29.37407508)
(17.91033166 33.38698943 -28.97549782)
(20.94623293 33.63863752 -29.51111219)
(24.11767152 33.40740347 -30.26316002)
(27.27293706 33.12243867 -30.9447292)
(30.33381946 32.99559086 -31.59813074)
(33.19992038 32.6086481 -32.04646776)
(36.356203 32.00372138 -32.3451318)
(39.07498926 31.57656777 -32.32236826)
(41.5733545 31.37979433 -32.2591583)
(50 33.33333333 -23.33333333)
(-50 36.66666667 -23.33333333)
(-46.74447099 37.03267366 -25.85215207)
(-44.32001423 37.69124208 -26.49731273)
(-41.21641294 38.145791 -26.47020986)
(-38.60039187 38.47832363 -26.30891234)
(-35.42487641 38.38045878 -25.73125229)
(-31.75536802 38.05795627 -24.50473414)
(-28.2362541 37.56048636 -23.50086003)
(-25.21833507 37.68927353 -23.51447079)
(-21.61505385 37.54575795 -23.63930175)
(-18.15180557 37.30439175 -24.16960733)
(-14.95167806 37.02099153 -24.82373342)
(-11.48621116 35.94841543 -25.39609658)
(-8.110245928 35.03010298 -25.29134827)
(-5.504076916 35.64658381 -25.29477725)
(-1.93428643 34.98713424 -25.76578828)
(0.6624594597 35.72862977 -25.83857473)
(4.182164899 34.97842845 -26.93133749)
(6.754351244 35.65825773 -26.94112073)
(10.35184384 35.33218753 -27.4652255)
(14.21175981 35.12215387 -28.15493213)
(16.78912904 36.00020776 -27.8322881)
(19.91005402 36.49538322 -28.38987527)
(23.13489059 36.25371365 -29.2133796)
(26.3130633 35.9850992 -29.97856846)
(29.55316 35.94559827 -30.57877008)
(32.67472131 35.85000676 -31.13717921)
(35.65990853 35.34910822 -31.96989905)
(38.65270813 34.92941179 -31.61398565)
(41.02828629 34.74147988 -31.86076895)
(50 36.66666667 -23.33333333)
(-50 40 -23.33333333)
(-47.01918403 40.53006002 -26.22192245)
(-44.94056792 41.22901847 -26.59106075)
(-42.40659042 41.07847037 -26.75111608)
(-39.18390211 41.05605846 -26.77917603)
(-35.7568911 40.95981956 -26.07684609)
(-32.61562234 40.75172127 -25.39004705)
(-29.0684203 40.37796164 -24.31124264)
(-26.28393063 40.44141007 -23.98374312)
(-22.73962596 40.54327169 -23.5246171)
(-19.21451412 40.37601422 -23.74117173)
(-15.81746287 40.42179287 -24.41420322)
(-12.34688567 39.363761 -24.99385205)
(-9.055929974 38.50480945 -25.26823619)
(-6.420503531 39.30585657 -25.28412611)
(-2.880149157 38.56708717 -25.24773103)
(-0.08255204869 39.18242263 -25.08855435)
(3.342002707 38.45115913 -25.96787552)
(5.916607907 39.14273383 -25.91440504)
(9.212191916 38.77217775 -26.60955155)
(12.7910515 38.14814382 -27.2706174)
(15.50026723 38.98131107 -27.15094312)
(18.87207801 39.50698354 -27.38415124)
(22.16548924 39.19181515 -28.18968453)
(25.38453847 38.86568767 -28.98971734)
(28.55651346 38.68823209 -29.66244414)
(31.94127514 38.95167173 -30.23566846)
(35.26143254 38.53624041 -30.96882178)
(37.95602774 38.2690129 -31.38566571)
(40.68626181 38.01241671 -31.17150011)
(50 40 -23.33333333)
(-50 43.33333333 -23.33333333)
(-47.42184778 43.93652259 -26.41690098)
(-43.98711538 43.62950852 -26.26157155)
(-41.27221896 43.55985522 -26.45913435)
(-38.13876006 43.3144927 -25.99182992)
(-34.66954724 43.39852606 -25.33516111)
(-31.92868214 43.42717754 -25.13277579)
(-29.06927588 43.16839194 -24.63391943)
(-25.43667783 43.59983521 -24.50973107)
(-22.12357785 43.75865107 -24.14291036)
(-18.7848902 43.55742774 -24.64041017)
(-15.48723632 43.94271176 -25.03866881)
(-12.42173786 42.94883929 -24.93629934)
(-9.305106069 42.15136444 -25.19571459)
(-6.565112165 43.24075078 -25.11954806)
(-3.394125801 42.43028406 -25.04846308)
(-0.2542916672 43.05709085 -25.59364123)
(2.763114742 42.16982418 -25.64078327)
(6.146171836 43.14128732 -26.21108571)
(8.906377008 42.79204293 -26.27088654)
(12.12289791 41.93167749 -26.67576898)
(15.34050363 42.96884504 -26.97239691)
(18.52340942 43.44009326 -27.34146022)
(21.79058041 42.88523946 -27.53328666)
(24.71416386 42.24188617 -28.17193257)
(27.81379045 41.93524345 -28.84836226)
(31.18652715 42.04395447 -29.34498543)
(34.5541431 41.62180982 -30.071946)
(37.56361396 41.50294774 -30.60168289)
(40.22890448 41.29889675 -30.66611663)
(50 43.33333333 -23.33333333)
(-50 46.66666667 -23.33333333)
(-46.30616752 46.28584654 -26.1521983)
(-43.03708979 45.72666483 -25.50487251)
(-40.21146535 45.86328958 -25.73887344)
(-37.04498109 45.77723692 -25.23941594)
(-33.5000071 45.95589147 -24.72510798)
(-30.78813534 46.01434216 -24.62567439)
(-28.03075353 46.05288657 -24.48239224)
(-24.32483497 46.50331999 -24.74840618)
(-21.50791303 46.62977323 -24.81883964)
(-18.30682739 46.76566288 -25.01025912)
(-14.66546111 46.49799648 -25.01724535)
(-12.21737823 46.54857883 -25.15301552)
(-9.66899962 45.90677057 -25.24391709)
(-5.403043588 45.8742121 -25.70177299)
(-3.000129286 45.86764632 -25.71925032)
(1.089924607 45.81171035 -26.14492727)
(3.481612159 45.79895342 -26.13515298)
(7.629024127 46.19789709 -26.83055635)
(10.07235975 46.18125885 -26.89576632)
(12.53105155 46.02346108 -26.94757021)
(16.35506774 46.35165693 -27.51221139)
(19.7229334 46.62876011 -27.91702811)
(22.24433794 46.64490693 -27.95954901)
(25.03693645 46.03269788 -28.22830768)
(27.88649038 45.76421372 -28.78976034)
(31.04703596 45.78500028 -29.15537077)
(34.11141061 45.09665603 -29.45536955)
(37.13234749 44.64638226 -29.69023394)
(40.02986616 44.69650144 -30.11753321)
(50 46.66666667 -23.33333333)
(-50 50 -23.33333333)
(-46.66666667 50 -23.33333333)
(-43.33333333 50 -23.33333333)
(-40 50 -23.33333333)
(-36.66666667 50 -23.33333333)
(-33.33333333 50 -23.33333333)
(-30 50 -23.33333333)
(-26.66666667 50 -23.33333333)
(-23.33333333 50 -23.33333333)
(-20 50 -23.33333333)
(-16.66666667 50 -23.33333333)
(-13.33333333 50 -23.33333333)
(-10 50 -23.33333333)
(-6.666666667 50 -23.33333333)
(-3.333333333 50 -23.33333333)
(0 50 -23.33333333)
(3.333333333 50 -23.33333333)
(6.666666667 50 -23.33333333)
(10 50 -23.33333333)
(13.33333333 50 -23.33333333)
(16.66666667 50 -23.33333333)
(20 50 -23.33333333)
(23.33333333 50 -23.33333333)
(26.66666667 50 -23.33333333)
(30 50 -23.33333333)
(33.33333333 50 -23.33333333)
(36.66666667 50 -23.33333333)
(40 50 -23.33333333)
(43.33333333 50 -23.33333333)
(46.66666667 50 -23.33333333)
(50 50 -23.33333333)
(-50 -50 -16.66666667)
(-46.66666667 -50 -16.66666667)
(-43.33333333 -50 -16.66666667)
(-40 -50 -16.66666667)
(-36.66666667 -50 -16.66666667)
(-33.33333333 -50 -16.66666667)
(-30 -50 -16.66666667)
(-26.66666667 -50 -16.66666667)
(-23.33333333 -50 -16.66666667)
(-20 -50 -16.66666667)
(-16.66666667 -50 -16.66666667)
(-13.33333333 -50 -16.66666667)
(-10 -50 -16.66666667)
(-6.666666667 -50 -16.66666667)
(-3.333333333 -50 -16.66666667)
(0 -50 -16.66666667)
(3.333333333 -50 -16.66666667)
(6.666666667 -50 -16.66666667)
(10 -50 -16.66666667)
(13.33333333 -50 -16.66666667)
(16.66666667 -50 -16.66666667)
(20 -50 -16.66666667)
(23.33333333 -50 -16.66666667)
(26.66666667 -50 -16.66666667)
(30 -50 -16.66666667)
(33.33333333 -50 -16.66666667)
(36.66666667 -50 -16.66666667)
(40 -50 -16.66666667)
(43.33333333 -50 -16.66666667)
(46.66666667 -50 -16.66666667)
(50 -50 -16.66666667)
(-50 -46.66666667 -16.66666667)
(-44.59000016 -46.60600116 -19.37155403)
(-41.51887158 -46.64352406 -19.75585765)
(-39.02050797 -46.74851858 -19.34759808)
(-36.19663264 -46.75903956 -19.2002923)
(-33.94537767 -46.84739843 -19.08354527)
(-28.34933936 -46.33760266 -18.63913043)
(-25.54328076 -46.12691363 -17.76081409)
(-22.33073269 -45.77796632 -17.69749634)
(-19.22051211 -46.29026567 -17.8480354)
(-16.31358449 -46.4921161 -18.50514905)
(-13.59413476 -46.40682545 -18.78106403)
(-10.38337113 -46.05852268 -19.41642057)
(-7.15812114 -45.58156123 -20.09990221)
(-4.341677016 -45.38132359 -20.45955604)
(-1.998806596 -45.40175881 -20.4070685)
(2.349613685 -45.24730726 -22.19672837)
(5.609550088 -45.24269666 -22.63947702)
(8.590705348 -45.7989176 -23.16861537)
(12.22132241 -46.9743057 -23.03448094)
(14.72739822 -47.07512954 -23.40447472)
(17.75165221 -46.63763931 -23.48808156)
(20.9535929 -46.85750995 -23.70396395)
(24.05179974 -47.67647924 -23.47563049)
(27.33311888 -47.81135446 -23.78750232)
(30.5462413 -47.63877688 -24.25875763)
(33.87487155 -47.54840885 -24.51814682)
(37.15201526 -48.27201563 -24.29790151)
(40.05158637 -48.43569084 -24.45923628)
(43.46368371 -48.1535882 -24.88271165)
(50 -46.66666667 -16.66666667)
(-50 -43.33333333 -16.66666667)
(-44.01124121 -43.08533532 -19.57531207)
(-40.62487555 -43.19249727 -20.02509514)
(-37.66363231 -44.05190414 -20.0275269)
(-34.63357417 -44.0854964 -19.39695954)
(-32.32333236 -44.31033886 -18.99133432)
(-28.51025424 -42.86749735 -17.74288617)
(-25.28008885 -42.59010845 -17.11049198)
(-21.96909103 -42.1180428 -17.42093838)
(-18.73363087 -42.59956417 -18.03965327)
(-15.47475038 -42.93391201 -18.66053414)
(-12.28598261 -43.36095803 -19.29419413)
(-9.210731065 -42.91523222 -20.13466115)
(-6.07329894 -42.42486745 -20.89147998)
(-2.947497257 -42.73748164 -21.67376905)
(-0.5969724319 -42.89953191 -21.68569074)
(3.383601934 -41.39826682 -22.63626741)
(6.766992717 -41.42221521 -22.92088625)
(9.870353429 -41.94985332 -23.09102088)
(12.35393553 -43.25157201 -23.73852778)
(15.84407764 -43.01340051 -23.85977553)
(19.02525183 -42.95736292 -24.09053215)
(22.37558652 -43.42540951 -24.32244069)
(25.02814556 -44.46690618 -24.55025082)
(28.32152734 -44.64452924 -24.60906641)
(31.93637898 -44.69919529 -25.02873546)
(35.3831039 -45.13000753 -25.2052769)
(37.98023351 -45.98711176 -24.68696444)
(41.41681118 -45.79207531 -25.01659326)
(44.65297043 -45.55673945 -25.53857497)
(50 -43.33333333 -16.66666667)
(-50 -40 -16.66666667)
(-44.8177097 -39.67606878 -19.67050811)
(-41.50513727 -39.95712796 -19.24975097)
(-38.04796939 -40.62834937 -19.73678138)
(-34.58800833 -40.79200614 -19.1411934)
(-31.19334207 -41.15244737 -18.71527081)
(-28.67065857 -39.37376318 -17.09256908)
(-26.10478185 -39.17926523 -16.76571275)
(-22.62030442 -38.72337867 -16.71693024)
(-19.30455019 -39.04215729 -17.49201106)
(-15.97272181 -39.21493194 -18.26572783)
(-12.66098293 -39.52751794 -19.17140734)
(-9.133271864 -39.06754828 -19.73340791)
(-5.821667927 -38.55131263 -20.51337962)
(-2.797003053 -38.67617233 -21.52799045)
(0.5082576099 -39.2641055 -22.10462175)
(3.446131062 -37.38410082 -21.90188812)
(6.573976526 -37.31832566 -22.26732033)
(10.03226778 -37.78466351 -22.19860094)
(12.52463748 -39.07850303 -22.84612451)
(16.16837855 -38.67221554 -23.46923493)
(19.38228421 -38.80466561 -23.88811739)
(22.66712356 -39.28998765 -24.48191055)
(25.59097526 -40.63808632 -24.45234375)
(29.01146417 -40.95039843 -24.89548037)
(32.44997883 -40.97349579 -25.51951218)
(35.74414133 -41.53335644 -26.01772211)
(38.50387392 -42.6123163 -25.51524499)
(42.0354885 -42.6621844 -26.03351708)
(45.21501248 -42.24476834 -26.15540047)
(50 -40 -16.66666667)
(-50 -36.66666667 -16.66666667)
(-44.88983911 -36.34450897 -18.84485324)
(-41.3307263 -36.48692657 -18.30563712)
(-37.96089027 -37.37624368 -18.47032703)
(-34.41887797 -37.55006839 -17.836215)
(-31.11207002 -37.86990329 -17.49162012)
(-28.45006072 -35.86630469 -16.25424603)
(-25.39153076 -35.70032203 -16.28671377)
(-21.96668506 -35.11985564 -16.7182801)
(-18.57390383 -35.46994123 -17.33159179)
(-15.2641696 -35.54050437 -18.22756936)
(-11.89409309 -35.86089749 -19.02013246)
(-8.52240331 -35.29802293 -19.78048692)
(-5.169227542 -34.78700683 -20.51011602)
(-1.832944907 -34.86698157 -21.42908719)
(1.132574954 -35.19920553 -21.88813462)
(4.273507295 -33.33895978 -21.65052734)
(7.818705315 -33.42504034 -22.22171732)
(10.75413379 -33.8011304 -22.83089825)
(13.8954732 -35.18417912 -22.78428191)
(17.04819866 -34.53780675 -23.77573146)
(20.0159909 -34.83492714 -24.55945315)
(23.17547212 -35.38113745 -25.26139901)
(26.10650354 -36.8875894 -25.12568135)
(29.55688555 -37.16596192 -25.3564563)
(33.20027896 -37.27762601 -26.01092933)
(36.11745921 -37.94318495 -26.35083266)
(39.39069541 -39.45448671 -26.51136438)
(42.6756649 -39.23038553 -26.72209718)
(44.96857965 -38.64102983 -26.50230007)
(50 -36.66666667 -16.66666667)
(-50 -33.33333333 -16.66666667)
(-44.37944224 -33.13821438 -17.95056949)
(-41.04267832 -33.30062638 -17.12088508)
(-37.51745555 -33.92656626 -17.46920162)
(-34.03015966 -33.9974991 -16.94599799)
(-30.84572597 -34.25872806 -16.67218707)
(-28.38159756 -32.1863733 -15.76923208)
(-25.09576983 -32.03311597 -15.9885163)
(-21.75358038 -31.42823159 -16.51260141)
(-18.59722528 -31.69383348 -17.56156892)
(-15.15618599 -31.78842752 -17.75635145)
(-11.6410663 -32.08089373 -18.43355759)
(-8.457222314 -31.64343668 -18.97661159)
(-5.206642361 -31.12017089 -19.70467452)
(-1.816645016 -30.99452215 -20.63265277)
(1.446758942 -31.06991902 -21.67301266)
(3.619901452 -29.53127262 -22.4402416)
(6.969950952 -29.62345342 -23.11727689)
(10.10643747 -29.72923014 -23.69061446)
(13.36189156 -31.00545067 -23.25267118)
(15.95196101 -30.44011714 -24.24259967)
(19.46846303 -30.77492845 -24.8406036)
(22.4282099 -31.34699581 -25.20830107)
(25.99087858 -33.00138645 -25.51730837)
(29.46502354 -33.43617329 -25.8193909)
(32.33353603 -33.58003305 -25.93565567)
(35.24408591 -34.3179896 -26.15037549)
(38.58348304 -35.92376401 -26.58965233)
(42.0749558 -35.74767922 -27.13247668)
(44.72214681 -35.03729133 -26.84919967)
(50 -33.33333333 -16.66666667)
(-50 -30 -16.66666667)
(-44.96910506 -29.81544079 -17.29498031)
(-41.66582955 -29.85343083 -16.47375474)
(-38.00883486 -30.52652542 -16.44257262)
(-34.53941748 -30.35224715 -16.28229923)
(-31.04466408 -30.60370709 -15.93353171)
(-28.6259974 -28.56843421 -15.9773594)
(-25.49942594 -28.54776612 -15.43163444)
(-22.29476134 -28.11780396 -15.70378224)
(-19.08866044 -28.25444015 -16.71395761)
(-15.86088802 -28.31859613 -16.98054373)
(-12.27306229 -28.6884163 -17.38787414)
(-8.964087138 -28.22848122 -18.09380581)
(-5.921609009 -27.63929768 -19.23648176)
(-3.112080702 -27.47822021 -20.21998294)
(0.2120156334 -27.51901718 -21.32373071)
(3.473190336 -25.71456364 -22.64397239)
(6.274799414 -25.62977856 -22.97184575)
(9.35115737 -25.52492513 -23.76528129)
(12.63734528 -26.8788786 -24.0161946)
(15.03971761 -26.59606363 -24.83131858)
(18.08815619 -27.08064116 -25.0322255)
(21.30059781 -27.61058694 -25.5165414)
(25.16149088 -29.13397164 -25.58296221)
(28.52579796 -29.7152325 -25.97800484)
(31.34792516 -29.93698358 -26.15875702)
(34.45276037 -30.65940149 -26.17650433)
(37.73508163 -32.37874135 -26.1301167)
(40.8371983 -32.87477187 -26.59275575)
(43.87200216 -31.99108784 -26.94176998)
(50 -30 -16.66666667)
(-50 -26.66666667 -16.66666667)
(-45.57282918 -26.43981644 -17.90629745)
(-42.28261351 -26.42958967 -17.22749603)
(-38.75489386 -26.8996001 -16.42712249)
(-35.29946851 -26.74978757 -16.59107175)
(-31.71203278 -27.01265193 -16.25000186)
(-28.2417576 -24.94681293 -16.25971966)
(-25.41576552 -25.02860648 -16.17308465)
(-22.03573324 -24.45079287 -16.13650276)
(-18.7425317 -24.63713253 -16.41762638)
(-15.04726969 -24.72445019 -16.67235266)
(-11.82452676 -24.95612531 -17.43026028)
(-8.602213708 -24.46362017 -18.71989235)
(-5.476000598 -23.89347003 -19.96134249)
(-2.563208198 -23.59206134 -20.9701513)
(0.3547144616 -23.60539504 -21.85533417)
(4.024959216 -21.9665007 -23.81427317)
(6.650509749 -21.87367426 -24.32842427)
(9.570088408 -21.64172277 -25.18309032)
(12.41300977 -22.86485032 -25.09872311)
(15.39703765 -22.59464283 -26.1274862)
(18.29127877 -23.23163919 -26.13853038)
(21.54252814 -23.83990819 -26.71411192)
(24.61641805 -25.46221787 -26.28751257)
(27.98039064 -26.06297617 -26.59525475)
(31.26539187 -26.20286366 -26.97544864)
(34.32234303 -26.91353563 -26.79440981)
(37.05901686 -28.69910547 -26.12220972)
(40.04568385 -29.45784326 -26.1677464)
(43.16449199 -28.54288938 -26.81281395)
(50 -26.66666667 -16.66666667)
(-50 -23.33333333 -16.66666667)
(-45.18462306 -22.9331364 -17.59275315)
(-41.52249388 -22.8517538 -17.3113985)
(-38.16899821 -23.71019027 -17.34224214)
(-34.40032092 -23.29816684 -17.28773406)
(-31.07588264 -23.37790925 -16.50824651)
(-27.86915126 -21.20578773 -16.17915181)
(-24.66562626 -21.47684862 -16.05392202)
(-21.1701963 -20.96051148 -16.11584144)
(-17.8264767 -21.14979142 -16.37020031)
(-14.31829757 -21.16897068 -17.26966571)
(-11.28910747 -21.3845613 -18.26753885)
(-8.04782191 -20.91433549 -19.64646136)
(-4.841048962 -20.32746311 -20.89279016)
(-1.791420821 -19.92724872 -21.93412789)
(1.118504789 -19.86689577 -22.81824383)
(4.469649544 -18.40517411 -25.25262263)
(7.030028216 -18.19792755 -25.77274383)
(9.975900495 -17.87910877 -26.68993488)
(12.68370157 -18.99881922 -26.49578436)
(16.07149631 -18.78099843 -27.52270222)
(18.64413496 -19.55875908 -27.51371705)
(22.19077103 -20.02258119 -27.68868844)
(24.84548775 -21.78150227 -27.34225389)
(28.12450045 -22.43313559 -27.65114336)
(31.48207599 -22.72586566 -28.15462379)
(34.51902383 -23.5593473 -27.92507179)
(36.79393211 -25.04337646 -26.79448742)
(39.85018382 -25.84429964 -26.71315843)
(43.57321497 -25.13358713 -27.31306341)
(50 -23.33333333 -16.66666667)
(-50 -20 -16.66666667)
(-45.22389163 -19.3133494 -17.26785234)
(-41.5094909 -19.16130368 -16.81870802)
(-38.03072034 -19.96956003 -17.58371987)
(-34.44881085 -19.41619787 -17.16325951)
(-30.84813844 -19.54685671 -16.4755425)
(-27.60555995 -17.44256392 -15.99990039)
(-24.25836062 -17.78965013 -15.8622576)
(-20.74973356 -17.33170916 -16.55691087)
(-17.18852146 -17.59088626 -16.80530742)
(-13.90963822 -17.57539037 -18.05227645)
(-10.66276314 -17.77484679 -18.99932976)
(-7.377882611 -17.34250376 -20.44320559)
(-4.33193022 -16.83085451 -21.98659488)
(-1.346711886 -16.42140601 -23.27771045)
(1.599055652 -16.34483388 -24.19486232)
(4.900099179 -14.7841104 -26.64005068)
(7.47063171 -14.45239918 -27.11629234)
(10.70333431 -14.09319196 -28.03225268)
(13.37039919 -15.21952864 -27.81702186)
(17.22653899 -15.10836847 -28.73506712)
(19.81752439 -16.07419839 -28.5449912)
(23.41611289 -16.76956937 -28.84375558)
(25.73565421 -18.24058098 -28.20819914)
(28.75029289 -18.90137705 -28.58845129)
(32.69322876 -19.67380973 -28.90244026)
(35.82039601 -20.76796671 -28.71721857)
(37.63514986 -22.05432672 -27.81074322)
(40.9376668 -22.87867264 -27.41674015)
(44.83996684 -22.3408024 -27.70707105)
(50 -20 -16.66666667)
(-50 -16.66666667 -16.66666667)
(-45.56087851 -15.79042883 -17.11202021)
(-41.7005379 -15.44644083 -17.28569568)
(-37.91107153 -16.10683156 -17.62821996)
(-34.44249577 -15.58339265 -16.70472523)
(-30.67425761 -15.70027058 -16.22595061)
(-27.35979503 -13.76266747 -16.11972352)
(-23.80908619 -14.26877049 -16.45604472)
(-20.1904424 -13.73896115 -16.96159298)
(-16.55500823 -14.10924701 -17.49896849)
(-13.07614809 -14.12353261 -18.73000799)
(-10.0821897 -14.29987155 -19.96826879)
(-6.921994631 -13.99173351 -21.64730606)
(-3.794040801 -13.44179844 -23.1852047)
(-0.879398666 -13.02966017 -24.71666071)
(2.043372614 -13.02982152 -25.75655608)
(5.400462394 -10.9517383 -27.68757298)
(8.065203877 -10.60516612 -28.26347786)
(11.73169309 -10.28154346 -29.12160268)
(14.60472488 -11.61501667 -28.92604695)
(18.41503948 -11.29251614 -29.71678542)
(21.23338096 -12.77942758 -29.52580237)
(24.9102102 -13.58391708 -29.68409904)
(27.04246187 -15.06920756 -29.12630642)
(30.18094348 -15.85039449 -29.25029723)
(34.24010454 -16.76481301 -29.29286599)
(37.28582226 -17.88440743 -29.01842815)
(39.18270076 -19.49858686 -28.22774526)
(42.15586174 -19.88127374 -27.92904881)
(45.51738841 -19.11571912 -28.31074322)
(50 -16.66666667 -16.66666667)
(-50 -13.33333333 -16.66666667)
(-45.76948718 -12.82370567 -18.31074593)
(-41.88141481 -12.24431531 -18.50669929)
(-38.01532732 -12.25211165 -17.7878938)
(-34.57159231 -11.6952895 -16.59124605)
(-30.69732471 -11.83753555 -16.04451822)
(-27.28344224 -10.26433242 -17.03816896)
(-23.47223997 -10.80374964 -17.28715374)
(-19.82274529 -10.24873046 -17.73234245)
(-16.15186272 -10.67690567 -18.408095)
(-12.5985551 -10.71779021 -19.73435241)
(-9.578675327 -10.87901418 -21.04900499)
(-6.482519254 -10.65571138 -22.87103687)
(-3.531789515 -10.15861511 -24.56099612)
(-0.5154277292 -9.599511083 -26.15378702)
(2.605852861 -9.49833704 -27.0831178)
(5.887040909 -6.878295655 -28.06465381)
(8.801963142 -6.51630916 -28.78722434)
(12.59357062 -6.084905987 -29.51461992)
(15.52009962 -7.639088649 -29.77227166)
(19.42493104 -7.241504852 -30.50563907)
(22.36509631 -9.15433157 -30.40983531)
(25.97075253 -9.985691161 -30.63079924)
(28.50640637 -11.92593919 -29.8207922)
(31.72038552 -12.88010377 -29.74295267)
(35.51237333 -13.57875075 -29.92235611)
(38.51855888 -14.73211375 -29.57659075)
(40.35941636 -16.29249629 -28.77994009)
(43.26822105 -16.80074861 -28.51745993)
(46.30722865 -15.81918161 -28.74122388)
(50 -13.33333333 -16.66666667)
(-50 -10 -16.66666667)
(-45.56424685 -9.299258359 -18.52162232)
(-42.6631771 -8.694362796 -18.8067164)
(-38.57480987 -8.605395709 -18.37742566)
(-34.71545674 -8.098964122 -17.52265337)
(-30.75615535 -8.159494415 -16.60139262)
(-27.22351212 -6.743563229 -17.84405804)
(-23.12773186 -7.170097069 -17.77079372)
(-19.49340865 -6.592749313 -18.09771195)
(-15.80275232 -7.10699735 -19.12288758)
(-12.3297085 -7.163338407 -20.63308587)
(-9.26413652 -7.335940254 -22.04313437)
(-6.347326748 -7.193144163 -24.03438156)
(-3.427029801 -6.665041226 -25.76525299)
(-0.151952696 -5.75549499 -27.08738486)
(3.161526199 -5.644434687 -27.94568738)
(6.28581731 -2.701397263 -27.79244044)
(9.725525564 -2.432731078 -28.63406285)
(13.53416829 -1.931568876 -29.5944929)
(16.3992007 -3.499989414 -30.29025756)
(20.90981456 -3.825867714 -31.05918446)
(23.3649292 -5.27950699 -31.01881936)
(27.09917894 -6.217484469 -31.13137664)
(29.63058053 -8.477412256 -30.65716436)
(32.93234859 -9.606110135 -30.49864271)
(36.94142279 -10.71681803 -30.55237107)
(40.09104404 -12.35992373 -29.85172158)
(41.88082869 -13.60750149 -29.16969005)
(44.20150296 -13.53179694 -29.11458838)
(47.1293506 -12.55018939 -29.3051776)
(50 -10 -16.66666667)
(-50 -6.666666667 -16.66666667)
(-45.15592242 -5.854387012 -19.15953157)
(-42.18703269 -5.137610785 -19.23016354)
(-38.5700322 -4.98291584 -19.1678124)
(-34.96936694 -4.307441779 -17.96608062)
(-30.93760622 -4.407564239 -17.13277949)
(-26.98499458 -3.131265099 -17.2700291)
(-22.90023901 -3.481400767 -17.43534319)
(-19.15909061 -2.988730877 -17.73653656)
(-15.6297589 -3.384677862 -18.93697376)
(-12.29657371 -3.351429453 -20.516593)
(-9.195436272 -3.545001409 -22.30470753)
(-6.214336952 -3.345751042 -24.06178288)
(-3.079860506 -2.812858251 -25.7028048)
(0.357346071 -1.767736359 -26.85272961)
(3.708331657 -1.637701708 -28.05648505)
(6.91322761 1.271093479 -27.46177232)
(10.23899043 1.410482002 -28.21454796)
(13.1496182 1.629130627 -28.69013364)
(17.11075145 0.02668663194 -30.1501506)
(19.544691 0.03297565542 -30.39394849)
(24.01647825 -1.738974364 -31.21762005)
(27.06509822 -2.939586158 -31.24079587)
(30.67202992 -5.412976276 -31.06961569)
(34.06805249 -7.203228016 -30.85012711)
(36.8982692 -8.112462893 -30.57477863)
(39.84402127 -9.379457857 -30.0582878)
(42.85009037 -10.22103101 -29.75133669)
(44.72287114 -10.07832749 -29.69260316)
(47.95147255 -9.281197171 -29.86913131)
(50 -6.666666667 -16.66666667)
(-50 -3.333333333 -16.66666667)
(-44.83022628 -2.398945361 -19.759987)
(-41.04593139 -1.860769521 -19.51128199)
(-37.72856169 -1.459023166 -18.61405227)
(-34.30623027 -0.7675765587 -17.17280126)
(-30.58569458 -0.8458615016 -16.45783897)
(-26.67786642 -0.2862986507 -15.9833919)
(-22.73041419 -0.194210331 -16.36006287)
(-19.3930936 0.5703021271 -17.20700967)
(-15.8649742 0.2535235885 -18.34071427)
(-12.76572557 0.2681013226 -19.86424784)
(-9.455690498 0.1194905321 -21.61547665)
(-6.424062937 0.189009351 -23.07327442)
(-3.259215572 0.5486661053 -24.49486798)
(-0.08574648079 1.537892155 -25.481041)
(3.694949279 2.028095748 -27.1247002)
(6.606358998 3.995714085 -26.56766692)
(9.943257227 4.202879802 -27.5591843)
(14.32381851 3.760628118 -29.44546286)
(16.9406682 3.679048423 -29.72188172)
(19.09478219 3.980035728 -29.6043659)
(23.14391471 2.284979663 -30.87083449)
(26.12376667 1.022818219 -31.23459578)
(29.7728315 -1.563788449 -31.24559483)
(33.37698887 -3.358915352 -31.10202256)
(35.95250537 -4.45632522 -30.87372736)
(38.98745925 -5.809869527 -30.54439981)
(42.78199507 -6.927032161 -30.26479247)
(45.09617842 -6.582466632 -30.45254736)
(48.49057454 -5.988533332 -30.45672212)
(50 -3.333333333 -16.66666667)
(-50 0 -16.66666667)
(-45.30757088 1.159226048 -19.9964396)
(-41.51397055 1.686030714 -20.07680016)
(-38.46024761 1.839265274 -18.33887535)
(-35.50653749 2.32872623 -16.6557031)
(-31.53671363 2.239995481 -15.71819091)
(-27.46711362 2.632843336 -15.05987752)
(-23.51660314 2.921345123 -15.49686112)
(-20.02661106 3.640941169 -16.32969218)
(-16.73030578 3.63797611 -17.90130679)
(-13.17175344 3.869472666 -19.24789765)
(-9.794475005 3.759725198 -20.80732517)
(-6.449786184 3.922531656 -22.34603864)
(-3.129193003 4.310684605 -23.76112165)
(0.3265447336 5.503580176 -24.82113124)
(3.666217287 5.659083855 -26.17611706)
(7.072475392 6.703541353 -26.7704419)
(10.94679082 6.577704291 -28.47842695)
(13.65272166 6.44111345 -28.79802587)
(16.42448797 6.185790025 -29.22868411)
(20.7194845 5.483646455 -30.64807319)
(23.26599343 5.033115751 -30.88031142)
(25.84904144 4.781669626 -31.01563105)
(29.57729658 2.247501925 -31.50602815)
(32.68592524 0.4853973115 -31.35391802)
(35.32234969 -0.7293185519 -31.18085073)
(38.30249377 -2.160508524 -30.97536)
(41.63554486 -3.731881438 -30.75726477)
(45.59446318 -2.977782595 -30.89137482)
(47.99539173 -2.479423329 -30.78660479)
(50 0 -16.66666667)
(-50 3.333333333 -16.66666667)
(-45.25861502 4.603461443 -19.78003755)
(-41.53547049 4.746654764 -18.82971077)
(-38.55172338 4.996323456 -17.07508282)
(-35.40362843 5.590314317 -15.37356334)
(-31.43286238 5.652492253 -14.71118079)
(-27.53004785 6.138464497 -14.67146755)
(-23.71194208 6.639338007 -15.44256495)
(-20.06920556 7.387577261 -16.35683483)
(-16.85949793 7.41399445 -17.7168965)
(-13.89357116 7.305718507 -18.9976354)
(-10.25558828 7.363268109 -20.30473006)
(-6.673864572 7.672018733 -21.7117401)
(-3.174023009 8.027893847 -23.03908253)
(-0.1778453979 8.424470436 -23.72250699)
(3.360139428 8.664657164 -25.17160854)
(5.753458531 8.715614885 -25.26027031)
(9.520347882 8.935413815 -26.99583779)
(12.05090427 8.982050196 -27.32879062)
(15.65094192 8.697862801 -28.49650002)
(19.29144198 8.308722173 -29.67204382)
(22.58749436 7.836469923 -30.4074467)
(25.13812043 7.569278459 -30.67258363)
(28.81642215 5.903210432 -31.35366272)
(32.25474891 4.41975086 -31.5781923)
(35.34077376 3.182110524 -31.57031087)
(38.41803718 1.670034495 -31.39666424)
(41.7121016 0.0668740737 -31.19225364)
(44.96356259 0.5483611424 -31.3931353)
(47.02511213 0.7785545787 -31.06123799)
(50 3.333333333 -16.66666667)
(-50 6.666666667 -16.66666667)
(-45.55987981 7.518506244 -18.55653561)
(-41.89570297 7.77868723 -17.52739746)
(-38.98499342 8.247625576 -15.88334088)
(-35.71636223 9.214183709 -14.55699292)
(-31.84161313 9.441533663 -14.39164794)
(-28.15390599 9.69769346 -15.0914714)
(-24.66694805 9.766963089 -15.77065621)
(-21.1543299 9.952001533 -16.32741023)
(-17.71253371 10.11978704 -16.68872451)
(-14.37228341 9.646126043 -18.01433693)
(-11.5417528 9.412041263 -19.21934243)
(-7.818843085 9.723130323 -20.49627145)
(-4.343165553 10.15629374 -21.78088593)
(-1.291660812 10.36395522 -22.4311948)
(2.05371072 10.67552707 -23.72889464)
(6.145763644 10.9288045 -25.62644932)
(8.99758582 11.05466493 -26.33492313)
(13.26177287 10.80698393 -28.25738367)
(17.42692561 10.32213931 -29.60252843)
(19.7110533 10.03854117 -29.84291433)
(23.10850327 9.633275751 -30.69632808)
(26.48651874 8.753256641 -31.24290423)
(29.0442141 8.781225062 -31.40468211)
(32.21467857 7.577145164 -31.66808569)
(34.51678124 6.869561661 -31.49596522)
(38.10482453 5.339446912 -31.55374063)
(41.72540545 3.844037391 -31.57365524)
(44.08578965 3.964486408 -31.37908279)
(46.05483254 4.036532486 -31.33587118)
(50 6.666666667 -16.66666667)
(-50 10 -16.66666667)
(-45.68076883 10.45208928 -17.31382685)
(-42.28536893 10.76117299 -16.22334205)
(-39.02139316 11.79023346 -15.05316604)
(-35.08713293 12.81117202 -14.13800067)
(-31.7750266 12.88298677 -14.54115973)
(-28.38409194 12.67917131 -15.51863549)
(-24.45060128 12.36698836 -16.00991234)
(-20.50567479 12.15041561 -16.83502014)
(-16.8384114 12.0166366 -17.95544274)
(-13.3375216 11.80097456 -19.27558954)
(-10.37407895 11.99385438 -20.3329616)
(-7.141294278 12.18193084 -21.07675569)
(-3.981202153 12.49164731 -22.07595913)
(0.004155250529 12.89850809 -23.80240028)
(3.103068331 13.09523642 -24.81590561)
(7.536170841 13.27179494 -27.08348382)
(10.52546933 13.11999259 -27.74376568)
(14.93695414 12.51372129 -29.58180551)
(19.2029093 11.94641583 -30.70855683)
(21.35415173 11.07232539 -30.78067863)
(24.75839694 10.94397394 -31.3734869)
(27.90048017 10.0270926 -31.69086462)
(30.13673425 9.518872748 -31.70298013)
(32.86934874 9.138148122 -31.67690735)
(33.34064029 10.36361555 -31.29825394)
(36.98217303 8.789011446 -31.41705392)
(40.64889011 7.299496152 -31.54201152)
(43.08095542 7.331643448 -31.55653797)
(45.08455295 7.294510394 -31.61050437)
(50 10 -16.66666667)
(-50 13.33333333 -16.66666667)
(-45.59762046 13.57790041 -16.2057936)
(-41.76449063 14.12871715 -15.26925371)
(-38.08341419 15.09414638 -14.26245844)
(-34.32191555 16.288824 -13.79423082)
(-30.77665687 15.98083337 -15.1980786)
(-27.08406895 15.09825774 -16.18623014)
(-22.95877346 14.91794718 -16.1329489)
(-19.5045087 14.5460914 -17.24888704)
(-16.22555194 14.04682362 -18.83712338)
(-12.5996545 13.99107948 -20.23783289)
(-9.177892574 14.58186119 -21.47213228)
(-5.906465632 14.78098581 -22.20125902)
(-2.716398074 15.00018198 -23.26161826)
(1.299971313 15.43306096 -25.17360575)
(4.446229498 15.56593448 -26.21841302)
(8.926578038 15.61478538 -28.54051832)
(12.05335284 15.18532025 -29.15260824)
(16.25248968 14.43175203 -30.62009827)
(19.79700506 14.47325065 -31.02001007)
(22.72201772 12.48750015 -31.55124407)
(24.42509703 14.23959145 -31.0765541)
(26.88368617 13.89961192 -31.32011339)
(29.08733424 13.21554542 -31.42226403)
(31.83443137 12.72000635 -31.45516501)
(33.97293433 12.73132687 -30.93868468)
(35.85952152 12.23857598 -31.2803672)
(39.57237478 10.75495491 -31.51036779)
(42.07612119 10.69880049 -31.73399315)
(44.37794183 10.65639025 -31.13528331)
(50 13.33333333 -16.66666667)
(-50 16.66666667 -16.66666667)
(-46.22237294 16.98712995 -15.69142157)
(-42.42673102 17.7229745 -14.9257465)
(-38.8211803 18.77915414 -14.11814751)
(-35.14369215 19.96324594 -13.73385619)
(-31.50396171 19.57298899 -14.75310895)
(-28.11140165 18.35909786 -15.68431404)
(-24.23168787 17.37148253 -16.30233443)
(-20.37254287 17.59404094 -16.40047136)
(-16.97111313 16.93764066 -17.69870051)
(-13.69972375 16.57139307 -19.21039482)
(-9.781427699 16.5759944 -20.72106858)
(-5.621061704 17.1021942 -22.42339797)
(-1.71573996 17.45986808 -24.18700514)
(1.230236995 17.6890549 -25.03911322)
(5.129280274 17.94585499 -26.90034965)
(7.724933724 18.07088009 -27.3525407)
(11.95405235 17.63656103 -29.15207664)
(14.88306319 17.93270775 -29.47687233)
(18.62359534 18.27953357 -30.11217142)
(22.01829262 16.77328574 -31.06335429)
(23.38387248 18.01303924 -30.29493319)
(25.88009307 17.64520265 -30.55426305)
(28.44689403 17.02491785 -30.86434867)
(31.03898833 16.45125061 -31.03642112)
(33.88425354 15.72476186 -30.83897906)
(35.2734877 15.60695175 -30.82388284)
(38.49585944 14.21041368 -31.47872407)
(41.33272541 14.10270328 -31.22427108)
(43.69828927 14.02889347 -30.58339407)
(50 16.66666667 -16.66666667)
(-50 20 -16.66666667)
(-46.48090408 20.58021885 -15.49917199)
(-42.66746519 21.23053843 -15.7775299)
(-39.15777894 22.32038759 -15.04216686)
(-35.58624637 23.41745591 -14.77843069)
(-32.00581667 23.32555414 -14.95928836)
(-28.54081273 22.04896283 -15.48466074)
(-25.02776685 20.85066373 -16.26451523)
(-21.36967057 20.95410114 -16.42147163)
(-17.63006807 20.40791281 -17.23167845)
(-14.14361528 20.03936613 -18.29259358)
(-10.61132497 19.64101121 -19.63827023)
(-6.959010551 19.12222864 -21.42040122)
(-2.933986398 19.49672379 -22.935017)
(-0.1021059457 19.7616094 -23.68534616)
(3.846626692 20.08664086 -25.42446943)
(6.530816527 20.80300482 -25.82176516)
(10.48703248 20.53237762 -27.83999555)
(13.5764645 21.22418866 -28.12435052)
(17.23340825 21.62200315 -28.96318929)
(20.88219472 20.68115847 -30.14229012)
(22.33242281 21.68822567 -29.35916347)
(24.84389418 21.27736646 -29.63886605)
(27.5751693 20.70170838 -30.09838254)
(30.13503171 20.04880356 -30.44202386)
(33.04446046 19.31293886 -30.15423955)
(35.5613148 18.85513474 -30.11454511)
(37.97771736 17.72285242 -30.62786587)
(40.65843145 17.51631848 -30.53291854)
(43.01863671 17.4013967 -30.03150483)
(50 20 -16.66666667)
(-50 23.33333333 -16.66666667)
(-46.31708845 24.10443396 -16.08606618)
(-42.78490184 24.53627154 -16.91939975)
(-39.31050021 25.58786314 -16.30370685)
(-35.96500251 26.84316754 -15.87739362)
(-32.70369104 26.95077372 -15.10433585)
(-29.25133452 25.59948533 -15.08630504)
(-25.96946929 24.14814236 -15.71154493)
(-22.38361899 24.25380572 -16.24424328)
(-18.77109804 23.6820085 -17.05748585)
(-15.02646105 23.38413036 -17.72122698)
(-11.48477971 22.93646133 -18.73239626)
(-7.824815475 21.92301986 -20.0767857)
(-4.193987862 21.64883411 -21.72180962)
(-1.257268935 21.96694079 -22.16938687)
(2.560731099 22.34870797 -23.94895622)
(5.305326771 23.19065052 -24.2278508)
(9.161952865 23.18838478 -26.30504154)
(11.96795521 23.77421027 -26.66699035)
(15.49360703 24.15016048 -27.69598671)
(19.56352699 24.2293601 -28.91981178)
(21.24439872 25.02322251 -28.05310026)
(23.79855585 24.83011352 -28.62833026)
(26.6020431 24.15582988 -29.10996824)
(29.30278957 23.62173924 -29.63383205)
(32.0124562 22.86655614 -29.96557746)
(34.82100384 22.36767624 -29.41854954)
(37.4729774 21.2366588 -29.75734483)
(39.98413748 20.92993368 -29.84156601)
(42.33898415 20.77389992 -29.47961559)
(50 23.33333333 -16.66666667)
(-50 26.66666667 -16.66666667)
(-46.09353604 27.28663082 -17.13262017)
(-42.67456561 27.9350196 -17.96446336)
(-39.16022977 28.81726119 -17.59070853)
(-36.30137332 30.14486305 -17.08120541)
(-33.17868515 30.2968798 -16.15564777)
(-29.59493866 29.28888729 -15.31695859)
(-26.20300335 27.7743922 -15.16816588)
(-23.03559152 27.81057854 -16.01316085)
(-19.67031619 27.18732776 -16.99783953)
(-16.28515781 26.5912386 -17.94589341)
(-12.64244982 26.36761608 -18.58156203)
(-8.732506281 25.23164097 -19.14621041)
(-5.271186211 24.34859168 -20.47357425)
(-2.445863825 24.79322444 -20.80769249)
(1.401601679 24.77403573 -22.39093325)
(4.056755461 25.69904304 -22.67135538)
(7.913638073 25.64949205 -24.6559606)
(10.51786305 26.23925306 -25.03503683)
(13.86704417 26.50108129 -26.25630415)
(18.02913724 27.12395282 -27.52260093)
(19.997669 27.99783672 -26.67291892)
(22.80772036 27.94567834 -27.1673164)
(25.67035278 27.46478923 -27.91101074)
(28.41360431 27.13366863 -28.78992702)
(31.24369719 26.47667349 -29.25200585)
(33.98023255 25.89480623 -29.03048215)
(36.91107354 24.73490411 -29.18750687)
(39.30984352 24.34354888 -29.15021347)
(41.65933159 24.14640314 -28.92772635)
(50 26.66666667 -16.66666667)
(-50 30 -16.66666667)
(-46.5943249 30.4156796 -18.12831857)
(-43.36702778 31.14292476 -18.98160813)
(-39.8089704 31.89988939 -18.83283339)
(-37.21675188 33.25543216 -18.15489048)
(-34.06698235 33.40401616 -17.2157342)
(-30.65603264 32.46993828 -15.97484637)
(-26.990927 31.24500151 -15.44363376)
(-23.96678959 31.23112405 -16.17865311)
(-20.42312128 30.76704528 -16.87142973)
(-17.21913323 30.13993039 -17.9092644)
(-13.87817208 29.70880929 -18.84710498)
(-9.852683459 28.68199259 -18.82246229)
(-6.272522449 27.58229171 -19.49222342)
(-3.691798518 28.01371186 -19.79104059)
(0.06124729204 27.49468314 -21.07724492)
(2.636654648 28.53084695 -21.3916523)
(6.581563452 28.16133636 -23.0883028)
(9.122201837 28.97297802 -23.41746307)
(12.51792302 29.0093873 -24.57397633)
(16.46208366 29.56093643 -25.95415232)
(18.67282742 30.73940436 -25.22363007)
(21.63885651 30.9174815 -25.77186686)
(24.63627772 30.56960227 -26.63648891)
(27.66675398 30.22756679 -27.42809249)
(30.4566104 29.91795513 -28.28539238)
(32.8026492 29.0832676 -28.70097282)
(36.2576371 28.20098381 -28.40000329)
(38.63554955 27.75716408 -28.45886093)
(40.97967902 27.51890636 -28.37583711)
(50 30 -16.66666667)
(-50 33.33333333 -16.66666667)
(-46.71655924 33.69750624 -19.07314789)
(-44.12113066 34.57247493 -19.66276396)
(-40.60929326 35.31437367 -19.63630436)
(-37.8162155 36.41964277 -19.33872499)
(-34.82303527 36.27375155 -18.49505687)
(-31.26097885 35.76977935 -16.93723083)
(-27.77081695 34.64359384 -16.01881876)
(-24.6779525 34.74695898 -16.58391664)
(-21.16058139 34.31216026 -17.22817804)
(-17.73081059 33.89872843 -18.04319896)
(-14.52136889 33.48410208 -18.93881903)
(-10.90101042 32.15404279 -19.16980954)
(-7.349805996 31.06257023 -19.01068318)
(-4.844297255 31.71910752 -19.43312997)
(-1.239846647 30.89401032 -20.28723979)
(1.178954541 32.03516888 -20.85503617)
(5.097081302 31.15450019 -21.91578275)
(7.586760245 32.1250235 -22.1643542)
(11.23806034 31.89814512 -22.95240192)
(15.1215869 32.09303773 -24.21759385)
(17.38791458 33.40040346 -23.71937228)
(20.34945783 33.71496357 -24.38889023)
(23.48042273 33.425921 -25.32895003)
(26.59117133 33.069715 -26.1809115)
(29.583941 32.91115524 -26.99766343)
(32.3332338 32.42747679 -27.5580847)
(35.44525375 31.67131839 -27.93141475)
(38.01040324 31.13737638 -27.90296032)
(40.30002646 30.89140959 -27.82394787)
(50 33.33333333 -16.66666667)
(-50 36.66666667 -16.66666667)
(-46.76392207 37.1241754 -19.81519009)
(-44.56668445 37.94738593 -20.62164091)
(-41.52051617 38.51557209 -20.58776233)
(-39.08382317 38.93123787 -20.38614042)
(-35.94776217 38.8089068 -19.66406536)
(-32.19421002 38.40577866 -18.13091768)
(-28.62865096 37.78394128 -16.87607503)
(-25.68958551 37.94492524 -16.89308849)
(-22.01881731 37.76553077 -17.04912719)
(-18.52309029 37.46382302 -17.71200916)
(-15.35626424 37.10957274 -18.52966677)
(-11.85776395 35.76885263 -19.24512072)
(-8.471140744 34.62096206 -19.11418534)
(-6.046762812 35.39156309 -19.11847156)
(-2.417858038 34.56725113 -19.70723535)
(-0.005259008691 35.49412055 -19.79821841)
(3.561039458 34.5563689 -21.16417186)
(5.942939056 35.4061555 -21.17640091)
(9.606471461 34.99856774 -21.83153187)
(13.59803309 34.73602567 -22.69366516)
(15.98641129 35.83359303 -22.29036013)
(19.05423419 36.45256236 -22.98734408)
(22.25194657 36.1504754 -24.0167245)
(25.39132912 35.81470734 -24.97321058)
(28.60811667 35.76533117 -25.7234626)
(31.67673497 35.64584178 -26.42147402)
(34.57488566 35.0197186 -27.46237381)
(37.48255183 34.49509807 -27.01748206)
(39.6186912 34.26018318 -27.32596119)
(50 36.66666667 -16.66666667)
(-50 40 -16.66666667)
(-47.10731337 40.66257503 -20.27740306)
(-45.34237657 41.53627309 -20.73882594)
(-43.00823802 41.34808796 -20.9388951)
(-39.81321098 41.32007307 -20.97397004)
(-36.36278054 41.19977446 -20.09605761)
(-33.26952793 40.93965158 -19.23755882)
(-29.6688587 40.47245205 -17.88905331)
(-27.02157995 40.55176259 -17.4796789)
(-23.42453245 40.67908961 -16.90577137)
(-19.85147598 40.47001777 -17.17646466)
(-16.43849525 40.52724109 -18.01775402)
(-12.93360708 39.20470125 -18.74231506)
(-9.653245801 38.13101182 -19.08529523)
(-7.19229608 39.13232072 -19.10515764)
(-3.600186447 38.20885896 -19.05966379)
(-0.9365233942 38.97802829 -18.86069294)
(2.510836717 38.06394891 -19.9598444)
(4.895759884 38.92841729 -19.8930063)
(8.181906562 38.46522219 -20.76193944)
(11.82214771 37.68517977 -21.58827175)
(14.37533404 38.72663884 -21.4386789)
(17.75676418 39.38372943 -21.73018905)
(21.04019489 38.98976894 -22.73710566)
(24.23067309 38.58210959 -23.73714668)
(27.36230849 38.36029011 -24.57805517)
(30.75992726 38.68958966 -25.29458557)
(34.07679067 38.17030052 -26.21102722)
(36.61170135 37.83626613 -26.73208214)
(39.19116059 37.51552089 -26.46437514)
(50 40 -16.66666667)
(-50 43.33333333 -16.66666667)
(-47.61064306 44.0873199 -20.52112623)
(-44.15056089 43.70355231 -20.32696444)
(-41.59027371 43.61648569 -20.57391794)
(-38.50678341 43.30978254 -19.9897874)
(-35.00360071 43.41482424 -19.16895139)
(-32.41085268 43.45063859 -18.91596973)
(-29.66992818 43.1271566 -18.29239929)
(-25.96251395 43.66646068 -18.13716384)
(-22.65447231 43.8649805 -17.67863795)
(-19.31444608 43.61345134 -18.30051272)
(-16.02571207 44.09505637 -18.79833601)
(-13.02717233 42.85271578 -18.67037418)
(-9.964715919 41.85587222 -18.99464324)
(-7.373056873 43.21760514 -18.89943507)
(-4.242657251 42.20452175 -18.81057885)
(-1.151197917 42.98803023 -19.49205154)
(1.78722676 41.87894689 -19.55097909)
(5.182714795 43.09327582 -20.26385714)
(7.799637927 42.65672033 -20.33860818)
(10.98695572 41.58126353 -20.84471122)
(14.17562954 42.87772297 -21.21549613)
(17.32092844 43.46678325 -21.67682528)
(20.57155884 42.773216 -21.91660832)
(23.39270483 41.96902438 -22.71491571)
(26.43390472 41.58572098 -23.56045283)
(29.81649227 41.72160975 -24.18123179)
(33.19267887 41.19392894 -25.0899325)
(36.12118412 41.04535134 -25.75210361)
(38.61946394 40.7902876 -25.83264578)
(50 43.33333333 -16.66666667)
(-50 46.66666667 -16.66666667)
(-46.21604273 46.19064151 -20.19024788)
(-42.96302891 45.49166437 -19.38109064)
(-40.26433169 45.66244531 -19.6735918)
(-37.13955969 45.55487948 -19.04926992)
(-33.54167555 45.77819767 -18.40638497)
(-30.98516917 45.85126103 -18.28209298)
(-28.37177524 45.89944155 -18.1029903)
(-24.57271038 46.46248332 -18.43550773)
(-21.88489129 46.62054987 -18.52354955)
(-18.71686757 46.79041194 -18.7628239)
(-14.99849305 46.45582893 -18.77155669)
(-12.77172278 46.51905687 -18.9412694)
(-10.41958286 45.71679654 -19.05489636)
(-5.920471152 45.67609846 -19.62721624)
(-3.750161607 45.66789123 -19.6490629)
(0.5290724249 45.59797128 -20.18115909)
(2.685348533 45.58202511 -20.16894122)
(7.036280159 46.0807047 -21.03819544)
(9.257116352 46.0599069 -21.1197079)
(11.49714778 45.86265968 -21.18446276)
(15.44383467 46.2729045 -21.89026423)
(18.82033342 46.61928348 -22.39628514)
(21.13875575 46.63946699 -22.44943627)
(23.79617056 45.87420569 -22.7853846)
(26.52477964 45.53860048 -23.48720042)
(29.64212828 45.56458368 -23.94421346)
(32.63926326 44.70415338 -24.31921193)
(35.58210103 44.14131115 -24.61279243)
(38.37066603 44.20396013 -25.14691652)
(50 46.66666667 -16.66666667)
(-50 50 -16.66666667)
(-46.66666667 50 -16.66666667)
(-43.33333333 50 -16.66666667)
(-40 50 -16.66666667)
(-36.66666667 50 -16.66666667)
(-33.33333333 50 -16.66666667)
(-30 50 -16.66666667)
(-26.66666667 50 -16.66666667)
(-23.33333333 50 -16.66666667)
(-20 50 -16.66666667)
(-16.66666667 50 -16.66666667)
(-13.33333333 50 -16.66666667)
(-10 50 -16.66666667)
(-6.666666667 50 -16.66666667)
(-3.333333333 50 -16.66666667)
(0 50 -16.66666667)
(3.333333333 50 -16.66666667)
(6.666666667 50 -16.66666667)
(10 50 -16.66666667)
(13.33333333 50 -16.66666667)
(16.66666667 50 -16.66666667)
(20 50 -16.66666667)
(23.33333333 50 -16.66666667)
(26.66666667 50 -16.66666667)
(30 50 -16.66666667)
(33.33333333 50 -16.66666667)
(36.66666667 50 -16.66666667)
(40 50 -16.66666667)
(43.33333333 50 -16.66666667)
(46.66666667 50 -16.66666667)
(50 50 -16.66666667)
(-50 -50 -10)
(-46.66666667 -50 -10)
(-43.33333333 -50 -10)
(-40 -50 -10)
(-36.66666667 -50 -10)
(-33.33333333 -50 -10)
(-30 -50 -10)
(-26.66666667 -50 -10)
(-23.33333333 -50 -10)
(-20 -50 -10)
(-16.66666667 -50 -10)
(-13.33333333 -50 -10)
(-10 -50 -10)
(-6.666666667 -50 -10)
(-3.333333333 -50 -10)
(0 -50 -10)
(3.333333333 -50 -10)
(6.666666667 -50 -10)
(10 -50 -10)
(13.33333333 -50 -10)
(16.66666667 -50 -10)
(20 -50 -10)
(23.33333333 -50 -10)
(26.66666667 -50 -10)
(30 -50 -10)
(33.33333333 -50 -10)
(36.66666667 -50 -10)
(40 -50 -10)
(43.33333333 -50 -10)
(46.66666667 -50 -10)
(50 -50 -10)
(-50 -46.66666667 -10)
(-44.17466686 -46.59386806 -13.24586483)
(-41.15597923 -46.63889554 -13.70702918)
(-38.82460957 -46.76488896 -13.2171177)
(-36.10262583 -46.77751414 -13.04035075)
(-34.06778653 -46.88354478 -12.90025433)
(-28.01920723 -46.27178986 -12.36695652)
(-25.31860357 -46.01896302 -11.31297691)
(-22.13021256 -45.60022625 -11.23699561)
(-19.06461453 -46.21498547 -11.41764248)
(-16.24296806 -46.45720599 -12.20617886)
(-13.64629504 -46.3548572 -12.53727684)
(-10.46004535 -45.93689389 -13.29970468)
(-7.256412035 -45.36454014 -14.11988265)
(-4.543345753 -45.12425497 -14.55146725)
(-2.398567916 -45.14877724 -14.4884822)
(2.152869755 -44.96343538 -16.63607404)
(5.398126772 -44.95790265 -17.16737242)
(8.308846417 -45.62536778 -17.80233845)
(11.99892022 -47.03583351 -17.64137713)
(14.33954453 -47.15682211 -18.08536967)
(17.30198265 -46.63183384 -18.18569788)
(20.47764481 -46.89567861 -18.44475674)
(23.52882635 -47.87844175 -18.17075659)
(26.79974265 -48.04029202 -18.54500279)
(29.98882289 -47.83319892 -19.11050916)
(33.31651253 -47.72475729 -19.42177618)
(36.58241831 -48.59308543 -19.15748182)
(39.39523697 -48.78949567 -19.35108354)
(42.82308711 -48.4509725 -19.85925398)
(50 -46.66666667 -10)
(-50 -43.33333333 -10)
(-43.48015611 -43.03573571 -13.49037448)
(-40.083184 -43.16433006 -14.03011417)
(-37.19635878 -44.1956183 -14.03303228)
(-34.22695568 -44.23592901 -13.27635145)
(-32.12133216 -44.50573996 -12.78960119)
(-28.21230509 -42.77433016 -11.29146341)
(-25.00277328 -42.44146347 -10.53259038)
(-21.69624257 -41.8749847 -10.90512606)
(-18.48035705 -42.45281034 -11.64758392)
(-15.23636712 -42.85402774 -12.39264097)
(-12.07651246 -43.36648296 -13.15303295)
(-9.052877278 -42.831612 -14.16159338)
(-5.954625395 -42.24317427 -15.06977598)
(-2.870330041 -42.6183113 -16.00852286)
(-0.7163669183 -42.81277163 -16.02282889)
(3.393655654 -41.01125351 -17.1635209)
(6.787057927 -41.03999158 -17.5050635)
(9.844424114 -41.67315732 -17.70922505)
(12.15805597 -43.23521975 -18.48623333)
(15.67955984 -42.94941395 -18.63173063)
(18.83030219 -42.88216884 -18.90863858)
(22.18403716 -43.44382475 -19.18692882)
(24.70044134 -44.69362075 -19.46030098)
(27.98583281 -44.90676842 -19.5308797)
(31.65698811 -44.97236768 -20.03448255)
(35.12639135 -45.48934237 -20.24633227)
(37.57628021 -46.51786745 -19.62435733)
(41.03350675 -46.2838237 -20.01991191)
(44.25023118 -46.00142068 -20.64628996)
(50 -43.33333333 -10)
(-50 -40 -10)
(-44.4479183 -39.61128253 -13.60460974)
(-41.13949806 -39.94855356 -13.09970117)
(-37.65756327 -40.75401924 -13.68413766)
(-34.17227667 -40.95040737 -12.96943208)
(-30.76534381 -41.38293684 -12.45832498)
(-28.40479029 -39.24851581 -10.5110829)
(-25.99240488 -39.01511827 -10.1188553)
(-22.47769864 -38.4680544 -10.06031629)
(-19.16546022 -38.85058875 -10.99041327)
(-15.83393283 -39.05791832 -11.91887339)
(-12.52651285 -39.43302153 -13.00568881)
(-8.959926237 -38.88105794 -13.68008949)
(-5.652668179 -38.26157516 -14.61605554)
(-2.689736997 -38.4114068 -15.83358854)
(0.6099091319 -39.11692661 -16.5255461)
(3.468690608 -36.86092098 -16.28226575)
(6.555438498 -36.78199079 -16.7207844)
(10.03872133 -37.34159621 -16.63832112)
(12.3628983 -38.89420364 -17.41534941)
(16.06872092 -38.40665864 -18.16308192)
(19.25874106 -38.56559873 -18.66574086)
(22.5338816 -39.14798518 -19.37829266)
(25.37583698 -40.76570358 -19.3428125)
(28.813757 -41.14047811 -19.87457645)
(32.27330793 -41.16819495 -20.62341461)
(35.55963626 -41.84002773 -21.22126653)
(38.20464871 -43.13477956 -20.61829399)
(41.77591954 -43.19462128 -21.2402205)
(44.92468165 -42.69372201 -21.38648056)
(50 -40 -10)
(-50 -36.66666667 -10)
(-44.5344736 -36.28007743 -12.61382389)
(-40.9302049 -36.45097855 -11.96676454)
(-37.55306832 -37.51815908 -12.16439244)
(-33.96932023 -37.72674873 -11.403458)
(-30.66781736 -38.11055061 -10.98994415)
(-28.14007286 -35.7062323 -9.505095236)
(-25.13650358 -35.5070531 -9.544056528)
(-21.6933554 -34.81049343 -10.06193612)
(-18.2886846 -35.23059614 -10.79791014)
(-14.98367019 -35.31527191 -11.87308324)
(-11.60624504 -35.69974365 -12.82415895)
(-8.226883972 -35.02429419 -13.7365843)
(-4.869739717 -34.41107486 -14.61213923)
(-1.532867222 -34.50704455 -15.71490463)
(1.359089945 -34.9057133 -16.26576154)
(4.461542087 -32.67341841 -15.98063281)
(8.049113045 -32.77671508 -16.66606078)
(10.90496055 -33.22802314 -17.3970779)
(14.00790117 -34.88768161 -17.3411383)
(17.12450505 -34.11203477 -18.53087775)
(20.01918907 -34.46857923 -19.47134379)
(23.14389988 -35.12403161 -20.31367882)
(25.99447091 -36.93177395 -20.15081762)
(29.46826266 -37.26582097 -20.42774756)
(33.17366809 -37.39981788 -21.2131152)
(36.00761772 -38.19848861 -21.62099919)
(39.26883449 -40.01205072 -21.81363725)
(42.54413121 -39.7431293 -22.06651661)
(44.62896224 -39.03590247 -21.80276008)
(50 -36.66666667 -10)
(-50 -33.33333333 -10)
(-43.92199735 -33.09919059 -11.54068338)
(-40.58454731 -33.29408498 -10.54506209)
(-37.02094666 -34.04521284 -10.96304194)
(-33.50285826 -34.13033225 -10.33519758)
(-30.3482045 -34.44380701 -10.00662448)
(-28.05791707 -31.95698129 -8.923078498)
(-24.78159046 -31.7730725 -9.186219554)
(-21.4376298 -31.04721124 -9.815121689)
(-18.31667033 -31.36593351 -11.0738827)
(-14.85408985 -31.47944635 -11.30762174)
(-11.30261289 -31.83040581 -12.1202691)
(-8.148666777 -31.30545734 -12.7719339)
(-4.9146375 -30.6775384 -13.64560942)
(-1.513307353 -30.52675991 -14.75918332)
(1.736110731 -30.61723616 -16.00761519)
(3.677215076 -28.77086048 -16.92828992)
(7.030607809 -28.88147744 -17.74073227)
(10.12772496 -29.00840951 -18.42873735)
(13.36760321 -30.53987413 -17.90320541)
(15.80901988 -29.8614739 -19.09111961)
(19.36215563 -30.26324747 -19.80872432)
(22.24718522 -30.9497283 -20.24996128)
(25.85572096 -32.93499707 -20.62077005)
(29.35802824 -33.45674128 -20.98326907)
(32.13357657 -33.62937299 -21.1227868)
(34.95956976 -34.51492086 -21.38045058)
(38.30017965 -36.44185014 -21.9075828)
(41.8232803 -36.23054839 -22.55897201)
(44.33324284 -35.37808292 -22.2190396)
(50 -33.33333333 -10)
(-50 -30 -10)
(-44.62959274 -29.77852895 -10.75397637)
(-41.33232879 -29.82411699 -9.768505683)
(-37.61060183 -30.63183051 -9.731087147)
(-34.11396764 -30.42269658 -9.538759072)
(-30.58693023 -30.72444851 -9.120238052)
(-28.35119688 -28.28212105 -9.172831283)
(-25.2659778 -28.25731934 -8.517961324)
(-22.08704694 -27.74136475 -8.844538688)
(-18.90639253 -27.90532818 -10.05674913)
(-15.69973229 -27.98231535 -10.37665247)
(-12.06100808 -28.42609956 -10.86544897)
(-8.756904566 -27.87417747 -11.71256697)
(-5.772597478 -27.16715722 -13.08377811)
(-3.067830176 -26.97386426 -14.26397952)
(0.2544187601 -27.02282062 -15.58847685)
(3.501161736 -24.85747637 -17.17276686)
(6.196425963 -24.75573428 -17.5662149)
(9.221388844 -24.62991016 -18.51833755)
(12.49814767 -26.25465432 -18.81943352)
(14.7143278 -25.91527636 -19.7975823)
(17.70578743 -26.49676939 -20.03867061)
(20.89405071 -27.13270433 -20.61984969)
(24.86045572 -28.96076597 -20.69955466)
(28.23095755 -29.658279 -21.17360581)
(30.95084353 -29.92438029 -21.39050842)
(34.00997911 -30.79128178 -21.4118052)
(37.28209795 -32.85448962 -21.35614004)
(40.33797129 -33.44972625 -21.9113069)
(43.31306926 -32.38930541 -22.33012398)
(50 -30 -10)
(-50 -26.66666667 -10)
(-45.35406168 -26.3944464 -11.48755695)
(-42.07246954 -26.38217427 -10.67299524)
(-38.50587264 -26.94618679 -9.712546982)
(-35.02602888 -26.76641176 -9.909286098)
(-31.38777267 -27.08184899 -9.500002228)
(-27.89010912 -24.60284218 -9.511663597)
(-25.16558529 -24.70099444 -9.407701579)
(-21.77621322 -24.0076181 -9.363803315)
(-18.49103804 -24.2312257 -9.701151651)
(-14.72339029 -24.33600689 -10.0068232)
(-11.52276545 -24.61401704 -10.91631234)
(-8.322656449 -24.02301087 -12.46387082)
(-5.237867385 -23.3388307 -13.95361098)
(-2.409183171 -22.97714028 -15.16418156)
(0.4256573539 -22.99314071 -16.226401)
(4.163284392 -21.02646751 -18.5771278)
(6.647278365 -20.91507578 -19.19410912)
(9.48410609 -20.63673399 -20.21970839)
(12.22894506 -22.10448706 -20.11846773)
(15.14311185 -21.78023807 -21.35298344)
(17.94953452 -22.54463369 -21.36623646)
(21.1843671 -23.27455649 -22.0569343)
(24.20636832 -25.22132811 -21.54501508)
(27.57646877 -25.94223807 -21.9143057)
(30.85180357 -26.11010306 -22.37053837)
(33.8534783 -26.96290942 -22.15329177)
(36.47082023 -29.10559323 -21.34665166)
(39.38815395 -30.01607858 -21.40129568)
(42.46405705 -28.91813392 -22.17537674)
(50 -26.66666667 -10)
(-50 -23.33333333 -10)
(-44.88821434 -22.85309701 -11.11130378)
(-41.16032599 -22.75543789 -10.7736782)
(-37.80279785 -23.78556166 -10.81069057)
(-33.94705177 -23.29113354 -10.74528087)
(-30.6243925 -23.38682443 -9.809895815)
(-27.44298151 -20.78027861 -9.414982178)
(-24.26541818 -21.10555168 -9.264706421)
(-20.7375689 -20.48594711 -9.339009733)
(-17.39177204 -20.71308303 -9.644240368)
(-13.84862375 -20.73609815 -10.72359886)
(-10.8802623 -20.99480689 -11.92104661)
(-7.657386292 -20.43053592 -13.57575363)
(-4.475925421 -19.72628906 -15.07134819)
(-1.483038318 -19.2460318 -16.32095347)
(1.342205746 -19.17360826 -17.3818926)
(4.696912787 -17.41954226 -20.30314715)
(7.102700526 -17.1708464 -20.9272926)
(9.971080594 -16.78826386 -22.02792185)
(12.55377521 -18.1319164 -21.79494124)
(15.95246224 -17.87053144 -23.02724266)
(18.37296196 -18.80384423 -23.01646046)
(21.96225857 -19.36043077 -23.22642612)
(24.48125196 -21.47113606 -22.81070466)
(27.74940054 -22.25309604 -23.18137203)
(31.11182452 -22.60437213 -23.78554854)
(34.08949526 -23.60455009 -23.51008615)
(36.15271854 -25.38538508 -22.15338491)
(39.15355392 -26.3464929 -22.05579012)
(42.95452463 -25.49363788 -22.77567609)
(50 -23.33333333 -10)
(-50 -20 -10)
(-44.93533662 -19.17601928 -10.7214228)
(-41.14472242 -18.99356442 -10.18244962)
(-37.63686441 -19.96347204 -11.10046385)
(-34.00523969 -19.29943744 -10.59591141)
(-30.35109946 -19.45622806 -9.770650996)
(-27.12667195 -16.9310767 -9.199880473)
(-23.77669941 -17.34758016 -9.03470912)
(-20.2330136 -16.798051 -9.868293042)
(-16.62622575 -17.10906351 -10.1663689)
(-13.35823253 -17.09046844 -11.66273174)
(-10.12864911 -17.32981615 -12.79919571)
(-6.853459133 -16.81100452 -14.53184671)
(-3.864982931 -16.19702541 -16.38391385)
(-0.9493875971 -15.70568721 -17.93325254)
(1.918866782 -15.61380066 -19.03383478)
(5.213452348 -13.74093248 -21.96806081)
(7.631424719 -13.34287902 -22.5395508)
(10.84400117 -12.91183035 -23.63870321)
(13.37781236 -14.26343437 -23.38042624)
(17.33851346 -14.13004216 -24.48208055)
(19.78102926 -15.28903807 -24.25398944)
(23.4326688 -16.12348325 -24.6125067)
(25.54945172 -17.88869717 -23.84983897)
(28.50035146 -18.68165246 -24.30614155)
(32.56520784 -19.60857167 -24.68292831)
(35.65114188 -20.92156005 -24.46066229)
(37.16217983 -22.46519207 -23.37289187)
(40.45853349 -23.45440716 -22.90008818)
(44.47462687 -22.80896288 -23.24848526)
(50 -20 -10)
(-50 -16.66666667 -10)
(-45.33972088 -15.61518126 -10.53442426)
(-41.37397881 -15.20239566 -10.74283482)
(-37.49328583 -15.99486454 -11.15386395)
(-33.99766159 -15.36673784 -10.04567028)
(-30.14244246 -15.50699136 -9.471140735)
(-26.83175404 -13.18186763 -9.343668218)
(-23.23757009 -13.78919126 -9.747253662)
(-19.56186422 -13.15342004 -10.35391157)
(-15.86600988 -13.59776308 -10.99876218)
(-12.35804438 -13.6149058 -12.47600959)
(-9.431960971 -13.82651252 -13.96192255)
(-6.306393558 -13.45674688 -15.97676727)
(-3.219515628 -12.7968248 -17.82224564)
(-0.3886117326 -12.30225887 -19.65999286)
(2.452047137 -12.30245249 -20.9078673)
(5.813888206 -9.808752624 -23.22508758)
(8.344911319 -9.39286601 -23.91617344)
(12.07803171 -9.004518813 -24.94592321)
(14.85900319 -10.60468667 -24.71125634)
(18.76471404 -10.21768604 -25.6601425)
(21.48005716 -12.00197977 -25.43096284)
(25.22558557 -12.96736716 -25.62091885)
(27.11762092 -14.74971574 -24.9515677)
(30.21713218 -15.68714006 -25.10035667)
(34.42145878 -16.78444228 -25.15143919)
(37.40965338 -18.12795558 -24.82211378)
(39.01924091 -20.0649709 -23.87329431)
(41.92036742 -20.52419516 -23.51485858)
(45.28753276 -19.60552961 -23.97289187)
(50 -16.66666667 -10)
(-50 -13.33333333 -10)
(-45.59005128 -12.72178014 -11.97289511)
(-41.5910311 -12.0265117 -12.20803914)
(-37.61839279 -12.03586732 -11.34547256)
(-34.15257744 -11.36768074 -9.909495257)
(-30.17012299 -11.53837599 -9.253421864)
(-26.74013069 -9.650532238 -10.44580275)
(-22.83335463 -10.2978329 -10.74458448)
(-19.12062768 -9.631809889 -11.27881094)
(-15.38223526 -10.14562014 -12.08971401)
(-11.78493278 -10.19468158 -13.68122289)
(-8.827743726 -10.38815035 -15.25880599)
(-5.779023105 -10.12018699 -17.44524424)
(-2.904814085 -9.523671471 -19.47319534)
(0.04815339158 -8.852746633 -21.38454442)
(3.127023433 -8.731337781 -22.49974136)
(6.397782424 -5.587288119 -23.67758457)
(9.229022437 -5.152904325 -24.54466921)
(13.11228475 -4.635220518 -25.41754391)
(15.95745288 -6.500239713 -25.72672599)
(19.97658391 -6.023139156 -26.60676688)
(22.83811558 -8.318531217 -26.49180238)
(26.49823636 -9.316162727 -26.75695909)
(28.87435431 -11.64446036 -25.78495063)
(32.06446263 -12.78945785 -25.6915432)
(35.94818133 -13.62783424 -25.90682734)
(38.88893732 -15.01186983 -25.4919089)
(40.43129963 -16.88432889 -24.53592811)
(43.2551986 -17.49423167 -24.22095191)
(46.23534105 -16.31635126 -24.48946866)
(50 -13.33333333 -10)
(-50 -10 -10)
(-45.34376288 -9.159110031 -12.22594679)
(-42.52914585 -8.433235355 -12.56805968)
(-38.28977185 -8.32647485 -12.05291079)
(-34.32521476 -7.718756947 -11.02718404)
(-30.24071976 -7.791393298 -9.921671144)
(-26.66821454 -6.092275875 -11.41286964)
(-22.4199449 -6.604116483 -11.32495247)
(-18.72542371 -5.911299176 -11.71725434)
(-14.96330279 -6.52839682 -12.94746509)
(-11.46231687 -6.596006088 -14.75970305)
(-8.450297158 -6.803128305 -16.45176125)
(-5.616792098 -6.631772995 -18.84125787)
(-2.779102428 -5.998049471 -20.91830359)
(0.4843234314 -4.906593988 -22.50486184)
(3.793831439 -4.773321624 -23.53482486)
(6.876314105 -1.241676716 -23.35092852)
(10.33729734 -0.9192772931 -24.36087543)
(14.24100194 -0.3178826507 -25.51339148)
(17.01237418 -2.199987296 -26.34830908)
(21.75844414 -2.591041257 -27.27102136)
(24.03791504 -4.335408388 -27.22258324)
(27.85234806 -5.460981363 -27.35765197)
(30.2233633 -8.172894707 -26.78859723)
(33.51881831 -9.527332162 -26.59837126)
(37.66304068 -10.86018164 -26.66284528)
(40.77591952 -12.83190848 -25.8220659)
(42.25699443 -14.32900179 -25.00362806)
(44.37513689 -14.23815633 -24.93750606)
(47.22188739 -13.06022727 -25.16621312)
(50 -10 -10)
(-50 -6.666666667 -10)
(-44.85377357 -5.691931081 -12.99143788)
(-41.95777256 -4.831799609 -13.07619625)
(-38.28403864 -4.646165674 -13.00137488)
(-34.62990699 -3.835596802 -11.55929675)
(-30.45846079 -3.955743753 -10.55933539)
(-26.3819935 -2.424184786 -10.72403492)
(-22.14695347 -2.844347587 -10.92241182)
(-18.32424206 -2.253143719 -11.28384387)
(-14.75571068 -2.728280101 -12.72436852)
(-11.42255512 -2.688382011 -14.61991159)
(-8.36785686 -2.920668358 -16.76564904)
(-5.457204343 -2.681567916 -18.87413945)
(-2.362499274 -2.042096568 -20.84336576)
(1.095481952 -0.7879502974 -22.22327553)
(4.449997989 -0.6319087162 -23.66778206)
(7.629206466 2.858645508 -22.95412679)
(10.95345518 3.025911736 -23.85745755)
(13.77954184 3.288290086 -24.42816036)
(17.86623507 1.365357292 -26.18018072)
(20.12029586 1.37290412 -26.47273818)
(24.8197739 -0.753435903 -27.46114406)
(27.8114512 -2.194170057 -27.48895505)
(31.47310257 -5.162238198 -27.28353882)
(34.88166299 -7.310540286 -27.02015253)
(37.61125638 -8.401622138 -26.68973436)
(40.47949219 -9.922016095 -26.06994537)
(43.42010844 -10.93190388 -25.70160403)
(45.0007787 -10.76065965 -25.63112379)
(48.20843373 -9.804103272 -25.84295757)
(50 -6.666666667 -10)
(-50 -3.333333333 -10)
(-44.46293821 -2.212067767 -13.7119844)
(-40.588451 -1.566256759 -13.41353839)
(-37.27427403 -1.084161132 -12.33686273)
(-33.83414299 -0.2544252038 -10.60736151)
(-30.03616682 -0.3483671353 -9.749406766)
(-26.0134397 0.3231082858 -9.180070277)
(-21.94316369 0.4336142695 -9.632075447)
(-18.60504565 1.351029219 -10.6484116)
(-15.03796905 0.9708949729 -12.00885713)
(-11.98553735 0.9883882538 -13.8370974)
(-8.680161931 0.8100553052 -15.93857198)
(-5.708875524 0.8934778878 -17.68792931)
(-2.577725353 1.325065993 -19.39384158)
(0.5637708897 2.512137252 -20.5772492)
(4.433939135 3.100381565 -22.54964023)
(7.26096413 5.461523569 -21.8812003)
(10.59857534 5.710122429 -23.07102116)
(15.18858222 5.179420408 -25.33455543)
(17.66213518 5.081524774 -25.66625807)
(19.58040529 5.44270954 -25.52523908)
(23.77269765 3.408642262 -27.04500138)
(26.68185333 1.894048529 -27.48151493)
(30.39406447 -1.209879472 -27.49471379)
(34.05238664 -3.364031756 -27.32242707)
(36.47633978 -4.680923598 -27.04847284)
(39.45161776 -6.305176766 -26.65327978)
(43.33839408 -7.645771927 -26.31775096)
(45.44874744 -7.232293291 -26.54305683)
(48.85535611 -6.519573332 -26.54806654)
(50 -3.333333333 -10)
(-50 0 -10)
(-45.03575172 1.391071258 -13.99572752)
(-41.150098 2.023236857 -14.09216019)
(-38.15229713 2.207118329 -12.00665042)
(-35.27451165 2.794471477 -9.986843715)
(-31.17738969 2.687994578 -8.861829098)
(-26.96053634 3.159412003 -8.071853028)
(-22.88659044 3.505614147 -8.596233342)
(-19.36526661 4.369129403 -9.595630617)
(-16.07636694 4.365571332 -11.48156814)
(-12.47277079 4.6433672 -13.09747717)
(-9.086703339 4.511670237 -14.96879021)
(-5.739743421 4.707037987 -16.81524636)
(-2.421698271 5.172821526 -18.51334598)
(1.058520347 6.604296211 -19.78535749)
(4.399460745 6.790900627 -21.41134047)
(7.820303803 8.044249624 -22.12453027)
(11.80281565 7.893245149 -24.17411234)
(14.383266 7.72933614 -24.55763105)
(17.04271889 7.42294803 -25.07442093)
(21.53004807 6.580375746 -26.77768783)
(23.91919212 6.039738901 -27.0563737)
(26.35218306 5.738003551 -27.21875726)
(30.15942257 2.69700231 -27.80723378)
(33.22311029 0.5824767738 -27.62470162)
(35.72015296 -0.8751822623 -27.41702088)
(38.62965919 -2.592610228 -27.170432)
(41.96265384 -4.478257726 -26.90871772)
(46.04668916 -3.573339114 -27.06964978)
(48.26113674 -2.975307995 -26.94392575)
(50 0 -10)
(-50 3.333333333 -10)
(-44.97700469 4.857487065 -13.73604507)
(-41.17589793 5.029319051 -12.59565292)
(-38.26206806 5.328921481 -10.49009938)
(-35.15102078 6.041710513 -8.448276011)
(-31.05276819 6.116324036 -7.653416942)
(-27.03605741 6.699490729 -7.605761057)
(-23.12099717 7.300538942 -8.531077938)
(-19.41638001 8.198426046 -9.628201793)
(-16.23139752 8.230126673 -11.26027579)
(-13.33895206 8.100195542 -12.79716248)
(-9.640039273 8.169255064 -14.36567607)
(-6.008637487 8.539755812 -16.05408812)
(-2.475494277 8.96680595 -17.64689904)
(0.4532521892 9.442697856 -18.46700839)
(4.032167314 9.73092193 -20.20593025)
(6.23748357 9.792071195 -20.31232437)
(10.09108412 10.05582991 -22.39500534)
(12.46108512 10.11179357 -22.79454875)
(16.11446364 9.770768694 -24.19580003)
(19.81639705 9.303799941 -25.60645259)
(23.10499323 8.737097241 -26.48893604)
(25.49907784 8.416467484 -26.80710035)
(29.24637324 6.417185852 -27.62439526)
(32.70569869 4.637034365 -27.89383076)
(35.74226184 3.151865962 -27.88437304)
(38.76831128 1.337374727 -27.67599709)
(42.05452192 -0.5864177782 -27.43070437)
(45.28960844 -0.008633295815 -27.67176236)
(47.09680123 0.2675988278 -27.27348558)
(50 3.333333333 -10)
(-50 6.666666667 -10)
(-45.33852243 7.688874159 -12.26784274)
(-41.6081769 8.001091342 -11.03287695)
(-38.78199211 8.563817358 -9.060009051)
(-35.52630135 9.723687117 -7.468391503)
(-31.54326909 9.996507063 -7.269977526)
(-27.78468719 10.30389882 -8.109765675)
(-24.26700433 10.38702237 -8.924787447)
(-20.71852921 10.60906851 -9.592892279)
(-17.25504046 10.81041112 -10.02646941)
(-13.91340676 10.24201792 -11.61720432)
(-11.18343669 9.961116183 -13.06321091)
(-7.382611702 10.33442305 -14.59552574)
(-3.87846533 10.85421915 -16.13706311)
(-0.8833263076 11.10341293 -16.91743376)
(2.464452864 11.47729915 -18.47467356)
(6.708249707 11.78123207 -20.75173918)
(9.463769651 11.93226459 -21.60190775)
(13.91412744 11.63504738 -23.90886041)
(18.24564407 11.05323384 -25.52303411)
(20.31993062 10.71291607 -25.81149719)
(23.73020392 10.22659757 -26.8355937)
(27.11715582 9.170574636 -27.49148507)
(29.51972359 9.204136741 -27.68561853)
(32.65761428 7.759240864 -28.00170282)
(34.75347083 6.91014066 -27.79515827)
(38.39245611 5.074002961 -27.86448876)
(42.07048654 3.279511536 -27.88838629)
(44.23628091 3.424050356 -27.65489934)
(45.93246571 3.51050565 -27.60304541)
(50 6.666666667 -10)
(-50 10 -10)
(-45.48358926 10.54250714 -10.77659223)
(-42.07577605 10.91340759 -9.468010463)
(-38.82567179 12.14828015 -8.063799251)
(-34.77122618 13.37340642 -6.965600804)
(-31.46336525 13.45958413 -7.449391678)
(-28.06091033 13.21500557 -8.622362588)
(-24.00738821 12.84038603 -9.211894809)
(-19.94014308 12.58049873 -10.20202417)
(-16.20609367 12.41996393 -11.54653129)
(-12.67169258 12.16116947 -13.13070745)
(-9.782228077 12.39262526 -14.39955392)
(-6.569553134 12.61831701 -15.29210683)
(-3.44410925 12.98997677 -16.49115096)
(0.6716529673 13.4782097 -18.56288033)
(3.723681997 13.71428371 -19.77908673)
(8.376738343 13.92615393 -22.50018058)
(11.29722986 13.74399111 -23.29251882)
(15.92434497 13.01646554 -25.49816661)
(20.37682449 12.33569899 -26.85026819)
(22.29164874 11.28679047 -26.93681436)
(25.71007633 11.13276873 -27.64818428)
(28.81390953 10.03251112 -28.02903755)
(30.83074777 9.422647297 -28.04357615)
(33.44321849 8.965777747 -28.01228882)
(33.34210168 10.43633866 -27.55790473)
(37.0452743 8.546813735 -27.7004647)
(40.77866814 6.759395383 -27.85041382)
(43.03047983 6.797972138 -27.86784556)
(44.7681302 6.753412473 -27.93260524)
(50 10 -10)
(-50 13.33333333 -10)
(-45.38381122 13.62681382 -9.446952315)
(-41.45072209 14.28779391 -8.323104451)
(-37.70009702 15.44630898 -7.114950124)
(-33.85296533 16.87992213 -6.553076981)
(-30.26532158 16.51033338 -8.237694317)
(-26.50088274 15.45124263 -9.423476171)
(-22.21719482 15.23486995 -9.359538682)
(-18.73874377 14.78864301 -10.69866445)
(-15.47066232 14.18952168 -12.60454806)
(-11.78625207 14.12262871 -14.28539947)
(-8.346804422 14.83156676 -15.76655873)
(-5.087758758 15.0705163 -16.64151082)
(-1.926344356 15.33355171 -17.91394191)
(2.226632242 15.85300648 -20.2083269)
(5.335475398 16.01245471 -21.46209562)
(10.04522698 16.07107579 -24.24862199)
(13.13069007 15.55571764 -24.98312988)
(17.50298762 14.65143577 -26.74411793)
(21.08973941 14.70123411 -27.22401209)
(23.93308793 12.31833351 -27.86149288)
(25.31011643 14.42084307 -27.29186492)
(27.59375674 14.01286764 -27.58413607)
(29.57146775 13.19198783 -27.70671684)
(32.20131764 12.59734095 -27.74619802)
(34.10085453 12.61092557 -27.12642162)
(35.69809249 12.01962451 -27.53644064)
(39.48684973 10.23927923 -27.81244135)
(41.82467876 10.17189392 -28.08079179)
(43.92019687 10.12100164 -27.36233998)
(50 13.33333333 -10)
(-50 16.66666667 -10)
(-46.13351419 17.0512226 -8.829705883)
(-42.24541055 17.93423606 -7.910895795)
(-38.58541637 19.20165164 -6.94177701)
(-34.83909725 20.6225618 -6.480627431)
(-31.13808738 20.15425345 -7.703730739)
(-27.73368198 18.6975841 -8.821176849)
(-23.74469211 17.5124457 -9.562801318)
(-19.78038477 17.7795158 -9.680565637)
(-16.36533575 16.99183546 -11.23844061)
(-13.10633516 16.55233835 -13.05247378)
(-9.071046572 16.55785995 -14.86528229)
(-4.745274044 17.1892997 -16.90807757)
(-0.7255546192 17.61850836 -19.02440617)
(2.14295106 17.89353255 -20.04693586)
(6.155136329 18.20169265 -22.28041958)
(8.603253802 18.35172277 -22.82304884)
(13.01152949 17.83053991 -24.98249197)
(15.85967583 18.18591597 -25.3722468)
(19.68164774 18.60210695 -26.1346057)
(23.08861781 16.79460956 -27.27602515)
(24.06064698 18.28231376 -26.35391983)
(26.38944502 17.84090985 -26.66511566)
(28.8029395 17.09656809 -27.0372184)
(31.246786 16.4081674 -27.24370534)
(33.99443758 15.5363809 -27.00677487)
(34.99485191 15.39500877 -26.98865941)
(38.19503133 13.71916308 -27.77446888)
(40.93260383 13.5899106 -27.4691253)
(43.10461379 13.50133884 -26.70007289)
(50 16.66666667 -10)
(-50 20 -10)
(-46.44375156 20.69626262 -8.599006384)
(-42.53429156 21.47664612 -8.933035886)
(-38.98933472 22.78446511 -8.050600228)
(-35.37016231 24.10094709 -7.734116831)
(-31.74031334 23.99066497 -7.951146033)
(-28.24897527 22.4587554 -8.581592891)
(-24.69998688 21.02079647 -9.517418277)
(-20.97693802 21.14492137 -9.705765961)
(-17.15608169 20.48949537 -10.67801414)
(-13.639005 20.04723935 -11.95111229)
(-10.0669233 19.56921345 -13.56592428)
(-6.350812661 18.94667437 -15.70448147)
(-2.187450344 19.39606854 -17.52202041)
(0.5441395319 19.71393128 -18.4224154)
(4.615952031 20.10396903 -20.50936331)
(7.170313166 20.96360579 -20.98611819)
(11.25110564 20.63885314 -23.40799466)
(14.2917574 21.46902639 -23.74922063)
(18.01342324 21.94640378 -24.75582715)
(21.72530033 20.81739016 -26.17074815)
(22.79890737 22.02587081 -25.23099617)
(25.14600635 21.53283975 -25.56663926)
(27.75686983 20.84205006 -26.11805905)
(30.16203805 20.05856427 -26.53042864)
(32.98668588 19.17552663 -26.18508745)
(35.34024442 18.62616168 -26.13745413)
(37.57326084 17.26742291 -26.75343905)
(40.12345107 17.01958217 -26.63950225)
(42.28903072 16.88167604 -26.0378058)
(50 20 -10)
(-50 23.33333333 -10)
(-46.2471728 24.25865408 -9.303279414)
(-42.67521555 24.77685918 -10.3032797)
(-39.17260025 26.0387691 -9.564448218)
(-35.82466968 27.54513438 -9.052872345)
(-32.57776258 27.67426179 -8.125203023)
(-29.10160142 26.05271573 -8.103566051)
(-25.83002982 24.31110417 -8.853853917)
(-22.19367613 24.4379002 -9.493091938)
(-18.52531764 23.75174353 -10.46898302)
(-14.69841992 23.39428977 -11.26547237)
(-11.11506899 22.85708693 -12.47887551)
(-7.389778569 21.64095716 -14.09214284)
(-3.699452101 21.31193427 -16.06617154)
(-0.842056055 21.69366228 -16.60326424)
(3.072877319 22.15178289 -18.73874746)
(5.699725458 23.16211395 -19.07342096)
(9.661010104 23.15939506 -21.56604984)
(12.36154625 23.86238565 -22.00038842)
(15.92566177 24.31352591 -23.23518405)
(20.14289906 24.40856545 -24.70377414)
(21.49327847 25.36120035 -23.66372032)
(23.89160036 25.12946956 -24.35399631)
(26.58911839 24.32032919 -24.93196189)
(29.16334748 23.67942043 -25.56059846)
(31.74828077 22.7732007 -25.95869295)
(34.45187127 22.17454482 -25.30225944)
(36.96757289 20.8173239 -25.70881379)
(39.31429831 20.44925375 -25.80987921)
(41.47344764 20.26201324 -25.37553871)
(50 23.33333333 -10)
(-50 26.66666667 -10)
(-45.97890991 27.41062365 -10.5591442)
(-42.54281206 28.18869018 -11.55735603)
(-38.99227572 29.2473801 -11.10885024)
(-36.22831465 30.84050233 -10.4974465)
(-33.14775551 31.02292242 -9.386777322)
(-29.51392639 29.81333141 -8.380350312)
(-26.11027069 27.9959373 -8.201799056)
(-22.97604315 28.03936091 -9.215793018)
(-19.60437943 27.29145998 -10.39740744)
(-16.20885604 26.57615299 -11.53507209)
(-12.50427311 26.30780596 -12.29787444)
(-8.479007537 24.94463583 -12.97545249)
(-4.99209012 23.88497668 -14.5682891)
(-2.268369923 24.418536 -14.96923098)
(1.681922015 24.39550955 -16.8691199)
(4.201439887 25.50551832 -17.20562646)
(8.163032354 25.44605712 -19.58715272)
(10.62143566 26.15377034 -20.0420442)
(13.97378633 26.46796422 -21.50756498)
(18.30163136 27.21541005 -23.02712111)
(19.9972028 28.26407074 -22.00750271)
(22.70259776 28.20148068 -22.60077968)
(25.47109001 27.62441374 -23.49321288)
(28.09632517 27.22706902 -24.54791242)
(30.82576996 26.43867486 -25.10240702)
(33.44294572 25.74043414 -24.83657858)
(36.29328825 24.3485516 -25.02500824)
(38.50514555 23.87892532 -24.98025616)
(40.65786457 23.64235044 -24.71327162)
(50 26.66666667 -10)
(-50 30 -10)
(-46.57985655 30.49881552 -11.75398228)
(-43.37376666 31.37150971 -12.77792975)
(-39.77076448 32.27986726 -12.59940007)
(-37.32676892 33.90651859 -11.78586858)
(-34.21371215 34.08481939 -10.65888105)
(-30.78723916 32.96392593 -9.16981564)
(-27.05577907 31.49400181 -8.532360517)
(-24.09348084 31.47734887 -9.414383736)
(-20.50774553 30.92045434 -10.24571568)
(-17.32962654 30.16791647 -11.49111727)
(-13.98713983 29.65057115 -12.61652597)
(-9.823220151 28.41839111 -12.58695474)
(-6.193693605 27.09875005 -13.39066811)
(-3.763491555 27.61645423 -13.74924871)
(0.07349675044 26.99361977 -15.29269391)
(2.497318911 28.23701634 -15.66998276)
(6.564542809 27.79360363 -17.70596336)
(8.946642204 28.76757362 -18.10095569)
(12.35484096 28.81126476 -19.48877159)
(16.42116706 29.47312371 -21.14498278)
(18.40739291 30.88728524 -20.26835608)
(21.29996115 31.1009778 -20.92624023)
(24.23019993 30.68352273 -21.96378669)
(27.20010477 30.27308015 -22.91371098)
(29.88126582 29.90154616 -23.94247085)
(32.0298457 28.89992113 -24.44116738)
(35.50916452 27.84118058 -24.08000395)
(37.6959928 27.30859689 -24.15063311)
(39.8422815 27.02268764 -24.05100454)
(50 30 -10)
(-50 33.33333333 -10)
(-46.72653776 33.77034082 -12.88777747)
(-44.27869013 34.82030325 -13.59531675)
(-40.73115191 35.71058174 -13.56356523)
(-38.04612527 37.03690466 -13.20646999)
(-35.12097566 36.86183519 -12.19406825)
(-31.51317462 36.25706856 -10.324677)
(-27.991647 34.90564594 -9.222582508)
(-24.94687633 35.0296841 -9.90069997)
(-21.39269767 34.50792565 -10.67381365)
(-17.94363938 34.01180745 -11.65183875)
(-14.758976 33.51425583 -12.72658284)
(-11.0812125 31.91818469 -13.00377145)
(-7.486433862 30.60841761 -12.81281981)
(-5.146490039 31.39626236 -13.31975597)
(-1.487815977 30.40614572 -14.34468775)
(0.7480787824 31.77553599 -15.02604341)
(4.783164229 30.71873357 -16.2989393)
(7.104112294 31.88336153 -16.59722504)
(10.81900575 31.61110747 -17.5428823)
(14.81257095 31.84497861 -19.06111262)
(16.86549749 33.41381748 -18.46324674)
(19.75268273 33.79128962 -19.26666828)
(22.84317394 33.44443853 -20.39474003)
(25.90940559 33.01699133 -21.4170938)
(28.83406253 32.82671962 -22.39719611)
(31.46654723 32.24630549 -23.06970164)
(34.5343045 31.33891541 -23.5176977)
(36.94581722 30.69818499 -23.48355239)
(39.02669842 30.40302484 -23.38873745)
(50 33.33333333 -10)
(-50 36.66666667 -10)
(-46.78337315 37.21567715 -13.77822811)
(-44.81335467 38.20352979 -14.74596909)
(-41.82461941 38.88535317 -14.70531479)
(-39.56725447 39.38415211 -14.4633685)
(-36.47064794 39.23735483 -13.59687843)
(-32.63305203 38.75360106 -11.75710121)
(-29.02104782 38.0073962 -10.25129004)
(-26.16083594 38.20057696 -10.27170619)
(-22.42258077 37.98530359 -10.45895262)
(-18.89437502 37.62325429 -11.25441099)
(-15.76085042 37.19815396 -12.23560013)
(-12.22931674 35.58928982 -13.09414487)
(-8.832035559 34.21182114 -12.93702241)
(-6.589448707 35.13654238 -12.94216587)
(-2.901429645 34.14736802 -13.64868242)
(-0.6729774771 35.25961133 -13.75786209)
(2.939914016 34.13430935 -15.39700624)
(5.131526867 35.15405327 -15.41168109)
(8.861099087 34.66494795 -16.19783825)
(12.98430638 34.34989748 -17.23239819)
(15.18369355 35.66697831 -16.74843215)
(18.19841437 36.4097415 -17.5848129)
(21.36900255 36.04723715 -18.82006941)
(24.46959495 35.64431547 -19.9678527)
(27.66307334 35.58506407 -20.86815512)
(30.67874863 35.44167681 -21.70576882)
(33.4898628 34.69032899 -22.95484857)
(36.31239553 34.06078435 -22.42097847)
(38.2090961 33.77888649 -22.79115343)
(50 36.66666667 -10)
(-50 40 -10)
(-47.19544271 40.79509003 -14.33288368)
(-45.74418522 41.84352771 -14.88659113)
(-43.60988563 41.61770555 -15.12667412)
(-40.44251984 41.58408768 -15.16876405)
(-36.96866998 41.43972935 -14.11526914)
(-33.92343351 41.1275819 -13.08507058)
(-30.26929711 40.56694246 -11.46686397)
(-27.75922927 40.6621151 -10.97561467)
(-24.10943895 40.81490753 -10.28692565)
(-20.48843785 40.56402133 -10.6117576)
(-17.05952764 40.6326893 -11.62130483)
(-13.5203285 39.0456415 -12.49077808)
(-10.25056163 37.75721418 -12.90235428)
(-7.964088629 38.95878486 -12.92618917)
(-4.320223736 37.85063076 -12.87159654)
(-1.79049474 38.77363395 -12.63283152)
(1.679670727 37.6767387 -13.95181328)
(3.874911861 38.71410075 -13.87160756)
(7.151621208 38.15826663 -14.91432733)
(10.85324392 37.22221573 -15.9059261)
(13.25040085 38.47196661 -15.72641468)
(16.64145035 39.26047531 -16.07622686)
(19.91490053 38.78772272 -17.28452679)
(23.07680771 38.29853151 -18.48457602)
(26.16810353 38.03234814 -19.49366621)
(29.57857938 38.42750759 -20.35350269)
(32.8921488 37.80436062 -21.45323267)
(35.26737495 37.40351936 -22.07849857)
(37.69605938 37.01862506 -21.75725016)
(50 40 -10)
(-50 43.33333333 -10)
(-47.79943834 44.23811722 -14.62535147)
(-44.3140064 43.77759611 -14.39235733)
(-41.90832845 43.67311616 -14.68870152)
(-38.87480676 43.30507239 -13.98774488)
(-35.33765419 43.43112242 -13.00274167)
(-32.89302321 43.47409964 -12.69916368)
(-30.27058048 43.08592125 -11.95087915)
(-26.48835007 43.73308615 -11.76459661)
(-23.18536677 43.97130993 -11.21436554)
(-19.84400196 43.66947495 -11.96061526)
(-16.56418782 44.24740097 -12.55800321)
(-13.6326068 42.75659227 -12.40444901)
(-10.62432577 41.56037999 -12.79357189)
(-8.181001581 43.19445951 -12.67932209)
(-5.091188701 41.97875943 -12.57269461)
(-2.048104168 42.91896961 -13.39046185)
(0.8113387792 41.5880696 -13.46117491)
(4.219257754 43.04526431 -14.31662857)
(6.692898845 42.52139773 -14.40632981)
(9.851013529 41.23084957 -15.01365347)
(13.01075545 42.78660089 -15.45859536)
(16.11844746 43.49347323 -16.01219034)
(19.35253728 42.66119253 -16.29992999)
(22.07124579 41.69616259 -17.25789886)
(25.054019 41.23619851 -18.2725434)
(28.44645739 41.39926504 -19.01747815)
(31.83121465 40.76604806 -20.107919)
(34.67875427 40.58775495 -20.90252433)
(37.01002339 40.28167846 -20.99917494)
(50 43.33333333 -10)
(-50 46.66666667 -10)
(-46.12591794 46.09543648 -14.22829745)
(-42.88896803 45.25666391 -13.25730876)
(-40.31719803 45.46160104 -13.60831016)
(-37.23413829 45.33252205 -12.85912391)
(-33.58334399 45.60050387 -12.08766196)
(-31.18220301 45.68817991 -11.93851158)
(-28.71279696 45.74599652 -11.72358836)
(-24.82058579 46.42164665 -12.12260928)
(-22.26186954 46.61132652 -12.22825947)
(-19.12690775 46.81516099 -12.51538869)
(-15.331525 46.41366138 -12.52586803)
(-13.32606734 46.48953491 -12.72952328)
(-11.1701661 45.52682252 -12.86587563)
(-6.437898715 45.47798481 -13.55265949)
(-4.500193928 45.46813614 -13.57887548)
(-0.03177975676 45.3842322 -14.21739091)
(1.889084906 45.3650968 -14.20272947)
(6.44353619 45.9635123 -15.24583453)
(8.441872956 45.93855494 -15.34364948)
(10.463244 45.70185828 -15.42135531)
(14.53260161 46.19415206 -16.26831708)
(17.91773344 46.60980684 -16.87554217)
(20.03317357 46.63402706 -16.93932352)
(22.55540468 45.71571349 -17.34246152)
(25.1630689 45.31298724 -18.18464051)
(28.2372206 45.34416708 -18.73305615)
(31.16711591 44.31165072 -19.18305432)
(34.03185457 43.63624005 -19.53535091)
(36.71146591 43.71141882 -20.17629982)
(50 46.66666667 -10)
(-50 50 -10)
(-46.66666667 50 -10)
(-43.33333333 50 -10)
(-40 50 -10)
(-36.66666667 50 -10)
(-33.33333333 50 -10)
(-30 50 -10)
(-26.66666667 50 -10)
(-23.33333333 50 -10)
(-20 50 -10)
(-16.66666667 50 -10)
(-13.33333333 50 -10)
(-10 50 -10)
(-6.666666667 50 -10)
(-3.333333333 50 -10)
(0 50 -10)
(3.333333333 50 -10)
(6.666666667 50 -10)
(10 50 -10)
(13.33333333 50 -10)
(16.66666667 50 -10)
(20 50 -10)
(23.33333333 50 -10)
(26.66666667 50 -10)
(30 50 -10)
(33.33333333 50 -10)
(36.66666667 50 -10)
(40 50 -10)
(43.33333333 50 -10)
(46.66666667 50 -10)
(50 50 -10)
(-50 -50 -3.333333333)
(-46.66666667 -50 -3.333333333)
(-43.33333333 -50 -3.333333333)
(-40 -50 -3.333333333)
(-36.66666667 -50 -3.333333333)
(-33.33333333 -50 -3.333333333)
(-30 -50 -3.333333333)
(-26.66666667 -50 -3.333333333)
(-23.33333333 -50 -3.333333333)
(-20 -50 -3.333333333)
(-16.66666667 -50 -3.333333333)
(-13.33333333 -50 -3.333333333)
(-10 -50 -3.333333333)
(-6.666666667 -50 -3.333333333)
(-3.333333333 -50 -3.333333333)
(0 -50 -3.333333333)
(3.333333333 -50 -3.333333333)
(6.666666667 -50 -3.333333333)
(10 -50 -3.333333333)
(13.33333333 -50 -3.333333333)
(16.66666667 -50 -3.333333333)
(20 -50 -3.333333333)
(23.33333333 -50 -3.333333333)
(26.66666667 -50 -3.333333333)
(30 -50 -3.333333333)
(33.33333333 -50 -3.333333333)
(36.66666667 -50 -3.333333333)
(40 -50 -3.333333333)
(43.33333333 -50 -3.333333333)
(46.66666667 -50 -3.333333333)
(50 -50 -3.333333333)
(-50 -46.66666667 -3.333333333)
(-43.75933356 -46.58173496 -7.12017564)
(-40.79308688 -46.63426702 -7.658200715)
(-38.62871116 -46.78125934 -7.086637317)
(-36.00861903 -46.79598872 -6.880409214)
(-34.1901954 -46.91969114 -6.716963381)
(-27.68907511 -46.20597706 -6.094782606)
(-25.09392639 -45.91101241 -4.865139723)
(-21.92969243 -45.42248618 -4.776494882)
(-18.90871695 -46.13970527 -4.987249559)
(-16.17235162 -46.42229588 -5.90720867)
(-13.69845533 -46.30288896 -6.293489646)
(-10.53671958 -45.81526509 -7.182988796)
(-7.354702929 -45.14751906 -8.139863094)
(-4.745014489 -44.86718636 -8.643378453)
(-2.798329235 -44.89579567 -8.569895896)
(1.956125826 -44.67956349 -11.07541972)
(5.186703457 -44.67310865 -11.69526782)
(8.026987487 -45.45181797 -12.43606152)
(11.77651804 -47.09736131 -12.24827332)
(13.95169084 -47.23851468 -12.76626461)
(16.85231309 -46.62602837 -12.88331419)
(20.00169672 -46.93384727 -13.18554953)
(23.00585297 -48.08040427 -12.86588269)
(26.26636643 -48.26922958 -13.30250325)
(29.43140449 -48.02762096 -13.96226069)
(32.75815351 -47.90110573 -14.32540555)
(36.01282136 -48.91415522 -14.01706212)
(38.73888758 -49.14330051 -14.2429308)
(42.18249052 -48.74835681 -14.83579631)
(50 -46.66666667 -3.333333333)
(-50 -43.33333333 -3.333333333)
(-42.94907102 -42.98613611 -7.405436899)
(-39.54149244 -43.13616285 -8.035133199)
(-36.72908524 -44.33933246 -8.038537664)
(-33.82033718 -44.38636162 -7.155743362)
(-31.91933197 -44.70114107 -6.587868055)
(-27.91435593 -42.68116296 -4.840040639)
(-24.72545772 -42.29281849 -3.954688777)
(-21.42339411 -41.63192659 -4.389313735)
(-18.22708322 -42.3060565 -5.255514572)
(-14.99798386 -42.77414348 -6.124747795)
(-11.86704231 -43.3720079 -7.01187178)
(-8.895023491 -42.74799177 -8.188525613)
(-5.835951849 -42.06148109 -9.248071973)
(-2.793162826 -42.49914096 -10.34327667)
(-0.8357614046 -42.72601134 -10.35996704)
(3.403709374 -40.62424021 -11.69077438)
(6.807123137 -40.65776796 -12.08924075)
(9.8184948 -41.39646131 -12.32742923)
(11.96217641 -43.21886748 -13.23393889)
(15.51504203 -42.88542738 -13.40368574)
(18.63535256 -42.80697476 -13.726745)
(21.9924878 -43.46223999 -14.05141696)
(24.37273712 -44.92033532 -14.37035114)
(27.65013828 -45.1690076 -14.45269298)
(31.37759724 -45.24554007 -15.04022964)
(34.8696788 -45.84867721 -15.28738765)
(37.17232691 -47.04862313 -14.56175021)
(40.65020232 -46.7755721 -15.02323056)
(43.84749193 -46.4461019 -15.75400496)
(50 -43.33333333 -3.333333333)
(-50 -40 -3.333333333)
(-44.07812691 -39.54649629 -7.538711361)
(-40.77385885 -39.93997915 -6.949651361)
(-37.26715715 -40.87968912 -7.631493939)
(-33.756545 -41.1088086 -6.79767076)
(-30.33734556 -41.61342632 -6.20137914)
(-28.138922 -39.12326845 -3.929596715)
(-25.88002792 -38.85097132 -3.47199785)
(-22.33509286 -38.21273013 -3.403702337)
(-19.02637026 -38.65902021 -4.488815478)
(-15.69514386 -38.90090471 -5.57201896)
(-12.39204277 -39.33852511 -6.839970278)
(-8.78658061 -38.6945676 -7.626771077)
(-5.483668431 -37.97183769 -8.718731464)
(-2.582470941 -38.14664127 -10.13918663)
(0.7115606539 -38.96974771 -10.94647045)
(3.491250154 -36.33774115 -10.66264337)
(6.53690047 -36.24565593 -11.17424847)
(10.04517489 -36.89852891 -11.07804131)
(12.20115913 -38.70990425 -11.98457431)
(15.9690633 -38.14110175 -12.85692891)
(19.1351979 -38.32653185 -13.44336434)
(22.40063965 -39.00598271 -14.27467477)
(25.16069869 -40.89332084 -14.23328125)
(28.61604984 -41.3305578 -14.85367252)
(32.09663703 -41.36289411 -15.72731705)
(35.3751312 -42.14669902 -16.42481095)
(37.90542349 -43.65724282 -15.72134299)
(41.51635057 -43.72705816 -16.44692392)
(44.63435081 -43.14267567 -16.61756066)
(50 -40 -3.333333333)
(-50 -36.66666667 -3.333333333)
(-44.17910809 -36.21564589 -6.382794541)
(-40.52968349 -36.41503053 -5.627891961)
(-37.14524637 -37.66007448 -5.858457846)
(-33.51976249 -37.90342908 -4.970700998)
(-30.22356469 -38.35119793 -4.488268171)
(-27.830085 -35.54615991 -2.755944442)
(-24.8814764 -35.31378417 -2.801399282)
(-21.42002575 -34.50113123 -3.405592142)
(-18.00346537 -34.99125106 -4.264228501)
(-14.70317078 -35.09003946 -5.518597111)
(-11.31839699 -35.53858982 -6.628185437)
(-7.931364633 -34.75056544 -7.692681688)
(-4.570251892 -34.0351429 -8.714162433)
(-1.232789537 -34.14710753 -10.00072207)
(1.585604935 -34.61222107 -10.64338847)
(4.64957688 -32.00787703 -10.31073827)
(8.279520775 -32.12838981 -11.11040425)
(11.0557873 -32.65491589 -11.96325755)
(14.12032914 -34.59118411 -11.89799468)
(17.20081145 -33.68626278 -13.28602404)
(20.02238725 -34.10223132 -14.38323442)
(23.11232764 -34.86692577 -15.36595862)
(25.88243828 -36.9759585 -15.17595388)
(29.37963978 -37.36568002 -15.49903882)
(33.14705722 -37.52200975 -16.41530107)
(35.89777623 -38.45379226 -16.89116572)
(39.14697357 -40.56961473 -17.11591013)
(42.41259752 -40.25587307 -17.41093605)
(44.28934484 -39.4307751 -17.10322009)
(50 -36.66666667 -3.333333333)
(-50 -33.33333333 -3.333333333)
(-43.46455247 -33.06016679 -5.13079728)
(-40.12641631 -33.28754359 -3.969239109)
(-36.52443777 -34.16385943 -4.456882266)
(-32.97555686 -34.2631654 -3.724397181)
(-29.85068303 -34.62888595 -3.341061895)
(-27.73423659 -31.72758929 -2.076924915)
(-24.46741109 -31.51302903 -2.383922813)
(-21.12167921 -30.6661909 -3.11764197)
(-18.03611539 -31.03803354 -4.586196487)
(-14.55199372 -31.17046519 -4.858892024)
(-10.96415949 -31.57991789 -5.806980619)
(-7.84011124 -30.96747801 -6.56725622)
(-4.622632639 -30.23490591 -7.586544321)
(-1.209969689 -30.05899768 -8.885713874)
(2.025462519 -30.1645533 -10.34221773)
(3.734528699 -28.01044834 -11.41633824)
(7.091264666 -28.13950146 -12.36418765)
(10.14901246 -28.28758887 -13.16686024)
(13.37331485 -30.0742976 -12.55373965)
(15.66607875 -29.28283066 -13.93963954)
(19.25584824 -29.75156649 -14.77684504)
(22.06616053 -30.5524608 -15.29162149)
(25.72056335 -32.86860769 -15.72423172)
(29.25103295 -33.47730927 -16.14714725)
(31.93361711 -33.67871294 -16.30991794)
(34.6750536 -34.71185211 -16.61052568)
(38.01687626 -36.95993627 -17.22551327)
(41.57160479 -36.71341757 -17.98546735)
(43.94433887 -35.71887452 -17.58887953)
(50 -33.33333333 -3.333333333)
(-50 -30 -3.333333333)
(-44.29008041 -29.7416171 -4.212972429)
(-40.99882803 -29.79480316 -3.063256631)
(-37.2123688 -30.73713559 -3.019601672)
(-33.6885178 -30.493146 -2.795218917)
(-30.12919638 -30.84518993 -2.306944394)
(-28.07639635 -27.99580789 -2.368303163)
(-25.03252965 -27.96687257 -1.604288212)
(-21.87933254 -27.36492554 -1.985295136)
(-18.72412462 -27.55621621 -3.399540654)
(-15.53857656 -27.64603458 -3.772761221)
(-11.84895387 -28.16378282 -4.343023803)
(-8.549721994 -27.51987371 -5.331328134)
(-5.623585946 -26.69501676 -6.931074467)
(-3.02357965 -26.4695083 -8.30797611)
(0.2968218868 -26.52662405 -9.853222993)
(3.529133136 -24.0003891 -11.70156134)
(6.118052512 -23.88168999 -12.16058405)
(9.091620318 -23.73489518 -13.27139381)
(12.35895006 -25.63043004 -13.62267244)
(14.38893799 -25.23448908 -14.76384602)
(17.32341867 -25.91289762 -15.04511571)
(20.48750361 -26.65482172 -15.72315797)
(24.55942057 -28.7875603 -15.8161471)
(27.93611714 -29.6013255 -16.36920678)
(30.55376189 -29.91177701 -16.62225983)
(33.56719785 -30.92316208 -16.64710606)
(36.82911428 -33.33023788 -16.58216338)
(39.83874429 -34.02468062 -17.22985804)
(42.75413636 -32.78752298 -17.71847798)
(50 -30 -3.333333333)
(-50 -26.66666667 -3.333333333)
(-45.13529418 -26.34907635 -5.068816437)
(-41.86232558 -26.33475887 -4.118494444)
(-38.25685141 -26.99277348 -2.997971479)
(-34.75258925 -26.78303594 -3.227500448)
(-31.06351255 -27.15104604 -2.750002599)
(-27.53846064 -24.25887143 -2.76360753)
(-24.91540506 -24.3733824 -2.642318509)
(-21.51669321 -23.56444334 -2.591103867)
(-18.23954437 -23.82531888 -2.984676926)
(-14.39951089 -23.9475636 -3.341293729)
(-11.22100414 -24.27190877 -4.402364395)
(-8.043099191 -23.58240157 -6.207849286)
(-4.999734171 -22.78419137 -7.945879481)
(-2.255158145 -22.36221921 -9.35821182)
(0.4966002463 -22.38088639 -10.59746784)
(4.301609569 -20.08643431 -13.33998244)
(6.644046981 -19.9564773 -14.05979397)
(9.398123771 -19.63174521 -15.25632645)
(12.04488035 -21.34412379 -15.13821236)
(14.88918604 -20.9658333 -16.57848068)
(17.60779028 -21.85762819 -16.59394253)
(20.82620606 -22.7092048 -17.39975669)
(23.7963186 -24.98043835 -16.8025176)
(27.1725469 -25.82149997 -17.23335664)
(30.43821528 -26.01734245 -17.76562809)
(33.38461357 -27.01228322 -17.51217373)
(35.8826236 -29.51208099 -16.57109361)
(38.73062406 -30.57431389 -16.63484496)
(41.76362212 -29.29337846 -17.53793953)
(50 -26.66666667 -3.333333333)
(-50 -23.33333333 -3.333333333)
(-44.59180562 -22.77305762 -4.629854415)
(-40.7981581 -22.65912198 -4.235957895)
(-37.43659749 -23.86093305 -4.279139)
(-33.49378262 -23.28410025 -4.202827682)
(-30.17290236 -23.39573962 -3.111545118)
(-27.01681176 -20.35476949 -2.650812541)
(-23.8652101 -20.73425473 -2.475490824)
(-20.30494149 -20.01138274 -2.562178022)
(-16.95706738 -20.27637465 -2.91828043)
(-13.37894993 -20.30322562 -4.177531998)
(-10.47141713 -20.60505248 -5.574554383)
(-7.266950674 -19.94673635 -7.505045905)
(-4.11080188 -19.12511502 -9.249906217)
(-1.174655816 -18.56481488 -10.70777905)
(1.565906704 -18.48032074 -11.94554136)
(4.924176029 -16.43391042 -15.35367168)
(7.175372836 -16.14376524 -16.08184136)
(9.966260693 -15.69741895 -17.36590883)
(12.42384886 -17.26501358 -17.09409811)
(15.83342817 -16.96006446 -18.5317831)
(18.10178895 -18.04892938 -18.51920387)
(21.73374611 -18.69828034 -18.76416381)
(24.11701618 -21.16076984 -18.27915544)
(27.37430062 -22.07305649 -18.7116007)
(30.74157305 -22.48287859 -19.4164733)
(33.6599667 -23.64975288 -19.0951005)
(35.51150496 -25.72739371 -17.51228239)
(38.45692402 -26.84868616 -17.39842181)
(42.33583429 -25.85368864 -18.23828877)
(50 -23.33333333 -3.333333333)
(-50 -20 -3.333333333)
(-44.64678161 -19.03868915 -4.174993271)
(-40.77995393 -18.82582516 -3.546191222)
(-37.24300847 -19.95738405 -4.617207822)
(-33.56166852 -19.18267702 -4.028563311)
(-29.85406048 -19.3655994 -3.065759496)
(-26.64778394 -16.41958949 -2.399860552)
(-23.2950382 -16.90551019 -2.20716064)
(-19.71629365 -16.26439283 -3.179675216)
(-16.06393005 -16.62724076 -3.527430383)
(-12.80682685 -16.60554651 -5.273187025)
(-9.594535069 -16.88478551 -6.599061666)
(-6.329035655 -16.27950527 -8.620487829)
(-3.398035642 -15.56319631 -10.78123283)
(-0.5520633077 -14.98996841 -12.58879463)
(2.238677913 -14.88276743 -13.87280724)
(5.526805517 -12.69775456 -17.29607095)
(7.792217727 -12.23335886 -17.96280927)
(10.98466803 -11.73046874 -19.24515375)
(13.38522553 -13.3073401 -18.94383061)
(17.45048792 -13.15171586 -20.22909397)
(19.74453414 -14.50387775 -19.96298768)
(23.44922471 -15.47739712 -20.38125782)
(25.36324923 -17.53681337 -19.4914788)
(28.25041004 -18.46192787 -20.02383181)
(32.43718693 -19.54333362 -20.46341637)
(35.48188774 -21.07515339 -20.204106)
(36.6892098 -22.87605741 -18.93504051)
(39.97940019 -24.03014169 -18.38343621)
(44.10928691 -23.27712336 -18.78989947)
(50 -20 -3.333333333)
(-50 -16.66666667 -3.333333333)
(-45.11856325 -15.4399337 -3.9568283)
(-41.04741972 -14.95835049 -4.199973957)
(-37.07550014 -15.88289752 -4.679507942)
(-33.55282741 -15.15008304 -3.386615324)
(-29.61062732 -15.31371215 -2.716330858)
(-26.30371304 -12.60106779 -2.567612921)
(-22.666054 -13.30961202 -3.038462606)
(-18.93328603 -12.56787894 -3.746230166)
(-15.17701152 -13.08627915 -4.498555882)
(-11.63994066 -13.10627899 -6.222011188)
(-8.781732244 -13.3531535 -7.955576305)
(-5.690792484 -12.92176025 -10.30622848)
(-2.644990455 -12.15185116 -12.45928658)
(0.1021752009 -11.57485756 -14.603325)
(2.86072166 -11.57508346 -16.05917852)
(6.227314018 -8.66576695 -18.76260218)
(8.624618761 -8.1805659 -19.56886901)
(12.42437033 -7.727494171 -20.77024375)
(15.11328149 -9.594356665 -20.49646573)
(19.1143886 -9.142855932 -21.60349959)
(21.72673335 -11.22453195 -21.33612331)
(25.54096094 -12.35081724 -21.55773865)
(27.19277996 -14.43022392 -20.77682898)
(30.25332087 -15.52388562 -20.95041612)
(34.60281302 -16.80407155 -21.01001239)
(37.5334845 -18.37150373 -20.6257994)
(38.85578106 -20.63135494 -19.51884336)
(41.68487311 -21.16711657 -19.10066834)
(45.05767711 -20.09534009 -19.63504051)
(50 -16.66666667 -3.333333333)
(-50 -13.33333333 -3.333333333)
(-45.41061539 -12.6198546 -5.635044301)
(-41.30064739 -11.80870809 -5.909379)
(-37.22145825 -11.81962298 -4.90305132)
(-33.73356257 -11.04007197 -3.227744467)
(-29.64292127 -11.23921644 -2.462325508)
(-26.19681913 -9.036732055 -3.85343654)
(-22.19446929 -9.791916164 -4.20201523)
(-18.41851007 -9.014889315 -4.825279433)
(-14.6126078 -9.614334602 -5.771333006)
(-10.97131047 -9.671572957 -7.628093374)
(-8.076812124 -9.897286524 -9.468606989)
(-5.075526956 -9.584662601 -12.01945162)
(-2.277838654 -8.888727827 -14.38539456)
(0.6117345124 -8.105982183 -16.61530183)
(3.648194005 -7.964338523 -17.91636492)
(6.908523939 -4.296280583 -19.29051533)
(9.656081732 -3.789499491 -20.30211408)
(13.63099887 -3.185535049 -21.32046789)
(16.39480614 -5.361390776 -21.68118033)
(20.52823679 -4.804773459 -22.70789469)
(23.31113484 -7.482730865 -22.57376944)
(27.0257202 -8.646634292 -22.88311894)
(29.24230225 -11.36298153 -21.74910907)
(32.40853973 -12.69881194 -21.64013373)
(36.38398933 -13.67691772 -21.89129856)
(39.25931576 -15.29162592 -21.40722705)
(40.50318291 -17.47616148 -20.29191613)
(43.24217614 -18.18771472 -19.9244439)
(46.16345344 -16.81352092 -20.23771344)
(50 -13.33333333 -3.333333333)
(-50 -10 -3.333333333)
(-45.12327892 -9.018961703 -5.93027125)
(-42.3951146 -8.172107915 -6.329402965)
(-38.00473382 -8.047553992 -5.728395923)
(-33.93497277 -7.338549771 -4.531714716)
(-29.72528416 -7.423292181 -3.241949668)
(-26.11291697 -5.440988521 -4.981681251)
(-21.71215794 -6.038135896 -4.879111213)
(-17.95743877 -5.229849039 -5.336796732)
(-14.12385325 -5.94979629 -6.772042606)
(-10.59492524 -6.028673769 -8.886320224)
(-7.636457795 -6.270316356 -10.86038812)
(-4.886257447 -6.070401828 -13.64813418)
(-2.131175055 -5.331057716 -16.07135418)
(1.120599559 -4.057692986 -17.92233881)
(4.426136679 -3.902208562 -19.12396233)
(7.466810901 0.2180438314 -18.90941661)
(10.94906912 0.5941764914 -20.087688)
(14.9478356 1.295803574 -21.43229006)
(17.62554765 -0.899985179 -22.40636059)
(22.60707372 -1.3562148 -23.48285825)
(24.71090088 -3.391309786 -23.42634711)
(28.60551718 -4.704478257 -23.5839273)
(30.81614607 -7.868377159 -22.9200301)
(34.10528803 -9.448554189 -22.6980998)
(38.38465857 -11.00354525 -22.7733195)
(41.46079499 -13.30389322 -21.79241021)
(42.63316017 -15.05050209 -20.83756606)
(44.54877082 -14.94451571 -20.76042374)
(47.31442418 -13.57026514 -21.02724864)
(50 -10 -3.333333333)
(-50 -6.666666667 -3.333333333)
(-44.55162472 -5.52947515 -6.823344192)
(-41.72851243 -4.525988433 -6.922228956)
(-37.99804508 -4.309415509 -6.83493736)
(-34.29044705 -3.363751824 -5.152512875)
(-29.97931537 -3.503923268 -3.985891288)
(-25.77899242 -1.717104472 -4.178040744)
(-21.39366794 -2.207294407 -4.409480459)
(-17.48939352 -1.517556561 -4.831151181)
(-13.88166246 -2.07188234 -6.511763268)
(-10.54853653 -2.025334568 -8.723230194)
(-7.540277448 -2.296335306 -11.22659055)
(-4.700071733 -2.017384791 -13.68649603)
(-1.645138041 -1.271334885 -15.98392672)
(1.833617833 0.1918357641 -17.59382145)
(5.19166432 0.3738842756 -19.27907907)
(8.345185321 4.446197537 -18.44648125)
(11.66791993 4.64134147 -19.50036714)
(14.40946548 4.947449545 -20.16618709)
(18.62171869 2.704027951 -22.21021084)
(20.69590073 2.712832584 -22.55152788)
(25.62306956 0.2321025576 -23.70466807)
(28.55780418 -1.448753955 -23.73711422)
(32.27417522 -4.91150012 -23.49746196)
(35.69527349 -7.417852556 -23.19017795)
(38.32424355 -8.690781383 -22.80469009)
(41.11496311 -10.46457433 -22.08160293)
(43.99012651 -11.64277675 -21.65187137)
(45.27868627 -11.44299181 -21.56964442)
(48.46539491 -10.32700937 -21.81678384)
(50 -6.666666667 -3.333333333)
(-50 -3.333333333 -3.333333333)
(-44.09565013 -2.025190173 -7.663981803)
(-40.13097061 -1.271743996 -7.315794784)
(-36.81998636 -0.709299099 -6.059673182)
(-33.36205571 0.2587261512 -4.041921765)
(-29.48663907 0.1491272311 -3.040974561)
(-25.34901298 0.9325152223 -2.376748657)
(-21.1559132 1.06143887 -2.904088021)
(-17.81699771 2.131756311 -4.089813539)
(-14.21096389 1.688266357 -5.67699998)
(-11.20534913 1.708675185 -7.809946969)
(-7.904633364 1.500620078 -10.26166731)
(-4.993688111 1.597946425 -12.30258419)
(-1.896235134 2.101465881 -14.29281518)
(1.21328826 3.48638235 -15.6734574)
(5.17292899 4.172667381 -17.97458027)
(7.915569263 6.927333053 -17.19473369)
(11.25389345 7.217365056 -18.58285802)
(16.05334592 6.598212698 -21.223648)
(18.38360215 6.484001126 -21.61063441)
(20.0660284 6.905383353 -21.44611226)
(24.40148059 4.532304861 -23.21916828)
(27.23994 2.76527884 -23.72843409)
(31.01529744 -0.8559704952 -23.74383276)
(34.72778441 -3.36914816 -23.54283159)
(37.00017419 -4.905521975 -23.22321831)
(39.91577628 -6.800484005 -22.76215974)
(43.89479309 -8.364511693 -22.37070946)
(45.80131646 -7.882119951 -22.6335663)
(49.22013769 -7.050613332 -22.63941097)
(50 -3.333333333 -3.333333333)
(-50 0 -3.333333333)
(-44.76393256 1.622916468 -7.995015439)
(-40.78622544 2.360443 -8.107520225)
(-37.84434665 2.574971383 -5.674425489)
(-35.04248582 3.260216723 -3.317984334)
(-30.81806574 3.135993674 -2.005467281)
(-26.45395906 3.68598067 -1.083828533)
(-22.25657774 4.089883172 -1.695605565)
(-18.70392215 5.097317637 -2.861569054)
(-15.4224281 5.093166554 -5.061829499)
(-11.77378814 5.417261733 -6.947056703)
(-8.378931673 5.263615277 -9.130255244)
(-5.029700658 5.491544318 -11.28445409)
(-1.714203538 6.034958447 -13.26557031)
(1.79049596 7.705012246 -14.74958374)
(5.132704202 7.922717398 -16.64656388)
(8.568132215 9.384957895 -17.47861865)
(12.65884048 9.208786007 -19.86979773)
(15.11381033 9.01755883 -20.31723622)
(17.66094982 8.660106035 -20.92015775)
(22.34061163 7.677105037 -22.90730246)
(24.5723908 7.046362051 -23.23243599)
(26.85532468 6.694337477 -23.42188346)
(30.74154855 3.146502695 -24.10843941)
(33.76029534 0.679556236 -23.89548523)
(36.11795623 -1.021045973 -23.65319103)
(38.95682462 -3.024711933 -23.365504)
(42.28976281 -5.224634013 -23.06017067)
(46.49891513 -4.168895633 -23.24792475)
(48.52688175 -3.471192661 -23.10124671)
(50 0 -3.333333333)
(-50 3.333333333 -3.333333333)
(-44.69539437 5.111512687 -7.692052576)
(-40.81632536 5.311983337 -6.361595075)
(-37.97241273 5.661519506 -3.905115943)
(-34.89841313 6.49310671 -1.522988679)
(-30.672674 6.58015582 -0.595653099)
(-26.54206698 7.260516962 -0.5400545662)
(-22.53005225 7.961739877 -1.619590928)
(-18.76355445 9.009274832 -2.899568758)
(-15.6032971 9.046258896 -4.803655094)
(-12.78433296 8.894672577 -6.596689563)
(-9.024490263 8.975242019 -8.426622082)
(-5.343410401 9.407492892 -10.39643614)
(-1.776965546 9.905718052 -12.25471554)
(1.084349776 10.46092528 -13.21150979)
(4.7041952 10.7971867 -15.24025195)
(6.72150861 10.86852751 -15.36437844)
(10.66182037 11.17624601 -17.7941729)
(12.87126598 11.24153694 -18.26030687)
(16.57798535 10.84367459 -19.89510003)
(20.34135211 10.29887771 -21.54086135)
(23.62249211 9.637724559 -22.57042538)
(25.86003526 9.263656509 -22.94161708)
(29.67632434 6.931161272 -23.89512781)
(33.15664847 4.85431787 -24.20946922)
(36.14374993 3.1216214 -24.19843522)
(39.11858538 1.00471496 -23.95532994)
(42.39694224 -1.23970963 -23.6691551)
(45.6156543 -0.565627734 -23.95038942)
(47.16849032 -0.2433569231 -23.48573318)
(50 3.333333333 -3.333333333)
(-50 6.666666667 -3.333333333)
(-45.11716506 7.859242074 -5.97914986)
(-41.32065082 8.223495455 -4.538356445)
(-38.57899079 8.88000914 -2.236677226)
(-35.33624046 10.23319053 -0.379790087)
(-31.24492505 10.55148046 -0.1483071132)
(-27.41546839 10.91010418 -1.128059954)
(-23.86706061 11.00708166 -2.078918688)
(-20.28272852 11.26613548 -2.858374326)
(-16.7975472 11.50103519 -3.364214313)
(-13.45453011 10.83790979 -5.220071702)
(-10.82512058 10.5101911 -6.907079397)
(-6.946380319 10.94571579 -8.694780035)
(-3.413765107 11.55214456 -10.4932403)
(-0.4749918033 11.84287064 -11.40367272)
(2.875195008 12.27907123 -13.22045249)
(7.270735769 12.63365963 -15.87702904)
(9.929953481 12.80986424 -16.86889238)
(14.56648202 12.46311083 -19.56033714)
(19.06436252 11.78432837 -21.4435398)
(20.92880795 11.38729097 -21.78008006)
(24.35190457 10.81991939 -22.97485931)
(27.7477929 9.587892631 -23.74006592)
(29.99523308 9.62704842 -23.96655495)
(33.10054999 7.941336564 -24.33531996)
(34.99016041 6.950719659 -24.09435131)
(38.68008768 4.80855901 -24.17523689)
(42.41556763 2.71498568 -24.20311734)
(44.38677217 2.883614304 -23.9307159)
(45.81009889 2.984478814 -23.87021965)
(50 6.666666667 -3.333333333)
(-50 10 -3.333333333)
(-45.2864097 10.632925 -4.239357597)
(-41.86618317 11.06564219 -2.712678874)
(-38.62995042 12.50632685 -1.074432459)
(-34.45531944 13.93564083 0.2067990619)
(-31.1517039 14.03618148 -0.3576236248)
(-27.73772872 13.75083983 -1.726089686)
(-23.56417513 13.31378371 -2.413877277)
(-19.37461137 13.01058186 -3.569028201)
(-15.57377595 12.82329125 -5.13761984)
(-12.00586357 12.52136438 -6.985825358)
(-9.190377201 12.79139613 -8.466146239)
(-5.997811989 13.05470317 -9.507457973)
(-2.907016348 13.48830623 -10.90634278)
(1.339150684 14.05791132 -13.32336039)
(4.344295663 14.33333099 -14.74226786)
(9.217305844 14.58051291 -17.91687735)
(12.06899039 14.36798963 -18.84127196)
(16.9117358 13.5192098 -21.41452771)
(21.55073969 12.72498216 -22.99197956)
(23.22914576 11.50125555 -23.09295009)
(26.66175571 11.32156352 -23.92288166)
(29.7273389 10.03792964 -24.36721047)
(31.52476128 9.326421847 -24.38417218)
(34.01708823 8.793407371 -24.34767029)
(33.34356307 10.50906177 -23.81755552)
(37.10837557 8.304616024 -23.98387549)
(40.90844616 6.219294613 -24.15881613)
(42.98000425 6.264300828 -24.17915316)
(44.45170746 6.212314552 -24.25470611)
(50 10 -3.333333333)
(-50 13.33333333 -3.333333333)
(-45.17000198 13.67572723 -2.688111034)
(-41.13695355 14.44687067 -1.376955193)
(-37.31677986 15.79847159 0.03255818901)
(-33.38401511 17.47102026 0.6880768559)
(-29.75398629 17.03983339 -1.277310037)
(-25.91769653 15.80422751 -2.6607222)
(-21.47561618 15.55179272 -2.586128462)
(-17.97297885 15.03119462 -4.148441853)
(-14.71577271 14.33221973 -6.371972734)
(-10.97284963 14.25417794 -8.332966049)
(-7.51571627 15.08127233 -10.06098519)
(-4.269051884 15.3600468 -11.08176263)
(-1.136290637 15.66692144 -12.56626556)
(3.153293171 16.272952 -15.24304805)
(6.224721298 16.45897493 -16.70577822)
(11.16387592 16.5273662 -19.95672565)
(14.20802731 15.92611502 -20.81365153)
(18.75348556 14.87111951 -22.86813758)
(22.38247375 14.92921757 -23.4280141)
(25.14415815 12.14916687 -24.17174169)
(26.19513584 14.60209469 -23.50717573)
(28.3038273 14.12612336 -23.84815875)
(30.05560127 13.16843025 -23.99116965)
(32.56820392 12.47467555 -24.03723102)
(34.22877473 12.49052428 -23.31415855)
(35.53666346 11.80067304 -23.79251408)
(39.40132469 9.723603546 -24.11451491)
(41.57323633 9.644987352 -24.42759042)
(43.4624519 9.58561302 -23.58939664)
(50 13.33333333 -3.333333333)
(-50 16.66666667 -3.333333333)
(-46.04465545 17.11531526 -1.967990197)
(-42.06409009 18.14549763 -0.8960450941)
(-38.34965243 19.62414913 0.2345934888)
(-34.53450235 21.28187765 0.77260133)
(-30.77221305 20.73551791 -0.6543525292)
(-27.35596231 19.03607034 -1.958039658)
(-23.25769635 17.65340887 -2.823268205)
(-19.18822668 17.96499065 -2.96065991)
(-15.75955838 17.04603025 -4.778180709)
(-12.51294658 16.53328363 -6.894552744)
(-8.360665445 16.53972549 -9.009496006)
(-3.869486385 17.27640521 -11.39275716)
(0.264630722 17.77714865 -13.8618072)
(3.055665126 18.0980102 -15.0547585)
(7.180992384 18.45753032 -17.66048951)
(9.481573881 18.63256546 -18.29355698)
(14.06900663 18.02451878 -20.81290729)
(16.83628847 18.43912418 -21.26762126)
(20.73970014 18.92468033 -22.15703999)
(24.158943 16.81593338 -23.48869601)
(24.73742147 18.55158827 -22.41290646)
(26.89879696 18.03661705 -22.77596827)
(29.15898497 17.16821832 -23.21008813)
(31.45458367 16.36508418 -23.45098956)
(34.10462162 15.34799994 -23.17457068)
(34.71621612 15.18306579 -23.15343597)
(37.89420321 13.22791248 -24.0702137)
(40.53248225 13.07711792 -23.71397952)
(42.51093831 12.9737842 -22.8167517)
(50 16.66666667 -3.333333333)
(-50 20 -3.333333333)
(-46.40659905 20.81230639 -1.698840781)
(-42.40111793 21.72275381 -2.088541866)
(-38.82089051 23.24854263 -1.0590336)
(-35.15407825 24.78443827 -0.6898029701)
(-31.47481001 24.6557758 -0.9430037051)
(-27.95713782 22.86854796 -1.678525039)
(-24.37220692 21.19092922 -2.770321323)
(-20.58420547 21.33574159 -2.990060288)
(-16.6820953 20.57107793 -4.124349833)
(-13.13439472 20.05511258 -5.609631008)
(-9.522521625 19.49741569 -7.493578327)
(-5.742614771 18.7711201 -9.988561712)
(-1.44091429 19.2954133 -12.10902381)
(1.190385009 19.66625316 -13.15948463)
(5.385277369 20.1212972 -15.5942572)
(7.809809805 21.12420675 -16.15047122)
(12.0151788 20.74532867 -18.97599377)
(15.0070503 21.71386412 -19.37409073)
(18.79343822 22.2708044 -20.54846501)
(22.56840594 20.95362185 -22.19920617)
(23.26539193 22.36351594 -21.10282886)
(25.44811852 21.78831304 -21.49441246)
(27.93857036 20.98239173 -22.13773556)
(30.18904439 20.06832498 -22.61883341)
(32.9289113 19.03811441 -22.21593536)
(35.11917405 18.39718863 -22.16036315)
(37.16880431 16.81199339 -22.87901222)
(39.58847069 16.52284587 -22.74608596)
(41.55942473 16.36195538 -22.04410677)
(50 20 -3.333333333)
(-50 23.33333333 -3.333333333)
(-46.17725716 24.41287421 -2.52049265)
(-42.56552925 25.01744682 -3.687159649)
(-39.03470029 26.48967506 -2.825189588)
(-35.68433685 28.24710122 -2.228351069)
(-32.45183412 28.39774987 -1.146070193)
(-28.95186832 26.50594613 -1.120827059)
(-25.69059034 24.47406597 -1.996162904)
(-22.00373326 24.62199467 -2.741940594)
(-18.27953725 23.82147856 -3.880480194)
(-14.3703788 23.40444918 -4.809717766)
(-10.74535826 22.77771253 -6.225354757)
(-6.954741664 21.35889446 -8.107499985)
(-3.20491634 20.97503443 -10.41053347)
(-0.4268431752 21.42038377 -11.03714161)
(3.585023539 21.95485782 -13.52853871)
(6.094124146 23.13357739 -13.91899113)
(10.16006734 23.13040535 -16.82705815)
(12.7551373 23.95056104 -17.33378649)
(16.35771651 24.47689134 -18.7743814)
(20.72227112 24.5877708 -20.4877365)
(21.74215821 25.69917818 -19.27434037)
(23.98464486 25.42882559 -20.07966236)
(26.57619368 24.4848285 -20.75395554)
(29.0239054 23.73710161 -21.48736487)
(31.48410534 22.67984526 -21.95180844)
(34.08273871 21.98141341 -21.18596935)
(36.46216837 20.39798899 -21.66028276)
(38.64445914 19.96857382 -21.77819241)
(40.60791114 19.75012655 -21.27146183)
(50 23.33333333 -3.333333333)
(-50 26.66666667 -3.333333333)
(-45.86428379 27.53461648 -3.985668236)
(-42.41105852 28.44236077 -5.150248704)
(-38.82432168 29.677499 -4.626991947)
(-36.15525598 31.53614161 -3.913687581)
(-33.11682587 31.74896505 -2.617906875)
(-29.43291412 30.33777554 -1.443742031)
(-26.01753802 28.21748241 -1.235432233)
(-22.91649479 28.26814329 -2.418425188)
(-19.53844266 27.3955922 -3.796975342)
(-16.13255427 26.56106738 -5.124250772)
(-12.36609641 26.24799584 -6.014186845)
(-8.225508793 24.65763069 -6.804694576)
(-4.712994029 23.42136169 -8.66300395)
(-2.090876021 24.04384755 -9.13076948)
(1.962242351 24.01698336 -11.34730655)
(4.346124312 25.31199359 -11.73989753)
(8.412426635 25.2426222 -14.51834485)
(10.72500827 26.06828762 -15.04905157)
(14.0805285 26.43484714 -16.75882581)
(18.57412548 27.30686729 -18.5316413)
(19.9967366 28.53030475 -17.34208649)
(22.59747517 28.45728302 -18.03424296)
(25.27182723 27.78403825 -19.07541503)
(27.77904603 27.32046941 -20.30589783)
(30.40784273 26.40067622 -20.95280818)
(32.9056589 25.58606205 -20.64267501)
(35.67550296 23.96219909 -20.86250961)
(37.70044759 23.41430176 -20.81029885)
(39.65639755 23.13829773 -20.4988169)
(50 26.66666667 -3.333333333)
(-50 30 -3.333333333)
(-46.56538819 30.58195144 -5.379645993)
(-43.38050555 31.60009466 -6.574251381)
(-39.73255856 32.65984514 -6.365966745)
(-37.43678596 34.55760502 -5.416846675)
(-34.36044196 34.76562262 -4.102027886)
(-30.91844569 33.45791359 -2.364784914)
(-27.12063113 31.74300211 -1.621087269)
(-24.22017209 31.72357368 -2.650114359)
(-20.59236979 31.0738634 -3.620001627)
(-17.44011985 30.19590255 -5.072970154)
(-14.09610758 29.59233301 -6.385946971)
(-9.793756843 28.15478963 -6.351447202)
(-6.114864762 26.61520839 -7.289112791)
(-3.835184591 27.2191966 -7.707456828)
(0.08574620885 26.4925564 -9.508142894)
(2.357983174 27.94318574 -9.948313216)
(6.547522166 27.4258709 -12.32362392)
(8.771082572 28.56216922 -12.7844483)
(12.1917589 28.61314222 -14.40356686)
(16.38025046 29.385311 -16.33581325)
(18.14195839 31.03516611 -15.31308209)
(20.96106578 31.2844741 -16.0806136)
(23.82412214 30.79744318 -17.29108447)
(26.73345557 30.3185935 -18.39932948)
(29.30592123 29.88513719 -19.59954933)
(31.25704221 28.71657465 -20.18136195)
(34.76069194 27.48137734 -19.76000461)
(36.75643604 26.86002971 -19.8424053)
(38.70488397 26.52646891 -19.72617196)
(50 30 -3.333333333)
(-50 33.33333333 -3.333333333)
(-46.73651627 33.8431754 -6.702407044)
(-44.43624959 35.06813157 -7.527869541)
(-40.85301056 36.10678981 -7.490826099)
(-38.27603503 37.65416654 -7.074214987)
(-35.41891605 37.44991883 -5.89307962)
(-31.76537039 36.74435776 -3.712123165)
(-28.21247706 35.16769804 -2.42634626)
(-25.21580016 35.31240923 -3.217483299)
(-21.62481395 34.70369103 -4.119449254)
(-18.15646816 34.12488647 -5.260478538)
(-14.99658311 33.54440958 -6.514346649)
(-11.26141458 31.68232658 -6.837733356)
(-7.623061728 30.15426499 -6.614956447)
(-5.448682823 31.07341719 -7.206381964)
(-1.735785306 29.91828112 -8.40213571)
(0.3172030239 31.51590309 -9.197050642)
(4.469247156 30.28296694 -10.68209585)
(6.621464343 31.64169957 -11.03009589)
(10.39995115 31.32406983 -12.13336269)
(14.503555 31.59691949 -13.90463139)
(16.34308041 33.42723151 -13.20712119)
(19.15590763 33.86761566 -14.14444632)
(22.20592516 33.46295607 -15.46053004)
(25.22763986 32.96426766 -16.65327609)
(28.08418406 32.742284 -17.7967288)
(30.59986066 32.06513418 -18.58131858)
(33.62335525 31.00651242 -19.10398065)
(35.8812312 30.2589936 -19.06414445)
(37.75337038 29.91464009 -18.95352702)
(50 33.33333333 -3.333333333)
(-50 36.66666667 -3.333333333)
(-46.80282423 37.3071789 -7.741266124)
(-45.0600249 38.45967364 -8.870297269)
(-42.12872264 39.25513426 -8.82286726)
(-40.05068577 39.83706635 -8.540596589)
(-36.99353371 39.66580286 -7.5296915)
(-33.07189403 39.10142346 -5.38328475)
(-29.41344467 38.23085112 -3.626505048)
(-26.63208638 38.45622867 -3.650323887)
(-22.82634423 38.20507641 -3.868778062)
(-19.26565974 37.78268556 -4.796812826)
(-16.16543661 37.28673517 -5.94153348)
(-12.60086953 35.40972701 -6.943169009)
(-9.192930374 33.80268022 -6.75985948)
(-7.132134603 34.88152166 -6.765860184)
(-3.385001253 33.72748492 -7.590129484)
(-1.340695946 35.0251021 -7.717505771)
(2.318788574 33.71224979 -9.629840611)
(4.320114678 34.90195103 -9.646961269)
(8.115726712 34.33132817 -10.56414462)
(12.37057966 33.96376928 -11.77113122)
(14.38097581 35.50036358 -11.20650418)
(17.34259454 36.36692064 -12.18228172)
(20.48605853 35.9439989 -13.62341431)
(23.54786077 35.4739236 -14.96249481)
(26.71803 35.40479697 -16.01284764)
(29.6807623 35.23751183 -16.99006362)
(32.40483993 34.36093938 -18.44732333)
(35.14223923 33.62647063 -17.82447488)
(36.79950101 33.29758979 -18.25634567)
(50 36.66666667 -3.333333333)
(-50 40 -3.333333333)
(-47.28357205 40.92760504 -8.388364288)
(-46.14599387 42.15078233 -9.034356318)
(-44.21153323 41.88732314 -9.314453138)
(-41.0718287 41.8481023 -9.363558055)
(-37.57455942 41.67968424 -8.134480658)
(-34.5773391 41.31551222 -6.932582344)
(-30.86973552 40.66143287 -5.044674628)
(-28.49687859 40.77246762 -4.471550454)
(-24.79434544 40.95072545 -3.668079922)
(-21.12539971 40.65802488 -4.047050528)
(-17.68056002 40.73813752 -5.224855634)
(-14.10704991 38.88658175 -6.23924109)
(-10.84787745 37.38341654 -6.719413324)
(-8.735881179 38.785249 -6.747220694)
(-5.040261026 37.49240255 -6.6835293)
(-2.644466085 38.56923961 -6.40497011)
(0.848504737 37.28952848 -7.943782163)
(2.854063838 38.4997842 -7.850208822)
(6.121335853 37.85131106 -9.066715215)
(9.884340131 36.75925168 -10.22358045)
(12.12546766 38.21729438 -10.01415047)
(15.52613652 39.1372212 -10.42226467)
(18.78960618 38.58567651 -11.83194792)
(21.92294233 38.01495342 -13.23200535)
(24.97389856 37.70440616 -14.40927724)
(28.3972315 38.16542552 -15.4124198)
(31.70750694 37.43842072 -16.69543811)
(33.92304855 36.97077258 -17.424915)
(36.20095816 36.52172924 -17.05012519)
(50 40 -3.333333333)
(-50 43.33333333 -3.333333333)
(-47.98823362 44.38891453 -8.729576718)
(-44.47745192 43.8516399 -8.457750215)
(-42.22638319 43.72974663 -8.803485112)
(-39.24283011 43.30036223 -7.985702365)
(-35.67170767 43.44742061 -6.836531949)
(-33.37519375 43.49756069 -6.482357628)
(-30.87123279 43.0446859 -5.60935901)
(-27.0141862 43.79971162 -5.392029374)
(-23.71626124 44.07763936 -4.750093131)
(-20.37355785 43.72549855 -5.620717804)
(-17.10266357 44.39974558 -6.317670417)
(-14.23804126 42.66046876 -6.138523846)
(-11.28393562 41.26488777 -6.592500533)
(-8.988946289 43.17131387 -6.4592091)
(-5.939720151 41.75299711 -6.334810383)
(-2.945010418 42.849909 -7.288872156)
(-0.1645492021 41.29719231 -7.37137073)
(3.255800713 42.99725281 -8.369399999)
(5.586159764 42.38607513 -8.474051446)
(8.715071339 40.88043561 -9.182595714)
(11.84588136 42.69547882 -9.701694584)
(14.91596648 43.52016321 -10.34755539)
(18.13351571 42.54916906 -10.68325165)
(20.74978676 41.4233008 -11.800882)
(23.67413328 40.88667604 -12.98463396)
(27.07642251 41.07692032 -13.85372451)
(30.46975042 40.33816719 -15.1259055)
(33.23632443 40.13015855 -16.05294505)
(35.40058284 39.77306931 -16.16570409)
(50 43.33333333 -3.333333333)
(-50 46.66666667 -3.333333333)
(-46.03579316 46.00023145 -8.266347029)
(-42.81490714 45.02166345 -7.13352689)
(-40.37006437 45.26075677 -7.543028518)
(-37.3287169 45.11016461 -6.668977892)
(-33.62501243 45.42281007 -5.768938956)
(-31.37923684 45.52509878 -5.594930175)
(-29.05381868 45.5925515 -5.344186418)
(-25.0684612 46.38080998 -5.809710822)
(-22.6388478 46.60210316 -5.932969376)
(-19.53694793 46.83991004 -6.267953466)
(-15.66455694 46.37149383 -6.28017937)
(-13.8804119 46.46001295 -6.517777163)
(-11.92074933 45.33684849 -6.676854905)
(-6.955326279 45.27987117 -7.478102741)
(-5.25022625 45.26838105 -7.508688058)
(-0.5926319384 45.17049312 -8.253622728)
(1.092821279 45.14816848 -8.236517712)
(5.850792222 45.84631991 -9.453473617)
(7.62662956 45.81720299 -9.567591064)
(9.429340219 45.54105688 -9.658247861)
(13.62136854 46.11539963 -10.64636993)
(17.01513345 46.6003302 -11.3547992)
(18.92759139 46.62858713 -11.42921078)
(21.31463879 45.55722129 -11.89953844)
(23.80135816 45.087374 -12.88208059)
(26.83231293 45.12375048 -13.52189885)
(29.69496857 43.91914806 -14.04689671)
(32.48160811 43.13116895 -14.4579094)
(35.05226578 43.21887751 -15.20568312)
(50 46.66666667 -3.333333333)
(-50 50 -3.333333333)
(-46.66666667 50 -3.333333333)
(-43.33333333 50 -3.333333333)
(-40 50 -3.333333333)
(-36.66666667 50 -3.333333333)
(-33.33333333 50 -3.333333333)
(-30 50 -3.333333333)
(-26.66666667 50 -3.333333333)
(-23.33333333 50 -3.333333333)
(-20 50 -3.333333333)
(-16.66666667 50 -3.333333333)
(-13.33333333 50 -3.333333333)
(-10 50 -3.333333333)
(-6.666666667 50 -3.333333333)
(-3.333333333 50 -3.333333333)
(0 50 -3.333333333)
(3.333333333 50 -3.333333333)
(6.666666667 50 -3.333333333)
(10 50 -3.333333333)
(13.33333333 50 -3.333333333)
(16.66666667 50 -3.333333333)
(20 50 -3.333333333)
(23.33333333 50 -3.333333333)
(26.66666667 50 -3.333333333)
(30 50 -3.333333333)
(33.33333333 50 -3.333333333)
(36.66666667 50 -3.333333333)
(40 50 -3.333333333)
(43.33333333 50 -3.333333333)
(46.66666667 50 -3.333333333)
(50 50 -3.333333333)
(-50 -50 3.333333333)
(-46.66666667 -50 3.333333333)
(-43.33333333 -50 3.333333333)
(-40 -50 3.333333333)
(-36.66666667 -50 3.333333333)
(-33.33333333 -50 3.333333333)
(-30 -50 3.333333333)
(-26.66666667 -50 3.333333333)
(-23.33333333 -50 3.333333333)
(-20 -50 3.333333333)
(-16.66666667 -50 3.333333333)
(-13.33333333 -50 3.333333333)
(-10 -50 3.333333333)
(-6.666666667 -50 3.333333333)
(-3.333333333 -50 3.333333333)
(0 -50 3.333333333)
(3.333333333 -50 3.333333333)
(6.666666667 -50 3.333333333)
(10 -50 3.333333333)
(13.33333333 -50 3.333333333)
(16.66666667 -50 3.333333333)
(20 -50 3.333333333)
(23.33333333 -50 3.333333333)
(26.66666667 -50 3.333333333)
(30 -50 3.333333333)
(33.33333333 -50 3.333333333)
(36.66666667 -50 3.333333333)
(40 -50 3.333333333)
(43.33333333 -50 3.333333333)
(46.66666667 -50 3.333333333)
(50 -50 3.333333333)
(-50 -46.66666667 3.333333333)
(-43.34400026 -46.56960186 -0.9944864463)
(-40.43019453 -46.6296385 -1.609372246)
(-38.43281276 -46.79762972 -0.9561569342)
(-35.91461222 -46.8144633 -0.7204676733)
(-34.31260427 -46.95583749 -0.5336724349)
(-27.35894298 -46.14016426 0.1773913074)
(-24.86924921 -45.80306181 1.58269746)
(-21.7291723 -45.24474611 1.684005849)
(-18.75281937 -46.06442507 1.443143361)
(-16.10173519 -46.38738576 0.3917615202)
(-13.75061561 -46.25092071 -0.04970245246)
(-10.6133938 -45.69363629 -1.066272909)
(-7.452993824 -44.93049797 -2.159843536)
(-4.946683226 -44.61011774 -2.735289661)
(-3.198090554 -44.64281409 -2.651309595)
(1.759381896 -44.39569161 -5.514765393)
(4.975280141 -44.38831465 -6.223163226)
(7.745128556 -45.27826815 -7.069784598)
(11.55411585 -47.15888912 -6.855169509)
(13.56383715 -47.32020726 -7.44715956)
(16.40264353 -46.6202229 -7.580930502)
(19.52574863 -46.97201593 -7.926342318)
(22.48287958 -48.28236678 -7.561008784)
(25.73299021 -48.49816714 -8.060003717)
(28.87398608 -48.222043 -8.814012215)
(32.19979448 -48.07745417 -9.229034909)
(35.44322442 -49.23522501 -8.876642422)
(38.08253819 -49.49710534 -9.134778053)
(41.54189393 -49.04574112 -9.812338635)
(50 -46.66666667 3.333333333)
(-50 -43.33333333 3.333333333)
(-42.41798593 -42.93653651 -1.320499313)
(-38.99980089 -43.10799564 -2.040152228)
(-36.2618117 -44.48304662 -2.044043044)
(-33.41371868 -44.53679423 -1.035135271)
(-31.71733177 -44.89654217 -0.3861349196)
(-27.61640678 -42.58799576 1.611382127)
(-24.44814215 -42.14417352 2.623212826)
(-21.15054565 -41.38886849 2.126498589)
(-17.9738094 -42.15930267 1.136554775)
(-14.7596006 -42.69425921 0.1431453771)
(-11.65757217 -43.37753284 -0.8707106058)
(-8.737169704 -42.66437155 -2.215457844)
(-5.717278304 -41.87978791 -3.426367969)
(-2.715995611 -42.37997062 -4.678030476)
(-0.955155891 -42.63925106 -4.697105189)
(3.413763094 -40.23722691 -6.218027864)
(6.827188347 -40.27554433 -6.673417995)
(9.792565486 -41.11976531 -6.945633404)
(11.76629685 -43.20251522 -7.981644441)
(15.35052423 -42.82144082 -8.175640844)
(18.44040292 -42.73178068 -8.544851433)
(21.80093843 -43.48065522 -8.915905098)
(24.0450329 -45.14704989 -9.280401305)
(27.31444375 -45.43124679 -9.374506263)
(31.09820637 -45.51871246 -10.04597674)
(34.61296625 -46.20801204 -10.32844303)
(36.76837361 -47.57937882 -9.499143101)
(40.26689789 -47.26732049 -10.02654922)
(43.44475268 -46.89078312 -10.86171995)
(50 -43.33333333 3.333333333)
(-50 -40 3.333333333)
(-43.70833552 -39.48171004 -1.472812984)
(-40.40821964 -39.93140474 -0.7996015554)
(-36.87675103 -41.00535899 -1.578850216)
(-33.34081333 -41.26720983 -0.6259094396)
(-29.90934731 -41.84391579 0.0555666974)
(-27.87305372 -38.99802108 2.651889469)
(-25.76765096 -38.68682437 3.1748596)
(-22.19248708 -37.95740587 3.252911615)
(-18.8872803 -38.46745167 2.01278231)
(-15.55635489 -38.7438911 0.7748354742)
(-12.25757269 -39.2440287 -0.6742517468)
(-8.613234983 -38.50807725 -1.573452659)
(-5.314668683 -37.68210021 -2.821407387)
(-2.475204885 -37.88187573 -4.444784719)
(0.8132121759 -38.82256881 -5.367394805)
(3.513809699 -35.81456131 -5.043020995)
(6.518362442 -35.70932106 -5.627712535)
(10.05162844 -36.45546161 -5.517761498)
(12.03941996 -38.52560485 -6.553799214)
(15.86940568 -37.87554486 -7.550775892)
(19.01165474 -38.08746497 -8.220987818)
(22.26739769 -38.86398024 -9.171056883)
(24.94556041 -41.02093811 -9.123750005)
(28.41834267 -41.52063749 -9.832768596)
(31.91996613 -41.55759327 -10.83121948)
(35.19062613 -42.45337031 -11.62835537)
(37.60619828 -44.17970608 -10.82439199)
(41.2567816 -44.25949504 -11.65362734)
(44.34401997 -43.59162934 -11.84864075)
(50 -40 3.333333333)
(-50 -36.66666667 3.333333333)
(-43.82374258 -36.15121435 -0.1517651894)
(-40.12916209 -36.37908252 0.7109806159)
(-36.73742443 -37.80198988 0.4474767475)
(-33.07020475 -38.08010942 1.462056002)
(-29.77931203 -38.59184526 2.013407805)
(-27.52009714 -35.38608751 3.993206352)
(-24.62644922 -35.12051525 3.941257963)
(-21.1466961 -34.19176902 3.250751838)
(-17.71824613 -34.75190597 2.269453141)
(-14.42267137 -34.864807 0.8358890163)
(-11.03054895 -35.37743598 -0.4322119283)
(-7.635845295 -34.47683669 -1.648779072)
(-4.270764067 -33.65921093 -2.816185637)
(-0.9327118515 -33.78717051 -4.286539507)
(1.812119926 -34.31872884 -5.02101539)
(4.837611672 -31.34233565 -4.640843742)
(8.509928504 -31.48006455 -5.554747709)
(11.20661406 -32.08180863 -6.529437205)
(14.23275712 -34.2946866 -6.454851062)
(17.27711785 -33.2604908 -8.041170337)
(20.02558543 -33.73588342 -9.295125047)
(23.08075539 -34.60981992 -10.41823842)
(25.77040566 -37.02014305 -10.20109015)
(29.29101689 -37.46553907 -10.57033008)
(33.12044634 -37.64420162 -11.61748693)
(35.78793474 -38.70909592 -12.16133225)
(39.02511266 -41.12717874 -12.41818301)
(42.28106383 -40.76861684 -12.75535548)
(43.94972743 -39.82564773 -12.40368011)
(50 -36.66666667 3.333333333)
(-50 -33.33333333 3.333333333)
(-43.00710758 -33.021143 1.279088822)
(-39.66828531 -33.2810022 2.606583876)
(-36.02792888 -34.28250601 2.049277411)
(-32.44825546 -34.39599855 2.886403221)
(-29.35316156 -34.8139649 3.324500692)
(-27.4105561 -31.49819728 4.769228669)
(-24.15323172 -31.25298555 4.418373928)
(-20.80572862 -30.28517055 3.579837748)
(-17.75556044 -30.71013357 1.90148973)
(-14.24989758 -30.86148403 1.589837687)
(-10.62570608 -31.32942997 0.5063078637)
(-7.531555703 -30.62949868 -0.3625785366)
(-4.330627778 -29.79227342 -1.527479224)
(-0.9066320256 -29.59123544 -3.012244427)
(2.314814308 -29.71187044 -4.676820259)
(3.791842323 -27.2500362 -5.904386565)
(7.151921523 -27.39752548 -6.98764303)
(10.17029995 -27.56676823 -7.904983131)
(13.3790265 -29.60872107 -7.204273881)
(15.52313762 -28.70418742 -8.788159476)
(19.14954084 -29.23988551 -9.74496576)
(21.88513584 -30.15519329 -10.33328171)
(25.58540573 -32.80221831 -10.82769339)
(29.14403766 -33.49787726 -11.31102543)
(31.73365765 -33.72805288 -11.49704907)
(34.39053745 -34.90878336 -11.84060078)
(37.73357287 -37.47802241 -12.54344373)
(41.31992929 -37.19628675 -13.41196269)
(43.5554349 -36.05966612 -12.95871947)
(50 -33.33333333 3.333333333)
(-50 -30 3.333333333)
(-43.95056809 -29.70470526 2.32803151)
(-40.66532728 -29.76548932 3.641992422)
(-36.81413577 -30.84244068 3.691883803)
(-33.26306797 -30.56359543 3.948321237)
(-29.67146253 -30.96593135 4.506349264)
(-27.80159583 -27.70949473 4.436224956)
(-24.79908151 -27.67642579 5.309384901)
(-21.67161814 -26.98848634 4.873948417)
(-18.5418567 -27.20710424 3.257667824)
(-15.37742083 -27.3097538 2.831130033)
(-11.63689966 -27.90146608 2.179401369)
(-8.342539422 -27.16556996 1.049910704)
(-5.474574414 -26.22287629 -0.7783708198)
(-2.979329124 -25.96515234 -2.351972697)
(0.3392250135 -26.03042749 -4.117969134)
(3.557104537 -23.14330183 -6.230355816)
(6.039679062 -23.0076457 -6.754953199)
(8.961851792 -22.83988021 -8.024450067)
(12.21975245 -25.00620576 -8.425911365)
(14.06354818 -24.55370181 -9.730109732)
(16.94104991 -25.32902585 -10.05156081)
(20.0809565 -26.17693911 -10.82646625)
(24.25838541 -28.61435463 -10.93273954)
(27.64127673 -29.544372 -11.56480775)
(30.15668026 -29.89917372 -11.85401123)
(33.12441659 -31.05504238 -11.88240693)
(36.37613061 -33.80598615 -11.80818672)
(39.33951728 -34.59963499 -12.54840919)
(42.19520346 -33.18574055 -13.10683197)
(50 -30 3.333333333)
(-50 -26.66666667 3.333333333)
(-44.91652668 -26.30370631 1.349924073)
(-41.65218161 -26.28734347 2.436006349)
(-38.00783018 -27.03936016 3.716604024)
(-34.47914962 -26.79966012 3.454285203)
(-30.73925244 -27.2202431 3.999997029)
(-27.18681216 -23.91490068 3.984448537)
(-24.66522483 -24.04577036 4.123064562)
(-21.25717319 -23.12126858 4.181595581)
(-17.98805071 -23.41941205 3.731797798)
(-14.0756315 -23.5591203 3.324235739)
(-10.91924282 -23.9298005 2.111583548)
(-7.763541932 -23.14179227 0.04817224506)
(-4.761600957 -22.22955204 -1.938147978)
(-2.101133118 -21.74729815 -3.55224208)
(0.5675431386 -21.76863206 -4.968534671)
(4.439934745 -19.14640112 -8.102837073)
(6.640815598 -18.99787882 -8.925478825)
(9.312141453 -18.62675643 -10.29294452)
(11.86081563 -20.58376052 -10.15795698)
(14.63526024 -20.15142853 -11.80397793)
(17.26604603 -21.1706227 -11.82164861)
(20.46804502 -22.1438531 -12.74257907)
(23.38626887 -24.73954859 -12.06002011)
(26.76862503 -25.70076187 -12.55240759)
(30.02462699 -25.92458185 -13.16071782)
(32.91574885 -27.06165701 -12.87105569)
(35.29442697 -29.91856875 -11.79553555)
(38.07309416 -31.13254921 -11.86839424)
(41.06318718 -29.668623 -12.90050232)
(50 -26.66666667 3.333333333)
(-50 -23.33333333 3.333333333)
(-44.29539689 -22.69301823 1.851594954)
(-40.43599021 -22.56280608 2.301762405)
(-37.07039713 -23.93630443 2.252412571)
(-33.04051347 -23.27706695 2.339625507)
(-29.72141222 -23.4046548 3.586805579)
(-26.59064201 -19.92926037 4.113357097)
(-23.46500202 -20.36295779 4.313724772)
(-19.87231409 -19.53681837 4.214653689)
(-16.52236272 -19.83966626 3.807679509)
(-12.90927611 -19.87035309 2.368534859)
(-10.06257195 -20.21529807 0.7719378478)
(-6.876515056 -19.46293678 -1.434338177)
(-3.745678339 -18.52394097 -3.428464248)
(-0.8662733131 -17.88359795 -5.094604627)
(1.789607662 -17.78703323 -6.509190129)
(5.151439271 -15.44827857 -10.4041962)
(7.248045146 -15.11668409 -11.23639013)
(9.961440792 -14.60657403 -12.7038958)
(12.29392251 -16.39811076 -12.39325498)
(15.7143941 -16.04959748 -14.03632355)
(17.83061594 -17.29401453 -14.02194728)
(21.50523365 -18.03612991 -14.3019015)
(23.75278039 -20.85040363 -13.74760622)
(26.99920071 -21.89301694 -14.24182937)
(30.37132158 -22.36138506 -15.04739806)
(33.23043813 -23.69495568 -14.68011486)
(34.87029138 -26.06940233 -12.87117988)
(37.76029412 -27.35087942 -12.74105349)
(41.71714395 -26.2137394 -13.70090145)
(50 -23.33333333 3.333333333)
(-50 -20 3.333333333)
(-44.3582266 -18.90135903 2.371436262)
(-40.41518545 -18.6580859 3.090067175)
(-36.84915254 -19.95129605 1.866048203)
(-33.11809736 -19.06591659 2.538784787)
(-29.3570215 -19.27497074 3.639132005)
(-26.16889593 -15.90810227 4.400159369)
(-22.81337699 -16.46344021 4.620387841)
(-19.19957369 -15.73073466 3.50894261)
(-15.50163434 -16.14541801 3.111508134)
(-12.25542116 -16.12062459 1.116357685)
(-9.060421031 -16.43975487 -0.3989276185)
(-5.804612178 -15.74800602 -2.709128948)
(-2.931088353 -14.92936721 -5.178551804)
(-0.1547390183 -14.27424961 -7.244336715)
(2.558489043 -14.15173421 -8.711779704)
(5.840158686 -11.65457664 -12.62408108)
(7.953010736 -11.12383869 -13.38606774)
(11.1253349 -10.54910714 -14.85160428)
(13.3926387 -12.35124583 -14.50723498)
(17.56246239 -12.17338955 -15.9761074)
(19.70803902 -13.71871742 -15.67198592)
(23.46578062 -14.83131099 -16.15000893)
(25.17704674 -17.18492957 -15.13311862)
(28.00046862 -18.24220328 -15.74152207)
(32.30916601 -19.47809557 -16.24390442)
(35.31263361 -21.22874674 -15.94754972)
(36.21623978 -23.28692276 -14.49718916)
(39.50026688 -24.60587622 -13.86678424)
(43.74394694 -23.74528384 -14.33131368)
(50 -20 3.333333333)
(-50 -16.66666667 3.333333333)
(-44.89740561 -15.26468613 2.620767657)
(-40.72086063 -14.71430533 2.342886906)
(-36.65771445 -15.7709305 1.794848067)
(-33.10799323 -14.93342824 3.27243963)
(-29.07881217 -15.12043293 4.03847902)
(-25.77567205 -12.02026795 4.208442375)
(-22.0945379 -12.83003279 3.670328451)
(-18.30470784 -11.98233784 2.861451238)
(-14.48801317 -12.57479522 2.001650421)
(-10.92183694 -12.59765218 0.0319872132)
(-8.131503518 -12.87979447 -1.949230063)
(-5.07519141 -12.38677362 -4.635689694)
(-2.070465281 -11.50687751 -7.096327524)
(0.5929621343 -10.84745626 -9.546657141)
(3.269396183 -10.84771443 -11.21048974)
(6.64073983 -7.522781276 -14.30011677)
(8.904326203 -6.968265791 -15.22156458)
(12.77070895 -6.450469529 -16.59456429)
(15.3675598 -8.584026665 -16.28167512)
(19.46406316 -8.068025827 -17.54685667)
(21.97340954 -10.44708413 -17.24128379)
(25.85633631 -11.73426732 -17.49455846)
(27.267939 -14.11073209 -16.60209027)
(30.28950957 -15.36063119 -16.80047556)
(34.78416726 -16.82370082 -16.86858559)
(37.65731561 -18.61505188 -16.42948503)
(38.69232121 -21.19773898 -15.16439241)
(41.44937879 -21.81003799 -14.6864781)
(44.82782146 -20.58515058 -15.29718915)
(50 -16.66666667 3.333333333)
(-50 -13.33333333 3.333333333)
(-45.23117949 -12.51792907 0.7028065136)
(-41.01026369 -11.59090449 0.3892811434)
(-36.82452372 -11.60337865 1.53936992)
(-33.3145477 -10.71246321 3.454006323)
(-29.11571954 -10.94005688 4.328770847)
(-25.65350758 -8.422931873 2.738929669)
(-21.55558396 -9.285999426 2.340554023)
(-17.71639246 -8.397968741 1.628252077)
(-13.84298035 -9.083049069 0.5470479931)
(-10.15768815 -9.148464331 -1.574963856)
(-7.325880523 -9.406422694 -3.678407987)
(-4.372030807 -9.049138211 -6.59365899)
(-1.650863224 -8.253784183 -9.297593787)
(1.175315633 -7.359217733 -11.84605923)
(4.169364577 -7.197339264 -13.33298848)
(7.419265454 -3.005273048 -14.90344609)
(10.08314103 -2.426094656 -16.05955895)
(14.14971299 -1.73584958 -17.22339187)
(16.83215939 -4.222541839 -17.63563466)
(21.07988966 -3.586407763 -18.8090225)
(23.7841541 -6.646930512 -18.6557365)
(27.55320404 -7.977105858 -19.00927879)
(29.61025019 -11.0815027 -17.71326751)
(32.75261683 -12.60816603 -17.58872427)
(36.81979733 -13.7260012 -17.87576978)
(39.6296942 -15.571382 -17.3225452)
(40.57506618 -18.06799407 -16.04790415)
(43.22915368 -18.88119778 -15.62793588)
(46.09156584 -17.31069057 -15.98595822)
(50 -13.33333333 3.333333333)
(-50 -10 3.333333333)
(-44.90279496 -8.878813375 0.3654042855)
(-42.26108336 -7.910980474 -0.09074624604)
(-37.7196958 -7.768633134 0.5961189446)
(-33.54473079 -6.958342596 1.963754611)
(-29.20984856 -7.055191064 3.437771808)
(-25.55761939 -4.789701166 1.449507142)
(-21.00437098 -5.47215531 1.566730042)
(-17.18945384 -4.548398902 1.043660877)
(-13.28440372 -5.371195761 -0.5966201208)
(-9.727533603 -5.46134145 -3.012937399)
(-6.822618433 -5.737504407 -5.269014994)
(-4.155722797 -5.50903066 -8.45501049)
(-1.483247682 -4.664065961 -11.22440478)
(1.756875686 -3.208791984 -13.33981578)
(5.058441919 -3.031095499 -14.71309981)
(8.057307696 1.677764379 -14.4679047)
(11.5608409 2.107630276 -15.81450057)
(15.65466926 2.909489799 -17.35118864)
(18.23872113 0.4000169383 -18.4644121)
(23.4557033 -0.1213883423 -19.69469514)
(25.38388672 -2.447211183 -19.63011098)
(29.3586863 -3.947975151 -19.81020262)
(31.40892884 -7.56385961 -19.05146297)
(34.69175775 -9.369776216 -18.79782834)
(39.10627647 -11.14690885 -18.88379371)
(42.14567046 -13.77587797 -17.76275453)
(43.0093259 -15.77200238 -16.67150407)
(44.72240474 -15.6508751 -16.58334141)
(47.40696096 -14.08030302 -16.88828416)
(50 -10 3.333333333)
(-50 -6.666666667 3.333333333)
(-44.24947587 -5.36701922 -0.655250505)
(-41.49925231 -4.220177256 -0.7682616645)
(-37.71205152 -3.972665343 -0.6684998395)
(-33.9509871 -2.891906847 1.254271)
(-29.50016995 -3.052102782 2.587552814)
(-25.17599133 -1.010024159 2.367953435)
(-20.64038241 -1.570241227 2.103450904)
(-16.65454498 -0.781969403 1.621541508)
(-13.00761424 -1.415484579 -0.2991580201)
(-9.674517935 -1.362287125 -2.826548793)
(-6.712698036 -1.672002255 -5.687532054)
(-3.942939123 -1.353201666 -8.498852605)
(-0.9277768092 -0.5005732015 -11.12448768)
(2.571753714 1.171621826 -12.96436737)
(5.933330652 1.379677267 -14.89037608)
(9.061164176 6.033749567 -13.93883572)
(12.38238468 6.256771203 -15.14327673)
(15.03938913 6.606609004 -15.90421382)
(19.37720231 4.042698611 -18.24024096)
(21.27150559 4.052761049 -18.63031758)
(26.42636521 1.217641018 -19.94819208)
(29.30415716 -0.7033378533 -19.9852734)
(33.07524788 -4.660762042 -19.7113851)
(36.50888399 -7.525164826 -19.36020337)
(39.03723073 -8.979940628 -18.91964581)
(41.75043403 -11.00713257 -18.09326049)
(44.56014459 -12.35364962 -17.60213871)
(45.55659383 -12.12532398 -17.50816506)
(48.72235608 -10.84991547 -17.7906101)
(50 -6.666666667 3.333333333)
(-50 -3.333333333 3.333333333)
(-43.72836205 -1.838312578 -1.615979204)
(-39.67349022 -0.9772312337 -1.218051181)
(-36.3656987 -0.3344370655 0.2175163635)
(-32.88996843 0.7718775061 2.523517983)
(-28.93711132 0.6466215974 3.667457645)
(-24.68458627 1.541922159 4.426572964)
(-20.3686627 1.68926347 3.823899404)
(-17.02894976 2.912483403 2.468784527)
(-13.38395873 2.405637742 0.6548571656)
(-10.4251609 2.428962116 -1.782796537)
(-7.129104797 2.191184851 -4.584762637)
(-4.278500699 2.302414962 -6.917239078)
(-1.214744915 2.877865768 -9.191788774)
(1.862805631 4.460627448 -10.7696656)
(5.911918846 5.244953198 -13.39952031)
(8.570174396 8.393142536 -12.50826707)
(11.90921156 8.724607683 -14.09469488)
(16.91810962 8.017004988 -17.11274058)
(19.10506913 7.886477477 -17.55501075)
(20.5516515 8.368057165 -17.36698543)
(25.03026353 5.655967461 -19.39333518)
(27.79802667 3.63650915 -19.97535325)
(31.63653041 -0.5020615183 -19.99295172)
(35.40318219 -3.374264564 -19.7632361)
(37.5240086 -5.130120353 -19.39796378)
(40.37993479 -7.295791244 -18.8710397)
(44.45119211 -9.083251458 -18.42366795)
(46.15388548 -8.531946611 -18.72407577)
(49.58491926 -7.581653332 -18.73075539)
(50 -3.333333333 3.333333333)
(-50 0 3.333333333)
(-44.4921134 1.854761678 -1.994303358)
(-40.42235288 2.697649143 -2.122880257)
(-37.53639618 2.942824438 0.6577994416)
(-34.81045998 3.725961969 3.350875047)
(-30.4587418 3.58399277 4.850894536)
(-25.94738179 4.212549337 5.904195962)
(-21.62656503 4.674152196 5.205022211)
(-18.0425777 5.825505871 3.87249251)
(-14.76848925 5.820761776 1.357909144)
(-11.0748055 6.191156266 -0.7966362324)
(-7.671160007 6.015560317 -3.291720279)
(-4.319657895 6.276050649 -5.753661819)
(-1.006708805 6.897095368 -8.017794638)
(2.522471574 8.805728281 -9.713809988)
(5.86594766 9.054534169 -11.88178729)
(9.315960627 10.72566617 -12.83270703)
(13.51486531 10.52432687 -15.56548312)
(15.84435466 10.30578152 -16.0768414)
(18.27918075 9.89726404 -16.76589457)
(23.1511752 8.773834329 -19.0369171)
(25.22558949 8.052985201 -19.40849827)
(27.35846631 7.650671402 -19.62500967)
(31.32367453 3.59600308 -20.40964504)
(34.29748038 0.7766356983 -20.16626883)
(36.5157595 -1.166909683 -19.88936117)
(39.28399004 -3.456813638 -19.560576)
(42.61687178 -5.971010301 -19.21162363)
(46.9511411 -4.764452152 -19.42619971)
(48.79262676 -3.967077326 -19.25856767)
(50 0 3.333333333)
(-50 3.333333333 3.333333333)
(-44.41378404 5.365538309 -1.648060087)
(-40.45675279 5.594647623 -0.1275372283)
(-37.68275741 5.99411753 2.679867494)
(-34.64580548 6.944502907 5.402298652)
(-30.29257981 7.043987604 6.462110744)
(-26.04807655 7.821543195 6.525651924)
(-21.93910733 8.622940812 5.291896082)
(-18.1107289 9.820123617 3.829064276)
(-14.97519669 9.862391119 1.652965607)
(-12.22971386 9.689149612 -0.3962166432)
(-8.408941253 9.781228974 -2.487568094)
(-4.678183315 10.27522997 -4.738784158)
(-1.078436814 10.84463016 -6.86253205)
(1.715447363 11.4791527 -7.956011185)
(5.376223086 11.86345146 -10.27457366)
(7.205533649 11.94498382 -10.4164325)
(11.23255661 12.2966621 -13.19334046)
(13.28144683 12.37128031 -13.72606499)
(17.04150707 11.91658048 -15.59440004)
(20.86630717 11.29395548 -17.47527012)
(24.13999098 10.53835188 -18.65191473)
(26.22099268 10.11084553 -19.0761338)
(30.10627543 7.445136691 -20.16586035)
(33.60759825 5.071601376 -20.52510768)
(36.54523802 3.091376838 -20.51249739)
(39.46885948 0.6720551921 -20.23466279)
(42.73936256 -1.893001482 -19.90760583)
(45.94170015 -1.122622172 -20.22901649)
(47.24017941 -0.7543126741 -19.69798078)
(50 3.333333333 3.333333333)
(-50 6.666666667 3.333333333)
(-44.89580769 8.02960999 0.3095430171)
(-41.03312475 8.445899567 1.956164063)
(-38.37598948 9.196200922 4.586654599)
(-35.14617957 10.74269393 6.708811329)
(-30.94658102 11.10645386 6.973363299)
(-27.04624959 11.51630954 5.853645767)
(-23.46711688 11.62714094 4.766950071)
(-19.84692783 11.92320245 3.876143628)
(-16.34005394 12.19165927 3.298040786)
(-12.99565346 11.43380167 1.177060912)
(-10.46680448 11.05926602 -0.7509478826)
(-6.510148936 11.55700852 -2.794034325)
(-2.949064885 12.25006998 -4.849417484)
(-0.06665729905 12.58232835 -5.889911677)
(3.285937152 13.08084331 -7.966231416)
(7.833221831 13.4860872 -11.00231891)
(10.39613731 13.68746389 -12.135877)
(15.21883659 13.29117428 -15.21181388)
(19.88308098 12.5154229 -17.36404548)
(21.53768527 12.06166587 -17.74866292)
(24.97360523 11.4132412 -19.11412493)
(28.37842998 10.00521063 -19.98864677)
(30.47074256 10.0499601 -20.24749137)
(33.54348571 8.123432263 -20.6689371)
(35.22684999 6.991298658 -20.39354436)
(38.96771926 4.543115059 -20.48598501)
(42.76064872 2.150459825 -20.51784839)
(44.53726343 2.343178252 -20.20653246)
(45.68773206 2.458451978 -20.13739388)
(50 6.666666667 3.333333333)
(-50 10 3.333333333)
(-45.08923013 10.72334285 2.297877032)
(-41.65659028 11.21787679 4.042652716)
(-38.43422905 12.86437354 5.914934332)
(-34.13941269 14.49787523 7.379198928)
(-30.84004255 14.61277884 6.734144429)
(-27.41454711 14.28667409 5.170183216)
(-23.12096205 13.78718138 4.384140255)
(-18.80907966 13.44066498 3.063967771)
(-14.94145823 13.22661857 1.271291611)
(-11.34003455 12.88155929 -0.8409432666)
(-8.598526325 13.19016701 -2.532738559)
(-5.426070845 13.49108934 -3.722809112)
(-2.369923445 13.98663569 -5.321534607)
(2.006648401 14.63761294 -8.083840441)
(4.964909329 14.95237828 -9.705448979)
(10.05787335 15.2348719 -13.33357411)
(12.84075093 14.99198815 -14.39002509)
(17.89912663 14.02195406 -17.33088881)
(22.72465488 13.11426532 -19.13369092)
(24.16664277 11.71572063 -19.24908581)
(27.6134351 11.51035831 -20.19757904)
(30.64076827 10.04334816 -20.7053834)
(32.2187748 9.230196396 -20.72476821)
(34.59095798 8.621036996 -20.68305176)
(33.34502446 10.58178488 -20.0772063)
(37.17147685 8.062418313 -20.26728627)
(41.03822418 5.679193844 -20.46721843)
(42.92952867 5.730629518 -20.49046075)
(44.13528472 5.67121663 -20.57680699)
(50 10 3.333333333)
(-50 13.33333333 3.333333333)
(-44.95619273 13.72464065 4.070730247)
(-40.82318501 14.60594744 5.569194065)
(-36.9334627 16.1506342 7.180066502)
(-32.91506489 18.0621184 7.929230692)
(-29.24265099 17.5693334 5.683074244)
(-25.33451032 16.15721239 4.102031771)
(-20.73403753 15.86871549 4.187281757)
(-17.20721392 15.27374623 2.40178074)
(-13.9608831 14.47491779 -0.1393974098)
(-10.1594472 14.38572717 -2.380532628)
(-6.684628118 15.3309779 -4.355411641)
(-3.450345011 15.64957729 -5.522014432)
(-0.346236919 16.00029116 -7.218589214)
(4.079954101 16.69289753 -10.27776921)
(7.113967197 16.90549516 -11.94946083)
(12.28252486 16.9836566 -15.66482932)
(15.28536454 16.2965124 -16.64417318)
(20.00398349 15.09080325 -18.99215724)
(23.6752081 15.15720103 -19.63201612)
(26.35522836 11.98000024 -20.48199051)
(27.08015524 14.78334632 -19.72248655)
(29.01389787 14.23937908 -20.11218142)
(30.53973478 13.14487267 -20.27562245)
(32.93509019 12.35201015 -20.32826402)
(34.35669493 12.37012299 -19.50189549)
(35.37523444 11.58172157 -20.04858752)
(39.31579964 9.207927862 -20.41658847)
(41.3217939 9.118080783 -20.77438905)
(43.00470693 9.050224404 -19.8164533)
(50 13.33333333 3.333333333)
(-50 16.66666667 3.333333333)
(-45.9557967 17.17940792 4.893725489)
(-41.88276963 18.3567592 6.118805607)
(-38.11388849 20.04664663 7.410963987)
(-34.22990744 21.94119351 8.025830091)
(-30.40633873 21.31678238 6.395025681)
(-26.97824264 19.37455658 4.905097534)
(-22.77070059 17.79437204 3.916264909)
(-18.59606859 18.15046551 3.759245817)
(-15.153781 17.10022505 1.682079189)
(-11.919558 16.51422891 -0.7366317071)
(-7.650284318 16.52159104 -3.153709721)
(-2.993698726 17.36351071 -5.877436755)
(1.254816063 17.93578893 -8.699208229)
(3.968379191 18.30248785 -10.06258114)
(8.206848439 18.71336798 -13.04055944)
(10.35989396 18.91340814 -13.76406512)
(15.12648377 18.21849765 -16.64332262)
(17.81290111 18.6923324 -17.16299573)
(21.79775254 19.2472537 -18.17947427)
(25.22926819 16.83725719 -19.70136686)
(25.41419597 18.82086279 -18.4718931)
(27.40814891 18.23232425 -18.88682088)
(29.51503045 17.23986856 -19.38295787)
(31.66238134 16.32200097 -19.65827379)
(34.21480566 15.15961898 -19.34236649)
(34.43758033 14.9711228 -19.31821254)
(37.5933751 12.73666188 -20.36595851)
(40.13236066 12.56432525 -19.95883373)
(41.91726284 12.44622956 -18.93343052)
(50 16.66666667 3.333333333)
(-50 20 3.333333333)
(-46.36944653 20.92835017 5.201324821)
(-42.2679443 21.96886149 4.755952153)
(-38.6524463 23.71262014 5.932533029)
(-34.93799419 25.46792946 6.354510891)
(-31.20930667 25.32088663 6.065138623)
(-27.66530037 23.27834053 5.224542812)
(-24.04442695 21.36106197 3.976775631)
(-20.19147292 21.52656182 3.725645385)
(-16.20810891 20.6526605 2.429314477)
(-12.62978444 20.0629858 0.7318502768)
(-8.978119952 19.42561793 -1.421232374)
(-5.134416882 18.59556583 -4.272641957)
(-0.6943782364 19.19475806 -6.696027207)
(1.836630487 19.61857504 -7.896553863)
(6.154602707 20.13862537 -10.67915109)
(8.449306444 21.28480771 -11.31482426)
(12.77925196 20.85180419 -14.54399288)
(15.7223432 21.95870185 -14.99896084)
(19.5734532 22.59520503 -16.34110287)
(23.41151155 21.08985355 -18.2276642)
(23.73187649 22.70116108 -16.97466156)
(25.75023069 22.04378633 -17.42218567)
(28.12027088 21.12273341 -18.15741206)
(30.21605073 20.07808569 -18.70723818)
(32.87113673 18.90070218 -18.24678327)
(34.89810367 18.16821558 -18.18327217)
(36.76434778 16.35656387 -19.00458539)
(39.05349032 16.02610957 -18.85266967)
(40.82981874 15.84223471 -18.05040773)
(50 20 3.333333333)
(-50 23.33333333 3.333333333)
(-46.10734151 24.56709433 4.262294114)
(-42.45584295 25.25803446 2.928960401)
(-38.89680034 26.94058102 3.914069042)
(-35.54400402 28.94906806 4.596170207)
(-32.32590566 29.12123795 5.833062636)
(-28.80213523 26.95917652 5.861911933)
(-25.55115087 24.63702778 4.86152811)
(-21.81379039 24.80608915 4.00921075)
(-18.03375686 23.8912136 2.708022635)
(-14.04233768 23.41460858 1.646036839)
(-10.37564754 22.69833813 0.02816599163)
(-6.519704759 21.07683177 -2.122857126)
(-2.71038058 20.63813458 -4.754895392)
(-0.01163029552 21.14710527 -5.471018987)
(4.097169759 21.75793274 -8.318329951)
(6.488522833 23.10504083 -8.764561286)
(10.65912458 23.10141564 -12.08806646)
(13.14872834 24.03873642 -12.66718456)
(16.78977125 24.64025677 -14.31357874)
(21.30164319 24.76697616 -16.27169885)
(21.99103796 26.03715602 -14.88496042)
(24.07768936 25.72818163 -15.80532842)
(26.56326897 24.64932781 -16.57594919)
(28.88446331 23.79478279 -17.41413128)
(31.21992991 22.58648982 -17.94492393)
(33.71360614 21.78828199 -17.06967926)
(35.95676385 19.97865409 -17.61175172)
(37.97461997 19.48789389 -17.74650561)
(39.74237464 19.23823987 -17.16738495)
(50 23.33333333 3.333333333)
(-50 26.66666667 3.333333333)
(-45.74965766 27.65860931 2.58780773)
(-42.27930497 28.69603135 1.256858624)
(-38.65636763 30.10761791 1.854866347)
(-36.08219731 32.23178089 2.670071336)
(-33.08589623 32.47500768 4.150963571)
(-29.35190185 30.86221966 5.49286625)
(-25.92480536 28.43902751 5.730934591)
(-22.85694643 28.49692566 4.378942642)
(-19.4725059 27.49972442 2.803456751)
(-16.0562525 26.54598177 1.286570546)
(-12.2279197 26.18818572 0.2695007484)
(-7.972010049 24.37062555 -0.6339366579)
(-4.433897937 22.95774669 -2.7577188)
(-1.91338212 23.66915911 -3.292307977)
(2.242562686 23.63845717 -5.825493203)
(4.490808738 25.11846887 -6.274168609)
(8.661820916 25.03918728 -9.449536967)
(10.82858088 25.9828049 -10.05605893)
(14.18727067 26.40173007 -12.01008664)
(18.84661959 27.39832452 -14.03616148)
(19.9962704 28.79653876 -12.67667028)
(22.49235257 28.71308535 -13.46770625)
(25.07256446 27.94366276 -14.65761718)
(27.46176689 27.4138698 -16.06388323)
(29.9899155 26.36267759 -16.80320935)
(32.36837208 25.43168996 -16.44877143)
(35.05771767 23.57584658 -16.70001098)
(36.89574963 22.94967821 -16.64034155)
(38.65493054 22.63424503 -16.28436217)
(50 26.66666667 3.333333333)
(-50 30 3.333333333)
(-46.55091984 30.66508736 0.9946902934)
(-43.38724444 31.82867962 -0.3705730063)
(-39.69435264 33.03982302 -0.132533423)
(-37.546803 35.20869145 0.9521752288)
(-34.50717176 35.44642585 2.454825273)
(-31.04965222 33.95190124 4.440245813)
(-27.1854832 31.99200241 5.290185978)
(-24.34686334 31.96979849 4.114155018)
(-20.67699404 31.22727246 3.005712426)
(-17.55061317 30.22388863 1.345176967)
(-14.20507533 29.53409487 -0.1553679664)
(-9.764293535 27.89118815 -0.11593966)
(-6.036035918 26.13166673 -1.187557476)
(-3.906877628 26.82193898 -1.665664947)
(0.09799566726 25.99149302 -3.723591879)
(2.218647437 27.64935513 -4.226643676)
(6.530501523 27.05813818 -6.941284482)
(8.595522939 28.35676482 -7.467940915)
(12.02867684 28.41501968 -9.318362125)
(16.33933386 29.29749829 -11.52664371)
(17.87652388 31.18304698 -10.35780811)
(20.62217042 31.4679704 -11.23498697)
(23.41804435 30.91136364 -12.61838225)
(26.26680636 30.36410686 -13.88494798)
(28.73057664 29.86872822 -15.2566278)
(30.48423871 28.53322817 -15.92155651)
(34.01221936 27.1215741 -15.44000527)
(35.81687928 26.41146252 -15.53417748)
(37.56748644 26.03025018 -15.40133938)
(50 30 3.333333333)
(-50 33.33333333 3.333333333)
(-46.74649479 33.91600998 -0.5170366222)
(-44.59380906 35.31595989 -1.460422333)
(-40.97486922 36.50299787 -1.41808697)
(-38.5059448 38.27142843 -0.9419599846)
(-35.71685643 38.03800248 0.4079090059)
(-32.01756616 37.23164696 2.900430669)
(-28.43330711 35.42975014 4.369889989)
(-25.484724 35.59513436 3.465733373)
(-21.85693022 34.89945642 2.434915138)
(-18.36929694 34.23796548 1.130881671)
(-15.23419022 33.57456333 -0.3021104555)
(-11.44161666 31.44646847 -0.6716952639)
(-7.759689594 29.70011237 -0.4170930819)
(-5.750875607 30.75057203 -1.093007959)
(-1.983754636 29.43041651 -2.459583668)
(-0.1136727345 31.2562702 -3.368057876)
(4.155330084 29.84720031 -5.065252399)
(6.138816392 31.4000376 -5.462966726)
(9.980896552 31.03703219 -6.723843071)
(14.19453904 31.34886037 -8.748150161)
(15.82066332 33.44064553 -7.950995648)
(18.55913253 33.94394171 -9.02222437)
(21.56867637 33.4814736 -10.52632004)
(24.54587412 32.911544 -11.88945839)
(27.3343056 32.65784838 -13.19626148)
(29.73317408 31.88396287 -14.09293552)
(32.712406 30.67410943 -14.6902636)
(34.81664518 29.81980221 -14.64473652)
(36.48004234 29.42625534 -14.5183166)
(50 33.33333333 3.333333333)
(-50 36.66666667 3.333333333)
(-46.82227531 37.39868065 -1.704304141)
(-45.30669512 38.71581749 -2.994625451)
(-42.43282588 39.62491534 -2.940419725)
(-40.53411707 40.28998059 -2.617824673)
(-37.51641948 40.09425089 -1.462504572)
(-33.51073604 39.44924586 0.9905317138)
(-29.80584153 38.45430605 2.998279945)
(-27.10333681 38.71188039 2.971058415)
(-23.23010769 38.42484923 2.721396501)
(-19.63694447 37.94211683 1.660785342)
(-16.57002279 37.37531639 0.3525331653)
(-12.97242233 35.2301642 -0.7921931533)
(-9.55382519 33.3935393 -0.5826965485)
(-7.674820499 34.62650095 -0.5895544965)
(-3.868572861 33.30760181 -1.531576554)
(-2.008414414 34.79059288 -1.677149452)
(1.697663132 33.29019024 -3.862674983)
(3.508702489 34.6498488 -3.88224145)
(7.370354338 33.99770838 -4.930450995)
(11.75685295 33.57764108 -6.309864256)
(13.57825807 35.33374886 -5.664576202)
(16.48677471 36.32409978 -6.779750533)
(19.60311452 35.84076064 -8.426759208)
(22.6261266 35.30353174 -9.95713693)
(25.77298667 35.22452987 -11.15754016)
(28.68277596 35.03334685 -12.27435843)
(31.31981706 34.03154977 -13.9397981)
(33.97208293 33.19215692 -13.22797129)
(35.38990592 32.8162931 -13.7215379)
(50 36.66666667 3.333333333)
(-50 40 3.333333333)
(-47.37170139 41.06012004 -2.4438449)
(-46.54780251 42.45803695 -3.182121506)
(-44.81318084 42.15694073 -3.502232158)
(-41.70113756 42.11211691 -3.558352063)
(-38.18044886 41.91963913 -2.15369218)
(-35.23124468 41.50344254 -0.7800941076)
(-31.47017392 40.75592327 1.377514711)
(-29.23452792 40.88282014 2.032513767)
(-25.47925193 41.08654338 2.950765804)
(-21.76236158 40.75202844 2.51765654)
(-18.3015924 40.84358574 1.171593562)
(-14.69377133 38.727522 0.01229589703)
(-11.44519328 37.00961891 -0.5364723708)
(-9.507673728 38.61171315 -0.5682522221)
(-5.760298315 37.13417434 -0.4954620577)
(-3.498437431 38.36484526 -0.1771086968)
(0.0173387471 36.90231826 -1.935751043)
(1.833215814 38.28546766 -1.828810082)
(5.091050499 37.5443555 -3.219103103)
(8.91543634 36.29628764 -4.541234797)
(11.00053446 37.96262215 -4.301886246)
(14.41082269 39.01396709 -4.768302479)
(17.66431182 38.3836303 -6.379369057)
(20.76907694 37.73137534 -7.97943469)
(23.77969359 37.37646418 -9.324888276)
(27.21588362 37.90334345 -10.47133692)
(30.52286507 37.07248083 -11.93764356)
(32.57872216 36.53802581 -12.77133143)
(34.70585695 36.02483342 -12.34300022)
(50 40 3.333333333)
(-50 43.33333333 3.333333333)
(-48.1770289 44.53971185 -2.833801964)
(-44.64089743 43.9256837 -2.523143103)
(-42.54443793 43.7863771 -2.918268699)
(-39.61085346 43.29565207 -1.983659846)
(-36.00576114 43.46371879 -0.6703222278)
(-33.85736428 43.52102174 -0.2655515749)
(-31.47188509 43.00345055 0.732161132)
(-27.54002232 43.86633709 0.9805378579)
(-24.2471557 44.1839688 1.714179279)
(-20.90311373 43.78152215 0.7191796521)
(-17.64113931 44.55209019 -0.07733761913)
(-14.84347573 42.56434524 0.1274013185)
(-11.94354547 40.96939555 -0.39142918)
(-9.796890997 43.14816823 -0.2390961141)
(-6.788251602 41.52723479 -0.09692615244)
(-3.841916668 42.78084838 -1.187282464)
(-1.140437183 41.00631503 -1.281566549)
(2.292343672 42.94924131 -2.422171428)
(4.479420683 42.25075252 -2.541773081)
(7.57912915 40.53002164 -3.351537959)
(10.68100727 42.60435675 -3.94479381)
(13.7134855 43.54685319 -4.682920448)
(16.91449415 42.43714559 -5.066573317)
(19.42832772 41.15043901 -6.343865141)
(22.29424756 40.53715357 -7.69672453)
(25.70638764 40.75457561 -8.689970868)
(29.1082862 39.91028631 -10.143892)
(31.79389459 39.67256215 -11.20336577)
(33.7911423 39.26446017 -11.33223325)
(50 43.33333333 3.333333333)
(-50 46.66666667 3.333333333)
(-45.94566837 45.90502641 -2.304396605)
(-42.74084626 44.78666299 -1.009745017)
(-40.42293071 45.05991249 -1.477746877)
(-37.4232955 44.88780718 -0.4788318761)
(-33.66668087 45.24511627 0.5497840499)
(-31.57627068 45.36201765 0.7486512281)
(-29.39484039 45.43910648 1.035215523)
(-25.31633661 46.33997331 0.5031876323)
(-23.01582606 46.5928798 0.3623207126)
(-19.94698811 46.8646591 -0.02051824707)
(-15.99758889 46.32932628 -0.03449070911)
(-14.43475645 46.43049099 -0.3060310434)
(-12.67133257 45.14687447 -0.4878341775)
(-7.472753843 45.08175753 -1.40354599)
(-6.000258571 45.06862597 -1.438500638)
(-1.15348412 44.95675404 -2.289854546)
(0.2965576522 44.93124017 -2.270305957)
(5.258048254 45.72912752 -3.661112705)
(6.811386164 45.69585104 -3.791532644)
(8.395436441 45.38025549 -3.895140413)
(12.71013548 46.03664719 -5.024422776)
(16.11253347 46.59085356 -5.834056228)
(17.82200921 46.62314719 -5.919098029)
(20.0738729 45.3987291 -6.456615356)
(22.43964742 44.86176077 -7.579520676)
(25.42740525 44.90333389 -8.310741539)
(28.22282122 43.5266454 -8.910739093)
(30.93136165 42.62609785 -9.380467885)
(33.39306565 42.7263362 -10.23506643)
(50 46.66666667 3.333333333)
(-50 50 3.333333333)
(-46.66666667 50 3.333333333)
(-43.33333333 50 3.333333333)
(-40 50 3.333333333)
(-36.66666667 50 3.333333333)
(-33.33333333 50 3.333333333)
(-30 50 3.333333333)
(-26.66666667 50 3.333333333)
(-23.33333333 50 3.333333333)
(-20 50 3.333333333)
(-16.66666667 50 3.333333333)
(-13.33333333 50 3.333333333)
(-10 50 3.333333333)
(-6.666666667 50 3.333333333)
(-3.333333333 50 3.333333333)
(0 50 3.333333333)
(3.333333333 50 3.333333333)
(6.666666667 50 3.333333333)
(10 50 3.333333333)
(13.33333333 50 3.333333333)
(16.66666667 50 3.333333333)
(20 50 3.333333333)
(23.33333333 50 3.333333333)
(26.66666667 50 3.333333333)
(30 50 3.333333333)
(33.33333333 50 3.333333333)
(36.66666667 50 3.333333333)
(40 50 3.333333333)
(43.33333333 50 3.333333333)
(46.66666667 50 3.333333333)
(50 50 3.333333333)
(-50 -50 10)
(-46.66666667 -50 10)
(-43.33333333 -50 10)
(-40 -50 10)
(-36.66666667 -50 10)
(-33.33333333 -50 10)
(-30 -50 10)
(-26.66666667 -50 10)
(-23.33333333 -50 10)
(-20 -50 10)
(-16.66666667 -50 10)
(-13.33333333 -50 10)
(-10 -50 10)
(-6.666666667 -50 10)
(-3.333333333 -50 10)
(0 -50 10)
(3.333333333 -50 10)
(6.666666667 -50 10)
(10 -50 10)
(13.33333333 -50 10)
(16.66666667 -50 10)
(20 -50 10)
(23.33333333 -50 10)
(26.66666667 -50 10)
(30 -50 10)
(33.33333333 -50 10)
(36.66666667 -50 10)
(40 -50 10)
(43.33333333 -50 10)
(46.66666667 -50 10)
(50 -50 10)
(-50 -46.66666667 10)
(-42.92866696 -46.55746876 5.131202748)
(-40.06730218 -46.62500998 4.439456223)
(-38.23691435 -46.81400011 5.174323449)
(-35.82060542 -46.83293788 5.439473868)
(-34.43501314 -46.99198384 5.649618511)
(-27.02881085 -46.07435146 6.449565221)
(-24.64457203 -45.6951112 8.030534642)
(-21.52865217 -45.06700604 8.144506581)
(-18.5969218 -45.98914487 7.873536281)
(-16.03111875 -46.35247565 6.69073171)
(-13.80277589 -46.19895247 6.194084741)
(-10.69006803 -45.5720075 5.050442977)
(-7.551284719 -44.71347688 3.820176022)
(-5.148351962 -44.35304913 3.172799131)
(-3.597851874 -44.38983252 3.267276705)
(1.562637966 -44.11181973 0.04588893316)
(4.763856825 -44.10352065 -0.751058629)
(7.463269626 -45.10471834 -1.703507672)
(11.33171367 -47.22041693 -1.462065698)
(13.17598346 -47.40189983 -2.128054505)
(15.95297397 -46.61441743 -2.278546815)
(19.04980055 -47.01018458 -2.667135108)
(21.9599062 -48.48432929 -2.256134882)
(25.19961398 -48.72710469 -2.817504182)
(28.31656768 -48.41646504 -3.665763741)
(31.64143546 -48.25380261 -4.132664273)
(34.87362747 -49.55629481 -3.736222725)
(37.42618879 -49.85091018 -4.02662531)
(40.90129734 -49.34312542 -4.788880964)
(50 -46.66666667 10)
(-50 -43.33333333 10)
(-41.88690084 -42.8869369 4.764438273)
(-38.45810933 -43.07982843 3.954828744)
(-35.79453817 -44.62676078 3.950451575)
(-33.00710018 -44.68722685 5.08547282)
(-31.51533157 -45.09194328 5.815598215)
(-27.31845763 -42.49482857 8.062804892)
(-24.17082659 -41.99552854 9.20111443)
(-20.87769718 -41.14581038 8.642310912)
(-17.72053557 -42.01254884 7.528624122)
(-14.52121734 -42.61437495 6.411038549)
(-11.44810202 -43.38305778 5.270450568)
(-8.579315917 -42.58075133 3.757609926)
(-5.598604759 -41.69809474 2.395336035)
(-2.638828396 -42.26080028 0.987215715)
(-1.074550377 -42.55249078 0.965756662)
(3.423816814 -39.8502136 -0.7452813467)
(6.847253557 -39.89332071 -1.257595244)
(9.766636172 -40.84306931 -1.56383758)
(11.57041729 -43.18616295 -2.729349996)
(15.18600643 -42.75745425 -2.947595949)
(18.24545329 -42.6565866 -3.362957863)
(21.60938907 -43.49907046 -3.780393235)
(23.71732868 -45.37376446 -4.190451468)
(26.97874921 -45.69348597 -4.296319545)
(30.8188155 -45.79188485 -5.051723828)
(34.35625369 -46.56734688 -5.369498411)
(36.36442031 -48.1101345 -4.436535988)
(39.88359346 -47.75906889 -5.029867867)
(43.04201344 -47.33546435 -5.969434945)
(50 -43.33333333 10)
(-50 -40 10)
(-43.33854412 -39.4169238 4.593085393)
(-40.04258043 -39.92283033 5.35044825)
(-36.4863449 -41.13102887 4.473793507)
(-32.92508167 -41.42561106 5.54585188)
(-29.48134905 -42.07440527 6.312512535)
(-27.60718543 -38.87277372 9.233375653)
(-25.65527399 -38.52267741 9.82171705)
(-22.0498813 -37.7020816 9.909525567)
(-18.74819033 -38.27588313 8.514380099)
(-15.41756592 -38.58687748 7.121689908)
(-12.12310261 -39.14953229 5.491466785)
(-8.439889356 -38.32158691 4.479865758)
(-5.145668935 -37.39236274 3.07591669)
(-2.367938828 -37.6171102 1.249617191)
(0.9148636979 -38.67538991 0.2116808446)
(3.536369245 -35.29138148 0.5766013809)
(6.499824414 -35.17298619 -0.08117660147)
(10.058082 -36.01239431 0.04251831436)
(11.87768079 -38.34130546 -1.123024115)
(15.76974805 -37.60998796 -2.244622879)
(18.88811158 -37.84839809 -2.998611295)
(22.13415573 -38.72197777 -4.067438994)
(24.73042213 -41.14855537 -4.014218756)
(28.22063551 -41.71071717 -4.81186467)
(31.74329523 -41.75229243 -5.935121915)
(35.00612106 -42.76004159 -6.831899796)
(37.30697306 -44.70216934 -5.927440986)
(40.99721264 -44.79193192 -6.860330753)
(44.05368914 -44.04058301 -7.079720842)
(50 -40 10)
(-50 -36.66666667 10)
(-43.46837707 -36.08678281 6.079264162)
(-39.72864068 -36.3431345 7.049853193)
(-36.32960248 -37.94390529 6.753411341)
(-32.62064701 -38.25678977 7.894813003)
(-29.33505937 -38.83249258 8.51508378)
(-27.21010929 -35.22601512 10.74235715)
(-24.37142203 -34.92724632 10.68391521)
(-20.87336644 -33.88240681 9.907095817)
(-17.4330269 -34.51256088 8.803134784)
(-14.14217195 -34.63957454 7.190375143)
(-10.7427009 -35.21628215 5.763761581)
(-7.340325957 -34.20310794 4.395123544)
(-3.971276242 -33.28327896 3.081791158)
(-0.6326341663 -33.4272335 1.427643054)
(2.038634917 -34.02523661 0.6013576861)
(5.025646464 -30.67679428 1.029050791)
(8.740336234 -30.83173929 0.0009088277136)
(11.35744082 -31.50870138 -1.095616856)
(14.34518509 -33.99818909 -1.011707445)
(17.35342425 -32.83471881 -2.796316629)
(20.02878361 -33.36953551 -4.207015678)
(23.04918315 -34.35271408 -5.470518224)
(25.65837303 -37.0643276 -5.226226423)
(29.202394 -37.56539812 -5.641621335)
(33.09383547 -37.76639349 -6.819672798)
(35.67809325 -38.96439958 -7.43149878)
(38.90325174 -41.68474275 -7.720455881)
(42.14953015 -41.28136062 -8.099774917)
(43.61011003 -40.22052036 -7.704140121)
(50 -36.66666667 10)
(-50 -33.33333333 10)
(-42.5496627 -32.98211921 7.688974925)
(-39.2101543 -33.27446081 9.18240686)
(-35.53141998 -34.4011526 8.555437087)
(-31.92095406 -34.52883171 9.497203624)
(-28.85564008 -34.99904384 9.990063278)
(-27.08687561 -31.26880527 11.61538225)
(-23.83905235 -30.99294208 11.22067067)
(-20.48977803 -29.9041502 10.27731747)
(-17.4750055 -30.3822336 8.389175946)
(-13.94780145 -30.55250286 8.038567397)
(-10.28725267 -31.07894205 6.819596347)
(-7.223000166 -30.29151935 5.842099146)
(-4.038622917 -29.34964093 4.531585873)
(-0.6032943621 -29.1234732 2.861225019)
(2.604166096 -29.25918758 0.988577209)
(3.849155947 -26.48962405 -0.3924348851)
(7.21257838 -26.6555495 -1.611098409)
(10.19158745 -26.84594759 -2.643106022)
(13.38473814 -29.14314453 -1.854808116)
(15.38019649 -28.12554418 -3.63667941)
(19.04323345 -28.72820453 -4.71308648)
(21.70411116 -29.75792579 -5.374941921)
(25.45024811 -32.73582894 -5.931155069)
(29.03704236 -33.51844525 -6.474903611)
(31.53369819 -33.77739283 -6.684180206)
(34.1060213 -35.10571462 -7.070675874)
(37.45026948 -37.99610854 -7.861374201)
(41.06825378 -37.67915593 -8.838458022)
(43.16653093 -36.40045772 -8.3285594)
(50 -33.33333333 10)
(-50 -30 10)
(-43.61105577 -29.66779342 8.869035449)
(-40.33182652 -29.73617549 10.34724147)
(-36.41590275 -30.94774576 10.40336928)
(-32.83761813 -30.63404486 10.69186139)
(-29.21372869 -31.08667277 11.31964292)
(-27.52679531 -27.42318158 11.24075308)
(-24.56563336 -27.38597901 12.22305801)
(-21.46390374 -26.61204713 11.73319197)
(-18.35958879 -26.85799227 9.914876302)
(-15.21626511 -26.97347303 9.435021288)
(-11.42484546 -27.63914934 8.70182654)
(-8.135356849 -26.8112662 7.431149542)
(-5.325562883 -25.75073583 5.374332828)
(-2.935078597 -25.46079638 3.604030716)
(0.3816281402 -25.53423093 1.617284724)
(3.585075937 -22.28621456 -0.7591502932)
(5.961305611 -22.13360142 -1.349322349)
(8.832083266 -21.94486524 -2.777506326)
(12.08055484 -24.38198148 -3.229150286)
(13.73815837 -23.87291454 -4.696373449)
(16.55868114 -24.74515408 -5.058005908)
(19.6744094 -25.6990565 -5.929774528)
(23.95735025 -28.44114896 -6.049331984)
(27.34643632 -29.4874185 -6.760408716)
(29.75959862 -29.88657044 -7.085762635)
(32.68163533 -31.18692268 -7.117707796)
(35.92314693 -34.28173442 -7.034210055)
(38.84029028 -35.17458937 -7.866960343)
(41.63627056 -33.58395812 -8.495185968)
(50 -30 10)
(-50 -26.66666667 10)
(-44.69775918 -26.25833626 7.768664582)
(-41.44203765 -26.23992807 8.990507143)
(-37.75880896 -27.08594685 10.43117953)
(-34.20570999 -26.8162843 10.13607085)
(-30.41499233 -27.28944015 10.74999666)
(-26.83516368 -23.57092994 10.7325046)
(-24.41504461 -23.71815832 10.88844763)
(-20.99765317 -22.67809382 10.95429503)
(-17.73655705 -23.01350522 10.44827252)
(-13.7517521 -23.17067701 9.989765206)
(-10.61748151 -23.58769223 8.625531492)
(-7.483984674 -22.70118297 6.304193776)
(-4.523467744 -21.67491271 4.069583524)
(-1.947108091 -21.13237708 2.25372766)
(0.6384860309 -21.15637773 0.6603984953)
(4.578259922 -18.20636793 -2.865691707)
(6.637584214 -18.03928034 -3.791163678)
(9.226159134 -17.62176765 -5.329562584)
(11.67675092 -19.82339725 -5.177701602)
(14.38133444 -19.33702377 -7.029475166)
(16.92430178 -20.4836172 -7.049354685)
(20.10988398 -21.57850141 -8.085401454)
(22.97621915 -24.49865883 -7.317522627)
(26.36470316 -25.58002377 -7.871458543)
(29.61103869 -25.83182125 -8.555807549)
(32.44688412 -27.1110308 -8.229937656)
(34.70623034 -30.32505651 -7.019977494)
(37.41556427 -31.69078453 -7.101943522)
(40.36275224 -30.04386755 -8.263065109)
(50 -26.66666667 10)
(-50 -23.33333333 10)
(-43.99898817 -22.61297885 8.333044324)
(-40.07382232 -22.46649017 8.839482706)
(-36.70419677 -24.01167582 8.783964143)
(-32.58724432 -23.27003365 8.882078695)
(-29.26992208 -23.41356998 10.28515628)
(-26.16447227 -19.50375125 10.87752673)
(-23.06479394 -19.99166085 11.10294037)
(-19.43968668 -19.062254 10.9914854)
(-16.08765807 -19.40295788 10.53363945)
(-12.43960229 -19.43748056 8.914601717)
(-9.653726782 -19.82554367 7.118430079)
(-6.486079438 -18.97913722 4.636369551)
(-3.380554798 -17.92276693 2.392977721)
(-0.5578908106 -17.20238103 0.518569795)
(2.01330862 -17.09374572 -1.072838895)
(5.378702513 -14.46264673 -5.454720729)
(7.320717456 -14.08960293 -6.390938894)
(9.956620891 -13.51572912 -8.041882777)
(12.16399615 -15.53120794 -7.692411855)
(15.59536003 -15.1391305 -9.540863989)
(17.55944294 -16.53909968 -9.524690688)
(21.27672119 -17.37397948 -9.839639187)
(23.38854461 -20.54003742 -9.216056995)
(26.6241008 -21.7129774 -9.77205804)
(30.00107011 -22.23989152 -10.67832282)
(32.80090956 -23.74015847 -10.26512922)
(34.2290778 -26.41141096 -8.230077363)
(37.06366421 -27.85307268 -8.083685178)
(41.09845361 -26.57379016 -9.163514134)
(50 -23.33333333 10)
(-50 -20 10)
(-44.06967159 -18.76402891 8.917865795)
(-40.05041696 -18.49034663 9.726325572)
(-36.45529661 -19.94520806 8.349304228)
(-32.6745262 -18.94915617 9.106132886)
(-28.85998253 -19.18434209 10.34402351)
(-25.69000792 -15.39661505 11.20017929)
(-22.33171578 -16.02137024 11.44793632)
(-18.68285373 -15.1970765 10.19756044)
(-14.93933863 -15.66359526 9.750446651)
(-11.70401547 -15.63570266 7.505902396)
(-8.526306993 -15.99472422 5.801206429)
(-5.2801887 -15.21650678 3.202229934)
(-2.464141063 -14.29553811 0.4241292202)
(0.2425852711 -13.55853082 -1.899878804)
(2.878300173 -13.42070098 -3.550752167)
(6.153511855 -10.61139872 -7.952091216)
(8.113803745 -10.01431853 -8.809326206)
(11.26600176 -9.367745529 -10.45805482)
(13.40005188 -11.39515156 -10.07063936)
(17.67443685 -11.19506324 -11.72312082)
(19.67154389 -12.9335571 -11.38098416)
(23.48233653 -14.18522487 -11.91876005)
(24.99084425 -16.83304576 -10.77475845)
(27.75052719 -18.02247869 -11.45921233)
(32.1811451 -19.41285751 -12.02439247)
(35.14337948 -21.38234008 -11.69099343)
(35.74326975 -23.6977881 -10.0593378)
(39.02113357 -25.18161074 -9.350132275)
(43.37860698 -24.21344433 -9.872727884)
(50 -20 10)
(-50 -16.66666667 10)
(-44.67624798 -15.08943856 9.198363614)
(-40.39430155 -14.47026016 8.885747769)
(-36.23992875 -15.65896348 8.269204075)
(-32.66315905 -14.71677343 9.931494584)
(-28.54699703 -14.92715371 10.7932889)
(-25.24763105 -11.43946811 10.98449767)
(-21.52302181 -12.35045355 10.37911951)
(-17.67612966 -11.39679673 9.469132643)
(-13.79901481 -12.06331129 8.501856724)
(-10.20373323 -12.08902537 6.285985615)
(-7.481274791 -12.40643545 4.057116179)
(-4.459590337 -11.85178699 1.034849094)
(-1.495940108 -10.86190387 -1.733368464)
(1.083749068 -10.12005496 -4.489989284)
(3.678070706 -10.1203454 -6.361800953)
(7.054165642 -6.379795603 -9.837631371)
(9.184033645 -5.755965681 -10.87426015)
(13.11704757 -5.173444887 -12.41888482)
(15.62183811 -7.573696664 -12.06688451)
(19.81373773 -6.993195722 -13.49021376)
(22.22008573 -9.669636318 -13.14644426)
(26.17171169 -11.1177174 -13.43137827)
(27.34309804 -13.79124027 -12.42735155)
(30.32569827 -15.19737675 -12.65053501)
(34.96552151 -16.84333009 -12.72715879)
(37.78114673 -18.85860004 -12.23317066)
(38.52886136 -21.76412302 -10.80994146)
(41.21388447 -22.4529594 -10.27228787)
(44.59796581 -21.07496107 -10.9593378)
(50 -16.66666667 10)
(-50 -13.33333333 10)
(-45.05174359 -12.41600354 7.040657328)
(-40.71987998 -11.37310088 6.687941286)
(-36.42758918 -11.38713431 7.98179116)
(-32.89553283 -10.38485444 10.13575711)
(-28.58851782 -10.64089732 11.1198672)
(-25.11019603 -7.80913169 9.331295877)
(-20.91669862 -8.780082687 8.883123276)
(-17.01427486 -7.781048167 8.081783586)
(-13.07335289 -8.551763536 6.865428992)
(-9.344065838 -8.625355706 4.478165662)
(-6.574948922 -8.915558864 2.111791014)
(-3.668534658 -8.51361382 -1.167866363)
(-1.023887794 -7.618840539 -4.20979301)
(1.738896754 -6.612453282 -7.076816635)
(4.69053515 -6.430340006 -8.749612039)
(7.930006969 -1.714265512 -10.51637685)
(10.51020032 -1.062689821 -11.81700382)
(14.66842712 -0.2861641103 -13.12631586)
(17.26951265 -3.083692902 -13.59008899)
(21.63154254 -2.368042067 -14.91015032)
(24.25717336 -5.81113016 -14.73770356)
(28.08068788 -7.307577423 -15.13543864)
(29.97819813 -10.80002387 -13.67742595)
(33.09669394 -12.51752011 -13.5373148)
(37.25560533 -13.77508469 -13.86024101)
(40.00007265 -15.85113808 -13.23786335)
(40.64694945 -18.65982666 -11.80389217)
(43.21613123 -19.57468084 -11.33142787)
(46.01967824 -17.80786023 -11.73420299)
(50 -13.33333333 10)
(-50 -10 10)
(-44.68231099 -8.738665047 6.661079821)
(-42.12705211 -7.649853033 6.147910473)
(-37.43465777 -7.489712275 6.920633813)
(-33.1544888 -6.57813542 8.459223937)
(-28.69441297 -6.687089947 10.11749328)
(-25.00232182 -4.138413812 7.880695535)
(-20.29658402 -4.906174724 8.012571297)
(-16.4214689 -3.866948764 7.424118487)
(-12.44495418 -4.792595231 5.578802364)
(-8.86014197 -4.894009132 2.860445427)
(-6.00877907 -5.204692458 0.3223581315)
(-3.425188146 -4.947659493 -3.261886801)
(-0.8353203084 -3.997074206 -6.377455379)
(2.393151814 -2.359890982 -8.757292754)
(5.690747159 -2.159982436 -10.30223729)
(8.647804491 3.137484926 -10.02639278)
(12.17261268 3.62108406 -11.54131314)
(16.36150291 4.523176024 -13.27008722)
(18.8518946 1.700019056 -14.52246361)
(24.30433287 1.113438115 -15.90653203)
(26.05687256 -1.503112581 -15.83387486)
(30.11185543 -3.191472044 -16.03647795)
(32.00171162 -7.259342061 -15.18289585)
(35.27822747 -9.290998243 -14.89755689)
(39.82789436 -11.29027246 -14.99426793)
(42.83054594 -14.24786271 -13.73309885)
(43.38549164 -16.49350268 -12.50544208)
(44.89603867 -16.35723449 -12.40625909)
(47.49949775 -14.5903409 -12.74931968)
(50 -10 10)
(-50 -6.666666667 10)
(-43.94732702 -5.204563289 5.512843182)
(-41.26999218 -3.91436608 5.385705627)
(-37.42605796 -3.635915178 5.497937681)
(-33.61152716 -2.420061869 7.661054875)
(-29.02102452 -2.600282296 9.160996916)
(-24.57299025 -0.3029438452 8.913947615)
(-19.88709688 -0.9331880476 8.616382267)
(-15.81969643 -0.04638224505 8.074234196)
(-12.13356602 -0.7590868184 5.913447227)
(-8.800499343 -0.6992396827 3.070132608)
(-5.885118623 -1.047669203 -0.1484735604)
(-3.185806514 -0.6890185414 -3.311209181)
(-0.210415577 0.2701884817 -6.265048638)
(3.309889594 2.151407887 -8.334913291)
(6.674996983 2.385470259 -10.50167309)
(9.777143032 7.621301596 -9.431190182)
(13.09684943 7.872200937 -10.78618632)
(15.66931277 8.265768462 -11.64224054)
(20.13268594 5.381369271 -14.27027108)
(21.84711046 5.392689513 -14.70910727)
(27.22966086 2.203179479 -16.19171608)
(30.05051014 0.04207824841 -16.23343257)
(33.87632053 -4.410023964 -15.92530824)
(37.32249449 -7.632477096 -15.53022879)
(39.7502179 -9.269099874 -15.03460154)
(42.38590495 -11.54969081 -14.10491805)
(45.13016266 -13.06452249 -13.55240605)
(45.83450139 -12.80765614 -13.44668569)
(48.97931726 -11.37282157 -13.76443636)
(50 -6.666666667 10)
(-50 -3.333333333 10)
(-43.36107398 -1.651434984 4.432023396)
(-39.21600983 -0.6827184713 4.879692421)
(-35.91141104 0.04042496794 6.494705909)
(-32.41788115 1.285028861 9.088957731)
(-28.38758357 1.144115964 10.37588985)
(-24.02015955 2.151329095 11.22989458)
(-19.58141221 2.317088071 10.55188683)
(-16.24090181 3.693210495 9.027382593)
(-12.55695357 3.123009126 6.986714311)
(-9.644972685 3.149249047 4.244353896)
(-6.35357623 2.881749624 1.092142033)
(-3.563313286 3.006883498 -1.531893963)
(-0.5332546962 3.654265656 -4.09076237)
(2.512323001 5.434872545 -5.865873797)
(6.650908702 6.317239014 -8.824460352)
(9.224779529 9.85895202 -7.821800455)
(12.56452968 10.23185031 -9.606531736)
(17.78287333 9.435797278 -13.00183315)
(19.8265361 9.288953828 -13.4993871)
(21.03727461 9.830730977 -13.28785861)
(25.65904647 6.77963006 -15.56750207)
(28.35611333 4.507739461 -16.2222724)
(32.25776337 -0.1481525415 -16.24207069)
(36.07857996 -3.379380968 -15.98364061)
(38.04784301 -5.35471873 -15.57270926)
(40.84409331 -7.791098483 -14.97991967)
(45.00759112 -9.801991224 -14.47662644)
(46.50645449 -9.18177327 -14.81458525)
(49.94970084 -8.112693331 -14.82209981)
(50 -3.333333333 10)
(-50 0 10)
(-44.22029425 2.086606887 4.006408722)
(-40.05848033 3.034855286 3.861759711)
(-37.2284457 3.310677493 6.990024372)
(-34.57843414 4.191707215 10.01973443)
(-30.09941786 4.031991866 11.70725635)
(-25.44080451 4.739118004 12.89222046)
(-20.99655233 5.258421221 12.10564999)
(-17.38123325 6.553694105 10.60655407)
(-14.11455041 6.548356998 7.777647787)
(-10.37582285 6.965050799 5.353784239)
(-6.963388342 6.767505356 2.546814686)
(-3.609615132 7.060556981 -0.2228695463)
(-0.2992140728 7.759232289 -2.770018968)
(3.254447187 9.906444316 -4.678036236)
(6.599191117 10.18635094 -7.117010701)
(10.06378904 12.06637444 -8.186795411)
(14.37089014 11.83986772 -11.26116851)
(16.574899 11.59400421 -11.83644657)
(18.89741167 11.13442205 -12.61163139)
(23.96173876 9.87056362 -15.16653174)
(25.87878817 9.059608351 -15.58456055)
(27.86160793 8.607005327 -15.82813588)
(31.90580051 4.045503465 -16.71085067)
(34.83466543 0.8737151606 -16.43705243)
(36.91356277 -1.312773393 -16.12553132)
(39.61115546 -3.888915343 -15.755648)
(42.94398075 -6.717386588 -15.36307658)
(47.40336707 -5.360008671 -15.60447467)
(49.05837177 -4.462961992 -15.41588863)
(50 0 10)
(-50 3.333333333 10)
(-44.13217371 5.619563931 4.395932402)
(-40.09718022 5.877311909 6.106520618)
(-37.39310208 6.326715555 9.26485093)
(-34.39319784 7.395899103 12.32758598)
(-29.91248562 7.507819388 13.51987459)
(-25.55408612 8.382569428 13.59135841)
(-21.34816241 9.284141746 12.20338309)
(-17.45790335 10.6309724 10.55769731)
(-14.34709628 10.67852334 8.109586308)
(-11.67509476 10.48362665 5.804256276)
(-7.793392243 10.58721593 3.451485894)
(-4.01295623 11.14296705 0.9188678219)
(-0.3799080825 11.78354226 -1.470348557)
(2.34654495 12.49738012 -2.700512583)
(6.048250971 12.92971623 -5.30889537)
(7.689558689 13.02144013 -5.46848656)
(11.80329285 13.4170782 -8.592508016)
(13.69162769 13.50102369 -9.191823118)
(17.50502879 12.98948637 -11.29370004)
(21.39126224 12.28903324 -13.40967888)
(24.65748985 11.4389792 -14.73340407)
(26.5819501 10.95803456 -15.21065053)
(30.53622653 7.959112111 -16.43659289)
(34.05854803 5.288884881 -16.84074614)
(36.9467261 3.061132276 -16.82655956)
(39.81913358 0.3393954244 -16.51399564)
(43.08178288 -2.546293334 -16.14605656)
(46.267746 -1.67961661 -16.50764355)
(47.31186851 -1.265268425 -15.91022837)
(50 3.333333333 10)
(-50 6.666666667 10)
(-44.67445032 8.199977905 6.598235894)
(-40.74559868 8.66830368 8.450684571)
(-38.17298816 9.512392704 11.40998642)
(-34.95611868 11.25219734 13.79741275)
(-30.64823698 11.66142726 14.09503371)
(-26.67703079 12.1225149 12.83535149)
(-23.06717316 12.24720023 11.61281883)
(-19.41112714 12.58026943 10.61066158)
(-15.88256069 12.88228334 9.960295884)
(-12.53677681 12.02969354 7.574193526)
(-10.10848837 11.60834094 5.405183632)
(-6.073917553 12.16830125 3.106711384)
(-2.484364662 12.94799539 0.7944053307)
(0.3416772052 13.32178606 -0.3761506364)
(3.696679296 13.88261539 -2.712010343)
(8.395707893 14.33851477 -6.127608772)
(10.86232114 14.56506354 -7.402861631)
(15.87119117 14.11923773 -10.86329061)
(20.70179943 13.24651743 -13.28455117)
(22.1465626 12.73604077 -13.71724579)
(25.59530588 12.00656302 -15.25339054)
(29.00906706 10.42252862 -16.23722761)
(30.94625205 10.47287178 -16.52842779)
(33.98642142 8.305527963 -17.00255423)
(35.46353957 7.031877657 -16.6927374)
(39.25535083 4.277671108 -16.79673314)
(43.10572981 1.58593397 -16.83257944)
(44.6877547 1.8027422 -16.48234901)
(45.56536524 1.932425142 -16.40456812)
(50 6.666666667 10)
(-50 10 10)
(-44.89205056 10.81376071 8.835111661)
(-41.4469974 11.37011139 10.79798431)
(-38.23850768 13.22242023 12.90430112)
(-33.82350594 15.06010963 14.55159879)
(-30.52838121 15.18937619 13.82591248)
(-27.0913655 14.82250835 12.06645612)
(-22.67774898 14.26057905 11.18215779)
(-18.24354795 13.8707481 9.696963742)
(-14.30914051 13.62994589 7.680203063)
(-10.67420554 13.2417542 5.303938825)
(-8.006675449 13.58893788 3.400669121)
(-4.854329701 13.92747551 2.061839749)
(-1.832830542 14.48496515 0.2632735671)
(2.674146118 15.21731456 -2.844320496)
(5.585522995 15.57142556 -4.668630102)
(10.89844085 15.88923089 -8.750270876)
(13.61251146 15.61598667 -9.938778228)
(18.88651746 14.52469832 -13.24724991)
(23.89857007 13.50354849 -15.27540229)
(25.10413978 11.9301857 -15.40522154)
(28.56511449 11.6991531 -16.47227642)
(31.55419763 10.04876668 -17.04355632)
(32.91278832 9.133970946 -17.06536423)
(35.16482773 8.44866662 -17.01843323)
(33.34648585 10.65450799 -16.33685709)
(37.23457812 7.820220602 -16.55069705)
(41.1680022 5.139093074 -16.77562073)
(42.87905308 5.196958207 -16.80176835)
(43.81886197 5.130118709 -16.89890786)
(50 10 10)
(-50 13.33333333 10)
(-44.74238349 13.77355406 10.82957153)
(-40.50941647 14.7650242 12.51534332)
(-36.55014553 16.50279681 14.32757481)
(-32.44611466 18.65321653 15.17038453)
(-28.7313157 18.09883341 12.64345852)
(-24.7513241 16.51019727 10.86478574)
(-19.99245889 16.18563826 10.96069198)
(-16.441449 15.51629785 8.952003332)
(-13.20599348 14.61761585 6.093177914)
(-9.346044765 14.5172764 3.571900794)
(-5.853539966 15.58068348 1.350161904)
(-2.631638137 15.93910779 0.03773376408)
(0.4438167995 16.33366089 -1.870912866)
(5.00661503 17.11284305 -5.312490356)
(8.003213097 17.35201539 -7.19314343)
(13.4011738 17.43994701 -11.37293298)
(16.36270178 16.66690979 -12.47469483)
(21.25448143 15.31048699 -15.11617689)
(24.96794244 15.38518449 -15.83601813)
(27.56629857 11.8108336 -16.79223932)
(27.96517465 14.96459794 -15.93779737)
(29.72396844 14.35263479 -16.3762041)
(31.02386829 13.12131509 -16.56007526)
(33.30197647 12.22934475 -16.61929703)
(34.48461513 12.24972169 -15.68963242)
(35.21380541 11.3627701 -16.30466096)
(39.2302746 8.692252179 -16.71866203)
(41.07035147 8.591174214 -17.12118768)
(42.54696197 8.514835788 -16.04350997)
(50 13.33333333 10)
(-50 16.66666667 10)
(-45.86693796 17.24350057 11.75544117)
(-41.70144917 18.56802076 13.13365631)
(-37.87812455 20.46914412 14.58733449)
(-33.92531254 22.60050936 15.27905885)
(-30.0404644 21.89804684 13.44440389)
(-26.60052297 19.71304281 11.76823473)
(-22.28370483 17.93533522 10.65579802)
(-18.00391049 18.33594036 10.47915154)
(-14.54800363 17.15441985 8.142339088)
(-11.32616941 16.49517419 5.42128933)
(-6.939903191 16.50345659 2.702076564)
(-2.117911066 17.45061622 -0.3621163495)
(2.245001404 18.09442921 -3.536609257)
(4.881093257 18.50696549 -5.070403787)
(9.232704494 18.96920564 -8.420629367)
(11.23821404 19.19425082 -9.234573263)
(16.1839609 18.41247653 -12.47373795)
(18.78951374 18.94554062 -13.05837019)
(22.85580494 19.56982708 -14.20190855)
(26.29959338 16.85858101 -15.91403772)
(26.09097047 19.0901373 -14.53087974)
(27.91750086 18.42803145 -14.99767349)
(29.87107592 17.3115188 -15.5558276)
(31.870179 16.27891776 -15.86555801)
(34.3249897 14.97123801 -15.51016231)
(34.15894453 14.75917982 -15.48298911)
(37.29254699 12.24541128 -16.66170332)
(39.73223908 12.05153257 -16.20368795)
(41.32358736 11.91867492 -15.05010933)
(50 16.66666667 10)
(-50 20 10)
(-46.33229401 21.04439394 12.10149042)
(-42.13477067 22.21496918 11.60044617)
(-38.48400209 24.17669766 12.92409966)
(-34.72191013 26.15142064 13.39882475)
(-30.94380334 25.98599746 13.07328095)
(-27.37346291 23.6881331 12.12761066)
(-23.71664699 21.53119471 10.72387259)
(-19.79874036 21.71738205 10.44135106)
(-15.73412253 20.73424306 8.982978787)
(-12.12517417 20.07085903 7.073331561)
(-8.433718279 19.35382017 4.651113579)
(-4.526218992 18.42001155 1.443277799)
(0.05215781742 19.09410281 -1.283030608)
(2.482875964 19.57089692 -2.633623096)
(6.923928046 20.15595354 -5.764044972)
(9.088803082 21.44540868 -6.479177287)
(13.54332513 20.95827971 -10.11199199)
(16.4376361 22.20353959 -10.62383094)
(20.35346819 22.91960566 -12.13374073)
(24.25461716 21.22608524 -14.25612222)
(24.19836106 23.03880621 -12.84649425)
(26.05234286 22.29925962 -13.34995888)
(28.30197141 21.26307508 -14.17708857)
(30.24305707 20.08784641 -14.79564296)
(32.81336215 18.76328995 -14.27763118)
(34.6770333 17.93924252 -14.20618119)
(36.35989126 15.90113436 -15.13015857)
(38.51850994 15.52937326 -14.95925338)
(40.10021275 15.32251405 -14.0567087)
(50 20 10)
(-50 23.33333333 10)
(-46.03742587 24.72131446 11.04508088)
(-42.34615665 25.49862211 9.545080451)
(-38.75890038 27.39148698 10.65332767)
(-35.40367119 29.6510349 11.42069148)
(-32.1999772 29.84472602 12.81219547)
(-28.65240213 27.41240692 12.84465092)
(-25.4117114 24.79998959 11.71921912)
(-21.62384752 24.99018363 10.76036209)
(-17.78797647 23.96094863 9.296525464)
(-13.71429655 23.42476799 8.101791444)
(-10.00593681 22.61896373 6.281686741)
(-6.084667854 20.79476907 3.861785733)
(-2.215844819 20.30123474 0.900742684)
(0.4035825842 20.87382676 0.09510363992)
(4.609315978 21.56100767 -3.108121194)
(6.882921521 23.07650426 -3.610131447)
(11.15818182 23.07242593 -7.349074764)
(13.54231938 24.12691181 -8.000582632)
(17.22182599 24.8036222 -9.852776082)
(21.88101525 24.94618151 -12.05566121)
(22.2399177 26.37513386 -10.49558047)
(24.17073387 26.02753767 -11.53099447)
(26.55034425 24.81382712 -12.39794284)
(28.74502122 23.85246397 -13.34089769)
(30.95575449 22.49313438 -13.93803942)
(33.34447358 21.59515057 -12.95338917)
(35.45135933 19.55931918 -13.56322069)
(37.3047808 19.00721395 -13.71481881)
(38.87683813 18.72635319 -13.06330807)
(50 23.33333333 10)
(-50 26.66666667 10)
(-45.63503154 27.78260214 9.161283696)
(-42.14755143 28.94970194 7.663965952)
(-38.48841359 30.53773681 8.33672464)
(-36.00913864 32.92742016 9.253830253)
(-33.0549666 33.2010503 10.91983402)
(-29.27088958 31.38666378 12.42947453)
(-25.8320727 28.66057262 12.69730142)
(-22.79739806 28.72570803 11.17631047)
(-19.40656914 27.60385664 9.403888845)
(-15.97995073 26.53089615 7.697391864)
(-12.089743 26.12837561 6.553188342)
(-7.718511305 24.08362041 5.53682126)
(-4.154801846 22.49413169 3.14756635)
(-1.735888218 23.29447066 2.546153526)
(2.522883022 23.25993099 -0.3036798537)
(4.635493163 24.92494414 -0.8084396849)
(8.911215198 24.83575235 -4.380729087)
(10.93215349 25.89732218 -5.063066301)
(14.29401283 26.36861299 -7.26134747)
(19.11911371 27.48978175 -9.540681668)
(19.9958042 29.06277277 -8.011254063)
(22.38722998 28.96888769 -8.901169526)
(24.87330168 28.10328728 -10.23981932)
(27.14448775 27.50727019 -11.82186863)
(29.57198828 26.32467895 -12.65361052)
(31.83108525 25.27731788 -12.25486786)
(34.43993238 23.18949407 -12.53751236)
(36.09105166 22.48505465 -12.47038424)
(37.65346352 22.13019232 -12.06990744)
(50 26.66666667 10)
(-50 30 10)
(-46.53645149 30.74822328 7.36902658)
(-43.39398333 32.05726457 5.833105368)
(-39.65614672 33.4198009 6.100899899)
(-37.65682005 35.85977788 7.321197132)
(-34.65390156 36.12722908 9.011678432)
(-31.18085875 34.4458889 11.24527654)
(-27.25033527 32.24100271 12.20145922)
(-24.47355459 32.2160233 10.8784244)
(-20.7616183 31.38068151 9.63142648)
(-17.66110648 30.25187471 7.763324088)
(-14.31404308 29.47585672 6.075211038)
(-9.734830227 27.62758666 6.119567883)
(-5.957207075 25.64812508 4.91399784)
(-3.978570665 26.42468135 4.376126935)
(0.1102451257 25.49042965 2.060959136)
(2.0793117 27.35552452 1.495025865)
(6.51348088 26.69040545 -1.558945042)
(8.419963307 28.15136043 -2.151433529)
(11.86559477 28.21689714 -4.233157391)
(16.29841726 29.20968557 -6.717474174)
(17.61108936 31.33092786 -5.402534119)
(20.28327505 31.6514667 -6.38936034)
(23.01196656 31.02528409 -7.945680032)
(25.80015716 30.40962022 -9.370566476)
(28.15523206 29.85231924 -10.91370628)
(29.71143522 28.34988169 -11.66175107)
(33.26374678 26.76177087 -11.12000593)
(34.87732253 25.96289534 -11.22594967)
(36.43008891 25.53403145 -11.07650681)
(50 30 10)
(-50 33.33333333 10)
(-46.7564733 33.98884456 5.6683338)
(-44.75136852 35.56378821 4.607024876)
(-41.09672787 36.89920594 4.654652159)
(-38.73585456 38.88869032 5.190295017)
(-36.01479682 38.62608612 6.708897632)
(-32.26976193 37.71893617 9.512984502)
(-28.65413717 35.69180224 11.16612624)
(-25.75364783 35.87785949 10.14895004)
(-22.0890465 35.0952218 8.989279531)
(-18.58212573 34.3510445 7.52224188)
(-15.47179733 33.60471708 5.910125738)
(-11.62181875 31.21061036 5.494342828)
(-7.89631746 29.24595975 5.780770283)
(-6.053068391 30.42772687 5.020366047)
(-2.231723965 28.94255191 3.482968373)
(-0.544548493 30.99663731 2.460934889)
(3.841413011 29.41143368 0.5515910515)
(5.656168441 31.15837563 0.1041624328)
(9.561841954 30.74999454 -1.314323454)
(13.88552309 31.10080125 -3.591668931)
(15.29824624 33.45405955 -2.694870104)
(17.96235743 34.02026776 -3.900002417)
(20.93142758 33.49999113 -5.592110045)
(23.86410839 32.85882033 -7.125640693)
(26.58442713 32.57341276 -8.595794166)
(28.86648751 31.70279156 -9.604552463)
(31.80145675 30.34170644 -10.27654654)
(33.75205916 29.38061082 -10.22532858)
(35.2067143 28.93787059 -10.08310617)
(50 33.33333333 10)
(-50 36.66666667 10)
(-46.84172639 37.49018239 4.332657841)
(-45.55336534 38.97196134 2.881046368)
(-42.73692911 39.99469642 2.942027809)
(-41.01754837 40.74289483 3.304947243)
(-38.03930525 40.52269892 4.604682357)
(-33.94957804 39.79706826 7.364348178)
(-30.19823839 38.67776097 9.623064939)
(-27.57458725 38.9675321 9.592440717)
(-23.63387116 38.64462205 9.311571064)
(-20.0082292 38.10154811 8.11838351)
(-16.97460897 37.4638976 6.646599811)
(-13.34397512 35.05060139 5.358782702)
(-9.914720005 32.98439838 5.594466383)
(-8.217506394 34.37148023 5.586751191)
(-4.352144468 32.8877187 4.526976377)
(-2.676132882 34.55608365 4.363206866)
(1.07653769 32.86813069 1.904490644)
(2.6972903 34.39774657 1.882478369)
(6.624981963 33.6640886 0.7032426307)
(11.14312623 33.19151288 -0.8485972885)
(12.77554033 35.16713413 -0.1226482275)
(15.63095488 36.28127892 -1.37721935)
(18.7201705 35.73752239 -3.230104109)
(21.70439242 35.13313987 -4.951779046)
(24.82794334 35.04426277 -6.302232679)
(27.68478962 34.82918187 -7.558653231)
(30.2347942 33.70216016 -9.432272857)
(32.80192663 32.7578432 -8.631467701)
(33.98031082 32.3349964 -9.186730142)
(50 36.66666667 10)
(-50 40 10)
(-47.45983073 41.19263505 3.500674487)
(-46.94961116 42.76529156 2.670113306)
(-45.41482844 42.42655833 2.309988823)
(-42.33044643 42.37613152 2.246853929)
(-38.78633831 42.15959402 3.827096297)
(-35.88515027 41.69137285 5.372394129)
(-32.07061233 40.85041368 7.79970405)
(-29.97217724 40.99317265 8.536577988)
(-26.16415842 41.2223613 9.569611529)
(-22.39932344 40.84603199 9.082363607)
(-18.92262479 40.94903395 7.568042757)
(-15.28049275 38.56846225 6.263832884)
(-12.04250911 36.63582127 5.646468583)
(-10.27946628 38.43817729 5.61071625)
(-6.480335604 36.77594613 5.692605185)
(-4.352408776 38.16045092 6.050752716)
(-0.8138272428 36.51510804 4.072280077)
(0.8123677912 38.07115112 4.192588657)
(4.060765145 37.23739994 2.628509009)
(7.946532549 35.83332359 1.141110854)
(9.875601271 37.70794992 1.410377973)
(13.29550886 38.89071297 0.8856597113)
(16.53901747 38.18158408 -0.9267901887)
(19.61521156 37.44779726 -2.726864026)
(22.58548862 37.0485222 -4.24049931)
(26.03453574 37.64126139 -5.53025403)
(29.33822321 36.70654093 -7.179849001)
(31.23439576 36.10527903 -8.117747855)
(33.21075573 35.5279376 -7.635875245)
(50 40 10)
(-50 43.33333333 10)
(-48.36582418 44.69050916 3.061972791)
(-44.80434294 43.99972749 3.411464009)
(-42.86249267 43.84300757 2.966947713)
(-39.97887681 43.29094191 4.018382673)
(-36.33981462 43.48001697 5.495887494)
(-34.33953482 43.54448279 5.951254478)
(-32.07253739 42.9622152 7.073681273)
(-28.06585844 43.93296255 7.35310509)
(-24.77805016 44.29029823 8.178451689)
(-21.43266961 43.83754575 7.059077109)
(-18.17961506 44.7044348 6.162995178)
(-15.4489102 42.46822173 6.393326483)
(-12.60315532 40.67390332 5.809642172)
(-10.60483571 43.12502259 5.981016872)
(-7.636783052 41.30147248 6.140958079)
(-4.738822918 42.71178776 4.914307229)
(-2.116325165 40.71543774 4.808237633)
(1.328886631 42.9012298 3.525057144)
(3.372681601 42.11542992 3.390505284)
(6.44318696 40.17960768 2.479519796)
(9.516133178 42.51323467 1.812106963)
(12.51100452 43.57354318 0.9817144957)
(15.69547259 42.32512212 0.5501050179)
(18.10686869 40.87757721 -0.8868482832)
(20.91436184 40.1876311 -2.408815096)
(24.33635276 40.43223089 -3.526217226)
(27.74682197 39.48240543 -5.161878497)
(30.35146474 39.21496575 -6.353786497)
(32.18170175 38.75585102 -6.498762408)
(50 43.33333333 10)
(-50 46.66666667 10)
(-45.85554358 45.80982138 3.65755382)
(-42.66678537 44.55166253 5.114036856)
(-40.47579704 44.85906822 4.587534763)
(-37.51787411 44.66544974 5.711314139)
(-33.70834932 45.06742247 6.868507056)
(-31.77330451 45.19893653 7.092232632)
(-29.73586211 45.28566145 7.414617463)
(-25.56421202 46.29913665 6.816086086)
(-23.39280431 46.58365644 6.657610802)
(-20.35702829 46.88940815 6.226916972)
(-16.33062083 46.28715874 6.211197952)
(-14.98910101 46.40096904 5.905715076)
(-13.42191581 44.95690044 5.70118655)
(-7.990181406 44.88364389 4.671010761)
(-6.750290892 44.86887088 4.631686782)
(-1.714336302 44.74301496 3.673913636)
(-0.4997059746 44.71431186 3.695905798)
(4.665304286 45.61193512 2.131248207)
(5.996142768 45.57449908 1.984525775)
(7.361532663 45.21945409 1.867967036)
(11.79890241 45.95789476 0.5975243771)
(15.20993349 46.58137692 -0.3133132561)
(16.71642702 46.61770726 -0.4089852826)
(18.83310701 45.2402369 -1.013692276)
(21.07793668 44.63614753 -2.276960761)
(24.02249757 44.68291729 -3.099584231)
(26.75067387 43.13414274 -3.77458148)
(29.38111519 42.12102674 -4.30302637)
(31.73386553 42.2337949 -5.264449729)
(50 46.66666667 10)
(-50 50 10)
(-46.66666667 50 10)
(-43.33333333 50 10)
(-40 50 10)
(-36.66666667 50 10)
(-33.33333333 50 10)
(-30 50 10)
(-26.66666667 50 10)
(-23.33333333 50 10)
(-20 50 10)
(-16.66666667 50 10)
(-13.33333333 50 10)
(-10 50 10)
(-6.666666667 50 10)
(-3.333333333 50 10)
(0 50 10)
(3.333333333 50 10)
(6.666666667 50 10)
(10 50 10)
(13.33333333 50 10)
(16.66666667 50 10)
(20 50 10)
(23.33333333 50 10)
(26.66666667 50 10)
(30 50 10)
(33.33333333 50 10)
(36.66666667 50 10)
(40 50 10)
(43.33333333 50 10)
(46.66666667 50 10)
(50 50 10)
(-50 -50 16.66666667)
(-46.66666667 -50 16.66666667)
(-43.33333333 -50 16.66666667)
(-40 -50 16.66666667)
(-36.66666667 -50 16.66666667)
(-33.33333333 -50 16.66666667)
(-30 -50 16.66666667)
(-26.66666667 -50 16.66666667)
(-23.33333333 -50 16.66666667)
(-20 -50 16.66666667)
(-16.66666667 -50 16.66666667)
(-13.33333333 -50 16.66666667)
(-10 -50 16.66666667)
(-6.666666667 -50 16.66666667)
(-3.333333333 -50 16.66666667)
(0 -50 16.66666667)
(3.333333333 -50 16.66666667)
(6.666666667 -50 16.66666667)
(10 -50 16.66666667)
(13.33333333 -50 16.66666667)
(16.66666667 -50 16.66666667)
(20 -50 16.66666667)
(23.33333333 -50 16.66666667)
(26.66666667 -50 16.66666667)
(30 -50 16.66666667)
(33.33333333 -50 16.66666667)
(36.66666667 -50 16.66666667)
(40 -50 16.66666667)
(43.33333333 -50 16.66666667)
(46.66666667 -50 16.66666667)
(50 -50 16.66666667)
(-50 -46.66666667 16.66666667)
(-42.51333365 -46.54533566 11.25689194)
(-39.70440983 -46.62038145 10.48828469)
(-38.04101595 -46.83037049 11.30480383)
(-35.72659861 -46.85141246 11.59941541)
(-34.557422 -47.0281302 11.83290946)
(-26.69867872 -46.00853866 12.72173913)
(-24.41989484 -45.58716059 14.47837182)
(-21.32813205 -44.88926596 14.60500731)
(-18.44102422 -45.91386467 14.3039292)
(-15.96050231 -46.31756554 12.9897019)
(-13.85493618 -46.14698423 12.43787193)
(-10.76674225 -45.4503787 11.16715886)
(-7.649575613 -44.49645579 9.80019558)
(-5.350020699 -44.09598051 9.080887924)
(-3.997613193 -44.13685095 9.185863006)
(1.365894037 -43.82794785 5.606543259)
(4.55243351 -43.81872664 4.721045968)
(7.181410695 -44.93116853 3.662769253)
(11.10931148 -47.28194473 3.931038113)
(12.78812977 -47.4835924 3.191050551)
(15.50330441 -46.60861196 3.023836872)
(18.57385246 -47.04835324 2.592072103)
(21.43693281 -48.68629181 3.04873902)
(24.66623776 -48.95604225 2.424995353)
(27.75914927 -48.61088708 1.482484732)
(31.08307644 -48.43015104 0.9637063637)
(34.30403052 -49.8773646 1.404196972)
(36.7698394 -50.20471501 1.081527434)
(40.26070074 -49.64050973 0.2345767065)
(50 -46.66666667 16.66666667)
(-50 -43.33333333 16.66666667)
(-41.35581575 -42.8373373 10.84937586)
(-37.91641777 -43.05166121 9.949809715)
(-35.32726463 -44.77047494 9.944946195)
(-32.60048168 -44.83765946 11.20608091)
(-31.31333138 -45.28734438 12.01733135)
(-27.02050848 -42.40166137 14.51422766)
(-23.89351103 -41.84688356 15.77901603)
(-20.60484872 -40.90275228 15.15812324)
(-17.46726174 -41.865795 13.92069347)
(-14.28283409 -42.53449068 12.67893172)
(-11.23863188 -43.38858272 11.41161174)
(-8.42146213 -42.49713111 9.730677695)
(-5.479931213 -41.51640156 8.217040039)
(-2.56166118 -42.14162994 6.652461906)
(-1.193944864 -42.46573049 6.628618513)
(3.433870534 -39.4632003 4.72746517)
(6.867318767 -39.51109708 4.158227507)
(9.740706857 -40.5663733 3.817958245)
(11.37453773 -43.16981069 2.522944448)
(15.02148862 -42.69346769 2.280448945)
(18.05050366 -42.58139251 1.818935708)
(21.41783971 -43.5174857 1.355118628)
(23.38962446 -45.60047903 0.8994983692)
(26.64305468 -45.95572515 0.7818671717)
(30.53942463 -46.06505724 -0.05747092046)
(34.09954114 -46.92668172 -0.4105537905)
(35.96046702 -48.64089019 0.6260711243)
(39.50028903 -48.25081728 -0.0331865192)
(42.63927419 -47.78014557 -1.077149939)
(50 -43.33333333 16.66666667)
(-50 -40 16.66666667)
(-42.96875273 -39.35213756 10.65898377)
(-39.67694122 -39.91425593 11.50049806)
(-36.09593878 -41.25669874 10.52643723)
(-32.50935 -41.58401229 11.7176132)
(-29.0533508 -42.30489474 12.56945837)
(-27.34131715 -38.74752635 15.81486184)
(-25.54289703 -38.35853046 16.4685745)
(-21.90727551 -37.44675733 16.56613952)
(-18.60910037 -38.08431459 15.01597789)
(-15.27877694 -38.42986387 13.46854434)
(-11.98863253 -39.05503588 11.65718532)
(-8.266543729 -38.13509657 10.53318418)
(-4.976669187 -37.10262527 8.973240766)
(-2.260672772 -37.35234467 6.944019101)
(1.01651522 -38.52821101 5.790756494)
(3.558928791 -34.76820164 6.196223757)
(6.481286385 -34.63665132 5.465359332)
(10.06453556 -35.56932701 5.602798127)
(11.71594162 -38.15700607 4.307750983)
(15.67009043 -37.34443107 3.061530135)
(18.76456843 -37.60933121 2.223765227)
(22.00091378 -38.5799753 1.036178896)
(24.51528385 -41.27617263 1.095312493)
(28.02292834 -41.90079686 0.2090392553)
(31.56662433 -41.94699158 -1.03902435)
(34.821616 -43.06671288 -2.035444217)
(37.00774784 -45.2246326 -1.030489984)
(40.73764367 -45.3243688 -2.06703417)
(43.7633583 -44.48953668 -2.310800936)
(50 -40 16.66666667)
(-50 -36.66666667 16.66666667)
(-43.11301156 -36.02235127 12.31029351)
(-39.32811928 -36.30718648 13.38872577)
(-35.92178054 -38.08582069 13.05934593)
(-32.17108927 -38.43347011 14.32757)
(-28.89080671 -39.0731399 15.01675976)
(-26.90012143 -35.06594272 17.49150794)
(-24.11639485 -34.73397739 17.42657245)
(-20.60003679 -33.57304461 16.5634398)
(-17.14780767 -34.2732158 15.33681643)
(-13.86167254 -34.41434208 13.54486127)
(-10.45485285 -35.05512831 11.95973509)
(-7.044806619 -33.9293792 10.43902616)
(-3.671788417 -32.907347 8.979767953)
(-0.332556481 -33.06729648 7.141825616)
(2.265149908 -33.73174439 6.223730762)
(5.213681257 -30.0112529 6.698945323)
(8.970743964 -30.18341402 5.556565364)
(11.50826758 -30.93559412 4.338203494)
(14.45761306 -33.70169158 4.431436172)
(17.42973065 -32.40894683 2.448537079)
(20.03198179 -33.00318761 0.8810936912)
(23.01761091 -34.09560824 -0.5227980268)
(25.5463404 -37.10851214 -0.2513626927)
(29.11377111 -37.66525717 -0.7129125941)
(33.06722459 -37.88858536 -2.021858665)
(35.56825176 -39.21970323 -2.701665311)
(38.78139082 -42.24230676 -3.022728757)
(42.01799646 -41.79410439 -3.444194353)
(43.27049263 -40.615393 -3.004600135)
(50 -36.66666667 16.66666667)
(-50 -33.33333333 16.66666667)
(-42.09221781 -32.94309542 14.09886103)
(-38.7520233 -33.26791942 15.75822984)
(-35.03491109 -34.51979918 15.06159676)
(-31.39365265 -34.66166486 16.10800403)
(-28.35811861 -35.18412279 16.65562586)
(-26.76319512 -31.03941327 18.46153584)
(-23.52487298 -30.73289861 18.02296741)
(-20.17382744 -29.52312985 16.97479719)
(-17.19445055 -30.05433363 14.87686216)
(-13.64570531 -30.2435217 14.48729711)
(-9.948799266 -30.82845413 13.13288483)
(-6.914444629 -29.95354002 12.04677683)
(-3.746618055 -28.90700844 10.59065097)
(-0.2999566987 -28.65571097 8.734694466)
(2.893517885 -28.80650472 6.653974677)
(3.906469571 -25.72921191 5.119516794)
(7.273235237 -25.91357352 3.765446213)
(10.21287494 -26.12512696 2.618771087)
(13.39044979 -28.677568 3.494657648)
(15.23725536 -27.54690095 1.514800656)
(18.93692606 -28.21652356 0.3187928003)
(21.52308647 -29.36065828 -0.4166021345)
(25.31509049 -32.66943956 -1.034616743)
(28.93004707 -33.53901324 -1.63878179)
(31.33373873 -33.82673277 -1.87131134)
(33.82150515 -35.30264587 -2.300750971)
(37.16696609 -38.51419468 -3.179304668)
(40.81657828 -38.1620251 -4.264953358)
(42.77762695 -36.74124932 -3.698399333)
(50 -33.33333333 16.66666667)
(-50 -30 16.66666667)
(-43.27154345 -29.63088158 15.41003939)
(-39.99832576 -29.70686166 17.05249053)
(-36.01766972 -31.05305084 17.11485475)
(-32.41216829 -30.70449429 17.43540155)
(-28.75599484 -31.20741419 18.13293658)
(-27.25199479 -27.13686842 18.0452812)
(-24.33218522 -27.09553224 19.13673113)
(-21.25618934 -26.23560792 18.59243552)
(-18.17732088 -26.5088803 16.57208478)
(-15.05510938 -26.63719225 16.03891254)
(-11.21279125 -27.3768326 15.22425171)
(-7.928174277 -26.45696244 13.81238838)
(-5.176551351 -25.27859537 11.52703648)
(-2.890828071 -24.95644043 9.560034129)
(0.4240312668 -25.03803436 7.352538582)
(3.613047338 -21.42912729 4.71205523)
(5.88293216 -21.25955713 4.056308501)
(8.70231474 -21.04985026 2.469437416)
(11.94135723 -23.7577572 1.967610793)
(13.41276856 -23.19212726 0.3373628346)
(16.17631238 -24.16128232 -0.06445100855)
(19.26786229 -25.22117389 -1.033082809)
(23.6563151 -28.26794329 -1.165924426)
(27.05159591 -29.430465 -1.956009684)
(29.36251699 -29.87396715 -2.317514039)
(32.23885407 -31.31880297 -2.353008662)
(35.47016326 -34.75748269 -2.260233395)
(38.34106327 -35.74954374 -3.185511492)
(41.07733765 -33.98217568 -3.883539964)
(50 -30 16.66666667)
(-50 -26.66666667 16.66666667)
(-44.47899169 -26.21296622 14.18740509)
(-41.23189368 -26.19251267 15.54500794)
(-37.50978773 -27.13253354 17.14575503)
(-33.93227036 -26.83290848 16.8178565)
(-30.09073222 -27.3586372 17.49999629)
(-26.48351519 -23.22695919 17.48056067)
(-24.16486438 -23.39054628 17.6538307)
(-20.73813315 -22.23491906 17.72699448)
(-17.48506339 -22.6075984 17.16474725)
(-13.42787271 -22.78223371 16.65529467)
(-10.3157202 -23.24558396 15.13947944)
(-7.204427415 -22.26057367 12.56021531)
(-4.28533453 -21.12027339 10.07731503)
(-1.793083064 -20.51745602 8.0596974)
(0.7094289232 -20.54412341 6.289331661)
(4.716585098 -17.26633473 2.371453659)
(6.63435283 -17.08068186 1.343151469)
(9.140176816 -16.61677887 -0.3661806488)
(11.49268621 -19.06303398 -0.1974462243)
(14.12740863 -18.522619 -2.254972407)
(16.58255754 -19.79661171 -2.277060761)
(19.75172294 -21.01314971 -3.428223838)
(22.56616943 -24.25776907 -2.575025141)
(25.96078129 -25.45928567 -3.190509492)
(29.1974504 -25.73906065 -3.950897277)
(31.97801939 -27.1604046 -3.588819618)
(34.11803371 -30.73154426 -2.244419438)
(36.75803437 -32.24901985 -2.335492802)
(39.66231731 -30.41911209 -3.625627898)
(50 -26.66666667 16.66666667)
(-50 -23.33333333 16.66666667)
(-43.70257945 -22.53293946 14.81449369)
(-39.71165443 -22.37017426 15.37720301)
(-36.33799641 -24.08704721 15.31551571)
(-32.13397517 -23.26300035 15.42453188)
(-28.81843195 -23.42248517 16.98350697)
(-25.73830252 -19.07824213 17.64169637)
(-22.66458586 -19.62036391 17.89215597)
(-19.00705928 -18.58768963 17.76831711)
(-15.65295341 -18.9662495 17.25959939)
(-11.96992847 -19.00460803 15.46066857)
(-9.24488161 -19.43578926 13.46492231)
(-6.09564382 -18.49533765 10.70707728)
(-3.015431257 -17.32159288 8.21441969)
(-0.2495083081 -16.52116411 6.131744217)
(2.237009577 -16.40045821 4.363512339)
(5.605965756 -13.47701488 -0.5052452544)
(7.393389766 -13.06252177 -1.54548766)
(9.95180099 -12.42488421 -3.379869752)
(12.0340698 -14.66430511 -2.991568727)
(15.47632595 -14.22866352 -5.045404432)
(17.28826993 -15.78418483 -5.027434098)
(21.04820872 -16.71182905 -5.377376874)
(23.02430882 -20.2296712 -4.684507772)
(26.24900089 -21.53293785 -5.302286712)
(29.63081864 -22.11839799 -6.309247574)
(32.37138099 -23.78536126 -5.850143578)
(33.58786423 -26.75341958 -3.588974847)
(36.36703431 -28.35526595 -3.426316865)
(40.47976327 -26.93384092 -4.626126816)
(50 -23.33333333 16.66666667)
(-50 -20 16.66666667)
(-43.78111659 -18.62669879 15.46429533)
(-39.68564847 -18.32260737 16.36258397)
(-36.06144068 -19.93912007 14.83256025)
(-32.23095503 -18.83239574 15.67348098)
(-28.36294355 -19.09371343 17.04891501)
(-25.21111991 -14.88512784 18.00019921)
(-21.85005457 -15.57930027 18.2754848)
(-18.16613378 -14.66341833 16.88617826)
(-14.37704292 -15.18177251 16.38938517)
(-11.15260978 -15.15078073 13.89544711)
(-7.992192955 -15.54969358 12.00134048)
(-4.755765222 -14.68500753 9.113588815)
(-1.997193774 -13.66170901 6.026810245)
(0.6399095605 -12.84281202 3.444579107)
(3.198111304 -12.68966776 1.61027537)
(6.466865024 -9.568220797 -3.280101351)
(8.274596753 -8.904798367 -4.232584673)
(11.40666862 -8.186383921 -6.064505355)
(13.40746505 -10.43905729 -5.634043729)
(17.78641132 -10.21673694 -7.470134244)
(19.63504877 -12.14839678 -7.089982397)
(23.49889244 -13.53913874 -7.687511169)
(24.80464176 -16.48116196 -6.416398281)
(27.50058577 -17.8027541 -7.176902589)
(32.05312418 -19.34761946 -7.804880522)
(34.97412535 -21.53593342 -7.43443715)
(35.27029972 -24.10865345 -5.621486447)
(38.54200027 -25.75734527 -4.833480305)
(43.01326701 -24.68160481 -5.414142094)
(50 -20 16.66666667)
(-50 -16.66666667 16.66666667)
(-44.45509035 -14.91419099 15.77595957)
(-40.06774246 -14.22621499 15.42860863)
(-35.82214306 -15.54699646 14.74356008)
(-32.21832487 -14.50011863 16.59054954)
(-28.01518188 -14.73387449 17.54809877)
(-24.71959006 -10.85866827 17.76055297)
(-20.95150571 -11.87087432 17.08791056)
(-17.04755147 -10.81125563 16.07681405)
(-13.11001646 -11.55182736 15.00206303)
(-9.485629515 -11.58039856 12.53998402)
(-6.831046064 -11.93307642 10.06346242)
(-3.843989263 -11.31680036 6.705387883)
(-0.9214149351 -10.21693022 3.629590595)
(1.574536001 -9.392653664 0.5666785732)
(4.086745229 -9.392976368 -1.51311217)
(7.467591454 -5.236809929 -5.375145968)
(9.463741087 -4.543665572 -6.526955725)
(13.46338619 -3.896420244 -8.243205356)
(15.87611642 -6.563366664 -7.852093904)
(20.16341229 -5.918365617 -9.433570839)
(22.46676193 -8.892188502 -9.051604736)
(26.48708706 -10.50116749 -9.368198075)
(27.41825708 -13.47174845 -8.252612833)
(30.36188696 -15.03412231 -8.500594456)
(35.14687575 -16.86295936 -8.585731988)
(37.90497785 -19.10214819 -8.036856292)
(38.36540151 -22.33050706 -6.455490514)
(40.97839015 -23.09588082 -5.85809763)
(44.36811016 -21.56477156 -6.621486442)
(50 -16.66666667 16.66666667)
(-50 -13.33333333 16.66666667)
(-44.8723077 -12.314078 13.37850814)
(-40.42949628 -11.15529728 12.98660143)
(-36.03065465 -11.17088997 14.4242124)
(-32.47651796 -10.05724568 16.8175079)
(-28.06131609 -10.34173777 17.91096356)
(-24.56688448 -7.195331507 15.92366209)
(-20.27781328 -8.274165949 15.42569253)
(-16.31215725 -7.164127593 14.5353151)
(-12.30372543 -8.020478003 13.18380999)
(-8.530443524 -8.102247081 10.53129518)
(-5.82401732 -8.424695034 7.901990016)
(-2.965038509 -7.97808943 4.257926263)
(-0.3969123635 -6.983896896 0.8780077667)
(2.302477875 -5.865688832 -2.307574039)
(5.211705722 -5.663340747 -4.166235599)
(8.440748484 -0.4232579763 -6.129307615)
(10.93725962 0.3007150133 -7.574448684)
(15.18714124 1.163521359 -9.029239843)
(17.70686591 -1.944843966 -9.544543325)
(22.18319541 -1.14967637 -11.01127813)
(24.73019263 -4.975329807 -10.81967063)
(28.60817172 -6.638048989 -11.26159849)
(30.34614607 -10.51854504 -9.64158439)
(33.44077104 -12.4268742 -9.485905333)
(37.69141333 -13.82416817 -9.844712229)
(40.37045109 -16.13089417 -9.1531815)
(40.71883272 -19.25165925 -7.559880187)
(43.20310877 -20.26816389 -7.034919852)
(45.94779064 -18.30502988 -7.482447769)
(50 -13.33333333 16.66666667)
(-50 -10 16.66666667)
(-44.46182703 -8.598516719 12.95675536)
(-41.99302086 -7.388725592 12.38656719)
(-37.14961975 -7.210791417 13.24514868)
(-32.76424682 -6.197928245 14.95469326)
(-28.17897737 -6.31898883 16.79721476)
(-24.44702424 -3.487126458 14.31188393)
(-19.58879705 -4.340194138 14.45841255)
(-15.65348396 -3.185498627 13.8045761)
(-11.60550464 -4.213994701 11.75422485)
(-7.992750337 -4.326676813 8.733828252)
(-5.194939707 -4.671880509 5.913731257)
(-2.694653496 -4.386288325 1.931236888)
(-0.1873929353 -3.330082451 -1.530505976)
(3.029427941 -1.51098998 -4.174769727)
(6.323052399 -1.288869374 -5.891374763)
(9.238301286 4.597205473 -5.58488087)
(12.78438446 5.134537845 -7.26812571)
(17.06833657 6.136862249 -9.188985799)
(19.46506808 3.000021173 -10.58051513)
(25.15296245 2.348264572 -12.11836893)
(26.7298584 -0.5590139793 -12.03763873)
(30.86502455 -2.434968938 -12.26275328)
(32.59449439 -6.954824512 -11.31432872)
(35.86469719 -9.21222027 -10.99728543)
(40.54951225 -11.43363606 -11.10474214)
(43.51542141 -14.71984746 -9.703443162)
(43.76165738 -17.21500298 -8.339380092)
(45.06967259 -17.06359388 -8.229176767)
(47.59203454 -15.10037878 -8.610355197)
(50 -10 16.66666667)
(-50 -6.666666667 16.66666667)
(-43.64517817 -5.042107358 11.68093687)
(-41.04073205 -3.608554904 11.53967292)
(-37.1400644 -3.299165013 11.6643752)
(-33.27206721 -1.948216892 14.06783875)
(-28.5418791 -2.148461811 15.73444102)
(-23.96998917 0.4041364683 15.45994179)
(-19.13381134 -0.2961348677 15.12931363)
(-14.98484789 0.6892049129 14.52692688)
(-11.2595178 -0.1026890575 12.12605247)
(-7.926480752 -0.03619224005 8.966814009)
(-5.057539211 -0.423336152 5.390584933)
(-2.428673904 -0.02483541634 1.876434243)
(0.5069456552 1.040950165 -1.405609598)
(4.048025475 3.131193949 -3.705459213)
(7.416663315 3.391263251 -6.112970105)
(10.49312189 9.208853625 -4.923544647)
(13.81131419 9.487630671 -6.429095911)
(16.29923641 9.924927921 -7.380267272)
(20.88816956 6.720039931 -10.3003012)
(22.42271532 6.732617978 -10.78789697)
(28.03295651 3.188717939 -12.43524009)
(30.79686311 0.7874943501 -12.48159175)
(34.67739318 -4.159285886 -12.13923137)
(38.13610498 -7.739789366 -11.70025421)
(40.46320507 -9.558259119 -11.14955726)
(43.02137587 -12.09224905 -10.11657561)
(45.70018073 -13.77539536 -9.502673389)
(46.11240895 -13.4899883 -9.385206319)
(49.23627844 -11.89572768 -9.738262625)
(50 -6.666666667 16.66666667)
(-50 -3.333333333 16.66666667)
(-42.9937859 -1.464557389 10.480026)
(-38.75852944 -0.3882057088 10.97743602)
(-35.45712338 0.4152870014 12.77189545)
(-31.94579387 1.798180216 15.65439748)
(-27.83805582 1.64161033 17.08432206)
(-23.35573284 2.760736032 18.0332162)
(-18.79416171 2.944912671 17.27987426)
(-15.45285387 4.473937588 15.58598066)
(-11.72994841 3.84038051 13.31857146)
(-8.864784464 3.869535979 10.27150433)
(-5.578047662 3.572314398 6.769046704)
(-2.848125873 3.711352035 3.853451153)
(0.1482355228 4.430665544 1.010264033)
(3.161840372 6.409117643 -0.9620819968)
(7.389898558 7.38952483 -4.249400391)
(9.879384662 11.3247615 -3.135333839)
(13.21984779 11.73909294 -5.118368595)
(18.64763703 10.85458957 -8.89092572)
(20.54800308 10.69143018 -9.443763443)
(21.52289771 11.29340479 -9.208731793)
(26.28782941 7.903292659 -11.74166897)
(28.9142 5.378969771 -12.46919156)
(32.87899634 0.2057564354 -12.49118965)
(36.75397773 -3.384497371 -12.20404512)
(38.57167742 -5.579317107 -11.74745473)
(41.30825182 -8.286405722 -11.08879963)
(45.56399013 -10.52073099 -10.52958494)
(46.85902351 -9.83159993 -10.90509472)
(50.31448241 -8.643733331 -10.91344424)
(50 -3.333333333 16.66666667)
(-50 0 16.66666667)
(-43.94847509 2.318452097 10.0071208)
(-39.69460777 3.372061428 9.846399679)
(-36.92049522 3.678530548 13.3222493)
(-34.34640831 4.657452461 16.68859381)
(-29.74009392 4.479990963 18.56361817)
(-24.93422723 5.265686671 19.88024495)
(-20.36653962 5.842690245 19.00627776)
(-16.71988879 7.281882338 17.34061564)
(-13.46061157 7.275952219 14.19738643)
(-9.676840207 7.738945333 11.50420471)
(-6.255616676 7.519450396 8.385349651)
(-2.899572368 7.845063312 5.307922726)
(0.4082806599 8.62136921 2.477756702)
(3.986422801 11.00716035 0.3577375153)
(7.332434575 11.31816771 -2.352234112)
(10.81161745 13.40708271 -3.540883791)
(15.22691497 13.15540858 -6.956853905)
(17.30544333 12.8822269 -7.596051746)
(19.5156426 12.37158005 -8.45736821)
(24.77230233 10.96729291 -11.29614638)
(26.53198686 10.0662315 -11.76062284)
(28.36474955 9.563339252 -12.03126209)
(32.4879265 4.49500385 -13.01205629)
(35.37185048 0.9707946229 -12.70783604)
(37.31136604 -1.458637104 -12.36170147)
(39.93832088 -4.321017047 -11.95072001)
(43.27108973 -7.463762876 -11.51452953)
(47.85559304 -5.95556519 -11.78274964)
(49.32411678 -4.958846658 -11.57320959)
(50 0 16.66666667)
(-50 3.333333333 16.66666667)
(-43.85056338 5.873589553 10.43992489)
(-39.73760765 6.159976195 12.34057846)
(-37.10344676 6.659313579 15.84983437)
(-34.14059019 7.8472953 19.25287332)
(-29.53239143 7.971651172 20.57763843)
(-25.06009569 8.94359566 20.65706491)
(-20.7572175 9.945342681 19.1148701)
(-16.80507779 11.44182119 17.28633035)
(-13.71899586 11.49465557 14.56620701)
(-11.12047566 11.27810368 12.0047292)
(-7.177843233 11.39320288 9.390539882)
(-3.347729144 12.01070413 6.576519802)
(0.3186206491 12.72245436 3.921834937)
(2.977642538 13.51560754 2.554986018)
(6.720278857 13.99598099 -0.3432170782)
(8.173583728 14.09789644 -0.5205406222)
(12.3740291 14.5374943 -3.991675574)
(14.10180854 14.63076706 -4.657581242)
(17.9685505 14.06239227 -6.993000049)
(21.9162173 13.28411101 -9.344087644)
(25.17498872 12.33960651 -10.81489341)
(26.94290752 11.80522358 -11.34516725)
(30.96617763 8.473087531 -12.70732544)
(34.50949782 5.506168386 -13.1563846)
(37.34821419 3.030887714 -13.14062174)
(40.16940769 0.00673565673 -12.79332849)
(43.4242032 -3.199585186 -12.38450729)
(46.59379185 -2.236611049 -12.78627061)
(47.3835576 -1.776224176 -12.12247597)
(50 3.333333333 16.66666667)
(-50 6.666666667 16.66666667)
(-44.45309294 8.370345821 12.88692877)
(-40.45807261 8.890707793 14.94520508)
(-37.96998685 9.828584486 18.23331825)
(-34.7660578 11.76170075 20.88601416)
(-30.34989294 12.21640066 21.21670412)
(-26.30781198 12.72872025 19.81705721)
(-22.66722944 12.86725951 18.45868759)
(-18.97532646 13.2373364 17.34517953)
(-15.42506743 13.57290742 16.62255098)
(-12.07790016 12.62558542 13.97132614)
(-9.750172261 12.15741586 11.56131515)
(-5.63768617 12.77959398 9.007457094)
(-2.019664439 13.64592081 6.438228145)
(0.7500117095 14.06124377 5.137610404)
(4.10742144 14.68438747 2.54221073)
(8.958193955 15.19094234 -1.252898635)
(11.32850497 15.4426632 -2.669846256)
(16.52354574 14.94730119 -6.514767347)
(21.52051789 13.97761196 -9.205056852)
(22.75543992 13.41041567 -9.685828651)
(26.21700653 12.59988484 -11.39265616)
(29.63970414 10.83984662 -12.48580846)
(31.42176154 10.89578346 -12.80936421)
(34.42935713 8.487623662 -13.33617137)
(35.70022916 7.072456656 -12.99193045)
(39.5429824 4.012227157 -13.10748127)
(43.4508109 1.021408115 -13.14731049)
(44.83824596 1.262306148 -12.75816557)
(45.44299841 1.406398306 -12.67174235)
(50 6.666666667 16.66666667)
(-50 10 16.66666667)
(-44.69487099 10.90417857 15.37234629)
(-41.23740452 11.52234599 17.55331589)
(-38.04278631 13.58046692 19.89366792)
(-33.50759919 15.62234404 21.72399866)
(-30.21671986 15.76597355 20.91768054)
(-26.76818388 15.35834261 18.96272902)
(-22.2345359 14.73397672 17.98017532)
(-17.67801624 14.30083122 16.32995971)
(-13.67682279 14.03327321 14.08911451)
(-10.00837653 13.60194911 11.44882092)
(-7.414824573 13.98770876 9.334076802)
(-4.282588556 14.36386168 7.84648861)
(-1.29573764 14.98329461 5.848081741)
(3.341643834 15.79701617 2.395199449)
(6.206136661 16.19047284 0.3681887758)
(11.73900835 16.54358988 -4.16696764)
(14.38427199 16.23998518 -5.487531364)
(19.87390829 15.02744257 -9.163611015)
(25.07248527 13.89283165 -11.41711365)
(26.0416368 12.14465078 -11.56135727)
(29.51679388 11.88794789 -12.7469738)
(32.467627 10.05418519 -13.38172925)
(33.60680183 9.037745495 -13.40596026)
(35.73869748 8.276296245 -13.35381471)
(33.34794724 10.7272311 -12.59650788)
(37.29767939 7.578022891 -12.83410784)
(41.29778023 4.598992305 -13.08402304)
(42.8285775 4.663286897 -13.11307594)
(43.50243923 4.589020788 -13.22100873)
(50 10 16.66666667)
(-50 13.33333333 16.66666667)
(-44.52857425 13.82246748 17.58841281)
(-40.19564793 14.92410096 19.46149258)
(-36.16682837 16.85495942 21.47508313)
(-31.97716444 19.24431466 22.41153837)
(-28.21998041 18.62833342 19.6038428)
(-24.16813789 16.86318215 17.62753971)
(-19.25088025 16.50256103 17.7341022)
(-15.67568407 15.75884946 15.50222592)
(-12.45110387 14.7603139 12.32575324)
(-8.532642331 14.64882563 9.524334215)
(-5.022451814 15.83038905 7.055735449)
(-1.812931263 16.22863828 5.59748196)
(1.233870518 16.66703062 3.476763482)
(5.933275959 17.53278858 -0.3472115065)
(8.892458997 17.79853562 -2.436826033)
(14.51982274 17.89623742 -7.081036644)
(17.44003901 17.03730717 -8.305216472)
(22.50497936 15.53017073 -11.24019654)
(26.26067679 15.61316796 -12.04002015)
(28.77736878 11.64166696 -13.10248813)
(28.85019405 15.14584956 -12.15310819)
(30.43403901 14.46589051 -12.64022678)
(31.50800181 13.0977575 -12.84452806)
(33.66886274 12.10667936 -12.91033003)
(34.61253533 12.1293204 -11.87736936)
(35.05237638 11.14381863 -12.56073441)
(39.14474955 8.176576495 -13.02073559)
(40.81890904 8.064267646 -13.46798631)
(42.089217 7.979447172 -12.27056663)
(50 13.33333333 16.66666667)
(-50 16.66666667 16.66666667)
(-45.77807921 17.30759323 18.61715686)
(-41.5201287 18.77928233 20.14850701)
(-37.64236061 20.89164162 21.76370498)
(-33.62071764 23.25982522 22.53228761)
(-29.67459008 22.4793113 20.4937821)
(-26.2228033 20.05152905 18.63137192)
(-21.79670907 18.07629839 17.39533114)
(-17.4117524 18.52141522 17.19905727)
(-13.94222625 17.20861465 14.60259899)
(-10.73278083 16.47611947 11.57921037)
(-6.229522064 16.48532213 8.557862849)
(-1.242123407 17.53772172 5.153204056)
(3.235186746 18.25306949 1.625989714)
(5.793807322 18.71144314 -0.07822643006)
(10.25856055 19.22504331 -3.800699297)
(12.11653412 19.47509351 -4.705081403)
(17.24143804 18.6064554 -8.304153277)
(19.76612638 19.19874883 -8.953744659)
(23.91385734 19.89240046 -10.22434284)
(27.36991857 16.87990482 -12.12670858)
(26.76774496 19.35941182 -10.58986638)
(28.42685281 18.62373864 -11.1085261)
(30.22712139 17.38316903 -11.72869733)
(32.07797667 16.23583455 -12.07284223)
(34.43517374 14.78285705 -11.67795812)
(33.88030874 14.54723684 -11.64776568)
(36.99171888 11.75416068 -12.95744814)
(39.33211749 11.53873989 -12.44854217)
(40.72991188 11.39112028 -11.16678815)
(50 16.66666667 16.66666667)
(-50 20 16.66666667)
(-46.2951415 21.16043771 19.00165603)
(-42.00159705 22.46107687 18.44494019)
(-38.31555787 24.64077518 19.91566629)
(-34.50582607 26.83491182 20.44313861)
(-30.67830001 26.65110828 20.08142328)
(-27.08162546 24.09792566 19.03067852)
(-23.38886703 21.70132746 17.47096954)
(-19.40600781 21.90820228 17.15705673)
(-15.26013614 20.81582562 15.5366431)
(-11.62056389 20.07873226 13.41481285)
(-7.889316607 19.28202242 10.72345953)
(-3.918021102 18.24445728 7.159197554)
(0.7986938712 18.99344757 4.129965992)
(3.129121442 19.52321881 2.629307672)
(7.693253384 20.17328172 -0.8489388578)
(9.728299721 21.60600964 -1.643530319)
(14.30739829 21.06475524 -5.679991097)
(17.152929 22.44837732 -6.24870105)
(21.13348317 23.24400629 -7.926378586)
(25.09772277 21.36231694 -10.28458024)
(24.66484562 23.37645135 -8.718326944)
(26.35445502 22.55473292 -9.277732092)
(28.48367194 21.40341676 -10.19676508)
(30.27006342 20.09760712 -10.88404773)
(32.75558758 18.62587772 -10.30847909)
(34.45596292 17.71026947 -10.22909021)
(35.95543473 15.44570484 -11.25573174)
(37.98352956 15.03263696 -11.06583709)
(39.37060675 14.80279339 -10.06300967)
(50 20 16.66666667)
(-50 23.33333333 16.66666667)
(-45.96751023 24.87553458 17.82786764)
(-42.23647035 25.73920975 16.1612005)
(-38.62100042 27.84239294 17.3925863)
(-35.26333835 30.35300174 18.24521276)
(-32.07404874 30.5682141 19.7913283)
(-28.50266903 27.86563732 19.82738992)
(-25.27227192 24.96295139 18.57691014)
(-21.43390465 25.1742781 17.51151344)
(-17.54219607 24.03068366 15.88502829)
(-13.38625543 23.4349274 14.55754605)
(-9.63622609 22.53958933 12.53520749)
(-5.649630949 20.51270638 9.846428592)
(-1.721309058 19.9643349 6.55638076)
(0.8187954639 20.60054825 5.661226267)
(5.121462198 21.3640826 2.102087562)
(7.277320208 23.0479677 1.544298392)
(11.65723906 23.04343622 -2.610083072)
(13.93591042 24.2150872 -3.333980703)
(17.65388073 24.96698763 -5.391973424)
(22.46038732 25.12538686 -7.839623566)
(22.48879745 26.71311169 -6.106200526)
(24.26377837 26.3268937 -7.25666052)
(26.53741954 24.97832643 -8.219936485)
(28.60557914 23.91014516 -9.267664096)
(30.69157906 22.39977894 -9.931154916)
(32.97534101 21.40201915 -8.837099074)
(34.94595481 19.13998427 -9.514689656)
(36.63494163 18.52653402 -9.683132011)
(38.01130163 18.2144665 -8.959231188)
(50 23.33333333 16.66666667)
(-50 26.66666667 16.66666667)
(-45.52040541 27.90659497 15.73475966)
(-42.01579788 29.20337253 14.07107328)
(-38.32045954 30.96785572 14.81858293)
(-35.93607997 33.62305944 15.83758917)
(-33.02403696 33.92709293 17.68870446)
(-29.18987731 31.91110791 19.36608281)
(-25.73934003 28.88211772 19.66366824)
(-22.7378497 28.95449041 17.9736783)
(-19.34063238 27.70798886 16.00432094)
(-15.90364896 26.51581054 14.10821318)
(-11.9515663 26.06856549 12.83687594)
(-7.465012561 23.79661527 11.70757918)
(-3.875705755 22.03051669 9.0528515)
(-1.558394316 22.91978222 8.384615028)
(2.803203358 22.8814048 5.218133496)
(4.780177589 24.73141942 4.657289239)
(9.160609479 24.63231743 0.6880787917)
(11.0357261 25.81183946 -0.07007366728)
(14.400755 26.33549592 -2.5126083)
(19.39160782 27.58123898 -5.045201854)
(19.995338 29.32900678 -3.345837848)
(22.28210738 29.22469002 -4.334632807)
(24.6740389 28.26291179 -5.822021471)
(26.82720862 27.60067058 -7.579854037)
(29.15406105 26.28668032 -8.504011693)
(31.29379843 25.12294579 -8.060964293)
(33.82214709 22.80314156 -8.37501373)
(35.2863537 22.02043109 -8.300426932)
(36.65199651 21.62613962 -7.855452708)
(50 26.66666667 16.66666667)
(-50 30 16.66666667)
(-46.52198313 30.8313592 13.74336287)
(-43.40072222 32.28584952 12.03678374)
(-39.6179408 33.79977877 12.33433322)
(-37.76683709 36.51086431 13.69021904)
(-34.80063137 36.80803231 15.56853159)
(-31.31206527 34.93987655 18.05030727)
(-27.31518734 32.49000302 19.11273247)
(-24.60024584 32.46224811 17.64269377)
(-20.84624255 31.53409057 16.25714053)
(-17.77159979 30.27986079 14.18147121)
(-14.42301083 29.41761858 12.30579004)
(-9.705366918 27.36398518 12.35507543)
(-5.878378231 25.16458342 11.01555316)
(-4.050263702 26.02742372 10.41791882)
(0.1224945841 24.98936628 7.845510151)
(1.939975963 27.06169391 7.216695405)
(6.496460237 26.32267272 3.823394397)
(8.244403674 27.94595603 3.165073857)
(11.70251271 28.01877459 0.8520473438)
(16.25750066 29.12187286 -1.908304638)
(17.34565485 31.47880873 -0.4472601318)
(19.94437969 31.834963 -1.543733712)
(22.60588877 31.13920455 -3.272977814)
(25.33350795 30.45513358 -4.856184973)
(27.57988747 29.83591027 -6.570784751)
(28.93863172 28.16653521 -7.401945637)
(32.5152742 26.40196763 -6.800006587)
(33.93776577 25.51432816 -6.917721854)
(35.29269138 25.03781273 -6.751674228)
(50 30 16.66666667)
(-50 33.33333333 16.66666667)
(-46.76645182 34.06167914 11.85370422)
(-44.90892799 35.81161653 10.67447208)
(-41.21858652 37.29541401 10.72739129)
(-38.96576433 39.50595221 11.32255002)
(-36.31273721 39.21416976 13.00988626)
(-32.5219577 38.20622537 16.12553834)
(-28.87496723 35.95385434 17.96236249)
(-26.02257166 36.16058462 16.83216672)
(-22.32116278 35.29098719 15.54364392)
(-18.79495451 34.46412352 13.91360209)
(-15.70940444 33.63487083 12.12236193)
(-11.80202083 30.97475225 11.66038092)
(-8.032945326 28.79180713 11.97863365)
(-6.355261176 30.1048817 11.13374005)
(-2.479693295 28.45468731 9.425520415)
(-0.9754242515 30.73700442 8.289927655)
(3.527495938 28.97566706 6.168434502)
(5.17352049 30.91671367 5.671291592)
(9.142787356 30.4629569 4.095196162)
(13.57650714 30.85274213 1.564812299)
(14.77582915 33.46747358 2.56125544)
(17.36558233 34.0965938 1.222219537)
(20.2941788 33.51850867 -0.6579000504)
(23.18234265 32.80609666 -2.361822993)
(25.83454866 32.48897714 -3.995326851)
(27.99980094 31.52162025 -5.116169404)
(30.8905075 30.00930346 -5.862829494)
(32.68747314 28.94141943 -5.805920647)
(33.93338626 28.44948584 -5.647895748)
(50 33.33333333 16.66666667)
(-50 36.66666667 16.66666667)
(-46.86117747 37.58168414 10.36961982)
(-45.80003557 39.2281052 8.756718187)
(-43.04103235 40.36447751 8.824475343)
(-41.50097968 41.19580907 9.227719159)
(-38.56219101 40.95114694 10.67186929)
(-34.38842005 40.14489066 13.73816464)
(-30.59063525 38.90121589 16.24784993)
(-28.04583768 39.22318381 16.21382302)
(-24.03763462 38.86439487 15.90174563)
(-20.37951392 38.26097938 14.57598168)
(-17.37919515 37.55247882 12.94066646)
(-13.71552791 34.87103858 11.50975856)
(-10.27561482 32.57525746 11.77162931)
(-8.76019229 34.11645952 11.76305688)
(-4.835716076 32.4678356 10.58552931)
(-3.343851351 34.32157443 10.40356318)
(0.4554122485 32.44607113 7.671656271)
(1.885878111 34.14564434 7.647198187)
(5.879609589 33.33046881 6.336936256)
(10.52939952 32.80538468 4.612669679)
(11.97282259 35.0005194 5.419279747)
(14.77513506 36.23845806 4.025311833)
(17.83722648 35.63428414 1.96655099)
(20.78265824 34.962748 0.05357883788)
(23.8829 34.86399567 -1.446925199)
(26.68680328 34.6250169 -2.842948035)
(29.14977133 33.37277054 -4.924747619)
(31.63177033 32.32352948 -4.034964113)
(32.57071573 31.8536997 -4.65192238)
(50 36.66666667 16.66666667)
(-50 40 16.66666667)
(-47.54796007 41.32515005 9.445193875)
(-47.35141981 43.07254618 8.522348118)
(-46.01647605 42.69617592 8.122209803)
(-42.95975529 42.64014614 8.052059921)
(-39.39222775 42.39954891 9.807884775)
(-36.53905585 41.87930317 11.52488237)
(-32.67105074 40.94490409 14.22189339)
(-30.70982656 41.10352517 15.04064221)
(-26.84906491 41.35817922 16.18845725)
(-23.0362853 40.94003555 15.64707067)
(-19.54365717 41.05448217 13.96449195)
(-15.86721416 38.4094025 12.51536987)
(-12.63982494 36.26202363 11.82940954)
(-11.05125883 38.26464143 11.78968472)
(-7.200372894 36.41771793 11.88067243)
(-5.206380122 37.95605658 12.27861413)
(-1.644993233 36.12789783 10.0803112)
(-0.208480232 37.85683458 10.2139874)
(3.03047979 36.93044438 8.476121121)
(6.977628759 35.37035955 6.823456504)
(8.750668079 37.45327768 7.122642192)
(12.18019502 38.76745886 6.539621901)
(15.41372311 37.97953787 4.525788679)
(18.46134618 37.16421918 2.525706638)
(21.39128365 36.72058023 0.8438896553)
(24.85318786 37.37917932 -0.589171144)
(28.15358134 36.34060103 -2.422054446)
(29.89006936 35.67253226 -3.464164284)
(31.71565452 35.03104177 -2.928750272)
(50 40 16.66666667)
(-50 43.33333333 16.66666667)
(-48.55461946 44.84130647 8.957747545)
(-44.96778845 44.07377129 9.346071122)
(-43.18054741 43.89963804 8.852164126)
(-40.34690016 43.28623176 10.02042519)
(-36.67386809 43.49631515 11.66209722)
(-34.82170535 43.56794384 12.16806053)
(-32.67318969 42.92097986 13.41520141)
(-28.59169457 43.99958802 13.72567232)
(-25.30894462 44.39662766 14.6427241)
(-21.9622255 43.89356935 13.39897457)
(-18.71809081 44.8567794 12.40332798)
(-16.05434466 42.37209822 12.65925165)
(-13.26276517 40.3784111 12.01071352)
(-11.41278041 43.10187696 12.20112986)
(-8.485314502 41.07571016 12.37884231)
(-5.635729168 42.64272714 11.01589692)
(-3.092213146 40.42456045 10.89804181)
(0.3654295896 42.8532183 9.472285716)
(2.26594252 41.98010732 9.322783649)
(5.30724477 39.82919372 8.310577551)
(8.351259087 42.4221126 7.569007737)
(11.30852354 43.60023316 6.64634944)
(14.47645102 42.21309866 6.166783353)
(16.78540965 40.60471542 4.570168574)
(19.53447612 39.83810862 2.879094338)
(22.96631788 40.10988617 1.637536415)
(26.38535774 39.05452455 -0.1798649968)
(28.9090349 38.75736936 -1.504207218)
(30.57226121 38.24724187 -1.665291564)
(50 43.33333333 16.66666667)
(-50 46.66666667 16.66666667)
(-45.76541879 45.71461635 9.619504244)
(-42.59272449 44.31666207 11.23781873)
(-40.52866338 44.65822395 10.6528164)
(-37.61245271 44.4430923 11.90146015)
(-33.75001776 44.88972867 13.18723006)
(-31.97033835 45.0358554 13.43581404)
(-30.07688382 45.13221643 13.7940194)
(-25.81208743 46.25829998 13.12898454)
(-23.76978257 46.57443308 12.95290089)
(-20.76706847 46.91415721 12.47435219)
(-16.66365278 46.24499119 12.45688661)
(-15.54344557 46.37144708 12.1174612)
(-14.17249905 44.76692642 11.89020728)
(-8.50760897 44.68553025 10.74556751)
(-7.500323214 44.66911579 10.7018742)
(-2.275188483 44.52927589 9.637681818)
(-1.295969601 44.49738355 9.662117554)
(4.072560317 45.49474273 7.923609119)
(5.180899372 45.45314713 7.760584195)
(6.327628885 45.05865269 7.631074484)
(10.88766935 45.87914233 6.21947153)
(14.30733351 46.57190028 5.207429715)
(15.61084484 46.61226732 5.101127464)
(17.59234113 45.0817447 4.429230805)
(19.71622594 44.41053429 3.025599155)
(22.61758989 44.46250069 2.111573077)
(25.27852652 42.74164008 1.361576133)
(27.83086873 41.61595564 0.774415144)
(30.0746654 41.74125359 -0.2938330323)
(50 46.66666667 16.66666667)
(-50 50 16.66666667)
(-46.66666667 50 16.66666667)
(-43.33333333 50 16.66666667)
(-40 50 16.66666667)
(-36.66666667 50 16.66666667)
(-33.33333333 50 16.66666667)
(-30 50 16.66666667)
(-26.66666667 50 16.66666667)
(-23.33333333 50 16.66666667)
(-20 50 16.66666667)
(-16.66666667 50 16.66666667)
(-13.33333333 50 16.66666667)
(-10 50 16.66666667)
(-6.666666667 50 16.66666667)
(-3.333333333 50 16.66666667)
(0 50 16.66666667)
(3.333333333 50 16.66666667)
(6.666666667 50 16.66666667)
(10 50 16.66666667)
(13.33333333 50 16.66666667)
(16.66666667 50 16.66666667)
(20 50 16.66666667)
(23.33333333 50 16.66666667)
(26.66666667 50 16.66666667)
(30 50 16.66666667)
(33.33333333 50 16.66666667)
(36.66666667 50 16.66666667)
(40 50 16.66666667)
(43.33333333 50 16.66666667)
(46.66666667 50 16.66666667)
(50 50 16.66666667)
(-50 -50 23.33333333)
(-46.66666667 -50 23.33333333)
(-43.33333333 -50 23.33333333)
(-40 -50 23.33333333)
(-36.66666667 -50 23.33333333)
(-33.33333333 -50 23.33333333)
(-30 -50 23.33333333)
(-26.66666667 -50 23.33333333)
(-23.33333333 -50 23.33333333)
(-20 -50 23.33333333)
(-16.66666667 -50 23.33333333)
(-13.33333333 -50 23.33333333)
(-10 -50 23.33333333)
(-6.666666667 -50 23.33333333)
(-3.333333333 -50 23.33333333)
(0 -50 23.33333333)
(3.333333333 -50 23.33333333)
(6.666666667 -50 23.33333333)
(10 -50 23.33333333)
(13.33333333 -50 23.33333333)
(16.66666667 -50 23.33333333)
(20 -50 23.33333333)
(23.33333333 -50 23.33333333)
(26.66666667 -50 23.33333333)
(30 -50 23.33333333)
(33.33333333 -50 23.33333333)
(36.66666667 -50 23.33333333)
(40 -50 23.33333333)
(43.33333333 -50 23.33333333)
(46.66666667 -50 23.33333333)
(50 -50 23.33333333)
(-50 -46.66666667 23.33333333)
(-42.09800035 -46.53320256 17.38258114)
(-39.34151748 -46.61575293 16.53711316)
(-37.84511754 -46.84674087 17.43528422)
(-35.6325918 -46.86988704 17.75935695)
(-34.67983087 -47.06427655 18.0162004)
(-26.3685466 -45.94272585 18.99391305)
(-24.19521766 -45.47920998 20.92620901)
(-21.12761192 -44.71152589 21.06550804)
(-18.28512664 -45.83858447 20.73432212)
(-15.88988588 -46.28265543 19.28867209)
(-13.90709646 -46.09501598 18.68165913)
(-10.84341648 -45.3287499 17.28387475)
(-7.747866508 -44.27943471 15.78021514)
(-5.551689435 -43.8389119 14.98897672)
(-4.397374512 -43.88386938 15.10444931)
(1.169150107 -43.54407597 11.16719758)
(4.341010194 -43.53393264 10.19315056)
(6.899551765 -44.75761871 9.029046178)
(10.8869093 -47.34347254 9.324141924)
(12.40027608 -47.56528498 8.510155606)
(15.05363485 -46.60280649 8.326220559)
(18.09790437 -47.0865219 7.851279313)
(20.91395943 -48.88825432 8.353612922)
(24.13286153 -49.18497981 7.667494889)
(27.20173086 -48.80530913 6.630733205)
(30.52471741 -48.60649948 6.060077)
(33.73443357 -50.19843439 6.544616669)
(36.11349001 -50.55851985 6.189680177)
(39.62010415 -49.93789403 5.258034377)
(50 -46.66666667 23.33333333)
(-50 -43.33333333 23.33333333)
(-40.82473065 -42.7877377 16.93431344)
(-37.37472622 -43.023494 15.94479069)
(-34.85999109 -44.9141891 15.93944081)
(-32.19386318 -44.98809207 17.326689)
(-31.11133118 -45.48274549 18.21906449)
(-26.72255932 -42.30849418 20.96565042)
(-23.61619546 -41.69823859 22.35691764)
(-20.33200026 -40.65969417 21.67393556)
(-17.21398792 -41.71904117 20.31276282)
(-14.04445083 -42.45460642 18.94682489)
(-11.02916173 -43.39410766 17.55277292)
(-8.263608343 -42.41351088 15.70374546)
(-5.361257668 -41.33470838 14.03874404)
(-2.484493965 -42.0224596 12.3177081)
(-1.31333935 -42.37897021 12.29148036)
(3.443924254 -39.07618699 10.20021169)
(6.887383977 -39.12887346 9.574050257)
(9.714777543 -40.2896773 9.199754069)
(11.17865817 -43.15345843 7.775238893)
(14.85697082 -42.62948112 7.50849384)
(17.85555402 -42.50619843 7.000829279)
(21.22629035 -43.53590093 6.490630491)
(23.06192024 -45.8271936 5.989448206)
(26.30736015 -46.21796433 5.860053889)
(30.26003376 -46.33822963 4.936781987)
(33.84282859 -47.28601656 4.54839083)
(35.55651372 -49.17164587 5.688678237)
(39.1169846 -48.74256567 4.963494829)
(42.23653494 -48.2248268 3.815135067)
(50 -43.33333333 23.33333333)
(-50 -40 23.33333333)
(-42.59896134 -39.28735131 16.72488215)
(-39.311302 -39.90568152 17.65054786)
(-35.70553266 -41.38236861 16.57908095)
(-32.09361833 -41.74241352 17.88937452)
(-28.62535255 -42.53538421 18.82640421)
(-27.07544886 -38.62227899 22.39634802)
(-25.43052006 -38.1943835 23.11543195)
(-21.76466973 -37.19143307 23.22275347)
(-18.47001041 -37.89274605 21.51757568)
(-15.13998797 -38.27285026 19.81539878)
(-11.85416245 -38.96053946 17.82290385)
(-8.093198102 -37.94860622 16.58650259)
(-4.807669439 -36.81288779 14.87056484)
(-2.153406716 -37.08757913 12.63842101)
(1.118166742 -38.38103211 11.36983214)
(3.581488337 -34.2450218 11.81584613)
(6.462748357 -34.10031646 11.01189526)
(10.07098911 -35.12625971 11.16307794)
(11.55420245 -37.97270667 9.738526081)
(15.57043281 -37.07887418 8.367683148)
(18.64102527 -37.37026433 7.44614175)
(21.86767182 -38.43797283 6.139796786)
(24.30014557 -41.4037899 6.204843743)
(27.82522118 -42.09087654 5.229943181)
(31.38995343 -42.14169074 3.857073214)
(34.63711093 -43.37338417 2.761011361)
(36.70852263 -45.74709586 3.866461017)
(40.47807471 -45.85680568 2.726262413)
(43.47302746 -44.93849034 2.45811897)
(50 -40 23.33333333)
(-50 -36.66666667 23.33333333)
(-42.75764605 -35.95791973 18.54132286)
(-38.92759787 -36.27123846 19.72759835)
(-35.51395859 -38.22773609 19.36528053)
(-31.72153153 -38.61015046 20.760327)
(-28.44655404 -39.31378723 21.51843573)
(-26.59013357 -34.90587033 24.24065873)
(-23.86136767 -34.54070846 24.1692297)
(-20.32670713 -33.2636824 23.21978378)
(-16.86258844 -34.03387071 21.87049807)
(-13.58117313 -34.18910962 19.8993474)
(-10.1670048 -34.89397447 18.1557086)
(-6.749287281 -33.65565045 16.48292878)
(-3.372300592 -32.53141503 14.87774475)
(-0.03247879582 -32.70735946 12.85600818)
(2.491664898 -33.43825216 11.84610384)
(5.401716049 -29.34571152 12.36883986)
(9.201151694 -29.53508876 11.1122219)
(11.65909433 -30.36248687 9.772023843)
(14.57004103 -33.40519407 9.87457979)
(17.50603704 -31.98317485 7.693390787)
(20.03517997 -32.6368397 5.96920306)
(22.98603867 -33.83850239 4.42492217)
(25.43430778 -37.15269669 4.723501038)
(29.02514822 -37.76511623 4.215796146)
(33.04061372 -38.01077723 2.775955469)
(35.45841027 -39.47500689 2.028168158)
(38.6595299 -42.79987077 1.674998367)
(41.88646277 -42.30684816 1.211386212)
(42.93087522 -41.01026563 1.694939852)
(50 -36.66666667 23.33333333)
(-50 -33.33333333 23.33333333)
(-41.63477293 -32.90407163 20.50874713)
(-38.2938923 -33.26137803 22.33405283)
(-34.5384022 -34.63844576 21.56775644)
(-30.86635125 -34.79449801 22.71880443)
(-27.86059714 -35.36920173 23.32118845)
(-26.43951463 -30.81002126 25.30768942)
(-23.21069362 -30.47285514 24.82526415)
(-19.85787685 -29.1421095 23.6722769)
(-16.91389561 -29.72643366 21.36454838)
(-13.34360918 -29.93454054 20.93602682)
(-9.610345859 -30.57796621 19.44617331)
(-6.605889092 -29.61556069 18.25145451)
(-3.454613194 -28.46437595 16.64971607)
(0.003380964797 -28.18794873 14.60816391)
(3.182869673 -28.35382185 12.31937214)
(3.963783194 -24.96879977 10.63146847)
(7.333892094 -25.17159753 9.141990834)
(10.23416243 -25.40430632 7.880648195)
(13.39616144 -28.21199147 8.844123413)
(15.09431422 -26.96825771 6.666280721)
(18.83061866 -27.70484258 5.35067208)
(21.34206179 -28.96339077 4.541737652)
(25.17993288 -32.60305018 3.861921582)
(28.82305178 -33.55958124 3.197340031)
(31.13377927 -33.87607271 2.941557526)
(33.536989 -35.49957712 2.469173932)
(36.88366269 -39.03228081 1.502764866)
(40.56490277 -38.64489428 0.308551306)
(42.38872298 -37.08204092 0.9317607336)
(50 -33.33333333 23.33333333)
(-50 -30 23.33333333)
(-42.93203113 -29.59396974 21.95104333)
(-39.664825 -29.67754782 23.75773958)
(-35.61943669 -31.15835593 23.82634023)
(-31.98671845 -30.77494372 24.1789417)
(-28.29826099 -31.32815561 24.94623024)
(-26.97719427 -26.85055526 24.84980931)
(-24.09873707 -26.80508546 26.05040424)
(-21.04847494 -25.85916871 25.45167907)
(-17.99505297 -26.15976833 23.22929326)
(-14.89395365 -26.30091148 22.6428038)
(-11.00073704 -27.11451586 21.74667688)
(-7.720991705 -26.10265869 20.19362722)
(-5.02753982 -24.80645491 17.67974012)
(-2.846577545 -24.45208447 15.51603754)
(0.4664343935 -24.5418378 13.08779244)
(3.641018738 -20.57204002 10.18326075)
(5.80455871 -20.38551284 9.461939351)
(8.572546215 -20.15483529 7.716381157)
(11.80215962 -23.13353292 7.164371873)
(13.08737875 -22.51133999 5.371099118)
(15.79394362 -23.57741055 4.929103891)
(18.86131519 -24.74329128 3.863608911)
(23.35527994 -28.09473761 3.717483131)
(26.7567555 -29.3735115 2.848389347)
(28.96543536 -29.86136387 2.450734557)
(31.79607281 -31.45068327 2.411690472)
(35.01717958 -35.23323096 2.513743266)
(37.84183626 -36.32449812 1.495937359)
(40.51840475 -34.38039325 0.7281060392)
(50 -30 23.33333333)
(-50 -26.66666667 23.33333333)
(-44.26022419 -26.16759617 20.6061456)
(-41.02174972 -26.14509727 22.09950873)
(-37.2607665 -27.17912022 23.86033053)
(-33.65883073 -26.84953266 23.49964215)
(-29.76647211 -27.42783426 24.24999592)
(-26.13186671 -22.88298844 24.22861674)
(-23.91468415 -23.06293425 24.41921377)
(-20.47861313 -21.7917443 24.49969392)
(-17.23356973 -22.20169157 23.88122197)
(-13.10399331 -22.39379042 23.32082414)
(-10.01395888 -22.90347569 21.65342738)
(-6.924870157 -21.81996437 18.81623684)
(-4.047201316 -20.56563406 16.08504653)
(-1.639058037 -19.90253495 13.86566714)
(0.7803718155 -19.93186908 11.91826483)
(4.854910275 -16.32630154 7.608599025)
(6.631121447 -16.12208337 6.477466616)
(9.054194498 -15.61179009 4.597201286)
(11.3086215 -18.30267071 4.782809153)
(13.87348283 -17.70821423 2.519530353)
(16.24081329 -19.10960621 2.495233163)
(19.3935619 -20.44779802 1.228953778)
(22.1561197 -24.01687931 2.167472345)
(25.55685941 -25.33854757 1.490439559)
(28.78386211 -25.64630005 0.6540129958)
(31.50915467 -27.20977839 1.05229842)
(33.52983708 -31.13803202 2.531138619)
(36.10050447 -32.80725517 2.430957918)
(38.96188237 -30.79435663 1.011809312)
(50 -26.66666667 23.33333333)
(-50 -23.33333333 23.33333333)
(-43.40617073 -22.45290007 21.29594306)
(-39.34948654 -22.27385836 21.91492331)
(-35.97179606 -24.1624186 21.84706729)
(-31.68070602 -23.25596705 21.96698507)
(-28.36694181 -23.43140035 23.68185767)
(-25.31213277 -18.65273301 24.40586601)
(-22.26437777 -19.24906696 24.68137156)
(-18.57443187 -18.11312526 24.54514882)
(-15.21824875 -18.52954111 23.98555932)
(-11.50025465 -18.5717355 22.00673543)
(-8.836036438 -19.04603485 19.81141454)
(-5.705208202 -18.01153808 16.77778501)
(-2.650307716 -16.72041884 14.03586166)
(0.05887419444 -15.83994719 11.74491864)
(2.460710535 -15.70717069 9.799863573)
(5.833228998 -12.49138304 4.44423022)
(7.466062076 -12.03544062 3.299963574)
(9.946981089 -11.3340393 1.282143273)
(11.90414345 -13.79740229 1.7092744)
(15.35729188 -13.31819654 -0.5499448753)
(17.01709692 -15.02926998 -0.530177508)
(20.81969626 -16.04967863 -0.9151145619)
(22.66007304 -19.91930499 -0.1529585492)
(25.87390098 -21.3528983 -0.8325153827)
(29.26056717 -21.99690445 -1.940172331)
(31.94185243 -23.83056405 -1.435157935)
(32.94665065 -27.09542821 1.052127668)
(35.67040441 -28.85745921 1.231051449)
(39.86107293 -27.29389168 -0.08873949736)
(50 -23.33333333 23.33333333)
(-50 -20 23.33333333)
(-43.49256158 -18.48936867 22.01072486)
(-39.32087999 -18.15486811 22.99884237)
(-35.66758474 -19.93303207 21.31581628)
(-31.78738387 -18.71563532 22.24082908)
(-27.86590457 -19.00308477 23.75380651)
(-24.7322319 -14.37364062 24.80021913)
(-21.36839337 -15.1372303 25.10303328)
(-17.64941382 -14.12976016 23.57479609)
(-13.81474722 -14.69994976 23.02832368)
(-10.60120409 -14.6658588 20.28499182)
(-7.458078917 -15.10466294 18.20147452)
(-4.231341744 -14.15350828 15.0249477)
(-1.530246485 -13.02787991 11.62949127)
(1.03723385 -12.12709322 8.789037017)
(3.517922434 -11.95863454 6.771302907)
(6.780218193 -8.525042876 1.391888513)
(8.435389762 -7.795278203 0.3441568599)
(11.54733548 -7.005022313 -1.670955891)
(13.41487822 -9.482963017 -1.197448101)
(17.89838579 -9.238410631 -3.217147668)
(19.59855365 -11.36323646 -2.798980637)
(23.51544835 -12.89305262 -3.456262286)
(24.61843926 -16.12927815 -2.058038109)
(27.25064435 -17.58302951 -2.894592848)
(31.92510327 -19.2823814 -3.585368574)
(34.80487122 -21.68952676 -3.177880865)
(34.79732969 -24.51951879 -1.183635092)
(38.06286696 -26.3330798 -0.316828336)
(42.64792705 -25.14976529 -0.9555563032)
(50 -20 23.33333333)
(-50 -16.66666667 23.33333333)
(-44.23393272 -14.73894343 22.35355553)
(-39.74118337 -13.98216982 21.9714695)
(-35.40435736 -15.43502944 21.21791609)
(-31.77349069 -14.28346382 23.24960449)
(-27.48336674 -14.54059528 24.30290865)
(-24.19154907 -10.27786843 24.53660827)
(-20.37998962 -11.39129508 23.79670162)
(-16.41897328 -10.22571453 22.68449545)
(-12.4210181 -11.04034343 21.50226933)
(-8.767525799 -11.07177175 18.79398242)
(-6.180817337 -11.4597174 16.06980866)
(-3.228388189 -10.78181373 12.37592667)
(-0.3468897619 -9.571956577 8.992549655)
(2.065322935 -8.665252364 5.62334643)
(4.495419752 -8.665607338 3.335576613)
(7.881017266 -4.093824255 -0.9126605651)
(9.743448529 -3.331365462 -2.179651298)
(13.80972481 -2.619395602 -4.067525892)
(16.13039473 -5.553036664 -3.637303294)
(20.51308685 -4.843535512 -5.376927923)
(22.71343812 -8.114740685 -4.956765209)
(26.80246243 -9.884617567 -5.305017883)
(27.49341612 -13.15225663 -4.077874116)
(30.39807566 -14.87086788 -4.350653901)
(35.32822999 -16.88258863 -4.444305186)
(38.02880897 -19.34569634 -3.840541921)
(38.20194166 -22.8968911 -2.101039566)
(40.74289583 -23.73880223 -1.443907393)
(44.13825451 -22.05458205 -2.283635086)
(50 -16.66666667 23.33333333)
(-50 -13.33333333 23.33333333)
(-44.6928718 -12.21215247 19.71635896)
(-40.13911257 -10.93749367 19.28526157)
(-35.63372011 -10.95464564 20.86663364)
(-32.05750309 -9.72963691 23.49925869)
(-27.53411437 -10.04257821 24.70205992)
(-24.02357293 -6.581531325 22.51602829)
(-19.63892794 -7.76824921 21.96826178)
(-15.61003964 -6.547207019 20.98884661)
(-11.53409798 -7.48919247 19.50219099)
(-7.71682121 -7.579138455 16.5844247)
(-5.073085719 -7.933831204 13.69218902)
(-2.26154236 -7.44256504 9.683718889)
(0.2300630668 -6.348953252 5.965808543)
(2.866058996 -5.118924382 2.461668557)
(5.732876294 -4.896341488 0.4171408407)
(8.951489999 0.8677495594 -1.742238376)
(11.36431891 1.664119848 -3.331893552)
(15.70585537 2.613206828 -4.932163827)
(18.14421917 -0.8059950288 -5.498997657)
(22.73484829 0.06868932585 -7.112405944)
(25.20321189 -4.139529454 -6.901637688)
(29.13565556 -5.968520554 -7.387758335)
(30.71409401 -10.23706621 -5.605742829)
(33.78484815 -12.33622828 -5.434495866)
(38.12722133 -13.87325166 -5.829183451)
(40.74082953 -16.41065025 -5.06849965)
(40.790716 -19.84349185 -3.315868205)
(43.19008631 -20.96164695 -2.738411837)
(45.87590303 -18.80219954 -3.230692546)
(50 -13.33333333 23.33333333)
(-50 -10 23.33333333)
(-44.24134306 -8.458368391 19.25243089)
(-41.85898962 -7.127598152 18.62522391)
(-36.86458172 -6.931870559 19.56966355)
(-32.37400483 -5.817721069 21.45016259)
(-27.66354177 -5.950887713 23.47693624)
(-23.89172667 -2.835839104 20.74307232)
(-18.88101009 -3.774213551 20.90425381)
(-14.88549902 -2.50404849 20.18503371)
(-10.76605511 -3.635394171 17.92964733)
(-7.125358704 -3.759344494 14.60721108)
(-4.381100345 -4.13906856 11.50510438)
(-1.964118846 -3.824917158 7.124360577)
(0.4605344379 -2.663090696 3.316443426)
(3.665704069 -0.662088978 0.4077533008)
(6.955357638 -0.417756311 -1.48051224)
(9.828798082 6.056926021 -1.143368957)
(13.39615624 6.647991629 -2.994938281)
(17.77517023 7.750548474 -5.107884379)
(20.07824155 4.30002329 -6.638566638)
(26.00159203 3.583091029 -8.330205818)
(27.40284424 0.3850846227 -8.241402602)
(31.61819367 -1.678465832 -8.489028609)
(33.18727716 -6.650306964 -7.44576159)
(36.45116691 -9.133442297 -7.097013973)
(41.27113014 -11.57699967 -7.215216354)
(44.20029689 -15.19183221 -5.673787478)
(44.13782312 -17.93650328 -4.173318101)
(45.24330652 -17.76995327 -4.052094443)
(47.68457132 -15.61041666 -4.471390717)
(50 -10 23.33333333)
(-50 -6.666666667 23.33333333)
(-43.34302932 -4.879651427 17.84903056)
(-40.81147192 -3.302743728 17.69364021)
(-36.85407084 -2.962414847 17.83081272)
(-32.93260727 -1.476371914 20.47462263)
(-28.06273367 -1.696641325 22.30788512)
(-23.36698808 1.111216782 22.00593597)
(-18.38052581 0.3409183122 21.64224499)
(-14.14999934 1.424792071 20.97961957)
(-10.38546958 0.5537087034 18.33865772)
(-7.05246216 0.6268552026 14.86349541)
(-4.229959799 0.2009968995 10.92964343)
(-1.671541295 0.6393477087 7.064077668)
(1.224306887 1.811711848 3.453829442)
(4.786161356 4.11098001 0.9239948662)
(8.158329646 4.397056243 -1.724267115)
(11.20910074 10.79640565 -0.4158991112)
(14.52577894 11.1030604 -2.072005502)
(16.92916005 11.58408738 -3.118293999)
(21.64365318 8.05871059 -6.330331318)
(22.99832019 8.072546442 -6.866686668)
(28.83625216 4.1742564 -8.678764104)
(31.54321609 1.532910452 -8.729750921)
(35.47846583 -3.908547808 -8.353154512)
(38.94971548 -7.847101636 -7.870279633)
(41.17619225 -9.847418364 -7.264512991)
(43.65684679 -12.63480728 -6.12823317)
(46.2701988 -14.48626823 -5.452940728)
(46.39031651 -14.17232047 -5.323726951)
(49.49323961 -12.41863378 -5.712088887)
(50 -6.666666667 23.33333333)
(-50 -3.333333333 23.33333333)
(-42.62649782 -1.277679795 16.52802859)
(-38.30104905 -0.09369294637 17.07517963)
(-35.00283571 0.7901490349 19.049085)
(-31.47370659 2.311331571 22.21983723)
(-27.28852807 2.139104696 23.79275426)
(-22.69130612 3.370142968 24.83653783)
(-18.00691121 3.572737272 24.00786168)
(-14.66480592 5.25466468 22.14457872)
(-10.90294325 4.557751895 19.6504286)
(-8.084596244 4.58982291 16.29865476)
(-4.802519095 4.262879171 12.44595137)
(-2.13293846 4.415820572 9.238796268)
(0.8297257417 5.207065432 6.111290436)
(3.811357742 7.383362741 3.941709804)
(8.128888413 8.461810647 0.3256595703)
(10.53398979 12.79057099 1.551132777)
(13.8751659 13.24633556 -0.6302054547)
(19.51240073 12.27338186 -4.780018292)
(21.26947005 12.09390653 -5.388139787)
(22.00852082 12.7560786 -5.129604973)
(26.91661236 9.026955258 -7.915835867)
(29.47228667 6.250200082 -8.716110714)
(33.50022931 0.5596654123 -8.740308619)
(37.42937551 -3.389613775 -8.424449636)
(39.09551182 -5.803915485 -7.922200203)
(41.77241034 -8.78171296 -7.197679592)
(46.12038914 -11.23947076 -6.582543432)
(47.21159253 -10.48142659 -6.995604189)
(50.67926399 -9.174773331 -7.004788662)
(50 -3.333333333 23.33333333)
(-50 0 23.33333333)
(-43.67665593 2.550297307 16.00783288)
(-39.33073522 3.709267571 15.83103965)
(-36.61254474 4.046383602 19.65447423)
(-34.11438247 5.123197707 23.35745319)
(-29.38076998 4.927990059 25.41997999)
(-24.42764996 5.792255338 26.86826945)
(-19.73652692 6.42695927 25.90690554)
(-16.05854434 8.010070572 24.0746772)
(-12.80667272 8.003547441 20.61712507)
(-8.977857561 8.512839866 17.65462518)
(-5.54784501 8.271395435 14.22388462)
(-2.189529605 8.629569643 10.838715)
(1.115775393 9.483506131 7.725532373)
(4.718398414 12.10787639 5.393511267)
(8.065678032 12.44998448 2.412542477)
(11.55944586 14.74779098 1.10502783)
(16.0829398 14.47094944 -2.652539296)
(18.03598766 14.17044959 -3.355656921)
(20.13387352 13.60873806 -4.303105031)
(25.5828659 12.0640222 -7.425761016)
(27.18518555 11.07285465 -7.93668512)
(28.86789117 10.51967318 -8.234388302)
(33.07005248 4.944504234 -9.313261924)
(35.90903553 1.067874085 -8.97861964)
(37.70916931 -1.604500814 -8.597871613)
(40.2654863 -4.753118752 -8.145792006)
(43.5981987 -8.210139164 -7.665982485)
(48.30781901 -6.551121709 -7.961024601)
(49.5898618 -5.454731324 -7.730530548)
(50 0 23.33333333)
(-50 3.333333333 23.33333333)
(-43.56895305 6.127615174 16.48391738)
(-39.37803509 6.442640482 18.57463631)
(-36.81379144 6.991911604 22.4348178)
(-33.88798254 8.298691497 26.17816065)
(-29.15229724 8.435482956 27.63540227)
(-24.56610526 9.504621893 27.7227714)
(-20.16627258 10.60654362 26.02635711)
(-16.15225224 12.25266997 24.01496338)
(-13.09089545 12.31078779 21.02282771)
(-10.56585656 12.07258072 18.20520212)
(-6.562294223 12.19918984 15.32959387)
(-2.682502059 12.87844121 12.23417178)
(1.017149381 13.66136646 9.314018431)
(3.608740125 14.53383496 7.81048462)
(7.392306743 15.06224576 4.622461214)
(8.657608768 15.17435275 4.427405316)
(12.94476534 15.65791039 0.609156869)
(14.51198939 15.76051043 -0.1233393667)
(18.43207222 15.13529816 -2.692300054)
(22.44117236 14.27918878 -5.278496409)
(25.6924876 13.24023383 -6.896382747)
(27.30386494 12.65241261 -7.479683979)
(31.39612872 8.987062951 -8.978057981)
(34.9604476 5.723451891 -9.472023062)
(37.74970227 3.000643152 -9.454683911)
(40.51968179 -0.3259241109 -9.072661337)
(43.76662352 -3.852877038 -8.622958018)
(46.9198377 -2.793605487 -9.064897668)
(47.45524669 -2.287179927 -8.334723568)
(50 3.333333333 23.33333333)
(-50 6.666666667 23.33333333)
(-44.23173557 8.540713736 19.17562165)
(-40.17054653 9.113111905 21.43972559)
(-37.76698553 10.14477627 25.05665007)
(-34.57599691 12.27120416 27.97461558)
(-30.0515489 12.77137406 28.33837454)
(-25.93859318 13.33492561 26.79876293)
(-22.26728572 13.48731879 25.30455635)
(-18.53952577 13.89440337 24.07969749)
(-14.96757417 14.26353149 23.28480608)
(-11.61902351 13.22147729 20.36845875)
(-9.391856153 12.70649078 17.71744666)
(-5.201454788 13.39088671 14.9082028)
(-1.554964216 14.34384622 12.08205096)
(1.158346214 14.80070148 10.65137144)
(4.518163584 15.48615955 7.796431802)
(9.520680018 16.0433699 3.621811501)
(11.7946888 16.32026285 2.063169118)
(17.17590032 15.77536464 -2.166244082)
(22.33923634 14.70870649 -5.125562537)
(23.36431725 14.08479058 -5.654411516)
(26.83870719 13.19320665 -7.531921775)
(30.27034122 11.25716461 -8.734389303)
(31.89727103 11.31869514 -9.090300635)
(34.87229285 8.669719362 -9.669788508)
(35.93691874 7.113035655 -9.29112349)
(39.83061398 3.746783206 -9.418229394)
(43.79589199 0.4568822597 -9.462041536)
(44.98873722 0.7218700966 -9.033982128)
(45.32063159 0.88037147 -8.938916588)
(50 6.666666667 23.33333333)
(-50 10 23.33333333)
(-44.49769143 10.99459642 21.90958092)
(-41.02781164 11.67458058 24.30864748)
(-37.84706494 13.93851361 26.88303471)
(-33.19169245 16.18457844 28.89639853)
(-29.90505851 16.3425709 28.00944859)
(-26.44500227 15.89417687 25.85900192)
(-21.79132282 15.20737439 24.77819285)
(-17.11248453 14.73091434 22.96295568)
(-13.04450507 14.43660053 20.49802597)
(-9.342547513 13.96214402 17.59370301)
(-6.822973697 14.38647964 15.26748448)
(-3.710847412 14.80024785 13.63113747)
(-0.7586447368 15.48162407 11.43288992)
(4.009141551 16.37671779 7.634719394)
(6.826750327 16.80952013 5.405007653)
(12.57957585 17.19794887 0.4163355964)
(15.15603252 16.8639837 -1.036284501)
(20.86129912 15.53018683 -5.079972117)
(26.24640046 14.28211482 -7.55882502)
(26.97913381 12.35911586 -7.717492994)
(30.46847327 12.07674268 -9.021671177)
(33.38105637 10.05960371 -9.719902173)
(34.30081535 8.941520045 -9.746556283)
(36.31256723 8.103925869 -9.689196176)
(33.34940863 10.79995421 -8.856158666)
(37.36078066 7.33582518 -9.11751862)
(41.42755825 4.058891535 -9.392425341)
(42.77810192 4.129615587 -9.424383534)
(43.18601649 4.047922867 -9.543109608)
(50 10 23.33333333)
(-50 13.33333333 23.33333333)
(-44.31476501 13.87138089 24.34725409)
(-39.88187939 15.08317772 26.40764184)
(-35.78351121 17.20712203 28.62259144)
(-31.50821422 19.83541279 29.6526922)
(-27.70864511 19.15783342 26.56422709)
(-23.58495168 17.21616704 24.39029369)
(-18.50930161 16.8194838 24.50751242)
(-14.90991914 16.00140107 22.05244852)
(-11.69621426 14.90301196 18.55832856)
(-7.719239898 14.78037486 15.47676764)
(-4.191363663 16.08009462 12.76130899)
(-0.9942243894 16.51816878 11.15723016)
(2.023924236 17.00040035 8.82443983)
(6.859936889 17.9527341 4.618067343)
(9.781704896 18.24505585 2.319491364)
(15.63847168 18.35252783 -2.789140308)
(18.51737624 17.40770455 -4.13573812)
(23.7554773 15.74985447 -7.364216199)
(27.55341114 15.84115142 -8.244022161)
(29.98843899 11.47250033 -9.412736945)
(29.73521346 15.32710118 -8.368419011)
(31.14410957 14.57914623 -8.904249458)
(31.99213532 13.07419992 -9.128980871)
(34.03574901 11.98401396 -9.201363032)
(34.74045553 12.00891911 -8.065106295)
(34.89094735 10.92486715 -8.816807846)
(39.05922451 7.660900811 -9.322809146)
(40.56746661 7.537361077 -9.81478494)
(41.63147204 7.444058556 -8.497623292)
(50 13.33333333 23.33333333)
(-50 16.66666667 23.33333333)
(-45.68922047 17.37168589 25.47887255)
(-41.33880824 18.99054389 27.16335771)
(-37.40659667 21.31413911 28.94007548)
(-33.31612273 23.91914107 29.78551638)
(-29.30871575 23.06057577 27.54316031)
(-25.84508363 20.39001529 25.49450911)
(-21.30971331 18.21726156 24.13486425)
(-16.81959431 18.70689008 23.918963)
(-13.33644888 17.26280945 21.06285889)
(-10.13939224 16.45706475 17.7371314)
(-5.519140938 16.46718768 14.41364913)
(-0.3663357478 17.62482723 10.66852446)
(4.225372087 18.41170978 6.788588686)
(6.706521388 18.91592079 4.913950927)
(11.2844166 19.48088097 0.8192307731)
(12.99485419 19.75593619 -0.1755895434)
(18.29891518 18.80043427 -4.134568605)
(20.74273902 19.45195705 -4.849119125)
(24.97190975 20.21497384 -6.246777122)
(28.44024376 16.90122864 -8.339379439)
(27.44451946 19.62868633 -6.648853014)
(28.93620475 18.81944584 -7.219378709)
(30.58316687 17.45481927 -7.901567066)
(32.28577434 16.19275134 -8.280126457)
(34.54535779 14.59447609 -7.845753929)
(33.60167295 14.33529386 -7.812542244)
(36.69089077 11.26291009 -9.253192952)
(38.93199591 11.02594721 -8.693396384)
(40.1362364 10.86356564 -7.283466963)
(50 16.66666667 23.33333333)
(-50 20 23.33333333)
(-46.25798898 21.27648148 25.90182163)
(-41.86842342 22.70718456 25.28943421)
(-38.14711366 25.1048527 26.90723291)
(-34.28974201 27.518403 27.48745248)
(-30.41279668 27.31621911 27.08956561)
(-26.789788 24.50771823 25.93374637)
(-23.06108706 21.8714602 24.21806649)
(-19.01327526 22.09902251 23.8727624)
(-14.78614976 20.89740818 22.09030741)
(-11.11595361 20.08660548 19.75629413)
(-7.344914934 19.21022466 16.79580549)
(-3.309823212 18.06890301 12.87511731)
(1.545229925 18.89279233 9.542962591)
(3.77536692 19.47554069 7.892238439)
(8.462578723 20.19060989 4.066167256)
(10.36779636 21.76661061 3.192116649)
(15.07147145 21.17123076 -1.247990206)
(17.8682219 22.69321505 -1.873571155)
(21.91349816 23.56840692 -3.719016444)
(25.94082838 21.49854863 -6.313038269)
(25.13133018 23.71409648 -4.590159639)
(26.65656719 22.81020621 -5.205505301)
(28.66537246 21.54375844 -6.216441588)
(30.29706976 20.10736783 -6.972452502)
(32.697813 18.4884655 -6.339327001)
(34.23489255 17.48129642 -6.251999236)
(35.5509782 14.99027533 -7.381304916)
(37.44854919 14.53590065 -7.172420798)
(38.64100076 14.28307273 -6.069310635)
(50 20 23.33333333)
(-50 23.33333333 23.33333333)
(-45.89759458 25.02975471 24.61065441)
(-42.12678406 25.97979739 22.77732055)
(-38.48310046 28.29329891 24.13184493)
(-35.12300552 31.05496858 25.06973403)
(-31.94812028 31.29170218 26.77046112)
(-28.35293594 28.31886772 26.81012891)
(-25.13283245 25.1259132 25.43460115)
(-21.24396179 25.35837258 24.26266478)
(-17.29641568 24.10041869 22.47353112)
(-13.05821431 23.4450868 21.01330065)
(-9.266515366 22.46021493 18.78872824)
(-5.214594044 20.23064368 15.83107145)
(-1.226773297 19.62743505 12.21201884)
(1.234008344 20.32726974 11.22734889)
(5.633608418 21.16715752 7.312296318)
(7.671718896 23.01943114 6.698728232)
(12.1562963 23.01444651 2.128908621)
(14.32950147 24.30326258 1.332621227)
(18.08593547 25.13035306 -0.9311707663)
(23.03975938 25.30459221 -3.623585923)
(22.73767719 27.05108953 -1.716820578)
(24.35682287 26.62624974 -2.982326572)
(26.52449483 25.14282574 -4.041930133)
(28.46613705 23.96782634 -5.194430506)
(30.42740363 22.3064235 -5.924270408)
(32.60620845 21.20888773 -4.720808981)
(34.44055029 18.72064937 -5.466158622)
(35.96510246 18.04585409 -5.651445212)
(37.14576513 17.70257982 -4.855154307)
(50 23.33333333 23.33333333)
(-50 26.66666667 23.33333333)
(-45.40577929 28.0305878 22.30823563)
(-41.88404434 29.45704311 20.47818061)
(-38.15250549 31.39797462 21.30044123)
(-35.8630213 34.31869872 22.42134809)
(-32.99310732 34.65313555 24.45757491)
(-29.10886505 32.43555203 26.30269109)
(-25.64660737 29.10366283 26.63003506)
(-22.67830134 29.18327278 24.77104613)
(-19.27469562 27.81212108 22.60475303)
(-15.82734718 26.50072493 20.5190345)
(-11.81338959 26.00875537 19.12056353)
(-7.211513817 23.50961013 17.8783371)
(-3.596609664 21.5669017 14.95813665)
(-1.380900415 22.54509377 14.22307653)
(3.083523694 22.50287861 10.73994685)
(4.924862014 24.53789469 10.12301816)
(9.41000376 24.42888251 5.756886671)
(11.13929871 25.72635674 4.922918966)
(14.50749717 26.30237884 2.23613087)
(19.66410194 27.67269621 -0.5497220391)
(19.9948718 29.59524079 1.319578367)
(22.17698479 29.48049236 0.2319039126)
(24.47477613 28.4225363 -1.404223618)
(26.50992948 27.69407098 -3.337839441)
(28.73613382 26.24868168 -4.354412862)
(30.75651161 24.9685737 -3.867060722)
(33.2043618 22.41678905 -4.212515103)
(34.48165574 21.55580753 -4.130469625)
(35.65052949 21.12208691 -3.640997979)
(50 26.66666667 23.33333333)
(-50 30 23.33333333)
(-46.50751478 30.91449512 20.11769915)
(-43.40746111 32.51443447 18.24046212)
(-39.57973488 34.17975665 18.56776654)
(-37.87685413 37.16195074 20.05924094)
(-34.94736117 37.48883555 22.12538475)
(-31.4432718 35.43386421 24.85533799)
(-27.3800394 32.73900332 26.02400572)
(-24.72693709 32.70847292 24.40696315)
(-20.93086681 31.68749963 22.88285459)
(-17.8820931 30.30784687 20.59961833)
(-14.53197858 29.35938044 18.53636905)
(-9.67590361 27.1003837 18.59058297)
(-5.799549388 24.68104176 17.11710847)
(-4.121956739 25.63016609 16.4597107)
(0.1347440425 24.48830291 13.63006117)
(1.800640226 26.7678633 12.93836495)
(6.479439594 25.95493999 9.205733837)
(8.068844041 27.74055163 8.481581242)
(11.53943065 27.82065205 5.937252078)
(16.21658406 29.03406014 2.900864899)
(17.08022033 31.6266896 4.508013855)
(19.60548433 32.01845931 3.301892917)
(22.19981098 31.253125 1.399724405)
(24.86685875 30.50064693 -0.3418034701)
(27.00454289 29.8195013 -2.227863226)
(28.16582823 27.98318873 -3.142140201)
(31.76680162 26.04216439 -2.480007245)
(32.99820901 25.06576097 -2.609494039)
(34.15529385 24.541594 -2.426841651)
(50 30 23.33333333)
(-50 33.33333333 23.33333333)
(-46.77643033 34.13451372 18.03907464)
(-45.06648746 36.05944485 16.74191929)
(-41.34044517 37.69162208 16.80013042)
(-39.1956741 40.12321409 17.45480502)
(-36.6106776 39.8022534 19.31087488)
(-32.77415347 38.69351458 22.73809217)
(-29.09579728 36.21590644 24.75859874)
(-26.2914955 36.44330975 23.51538339)
(-22.55327906 35.48675257 22.09800832)
(-19.0077833 34.57720254 20.3049623)
(-15.94701156 33.66502458 18.33459812)
(-11.98222291 30.73889415 17.82641901)
(-8.169573192 28.33765451 18.17649701)
(-6.65745396 29.78203654 17.24711406)
(-2.727662624 27.9668227 15.36807246)
(-1.40630001 30.47737153 14.11892042)
(3.213578865 28.53990043 11.78527795)
(4.690872539 30.6750517 11.23842075)
(8.723732759 30.17591926 9.504715778)
(13.26749119 30.60468301 6.721293529)
(14.25341207 33.4808876 7.817380984)
(16.76880723 34.17291985 6.344441491)
(19.65693001 33.5370262 4.276309945)
(22.50057692 32.753373 2.401994708)
(25.08467019 32.40454152 0.605140464)
(27.13311437 31.34044895 -0.627786344)
(29.97955825 29.67690047 -1.449112443)
(31.62288712 28.50222804 -1.386512711)
(32.66005822 27.96110109 -1.212685323)
(50 33.33333333 23.33333333)
(-50 36.66666667 23.33333333)
(-46.88062855 37.67318589 16.40658181)
(-46.04670579 39.48424905 14.63239001)
(-43.34513558 40.73425859 14.70692288)
(-41.98441098 41.64872331 15.15049107)
(-39.08507678 41.37959497 16.73905621)
(-34.82726205 40.49271306 20.11198111)
(-30.98303211 39.12467081 22.87263493)
(-28.51708812 39.47883553 22.83520532)
(-24.44139808 39.08416769 22.49192019)
(-20.75079865 38.42041065 21.03357985)
(-17.78378133 37.64106003 19.2347331)
(-14.0870807 34.69147578 17.66073441)
(-10.63650964 32.16611654 17.94879225)
(-9.302878186 33.8614388 17.93936257)
(-5.319287683 32.04795249 16.64408224)
(-4.011569819 34.08706521 16.4439195)
(-0.1657131933 32.02401158 13.4388219)
(1.074465922 33.8935421 13.41191801)
(5.134237215 32.99684903 11.97062988)
(9.915672801 32.41925648 10.07393665)
(11.17010485 34.83390468 10.96120772)
(13.91931523 36.1956372 9.427843017)
(16.95428246 35.53104588 7.163206089)
(19.86092407 34.79235614 5.058936722)
(22.93785667 34.68372857 3.408382281)
(25.68881694 34.42085192 1.872757162)
(28.06474846 33.04338093 -0.4172223813)
(30.46161403 31.88921576 0.561539476)
(31.16112063 31.37240301 -0.1171146178)
(50 36.66666667 23.33333333)
(-50 40 23.33333333)
(-47.63608941 41.45766506 15.38971326)
(-47.75322846 43.3798008 14.37458293)
(-46.61812365 42.96579351 13.93443078)
(-43.58906415 42.90416075 13.85726591)
(-39.99811719 42.6395038 15.78867325)
(-37.19296144 42.06723349 17.6773706)
(-33.27148915 41.0393945 20.64408273)
(-31.44747589 41.21387769 21.54470643)
(-27.5339714 41.49399714 22.80730298)
(-23.67324717 41.0340391 22.21177774)
(-20.16468955 41.15993039 20.36094115)
(-16.45393558 38.25034275 18.76690686)
(-13.23714076 35.888226 18.01235049)
(-11.82305138 38.09110558 17.96865319)
(-7.920410183 36.05948972 18.06873967)
(-6.060351467 37.75166224 18.50647554)
(-2.476159223 35.74068761 16.08834232)
(-1.229328255 37.64251804 16.23538614)
(2.000194436 36.62348881 14.32373323)
(6.008724968 34.9073955 12.50580215)
(7.625734887 37.19860545 12.83490641)
(11.06488119 38.64420474 12.19358409)
(14.28842876 37.77749166 9.978367547)
(17.3074808 36.8806411 7.778277301)
(20.19707869 36.39263825 5.928278621)
(23.67183998 37.11709725 4.351911742)
(26.96893947 35.97466114 2.335740109)
(28.54574297 35.23978549 1.189419288)
(30.2205533 34.53414595 1.778374701)
(50 40 23.33333333)
(-50 43.33333333 23.33333333)
(-48.74341474 44.99210379 14.8535223)
(-45.13123396 44.14781508 15.28067823)
(-43.49860215 43.95626852 14.73738054)
(-40.71492351 43.2815216 16.02246771)
(-37.00792157 43.51261333 17.82830694)
(-35.30387589 43.59140489 18.38486658)
(-33.273842 42.87974451 19.75672156)
(-29.11753069 44.06621349 20.09823955)
(-25.83983908 44.5029571 21.10699651)
(-22.49178138 43.94959296 19.73887202)
(-19.25656656 45.00912401 18.64366077)
(-16.65977913 42.27597471 18.92517681)
(-13.92237502 40.08291888 18.21178488)
(-12.22072512 43.07873132 18.42124284)
(-9.333845952 40.84994784 18.61672654)
(-6.532635418 42.57366652 17.11748661)
(-4.068101127 40.13368316 16.987846)
(-0.5980274515 42.8052068 15.41951429)
(1.159203439 41.84478472 15.25506201)
(4.171302581 39.47877976 14.14163531)
(7.186384996 42.33099053 13.32590851)
(10.10604256 43.62692314 12.31098438)
(13.25742946 42.10107519 11.78346169)
(15.46395062 40.33185363 10.02718543)
(18.15459039 39.48858615 8.167003771)
(21.596283 39.78754146 6.801290057)
(25.02389352 38.62664367 4.802148504)
(27.46660506 38.29977296 3.34537206)
(28.96282066 37.73863273 3.168179279)
(50 43.33333333 23.33333333)
(-50 46.66666667 23.33333333)
(-45.67529401 45.61941132 15.58145467)
(-42.5186636 44.08166161 17.3616006)
(-40.58152972 44.45737968 16.71809804)
(-37.70703132 44.22073487 18.09160617)
(-33.7916862 44.71203487 19.50595307)
(-32.16737218 44.87277427 19.77939544)
(-30.41790554 44.9787714 20.17342134)
(-26.05996284 46.21746331 19.44188299)
(-24.14676083 46.56520972 19.24819098)
(-21.17710866 46.93890626 18.72178741)
(-16.99668472 46.20282364 18.70257527)
(-16.09779012 46.34192512 18.32920732)
(-14.92308229 44.57695239 18.07922801)
(-9.025036533 44.4874166 16.82012426)
(-8.250355535 44.4693607 16.77206162)
(-2.836040665 44.31553681 15.60145)
(-2.092233228 44.28045524 15.62832931)
(3.479816349 45.37755034 13.71597003)
(4.365655975 45.33179518 13.53664261)
(5.293725106 44.8978513 13.39418193)
(9.976436285 45.80038989 11.84141868)
(13.40473352 46.56242365 10.72817269)
(14.50526266 46.60682739 10.61124021)
(16.35157524 44.92325251 9.872153885)
(18.3545152 44.18492105 8.32815907)
(21.21268222 44.24208409 7.322730385)
(23.80637918 42.34913743 6.497733747)
(26.28062227 41.11088454 5.851856658)
(28.41546527 41.24871228 4.676783665)
(50 46.66666667 23.33333333)
(-50 50 23.33333333)
(-46.66666667 50 23.33333333)
(-43.33333333 50 23.33333333)
(-40 50 23.33333333)
(-36.66666667 50 23.33333333)
(-33.33333333 50 23.33333333)
(-30 50 23.33333333)
(-26.66666667 50 23.33333333)
(-23.33333333 50 23.33333333)
(-20 50 23.33333333)
(-16.66666667 50 23.33333333)
(-13.33333333 50 23.33333333)
(-10 50 23.33333333)
(-6.666666667 50 23.33333333)
(-3.333333333 50 23.33333333)
(0 50 23.33333333)
(3.333333333 50 23.33333333)
(6.666666667 50 23.33333333)
(10 50 23.33333333)
(13.33333333 50 23.33333333)
(16.66666667 50 23.33333333)
(20 50 23.33333333)
(23.33333333 50 23.33333333)
(26.66666667 50 23.33333333)
(30 50 23.33333333)
(33.33333333 50 23.33333333)
(36.66666667 50 23.33333333)
(40 50 23.33333333)
(43.33333333 50 23.33333333)
(46.66666667 50 23.33333333)
(50 50 23.33333333)
(-50 -50 30)
(-46.66666667 -50 30)
(-43.33333333 -50 30)
(-40 -50 30)
(-36.66666667 -50 30)
(-33.33333333 -50 30)
(-30 -50 30)
(-26.66666667 -50 30)
(-23.33333333 -50 30)
(-20 -50 30)
(-16.66666667 -50 30)
(-13.33333333 -50 30)
(-10 -50 30)
(-6.666666667 -50 30)
(-3.333333333 -50 30)
(0 -50 30)
(3.333333333 -50 30)
(6.666666667 -50 30)
(10 -50 30)
(13.33333333 -50 30)
(16.66666667 -50 30)
(20 -50 30)
(23.33333333 -50 30)
(26.66666667 -50 30)
(30 -50 30)
(33.33333333 -50 30)
(36.66666667 -50 30)
(40 -50 30)
(43.33333333 -50 30)
(46.66666667 -50 30)
(50 -50 30)
(-50 -46.66666667 30)
(-41.68266705 -46.52106946 23.50827033)
(-38.97862513 -46.61112441 22.58594163)
(-37.64921914 -46.86311125 23.5657646)
(-35.538585 -46.88836162 23.91929849)
(-34.80223974 -47.1004229 24.19949135)
(-26.03841447 -45.87691305 25.26608696)
(-23.97054048 -45.37125937 27.37404619)
(-20.92709179 -44.53378582 27.52600877)
(-18.12922906 -45.76330427 27.16471504)
(-15.81926944 -46.24774531 25.58764228)
(-13.95925675 -46.04304774 24.92544632)
(-10.92009071 -45.20712111 23.40059064)
(-7.846157403 -44.06241362 21.7602347)
(-5.753358172 -43.58184328 20.89706551)
(-4.797135832 -43.63088781 21.02303561)
(0.9724061773 -43.26020409 16.72785191)
(4.129586878 -43.24913864 15.66525516)
(6.617692834 -44.5840689 14.3953231)
(10.66450712 -47.40500035 14.71724574)
(12.01242239 -47.64697755 13.82926066)
(14.60396529 -46.59700102 13.62860425)
(17.62195628 -47.12469056 13.11048652)
(20.39098604 -49.09021684 13.65848682)
(23.59948531 -49.41391737 12.90999442)
(26.64431246 -48.99973117 11.77898168)
(29.96635839 -48.78284792 11.15644764)
(33.16483663 -50.51950419 11.68503637)
(35.45714061 -50.91232468 11.29783292)
(38.97950756 -50.23527834 10.28149205)
(50 -46.66666667 30)
(-50 -43.33333333 30)
(-40.29364556 -42.73813809 23.01925103)
(-36.83303466 -42.99532679 21.93977166)
(-34.39271755 -45.05790326 21.93393543)
(-31.78724468 -45.13852468 23.44729709)
(-30.90933099 -45.67814659 24.42079762)
(-26.42461017 -42.21532698 27.41707319)
(-23.3388799 -41.54959361 28.93481924)
(-20.0591518 -40.41663606 28.18974788)
(-16.96071409 -41.57228734 26.70483216)
(-13.80606757 -42.37472215 25.21471807)
(-10.81969159 -43.3996326 23.69393409)
(-8.105754557 -42.32989066 21.67681323)
(-5.242584122 -41.15301521 19.86044805)
(-2.40732675 -41.90328926 17.98295429)
(-1.432733837 -42.29220992 17.95434222)
(3.453977974 -38.68917369 15.6729582)
(6.907449187 -38.74664983 14.98987301)
(9.688848229 -40.0129813 14.58154989)
(10.98277861 -43.13710616 13.02753334)
(14.69245301 -42.56549456 12.73653873)
(17.66060439 -42.43100435 12.18272285)
(21.03474098 -43.55431617 11.62614235)
(22.73421601 -46.05390817 11.07939804)
(25.97166562 -46.48020351 10.93824061)
(29.98064289 -46.61140203 9.931034895)
(33.58611604 -47.6453514 9.507335451)
(35.15256042 -49.70240156 10.75128535)
(38.73368017 -49.23431407 9.960176177)
(41.83379569 -48.66950802 8.707420073)
(50 -43.33333333 30)
(-50 -40 30)
(-42.22916994 -39.22256507 22.79078052)
(-38.94566279 -39.89710711 23.80059767)
(-35.31512654 -41.50803849 22.63172468)
(-31.67788667 -41.90081475 24.06113584)
(-28.1973543 -42.76587369 25.08335005)
(-26.80958058 -38.49703163 28.9778342)
(-25.3181431 -38.03023655 29.7622894)
(-21.62206395 -36.9361088 29.87936742)
(-18.33092044 -37.7011775 28.01917347)
(-15.001199 -38.11583665 26.16225321)
(-11.71969237 -38.86604305 23.98862238)
(-7.919852475 -37.76211588 22.63982101)
(-4.638669691 -36.52315032 20.76788892)
(-2.04614066 -36.8228136 18.33282292)
(1.219818264 -38.23385321 16.94890779)
(3.604047882 -33.72184197 17.43546851)
(6.444210329 -33.56398159 16.5584312)
(10.07744267 -34.68319241 16.72335775)
(11.39246328 -37.78840728 15.16930118)
(15.47077518 -36.81331729 13.67383616)
(18.51748211 -37.13119745 12.66851827)
(21.73442987 -38.29597036 11.24341468)
(24.08500728 -41.53140716 11.31437499)
(27.62751401 -42.28095623 10.25084711)
(31.21328253 -42.3363899 8.753170779)
(34.45260586 -43.68005546 7.557466939)
(36.40929741 -46.26955912 8.763412019)
(40.21850574 -46.38924256 7.519558996)
(43.18269663 -45.38744401 7.227038877)
(50 -40 30)
(-50 -36.66666667 30)
(-42.40228054 -35.89348819 24.77235222)
(-38.52707647 -36.23529044 26.06647092)
(-35.10613664 -38.36965149 25.67121512)
(-31.27197379 -38.7868308 27.193084)
(-28.00230138 -39.55443455 28.02011171)
(-26.28014572 -34.74579793 30.98980953)
(-23.60634049 -34.34743954 30.91188694)
(-20.05337748 -32.9543202 29.87612776)
(-16.5773692 -33.79452562 28.40417971)
(-13.30067371 -33.96387716 26.25383352)
(-9.879156753 -34.73282064 24.35168211)
(-6.453767943 -33.3819217 22.52683139)
(-3.072812767 -32.15548306 20.77572154)
(0.2675988894 -32.34742244 18.57019074)
(2.718179889 -33.14475993 17.46847691)
(5.589750841 -28.68017015 18.03873439)
(9.431559423 -28.88676349 16.66787844)
(11.80992109 -29.78937962 15.20584419)
(14.68246901 -33.10869656 15.31772341)
(17.58234344 -31.55740286 12.93824449)
(20.03837815 -32.27049179 11.05731243)
(22.95446643 -33.58139655 9.372642368)
(25.32227515 -37.19688124 9.698364769)
(28.93652533 -37.86497528 9.144504887)
(33.01400285 -38.1329691 7.573769602)
(35.34856878 -39.73031055 6.758001627)
(38.53766898 -43.35743478 6.372725492)
(41.75492908 -42.81959193 5.866966777)
(42.59125782 -41.40513826 6.394479839)
(50 -36.66666667 30)
(-50 -33.33333333 30)
(-41.17732804 -32.86504784 26.91863323)
(-37.83576129 -33.25483664 28.90987581)
(-34.04189331 -34.75709235 28.07391612)
(-30.33904985 -34.92733116 29.32960483)
(-27.36307567 -35.55428068 29.98675104)
(-26.11583415 -30.58062925 32.153843)
(-22.89651425 -30.21281166 31.62756089)
(-19.54192626 -28.76108915 30.36975662)
(-16.63334067 -29.39853369 27.85223459)
(-13.04151304 -29.62555938 27.38475653)
(-9.271892452 -30.32747829 25.7594618)
(-6.297333554 -29.27758135 24.4561322)
(-3.162608333 -28.02174346 22.70878116)
(0.3067186283 -27.72018649 20.48163336)
(3.472221462 -27.90113899 17.98476961)
(4.021096818 -24.20838763 16.14342015)
(7.394548951 -24.42962155 14.51853546)
(10.25544993 -24.68348568 13.1425253)
(13.40187308 -27.74641493 14.19358918)
(14.95137309 -26.38961447 11.81776079)
(18.72431127 -27.1931616 10.38255136)
(21.1610371 -28.56612327 9.500077439)
(25.04477526 -32.5366608 8.758459908)
(28.71605649 -33.58014923 8.033461852)
(30.93381981 -33.92541266 7.754426392)
(33.25247285 -35.69650838 7.239098835)
(36.6003593 -39.55036695 6.184834399)
(40.31322726 -39.12776346 4.88205597)
(41.99981901 -37.42283252 5.5619208)
(50 -33.33333333 30)
(-50 -30 30)
(-42.59251881 -29.55705789 28.49204726)
(-39.33132425 -29.64823399 30.46298863)
(-35.22120366 -31.26366101 30.53782571)
(-31.56126861 -30.84539315 30.92248186)
(-27.84052714 -31.44889703 31.7595239)
(-26.70239375 -26.5642421 31.65433743)
(-23.86528893 -26.51463868 32.96407735)
(-20.84076054 -25.4827295 32.31092262)
(-17.81278506 -25.81065636 29.88650174)
(-14.73279792 -25.9646307 29.24669505)
(-10.78868283 -26.85219912 28.26910205)
(-7.513809132 -25.74835493 26.57486606)
(-4.878528288 -24.33431444 23.83244377)
(-2.802327019 -23.94772851 21.47204095)
(0.5088375202 -24.04564124 18.8230463)
(3.668990139 -19.71495275 15.65446628)
(5.726185259 -19.51146855 14.8675702)
(8.442777689 -19.25982031 12.9633249)
(11.66296201 -22.50930864 12.36113295)
(12.76198894 -21.83055271 10.4048354)
(15.41157486 -22.99353878 9.92265879)
(18.45476809 -24.26540867 8.76030063)
(23.05424478 -27.92153194 8.600890688)
(26.4619151 -29.316558 7.652788379)
(28.56835372 -29.84876058 7.218983153)
(31.35329155 -31.58256357 7.176389606)
(34.56419591 -35.70897923 7.287719926)
(37.34260926 -36.89945249 6.17738621)
(39.95947185 -34.77861082 5.339752043)
(50 -30 30)
(-50 -26.66666667 30)
(-44.04145669 -26.12222613 27.02488611)
(-40.81160575 -26.09768187 28.65400952)
(-37.01174528 -27.22570691 30.57490604)
(-33.3853911 -26.86615685 30.1814278)
(-29.442212 -27.49703131 30.99999554)
(-25.78021823 -22.53901769 30.97667281)
(-23.66450392 -22.73532221 31.18459684)
(-20.21909311 -21.34856954 31.27239337)
(-16.98207607 -21.79578474 30.5976967)
(-12.78011391 -22.00534712 29.98635361)
(-9.712197569 -22.56136742 28.16737532)
(-6.645312899 -21.37935507 25.07225837)
(-3.809068103 -20.01099473 22.09277803)
(-1.48503301 -19.28761389 19.67163688)
(0.8513147079 -19.31961476 17.54719799)
(4.993235451 -15.38626835 12.84574439)
(6.627890063 -15.16348489 11.61178176)
(8.968212179 -14.60680131 9.560583221)
(11.12455678 -17.54230745 9.763064531)
(13.61955703 -16.89380947 7.294033112)
(15.89906905 -18.42260071 7.267527087)
(19.03540086 -19.88244632 5.886131395)
(21.74606998 -23.77598955 6.909969831)
(25.15293754 -25.21780947 6.17138861)
(28.37027381 -25.55353945 5.258923268)
(31.04028994 -27.25915218 5.693416459)
(32.94164045 -31.54451978 7.306696675)
(35.44297458 -33.36549049 7.197408638)
(38.26144744 -31.16960117 5.649246522)
(50 -26.66666667 30)
(-50 -23.33333333 30)
(-43.10976201 -22.37286068 27.77739243)
(-38.98731864 -22.17754245 28.45264361)
(-35.6055957 -24.23778998 28.37861886)
(-31.22743687 -23.24893375 28.50943826)
(-27.91545167 -23.44031553 30.38020837)
(-24.88596302 -18.22722389 31.17003564)
(-21.86416969 -18.87777002 31.47058716)
(-18.14180446 -17.63856089 31.32198053)
(-14.78354409 -18.09283273 30.71151926)
(-11.03058083 -18.13886297 28.55280229)
(-8.427191265 -18.65628045 26.15790677)
(-5.314772584 -17.52773851 22.84849274)
(-2.285184175 -16.11924479 19.85730363)
(0.367256697 -15.15873027 17.35809306)
(2.684411493 -15.01388318 15.23621481)
(6.06049224 -11.50575119 9.393705695)
(7.538734386 -11.00835946 8.145414808)
(9.942161188 -10.24319438 5.944156298)
(11.77421709 -12.93049947 6.410117527)
(15.23825781 -12.40772956 3.945514682)
(16.74592392 -14.27435513 3.967079082)
(20.5911838 -15.3875282 3.547147751)
(22.29583725 -19.60893878 4.378590674)
(25.49880107 -21.17285875 3.637255946)
(28.8903157 -21.87541092 2.428902912)
(31.51232386 -23.87576685 2.979827707)
(32.30543707 -27.43743683 5.693230183)
(34.97377451 -29.35965247 5.888419762)
(39.24238259 -27.65394243 4.448647821)
(50 -23.33333333 30)
(-50 -20 30)
(-43.20400657 -18.35203855 28.55715439)
(-38.9561115 -17.98712884 29.63510076)
(-35.27372881 -19.92694408 27.7990723)
(-31.34381271 -18.59887489 28.80817718)
(-27.36886559 -18.91245611 30.45869801)
(-24.25334389 -13.86215341 31.60023905)
(-20.88673216 -14.69516032 31.93058176)
(-17.13269387 -13.596102 30.26341392)
(-13.25245151 -14.21812701 29.6672622)
(-10.0497984 -14.18093688 26.67453653)
(-6.92396488 -14.6596323 24.40160857)
(-3.706918266 -13.62200903 20.93630658)
(-1.063299196 -12.39405081 17.23217229)
(1.434558139 -11.41137442 14.13349493)
(3.837733565 -11.22760131 11.93233044)
(7.093571362 -7.481864956 6.063878378)
(8.596182771 -6.68575804 4.920898393)
(11.68800235 -5.823660705 2.722593573)
(13.42229139 -8.526868745 3.239147526)
(18.01036025 -8.260084325 1.035838907)
(19.56205853 -10.57807613 1.492021124)
(23.53200426 -12.24696649 0.7749865976)
(24.43223677 -15.77739435 2.300322063)
(27.00070292 -17.36330492 1.387716893)
(31.79708235 -19.21714335 0.6341433734)
(34.63561709 -21.8431201 1.07867542)
(34.32435967 -24.93038414 3.254216263)
(37.58373365 -26.90881433 4.199823633)
(42.28258708 -25.61792577 3.503029487)
(50 -20 30)
(-50 -16.66666667 30)
(-44.01277509 -14.56369586 28.93115149)
(-39.41462428 -13.73812466 28.51433036)
(-34.98657167 -15.32306242 27.6922721)
(-31.32865651 -14.06680902 29.90865944)
(-26.95155159 -14.34731606 31.05771853)
(-23.66350807 -9.69706859 31.31266356)
(-19.80847352 -10.91171585 30.50549268)
(-15.7903951 -9.640173423 29.29217686)
(-11.73201975 -10.5288595 28.00247563)
(-8.049422084 -10.56314494 25.04798082)
(-5.53058861 -10.98635838 22.07615491)
(-2.612787116 -10.2468271 18.04646546)
(0.2276354112 -8.926982933 14.35550871)
(2.556109868 -7.937851064 10.68001429)
(4.904094275 -7.938238308 8.184265396)
(8.294443078 -2.950838581 3.549824838)
(10.02315597 -2.119065353 2.16765313)
(14.15606343 -1.34237096 0.1081535725)
(16.38467304 -4.542706663 0.5774873156)
(20.86276141 -3.768705407 -1.320285007)
(22.96011431 -7.337292869 -0.8619256828)
(27.1178378 -9.268067649 -1.241837691)
(27.56857517 -12.83276481 0.0968646005)
(30.43426436 -14.70761344 -0.2007133469)
(35.50958423 -16.9022179 -0.3028783851)
(38.15264009 -19.58924449 0.3557724498)
(38.03848182 -23.46327514 2.253411383)
(40.50740151 -24.38172365 2.970282845)
(43.90839886 -22.54439254 2.05421627)
(50 -16.66666667 30)
(-50 -13.33333333 30)
(-44.5134359 -12.11022694 26.05420977)
(-39.84872887 -10.71969007 25.58392172)
(-35.23678557 -10.7384013 27.30905488)
(-31.63848822 -9.402028144 30.18100949)
(-27.00691265 -9.743418654 31.49315627)
(-23.48026137 -5.967731142 29.1083945)
(-19.0000426 -7.262332472 28.51083103)
(-14.90792203 -5.930286445 27.44237812)
(-10.76447052 -6.957906937 25.82057199)
(-6.903198895 -7.05602983 22.63755422)
(-4.322154118 -7.442967374 19.48238802)
(-1.558046211 -6.907040649 15.10951152)
(0.8570384971 -5.714009608 11.05360932)
(3.429640116 -4.372159932 7.230911154)
(6.254046866 -4.12934223 5.000517281)
(9.462231514 2.158757095 2.644830863)
(11.79137821 3.027524683 0.9106615794)
(16.22456949 4.062892297 -0.8350878114)
(18.58157242 0.332853908 -1.45345199)
(23.28650116 1.287055022 -3.213533757)
(25.67623115 -3.303729102 -2.98360475)
(29.66313939 -5.29899212 -3.513918184)
(31.08204195 -9.955587383 -1.569901268)
(34.12892525 -12.24558237 -1.3830864)
(38.56302933 -13.92233514 -1.813654674)
(41.11120797 -16.69040634 -0.9838177995)
(40.86259927 -20.43532444 0.928143776)
(43.17706386 -21.65513 1.558096177)
(45.80401543 -19.29936919 1.021062677)
(50 -13.33333333 30)
(-50 -10 30)
(-44.0208591 -8.318220062 25.54810643)
(-41.72495837 -6.866470711 24.86388063)
(-36.5795437 -6.652949701 25.89417842)
(-31.98376285 -5.437513894 27.94563192)
(-27.14810618 -5.582786596 30.15665771)
(-23.33642909 -2.18455175 27.17426071)
(-18.17322313 -3.208232965 27.35009506)
(-14.11751409 -1.822598352 26.56549132)
(-9.926605573 -3.056793641 24.10506982)
(-6.257967071 -3.192012176 20.4805939)
(-3.567260982 -3.606256611 17.09647751)
(-1.233584195 -3.26354599 12.31748427)
(1.108461811 -1.996098942 8.163392828)
(4.301980196 0.186812024 4.990276328)
(7.587662878 0.4533567516 2.930350284)
(10.41929488 7.516646568 3.298142956)
(14.00792802 8.161445414 1.278249148)
(18.48200388 9.364234699 -1.026782958)
(20.69141502 5.600025407 -2.696618151)
(26.85022161 4.817917487 -4.542042711)
(28.07583008 1.329183225 -4.445166475)
(32.37136279 -0.921962726 -4.715303937)
(33.78005993 -6.345789415 -3.577194462)
(37.03763663 -9.054664324 -3.196742516)
(41.99274803 -11.72036328 -3.325690568)
(44.88517236 -15.66381695 -1.644131794)
(44.51398885 -18.65800357 -0.007256110414)
(45.41694045 -18.47631265 0.1249878799)
(47.77710811 -16.12045453 -0.3324262364)
(50 -10 30)
(-50 -6.666666667 30)
(-43.04088047 -4.717195496 24.01712424)
(-40.58221179 -2.996932551 23.8476075)
(-36.56807728 -2.625664682 23.99725024)
(-32.59314732 -1.004526937 26.8814065)
(-27.58358825 -1.24482084 28.88132922)
(-22.763987 1.818297095 28.55193015)
(-17.62724028 0.9779714921 28.15517636)
(-13.3151508 2.160379229 27.43231226)
(-9.511421355 1.210106464 24.55126297)
(-6.178443569 1.289902645 20.76017681)
(-3.402380387 0.8253299509 16.46870192)
(-0.9144086851 1.303530834 12.25172109)
(1.94166812 2.582473531 8.313268482)
(5.524297237 5.090766072 5.553448945)
(8.899995978 5.402849234 2.664435875)
(11.9250796 12.38395768 4.091746424)
(15.24024369 12.71849014 2.285084907)
(17.55908369 13.24324684 1.143679274)
(22.3991368 9.39738125 -2.360361438)
(23.57392506 9.412474906 -2.945476366)
(29.63954781 5.159794861 -4.922288113)
(32.28956907 2.278326553 -4.977910096)
(36.27953848 -3.65780973 -4.567077649)
(39.76332598 -7.954413906 -4.040305054)
(41.88917942 -10.13657761 -3.379468718)
(44.29231771 -13.17736552 -2.139890731)
(46.84021688 -15.1971411 -1.403208067)
(46.66822407 -14.85465263 -1.262247583)
(49.75020079 -12.94153988 -1.68591515)
(50 -6.666666667 30)
(-50 -3.333333333 30)
(-42.25920974 -1.0908022 22.57603119)
(-37.84356866 0.2008198161 23.17292323)
(-34.54854805 1.165011068 25.32627455)
(-31.00161931 2.824482926 28.78527697)
(-26.73900031 2.636599063 30.50118647)
(-22.0268794 3.979549905 31.63985945)
(-17.21966072 4.200561872 30.73584911)
(-13.87675797 6.035391772 28.70317679)
(-10.07593809 5.275123279 25.98228575)
(-7.304408024 5.310109841 22.3258052)
(-4.026990528 4.953443944 18.12285604)
(-1.417751048 5.120289109 14.62414138)
(1.511215961 5.983465319 11.21231684)
(4.460875113 8.357607838 8.845501604)
(8.867878269 9.534096463 4.900719531)
(11.18859493 14.25638047 6.237599394)
(14.53048401 14.75357819 3.857957686)
(20.37716444 13.69217415 -0.6691108638)
(21.99093702 13.49638288 -1.332516131)
(22.49414392 14.21875241 -1.050478152)
(27.5453953 10.15061786 -4.090002765)
(30.03037333 7.121430392 -4.963029869)
(34.12146228 0.9135743892 -4.989427584)
(38.10477328 -3.394730179 -4.644854148)
(39.61934623 -6.028513862 -4.096945676)
(42.23656886 -9.277020199 -3.306559555)
(46.67678816 -11.95821052 -2.635501926)
(47.56416155 -11.13125325 -3.086113661)
(51.04404556 -9.705813331 -3.096133086)
(50 -3.333333333 30)
(-50 0 30)
(-43.40483677 2.782142516 22.00854496)
(-38.96686266 4.046473714 21.81567961)
(-36.30459427 4.414236657 25.98669916)
(-33.88235664 5.588942953 30.02631257)
(-29.02144604 5.375989155 32.2763418)
(-23.92107268 6.318824005 33.85629394)
(-19.10651421 7.011228294 32.80753332)
(-15.39719988 8.738258806 30.80873877)
(-12.15273388 8.731142663 27.03686372)
(-8.278874915 9.286734399 23.80504565)
(-4.840073344 9.023340475 20.06241958)
(-1.479486842 9.414075974 16.36950727)
(1.823270125 10.34564305 12.97330804)
(5.450374027 13.20859242 10.42928502)
(8.79892149 13.58180125 7.177319065)
(12.30727427 16.08849925 5.750939451)
(16.93896463 15.7864903 1.651775314)
(18.76653199 15.45867228 0.8847379049)
(20.75210445 14.84589606 -0.1488418521)
(26.39342946 13.16075149 -3.555375653)
(27.83838423 12.0794778 -4.112747404)
(29.37103279 11.4760071 -4.437514511)
(33.65217846 5.394004619 -5.614467554)
(36.44622058 1.164953548 -5.249403243)
(38.10697258 -1.750364525 -4.834041759)
(40.59265172 -5.185220457 -4.340864006)
(43.92530767 -8.956515451 -3.817435439)
(48.76004498 -7.146678228 -4.139299564)
(49.85560681 -5.950615989 -3.887851507)
(50 0 30)
(-50 3.333333333 30)
(-43.28734272 6.381640796 22.52790987)
(-39.01846252 6.725304768 24.80869416)
(-36.52413611 7.324509629 29.01980124)
(-33.63537489 8.750087693 33.10344798)
(-28.77220305 8.899314739 34.69316612)
(-24.07211483 10.06564813 34.78847789)
(-19.57532766 11.26774455 32.93784412)
(-15.49942668 13.06351876 30.74359641)
(-12.46279504 13.12692001 27.47944841)
(-10.01123745 12.86705775 24.40567504)
(-5.946745213 13.00517679 21.26864786)
(-2.017274973 13.74617829 17.89182376)
(1.715678112 14.60027857 14.70620192)
(4.239837712 15.55206238 13.06598322)
(8.064334628 16.12851053 9.588139506)
(9.141633807 16.25080906 9.375351253)
(13.51550158 16.77832649 5.209989312)
(14.92217025 16.8902538 4.410902509)
(18.89559394 16.20820406 1.608399941)
(22.96612742 15.27426655 -1.212905173)
(26.20998647 14.14086115 -2.977872088)
(27.66482236 13.49960163 -3.614200704)
(31.82607982 9.50103837 -5.248790525)
(35.41139738 5.940735397 -5.787661522)
(38.15119036 2.97039859 -5.768746085)
(40.86995589 -0.6585838786 -5.351994186)
(44.10904384 -4.50616889 -4.861408747)
(47.24588355 -3.350599925 -5.343524728)
(47.52693578 -2.798135678 -4.546971165)
(50 3.333333333 30)
(-50 6.666666667 30)
(-44.0103782 8.711081651 25.46431453)
(-39.88302046 9.335516018 27.93424609)
(-37.56398422 10.46096805 31.8799819)
(-34.38593602 12.78070757 35.06321699)
(-29.75320486 13.32634746 35.46004495)
(-25.56937438 13.94113097 33.78046865)
(-21.86734199 14.10737808 32.15042511)
(-18.10372508 14.55147034 30.81421544)
(-14.51008092 14.95415557 29.94706118)
(-11.16014686 13.81736917 26.76559137)
(-9.033540046 13.2555657 23.87357818)
(-4.765223405 14.00217944 20.80894851)
(-1.090263994 15.04177163 17.72587377)
(1.566680718 15.54015919 16.16513248)
(4.928905728 16.28793163 13.05065288)
(10.08316608 16.89579747 8.496521638)
(12.26087263 17.1978625 6.796184493)
(17.82825489 16.60342809 2.182279183)
(23.1579548 15.43980102 -1.046068222)
(23.97319458 14.75916548 -1.622994381)
(27.46040784 13.78652847 -3.671187391)
(30.90097831 11.67448261 -4.982970148)
(32.37278051 11.74160681 -5.371237056)
(35.31522856 8.851815061 -6.003405645)
(36.17360832 7.153614653 -5.590316535)
(40.11824555 3.481339255 -5.728977521)
(44.14097308 -0.1076435955 -5.776772585)
(45.13922848 0.1814340448 -5.309798685)
(45.19826476 0.3543446339 -5.206090823)
(50 6.666666667 30)
(-50 10 30)
(-44.30051186 11.08501428 28.44681555)
(-40.81821876 11.82681518 31.06397907)
(-37.65134357 14.29656031 33.8724015)
(-32.8757857 16.74681285 36.06879839)
(-29.59339717 16.91916826 35.10121664)
(-26.12182066 16.43001113 32.75527482)
(-21.34810975 15.68077207 31.57621038)
(-16.54695282 15.16099747 29.59595166)
(-12.41218735 14.83992785 26.90693742)
(-8.676718498 14.32233893 23.7385851)
(-6.231122821 14.78525051 21.20089216)
(-3.139106268 15.23663401 19.41578633)
(-0.2215518341 15.97995353 17.01769809)
(4.676639268 16.95641941 12.87423934)
(7.447363994 17.42856741 10.44182653)
(13.42014335 17.85230785 4.999638832)
(15.92779306 17.48798222 3.414962363)
(21.84868995 16.03293109 -0.9963332183)
(27.42031565 14.67139798 -3.700536385)
(27.91663082 12.57358094 -3.873628721)
(31.42015265 12.26553746 -5.296368557)
(34.29448573 10.06502223 -6.058075098)
(34.99482886 8.845294594 -6.087152309)
(36.88643697 7.931555494 -6.024577646)
(33.35087002 10.87267731 -5.115809454)
(37.42388193 7.093627469 -5.400929404)
(41.55733627 3.518790766 -5.700827645)
(42.72762633 3.595944276 -5.735691128)
(42.86959374 3.506824946 -5.865210481)
(50 10 30)
(-50 13.33333333 30)
(-44.10095577 13.92029431 31.10609537)
(-39.56811085 15.24225449 33.3537911)
(-35.40019404 17.55928463 35.77009975)
(-31.039264 20.42651093 36.89384604)
(-27.19730982 19.68733343 33.52461137)
(-23.00176547 17.56915192 31.15304766)
(-17.76772297 17.13640657 31.28092264)
(-14.14415422 16.24395268 28.60267111)
(-10.94132465 15.04571002 24.79090389)
(-6.905837464 14.91192409 21.42920106)
(-3.360275511 16.32980019 18.46688254)
(-0.1755175158 16.80769927 16.71697835)
(2.813977955 17.33377008 14.17211618)
(7.786597818 18.37267963 9.583346192)
(10.6709508 18.69157608 7.07580876)
(16.75712062 18.80881824 1.502756027)
(19.59471348 17.77810194 0.03374023311)
(25.00597524 15.96953821 -3.488235854)
(28.84614548 16.06913488 -4.448024175)
(31.1995092 11.30333369 -5.722985758)
(30.62023286 15.50835281 -4.583729831)
(31.85418014 14.69240195 -5.168272136)
(32.47626884 13.05064234 -5.413433678)
(34.40263529 11.86134856 -5.492396035)
(34.86837572 11.88851781 -4.252843231)
(34.72951832 10.70591568 -5.072881286)
(38.97369946 7.145225127 -5.624882705)
(40.31602418 7.010454508 -6.16158357)
(41.17372707 6.90866994 -4.724679955)
(50 13.33333333 30)
(-50 16.66666667 30)
(-45.60036172 17.43577854 32.34058823)
(-41.15748778 19.20180546 34.17820841)
(-37.17083273 21.73663661 36.11644598)
(-33.01152783 24.57845693 37.03874514)
(-28.94284143 23.64184023 34.59253852)
(-25.46736396 20.72850153 32.3576463)
(-20.82271755 18.35822473 30.87439736)
(-16.22743621 18.89236493 30.63886873)
(-12.7306715 17.31700425 27.52311878)
(-9.54600366 16.43801003 23.89505244)
(-4.808759811 16.44905323 20.26943542)
(0.5094519115 17.71193274 16.18384487)
(5.215557428 18.57035006 11.95118766)
(7.619235454 19.12039844 9.906128284)
(12.31027266 19.73671864 5.439160843)
(13.87317427 20.03677888 4.353902316)
(19.35639232 18.99441315 0.03501606722)
(21.71935166 19.70516527 -0.7444935905)
(26.02996215 20.53754722 -2.269211406)
(29.51056896 16.92255245 -4.552050297)
(28.12129396 19.89796085 -2.707839652)
(29.4455567 19.01515304 -3.330231319)
(30.93921234 17.52646951 -4.0744368)
(32.493572 16.14966813 -4.48741068)
(34.65554183 14.40609513 -4.013549741)
(33.32303715 14.12335087 -3.977318812)
(36.39006265 10.77165949 -5.548937765)
(38.53187433 10.51315454 -4.938250601)
(39.54256092 10.33601101 -3.400145778)
(50 16.66666667 30)
(-50 20 30)
(-46.22083646 21.39252525 32.80198723)
(-41.73524979 22.95329224 32.13392823)
(-37.97866945 25.56893022 33.89879954)
(-34.07365795 28.20189418 34.53176634)
(-30.14729334 27.98132994 34.09770793)
(-26.49795055 24.9175108 32.83681422)
(-22.7333071 22.04159295 30.96516345)
(-18.62054271 22.28984273 30.58846808)
(-14.31216337 20.97899074 28.64397172)
(-10.61134333 20.09447871 26.09777542)
(-6.800513262 19.1384269 22.86815144)
(-2.701625322 17.89334874 18.59103707)
(2.291765979 18.79213709 14.95595919)
(4.421612397 19.42786257 13.15516921)
(9.231904061 20.20793806 8.981273371)
(11.007293 21.92721157 8.027763617)
(15.83554461 21.27770629 3.184010684)
(18.5835148 22.93805278 2.50155874)
(22.69351314 23.89280755 0.488345697)
(26.78393399 21.63478032 -2.341496293)
(25.59781474 24.05174162 -0.4619923331)
(26.95867936 23.0656795 -1.133278511)
(28.84707299 21.68410011 -2.236118096)
(30.3240761 20.11712854 -3.060857275)
(32.64003843 18.35105327 -2.37017491)
(34.01382218 17.25232336 -2.274908257)
(35.14652167 14.53484581 -3.506878091)
(36.91356881 14.03916435 -3.279004507)
(37.91139477 13.76335207 -2.075611602)
(50 20 30)
(-50 23.33333333 30)
(-45.82767894 25.18397483 31.39344117)
(-42.01709776 26.22038503 29.3934406)
(-38.3452005 28.74420487 30.87110356)
(-34.98267269 31.75693542 31.89425531)
(-31.82219182 32.01519025 33.74959395)
(-28.20320284 28.77209812 33.7928679)
(-24.99339297 25.288875 32.29229217)
(-21.05401892 25.54246706 31.01381612)
(-17.05063529 24.17015373 29.06203395)
(-12.73017318 23.45524621 27.46905526)
(-8.896804642 22.38084053 25.04224899)
(-4.779557139 19.94858099 21.81571431)
(-0.7322375361 19.29053521 17.86765691)
(1.649221223 20.05399123 16.79347152)
(6.145754638 20.97023245 12.52250507)
(8.066117583 22.99089457 11.85315807)
(12.65535354 22.9854568 6.867900314)
(14.72309251 24.39143797 5.999223157)
(18.51799021 25.29371849 3.529631891)
(23.61913145 25.48379757 0.5924517207)
(22.98655694 27.38906736 2.672559369)
(24.44986738 26.92560578 1.292007376)
(26.51157012 25.30732505 0.1360762185)
(28.32669496 24.02550752 -1.121196916)
(30.16322821 22.21306806 -1.917385899)
(32.23707588 21.01575632 -0.6045188884)
(33.93514577 18.30131446 -1.417627587)
(35.29526329 17.56517416 -1.619758413)
(36.28022862 17.19069314 -0.7510774261)
(50 23.33333333 30)
(-50 26.66666667 30)
(-45.29115316 28.15458063 28.8817116)
(-41.75229079 29.7107137 26.88528794)
(-37.98455145 31.82809353 27.78229952)
(-35.78996263 35.014338 29.005107)
(-32.96217768 35.37917818 31.22644536)
(-29.02785278 32.95999616 33.23929938)
(-25.55387471 29.32520794 33.59640189)
(-22.61875297 29.41205516 31.56841396)
(-19.20875885 27.9162533 29.20518513)
(-15.75104541 26.48563932 26.92985582)
(-11.67521289 25.94894525 25.40425112)
(-6.958015073 23.22260499 24.04909501)
(-3.317513573 21.1032867 20.8634218)
(-1.203406513 22.17040533 20.06153803)
(3.36384403 22.12435243 16.2617602)
(5.06954644 24.34436996 15.58874709)
(9.659398041 24.22544758 10.82569455)
(11.24287132 25.64087402 9.915911599)
(14.61423933 26.26926177 6.98487004)
(19.93659605 27.76415344 3.945757776)
(19.9944056 29.8614748 5.984994583)
(22.07186219 29.73629469 4.798440632)
(24.27551335 28.58216081 3.013574235)
(26.19265034 27.78747137 0.9041751556)
(28.31820659 26.21068305 -0.2048140312)
(30.21922478 24.81420161 0.3268428482)
(32.5865765 22.03043654 -0.05001647615)
(33.67695778 21.09118397 0.03948768147)
(34.64906247 20.61803421 0.5734567501)
(50 26.66666667 30)
(-50 30 30)
(-46.49304643 30.99763104 26.49203544)
(-43.41419999 32.74301942 24.44414049)
(-39.54152896 34.55973453 24.80119987)
(-37.98687117 37.81303717 26.42826284)
(-35.09409097 38.16963878 28.68223791)
(-31.57447833 35.92785186 31.66036872)
(-27.44489147 32.98800362 32.93527897)
(-24.85362834 32.95469773 31.17123253)
(-21.01549106 31.84090868 29.50856864)
(-17.99258641 30.33583295 27.01776545)
(-14.64094633 29.3011423 24.76694805)
(-9.646440302 26.83678222 24.82609051)
(-5.720720544 24.1975001 23.21866379)
(-4.193649776 25.23290847 22.50150258)
(0.1469935009 23.98723954 19.41461218)
(1.661304489 26.47403269 18.66003449)
(6.462418951 25.58720726 14.58807328)
(7.893284409 27.53514724 13.79808863)
(11.37634859 27.62252951 11.02245681)
(16.17566746 28.94624743 7.710034435)
(16.81478581 31.77457048 9.463287842)
(19.26658896 32.20195561 8.147519546)
(21.79373319 31.36704546 6.072426623)
(24.40020954 30.54616029 4.172578033)
(26.4291983 29.80309232 2.115058299)
(27.39302473 27.79984225 1.117665235)
(31.01832904 25.68236116 1.839992096)
(32.05865226 24.61719379 1.698733776)
(33.01789633 24.04537527 1.897990926)
(50 30 30)
(-50 33.33333333 30)
(-46.78640885 34.20734831 24.22444507)
(-45.22404692 36.30727317 22.8093665)
(-41.46230382 38.08783015 22.87286955)
(-39.42558386 40.74047598 23.58706002)
(-36.90861799 40.39033705 25.61186351)
(-33.02634924 39.18080378 29.350646)
(-29.31662734 36.47795854 31.55483498)
(-26.56041933 36.72603487 30.19860006)
(-22.78539534 35.68251796 28.65237271)
(-19.22061208 34.69028156 26.69632251)
(-16.18461867 33.69517833 24.54683432)
(-12.162425 30.50303604 23.9924571)
(-8.306201058 27.88350189 24.37436038)
(-6.959646744 29.45919138 23.36048806)
(-2.975631954 27.4789581 21.3106245)
(-1.837175768 30.21773864 19.94791319)
(2.899661792 28.1041338 17.4021214)
(4.208224588 30.43338973 16.80554991)
(8.304678161 29.88888161 14.91423539)
(12.95847523 30.35662388 11.87777476)
(13.73099498 33.49430163 13.07350653)
(16.17203213 34.2492459 11.46666344)
(19.01968122 33.55554373 9.210519939)
(21.81881118 32.70064933 7.165812409)
(24.33479173 32.32010591 5.205607779)
(26.26642779 31.15927764 3.860596716)
(29.068609 29.34449748 2.964604607)
(30.5583011 28.06303665 3.032895224)
(31.38673018 27.47271634 3.222525102)
(50 33.33333333 30)
(-50 36.66666667 30)
(-46.90007963 37.76468764 22.44354379)
(-46.29337601 39.7403929 20.50806182)
(-43.64923882 41.10403968 20.58937041)
(-42.46784228 42.10163755 21.07326299)
(-39.60796255 41.808043 22.80624314)
(-35.26610406 40.84053546 26.48579757)
(-31.37542896 39.34812573 29.49741992)
(-28.98833855 39.73448724 29.45658762)
(-24.84516154 39.30394051 29.08209475)
(-21.12208337 38.57984192 27.49117801)
(-18.18836751 37.72964125 25.52879975)
(-14.45863349 34.51191297 23.81171027)
(-10.99740445 31.75697562 24.12595518)
(-9.845564081 33.60641809 24.11566826)
(-5.802859291 31.62806938 22.70263517)
(-4.679288288 33.85255598 22.48427582)
(-0.7868386352 31.60195203 19.20598752)
(0.2630537333 33.64143987 19.17663782)
(4.38886484 32.66322924 17.60432351)
(9.301946086 32.03312829 15.53520362)
(10.36738711 34.66728995 16.5031357)
(13.0634954 36.15281634 14.8303742)
(16.07133844 35.42780763 12.35986119)
(18.93918989 34.62196427 10.06429461)
(21.99281334 34.50346147 8.263689761)
(24.6908306 34.21668694 6.588462359)
(26.9797256 32.71399132 4.090302857)
(29.29145773 31.45490204 5.158043065)
(29.75152554 30.89110631 4.417693144)
(50 36.66666667 30)
(-50 40 30)
(-47.72421876 41.59018006 21.33423265)
(-48.15503711 43.68705542 20.22681774)
(-47.21977126 43.2354111 19.74665176)
(-44.21837301 43.16817537 19.66247191)
(-40.60400663 42.87945869 21.76946173)
(-37.84686702 42.2551638 23.82985884)
(-33.87192755 41.13388491 27.06627207)
(-32.18512521 41.32423021 28.04877065)
(-28.21887789 41.62981506 29.42614871)
(-24.31020903 41.12804266 28.77648481)
(-20.78572194 41.2653786 26.75739034)
(-17.040657 38.091283 25.01844385)
(-13.83445659 35.51442836 24.19529144)
(-12.59484393 37.91756972 24.14762167)
(-8.640447472 35.70126151 24.25680691)
(-6.914322813 37.5472679 24.73433695)
(-3.307325213 35.35347739 22.09637344)
(-2.250176278 37.42820149 22.25678488)
(0.9699090818 36.31653325 20.17134535)
(5.039821177 34.44443146 18.1881478)
(6.500801695 36.94393322 18.54717063)
(9.949567363 38.52095063 17.84754628)
(13.1631344 37.57544544 15.43094642)
(16.15361541 36.59706301 13.03084797)
(19.00287372 36.06469627 11.01266759)
(22.4904921 36.85501518 9.292994627)
(25.78429761 35.60872124 7.093534665)
(27.20141657 34.80703871 5.84300286)
(28.72545209 34.03725013 6.485499674)
(50 40 30)
(-50 43.33333333 30)
(-48.93221002 45.1429011 20.74929705)
(-45.29467947 44.22185888 21.21528535)
(-43.81665689 44.01289899 20.62259695)
(-41.08294686 43.27681144 22.02451023)
(-37.34197505 43.52891152 23.99451666)
(-35.78604642 43.61486595 24.60167264)
(-33.8744943 42.83850916 26.0982417)
(-29.64336681 44.13283896 26.47080679)
(-26.37073355 44.60928653 27.57126892)
(-23.02133726 44.00561656 26.07876948)
(-19.7950423 45.16146862 24.88399357)
(-17.26521359 42.1798512 25.19110198)
(-14.58198487 39.78742665 24.41285623)
(-13.02866983 43.05558568 24.64135583)
(-10.1823774 40.62418552 24.85461077)
(-7.429541668 42.5046059 23.2190763)
(-5.043989108 39.84280587 23.07765018)
(-1.561484493 42.75719529 21.36674286)
(0.05246435736 41.70946212 21.18734038)
(3.035360391 39.1283658 19.97269306)
(6.021510905 42.23986845 19.08280928)
(8.903561582 43.65361312 17.97561933)
(12.03840789 41.98905172 17.40014002)
(14.14249158 40.05899184 15.48420229)
(16.77470467 39.13906368 13.45491321)
(20.22624812 39.46519674 11.9650437)
(23.66242929 38.19876279 9.784162004)
(26.02417521 37.84217656 8.194951338)
(27.35338011 37.23002358 8.001650123)
(50 43.33333333 30)
(-50 46.66666667 30)
(-45.58516922 45.52420629 21.54340509)
(-42.44460272 43.84666115 23.48538247)
(-40.63439606 44.25653541 22.78337968)
(-37.80160992 43.99837743 24.28175219)
(-33.83335464 44.53434107 25.82467607)
(-32.36440602 44.70969314 26.12297684)
(-30.75892725 44.82532638 26.55282328)
(-26.30783825 46.17662664 25.75478145)
(-24.52373908 46.55598637 25.54348107)
(-21.58714884 46.96365531 24.96922263)
(-17.32971666 46.16065609 24.94826394)
(-16.65213468 46.31240316 24.54095343)
(-15.67366553 44.38697836 24.26824873)
(-9.542464097 44.28930296 22.89468102)
(-9.000387857 44.26960562 22.84224904)
(-3.396892847 44.10179773 21.56521818)
(-2.888496855 44.06352692 21.59454106)
(2.887072381 45.26035794 19.50833094)
(3.550412579 45.21044322 19.31270103)
(4.259821328 44.7370499 19.15728938)
(9.06520322 45.72163746 17.46336584)
(12.50213354 46.55294701 16.24891566)
(13.39968048 46.60138745 16.12135296)
(15.11080935 44.76476031 15.31507697)
(16.99280446 43.95930781 13.63071899)
(19.80777454 44.0216675 12.53388769)
(22.33423183 41.95663477 11.63389136)
(24.73037581 40.60581344 10.92929817)
(26.75626515 40.75617097 9.647400361)
(50 46.66666667 30)
(-50 50 30)
(-46.66666667 50 30)
(-43.33333333 50 30)
(-40 50 30)
(-36.66666667 50 30)
(-33.33333333 50 30)
(-30 50 30)
(-26.66666667 50 30)
(-23.33333333 50 30)
(-20 50 30)
(-16.66666667 50 30)
(-13.33333333 50 30)
(-10 50 30)
(-6.666666667 50 30)
(-3.333333333 50 30)
(0 50 30)
(3.333333333 50 30)
(6.666666667 50 30)
(10 50 30)
(13.33333333 50 30)
(16.66666667 50 30)
(20 50 30)
(23.33333333 50 30)
(26.66666667 50 30)
(30 50 30)
(33.33333333 50 30)
(36.66666667 50 30)
(40 50 30)
(43.33333333 50 30)
(46.66666667 50 30)
(50 50 30)
(-50 -50 36.66666667)
(-46.66666667 -50 36.66666667)
(-43.33333333 -50 36.66666667)
(-40 -50 36.66666667)
(-36.66666667 -50 36.66666667)
(-33.33333333 -50 36.66666667)
(-30 -50 36.66666667)
(-26.66666667 -50 36.66666667)
(-23.33333333 -50 36.66666667)
(-20 -50 36.66666667)
(-16.66666667 -50 36.66666667)
(-13.33333333 -50 36.66666667)
(-10 -50 36.66666667)
(-6.666666667 -50 36.66666667)
(-3.333333333 -50 36.66666667)
(0 -50 36.66666667)
(3.333333333 -50 36.66666667)
(6.666666667 -50 36.66666667)
(10 -50 36.66666667)
(13.33333333 -50 36.66666667)
(16.66666667 -50 36.66666667)
(20 -50 36.66666667)
(23.33333333 -50 36.66666667)
(26.66666667 -50 36.66666667)
(30 -50 36.66666667)
(33.33333333 -50 36.66666667)
(36.66666667 -50 36.66666667)
(40 -50 36.66666667)
(43.33333333 -50 36.66666667)
(46.66666667 -50 36.66666667)
(50 -50 36.66666667)
(-50 -46.66666667 36.66666667)
(-41.26733375 -46.50893636 29.63395952)
(-38.61573278 -46.60649589 28.6347701)
(-37.45332073 -46.87948163 29.69624498)
(-35.44457819 -46.90683619 30.07924003)
(-34.9246486 -47.13656926 30.38278229)
(-25.70828234 -45.81110025 31.53826087)
(-23.7458633 -45.26330877 33.82188337)
(-20.72657166 -44.35604575 33.98650951)
(-17.97333148 -45.68802407 33.59510796)
(-15.74865301 -46.2128352 31.88661247)
(-14.01141703 -45.99107949 31.16923351)
(-10.99676493 -45.08549231 29.51730652)
(-7.944448297 -43.84539253 27.74025425)
(-5.955026908 -43.32477467 26.8051543)
(-5.196897151 -43.37790624 26.94162191)
(0.7756622476 -42.9763322 22.28850624)
(3.918163563 -42.96434464 21.13735976)
(6.335833904 -44.41051908 19.76160003)
(10.44210493 -47.46652815 20.11034955)
(11.6245687 -47.72867013 19.14836572)
(14.15429573 -46.59119555 18.93098793)
(17.1460082 -47.16285921 18.36969373)
(19.86801266 -49.29217935 18.96336073)
(23.06610908 -49.64285493 18.15249396)
(26.08689405 -49.19415321 16.92723015)
(29.40799937 -48.95919636 16.25281827)
(32.59523968 -50.84057398 16.82545606)
(34.80079122 -51.26612952 16.40598566)
(38.33891097 -50.53266265 15.30494972)
(50 -46.66666667 36.66666667)
(-50 -43.33333333 36.66666667)
(-39.76256047 -42.68853849 29.10418862)
(-36.29134311 -42.96715958 27.93475263)
(-33.92544402 -45.20161742 27.92843005)
(-31.38062619 -45.2889573 29.56790518)
(-30.70733079 -45.8735477 30.62253076)
(-26.12666102 -42.12215978 33.86849596)
(-23.06156433 -41.40094863 35.51272084)
(-19.78630334 -40.17357796 34.70556021)
(-16.70744027 -41.4255335 33.09690151)
(-13.56768431 -42.29483789 31.48261124)
(-10.61022144 -43.40515753 29.83509527)
(-7.94790077 -42.24627044 27.649881)
(-5.123910577 -40.97132203 25.68215205)
(-2.330159534 -41.78411892 23.64820048)
(-1.552128323 -42.20544964 23.61720407)
(3.464031694 -38.30216039 21.14570472)
(6.927514397 -38.36442621 20.40569576)
(9.662918915 -39.7362853 19.96334572)
(10.78689905 -43.1207539 18.27982778)
(14.52793521 -42.50150799 17.96458363)
(17.46565475 -42.35581027 17.36461642)
(20.84319162 -43.5727314 16.76165422)
(22.40651179 -46.28062274 16.16934788)
(25.63597109 -46.74244269 16.01642732)
(29.70125202 -46.88457442 14.9252878)
(33.32940348 -48.00468624 14.46628007)
(34.74860712 -50.23315725 15.81389246)
(38.35037574 -49.72606246 14.95685753)
(41.43105644 -49.11418924 13.59970508)
(50 -43.33333333 36.66666667)
(-50 -40 36.66666667)
(-41.85937855 -39.15777882 28.8566789)
(-38.58002358 -39.88853271 29.95064747)
(-34.92472042 -41.63370836 28.6843684)
(-31.262155 -42.05921597 30.23289716)
(-27.76935604 -42.99636316 31.34029588)
(-26.54371229 -38.37178426 35.55932039)
(-25.20576614 -37.86608959 36.40914685)
(-21.47945817 -36.68078453 36.53598137)
(-18.19183048 -37.50960896 34.52077125)
(-14.86241003 -37.95882303 32.50910765)
(-11.58522229 -38.77154664 30.15434091)
(-7.746506847 -37.57562554 28.69313943)
(-4.469669943 -36.23341285 26.665213)
(-1.938874604 -36.55804806 24.02722483)
(1.321469786 -38.08667431 22.52798344)
(3.626607428 -33.19866213 23.05509088)
(6.425672301 -33.02764672 22.10496713)
(10.08389622 -34.24012512 22.28363757)
(11.2307241 -37.60410789 20.60007628)
(15.37111756 -36.54776039 18.97998918)
(18.39393895 -36.89213057 17.8908948)
(21.60118791 -38.15396789 16.34703256)
(23.869869 -41.65902442 16.42390624)
(27.42980684 -42.47103592 15.27175103)
(31.03661163 -42.53108906 13.64926834)
(34.2681008 -43.98672675 12.35392252)
(36.1100722 -46.79202238 13.66036302)
(39.95893677 -46.92167944 12.31285558)
(42.89236579 -45.83639768 11.99595878)
(50 -40 36.66666667)
(-50 -36.66666667 36.66666667)
(-42.04691503 -35.82905665 31.00338157)
(-38.12655506 -36.19934242 32.4053435)
(-34.6983147 -38.5115669 31.97714971)
(-30.82241605 -38.96351115 33.625841)
(-27.55804872 -39.79508188 34.52178768)
(-25.97015786 -34.58572554 37.73896032)
(-23.35131331 -34.15417061 37.65454419)
(-19.78004782 -32.64495799 36.53247174)
(-16.29214997 -33.55518054 34.93786135)
(-13.0201743 -33.7386447 32.60831965)
(-9.591308704 -34.5716668 30.54765562)
(-6.158248605 -33.10819296 28.57073401)
(-2.773324942 -31.77955109 26.67369834)
(0.5676765746 -31.98748542 24.2843733)
(2.94469488 -32.8512677 23.09084999)
(5.777785634 -28.01462877 23.70862892)
(9.661967153 -28.23843823 22.22353497)
(11.96074785 -29.21627236 20.63966454)
(14.79489698 -32.81219905 20.76086702)
(17.65864984 -31.13163088 18.1830982)
(20.04157633 -31.90414389 16.1454218)
(22.92289418 -33.32429071 14.32036257)
(25.21024253 -37.24106579 14.6732285)
(28.84790244 -37.96483433 14.07321363)
(32.98739197 -38.25516097 12.37158374)
(35.23872729 -39.9856142 11.4878351)
(38.41580806 -43.91499879 11.07045262)
(41.6233954 -43.33233571 10.52254734)
(42.25164041 -41.8000109 11.09401983)
(50 -36.66666667 36.66666667)
(-50 -33.33333333 36.66666667)
(-40.71988315 -32.82602405 33.32851934)
(-37.37763029 -33.24829524 35.4856988)
(-33.54538442 -34.87573893 34.58007579)
(-29.81174845 -35.06016432 35.94040523)
(-26.86555419 -35.73935963 36.65231362)
(-25.79215366 -30.35123725 38.99999659)
(-22.58233488 -29.95276819 38.42985763)
(-19.22597567 -28.38006881 37.06723634)
(-16.35278572 -29.07063372 34.33992081)
(-12.73941691 -29.31657821 33.83348624)
(-8.933439045 -30.07699037 32.07275028)
(-5.988778017 -28.93960202 30.66080988)
(-2.870603472 -27.57911098 28.76784626)
(0.6100562917 -27.25242426 26.35510281)
(3.76157325 -27.44845613 23.65016708)
(4.078410442 -23.44797548 21.65537183)
(7.455205808 -23.68764557 19.89508008)
(10.27673742 -23.96266504 18.40440241)
(13.40758473 -27.2808384 19.54305494)
(14.80843196 -25.81097123 16.96924085)
(18.61800387 -26.68148062 15.41443064)
(20.98001241 -28.16885576 14.45841723)
(24.90961764 -32.47027143 13.65499823)
(28.60906119 -33.60071722 12.86958367)
(30.73386035 -33.9747526 12.56729526)
(32.96795669 -35.89343963 12.00902374)
(36.31705591 -40.06845308 10.86690393)
(40.06155176 -39.61063263 9.455560634)
(41.61091504 -37.76362412 10.19208087)
(50 -33.33333333 36.66666667)
(-50 -30 36.66666667)
(-42.25300648 -29.52014605 35.0330512)
(-38.99782349 -29.61892015 37.16823769)
(-34.82297063 -31.3689661 37.24931118)
(-31.13581878 -30.91584258 37.66602201)
(-27.38279329 -31.56963845 38.57281755)
(-26.42759323 -26.27792894 38.45886555)
(-23.63184078 -26.22419191 39.87775046)
(-20.63304614 -25.10629029 39.17016618)
(-17.63051714 -25.46154439 36.54371021)
(-14.57164219 -25.62834993 35.8505863)
(-10.57662862 -26.58988238 34.79152722)
(-7.30662656 -25.39405118 32.95610489)
(-4.729516757 -23.86217398 29.98514742)
(-2.758076492 -23.44337256 27.42804437)
(0.5512406469 -23.54944467 24.55830016)
(3.696961539 -18.85786547 21.1256718)
(5.647811809 -18.63742427 20.27320105)
(8.313009163 -18.36480534 18.21026864)
(11.5237644 -21.88508436 17.55789403)
(12.43659913 -21.14976544 15.43857168)
(15.0292061 -22.40966701 14.91621369)
(18.04822098 -23.78752606 13.65699235)
(22.75320962 -27.74832627 13.48429825)
(26.16707469 -29.2596045 12.45718741)
(28.17127209 -29.8361573 11.98723175)
(30.91051029 -31.71444387 11.94108874)
(34.11121224 -36.1847275 12.06169659)
(36.84338225 -37.47440686 10.85883506)
(39.40053895 -35.17682839 9.951398046)
(50 -30 36.66666667)
(-50 -26.66666667 36.66666667)
(-43.82268919 -26.07685609 33.44362662)
(-40.60146178 -26.05026647 35.20851032)
(-36.76272405 -27.2722936 37.28948154)
(-33.11195147 -26.88278103 36.86321345)
(-29.11795189 -27.56622836 37.74999517)
(-25.42856975 -22.19504695 37.72472887)
(-23.41432369 -22.40771017 37.94997991)
(-19.9595731 -20.90539478 38.04509282)
(-16.73058241 -21.38987792 37.31417142)
(-12.45623452 -21.61690383 36.65188308)
(-9.410436256 -22.21925915 34.68132327)
(-6.36575564 -20.93874577 31.3282799)
(-3.570934889 -19.4563554 28.10050954)
(-1.331007983 -18.67269282 25.47760662)
(0.9222576002 -18.70736043 23.17613116)
(5.131560628 -14.44623515 18.08288976)
(6.62465868 -14.20488641 16.74609691)
(8.882229861 -13.60181253 14.52396516)
(10.94049207 -16.78194418 14.74331991)
(13.36563122 -16.0794047 12.06853587)
(15.5573248 -17.73559522 12.03982101)
(18.67723982 -19.31709462 10.54330901)
(21.33602025 -23.53509979 11.65246732)
(24.74901567 -25.09707137 10.85233766)
(27.95668552 -25.46077884 9.86383354)
(30.57142521 -27.30852597 10.3345345)
(32.35344382 -31.95100754 12.08225473)
(34.78544468 -33.9237258 11.96385936)
(37.5610125 -31.54484571 10.28668373)
(50 -26.66666667 36.66666667)
(-50 -23.33333333 36.66666667)
(-42.81335329 -22.2928213 34.2588418)
(-38.62515075 -22.08122654 34.99036391)
(-35.23939534 -24.31316137 34.91017043)
(-30.77416772 -23.24190046 35.05189145)
(-27.46396153 -23.44923072 37.07855907)
(-24.45979327 -17.80171478 37.93420528)
(-21.46396161 -18.50647308 38.25980276)
(-17.70917706 -17.16399652 38.09881225)
(-14.34883943 -17.65612435 37.4374792)
(-10.56090702 -17.70599044 35.09886915)
(-8.018346093 -18.26652604 32.504399)
(-4.924336966 -17.04393894 28.91920046)
(-1.920060634 -15.51807075 25.6787456)
(0.6756391995 -14.47751334 22.97126748)
(2.90811245 -14.32059567 20.67256604)
(6.287755482 -10.52011935 14.34318117)
(7.611406696 -9.981278306 12.99086604)
(9.937341287 -9.15234947 10.60616932)
(11.64429074 -12.06359665 11.11096065)
(15.11922374 -11.49726257 8.440974238)
(16.47475091 -13.51944028 8.464335672)
(20.36267134 -14.72537777 8.009410063)
(21.93160147 -19.29857257 8.910139896)
(25.12370116 -20.9928192 8.107027275)
(28.52006423 -21.75391738 6.797978154)
(31.08279529 -23.92096964 7.394813349)
(31.6642235 -27.77944546 10.3343327)
(34.27714461 -29.86184573 10.54578808)
(38.62369225 -28.01399319 8.986035139)
(50 -23.33333333 36.66666667)
(-50 -20 36.66666667)
(-42.91545156 -18.21470843 35.10358393)
(-38.59134302 -17.81938958 36.27135916)
(-34.87987288 -19.92085608 34.28232833)
(-30.90024154 -18.48211446 35.37552528)
(-26.87182661 -18.82182746 37.16358951)
(-23.77445588 -13.35066619 38.40025897)
(-20.40507095 -14.25309035 38.75813024)
(-16.61597391 -13.06244383 36.95203174)
(-12.6901558 -13.73630426 36.30620072)
(-9.498392713 -13.69601495 33.06408124)
(-6.389850842 -14.21460166 30.60174262)
(-3.182494789 -13.09050979 26.84766546)
(-0.5963519065 -11.76022171 22.83485332)
(1.831882429 -10.69565562 19.47795284)
(4.157544695 -10.49656809 17.09335798)
(7.406924531 -6.438687036 10.73586824)
(8.756975779 -5.576237877 9.497639925)
(11.82866921 -4.642299097 7.116143038)
(13.42970456 -7.570774474 7.675743153)
(18.12233472 -7.281758019 5.288825483)
(19.5255634 -9.792915813 5.783022884)
(23.54856018 -11.60088037 5.006235481)
(24.24603428 -15.42551054 6.658682235)
(26.7507615 -17.14358033 5.670026634)
(31.66906144 -19.15190529 4.853655321)
(34.46636295 -21.99671345 5.335231705)
(33.85138964 -25.34124948 7.692067618)
(37.10460035 -27.48454885 8.716475603)
(41.91724712 -26.08608625 7.961615278)
(50 -20 36.66666667)
(-50 -16.66666667 36.66666667)
(-43.79161746 -14.38844829 35.50874744)
(-39.0880652 -13.49407949 35.05719122)
(-34.56878597 -15.21109539 34.16662811)
(-30.88382233 -13.85015422 36.5677144)
(-26.41973645 -14.15403684 37.81252841)
(-23.13546708 -9.11626875 38.08871886)
(-19.23695743 -10.43213661 37.21428373)
(-15.16181691 -9.054632319 35.89985826)
(-11.0430214 -10.01737557 34.50268193)
(-7.331318369 -10.05451813 31.30197922)
(-4.880359883 -10.51299935 28.08250115)
(-1.997186042 -9.711840471 23.71700425)
(0.8021605844 -8.282009288 19.71846777)
(3.046896802 -7.210449763 15.73668215)
(5.312768798 -7.210869278 13.03295418)
(8.70786889 -1.807852907 8.012310241)
(10.30286341 -0.906765243 6.514957557)
(14.50240205 -0.06534631781 4.283833037)
(16.63895135 -3.532376663 4.792277925)
(21.21243597 -2.693875302 2.736357909)
(23.2067905 -6.559845052 3.232913844)
(27.43321318 -8.651517731 2.821342502)
(27.64373421 -12.51327299 4.271603317)
(30.47045305 -14.54435901 3.949227207)
(35.69093847 -16.92184717 3.838548416)
(38.27647121 -19.83279265 4.552086821)
(37.87502197 -24.02965918 6.607862332)
(40.2719072 -25.02464506 7.384473082)
(43.67854321 -23.03420303 6.392067626)
(50 -16.66666667 36.66666667)
(-50 -13.33333333 36.66666667)
(-44.334 -12.0083014 32.39206058)
(-39.55834516 -10.50188646 31.88258186)
(-34.83985104 -10.52215697 33.75147612)
(-31.21947335 -9.074419378 36.86276028)
(-26.47971092 -9.444259098 38.28425263)
(-22.93694982 -5.35393096 35.70076071)
(-18.36115726 -6.756415733 35.05340029)
(-14.20580442 -5.313365871 33.89590962)
(-9.994843063 -6.426621404 32.13895299)
(-6.089576581 -6.532921205 28.69068373)
(-3.571222517 -6.952103544 25.27258702)
(-0.8545500615 -6.371516259 20.53530414)
(1.484013927 -5.079065964 16.1414101)
(3.993221237 -3.625395482 12.00015375)
(6.775217438 -3.362342971 9.583893721)
(9.972973029 3.449764631 7.031900101)
(12.2184375 4.390929517 5.153216711)
(16.74328362 5.512577767 3.261988204)
(19.01892568 1.471702845 2.592093678)
(23.83815403 2.505420718 0.6853384303)
(26.14925041 -2.467928749 0.9344281874)
(30.19062323 -4.629463685 0.3599219673)
(31.44998989 -9.674108553 2.465940293)
(34.47300235 -12.15493646 2.668323067)
(38.99883733 -13.97141862 2.201874103)
(41.48158641 -16.97016242 3.100864051)
(40.93448254 -21.02715703 5.172155757)
(43.1640414 -22.34861306 5.854604192)
(45.73212783 -19.79653885 5.2728179)
(50 -13.33333333 36.66666667)
(-50 -10 36.66666667)
(-43.80037514 -8.178071734 31.84378196)
(-41.59092712 -6.60534327 31.10253735)
(-36.29450567 -6.374028842 32.21869329)
(-31.59352087 -5.057306718 34.44110124)
(-26.63267058 -5.214685479 36.83637919)
(-22.78113151 -1.533264395 33.60544911)
(-17.46543617 -2.642252379 33.79593632)
(-13.34952915 -1.141148215 32.94594893)
(-9.087156037 -2.478193111 30.2804923)
(-5.390575438 -2.624679857 26.35397673)
(-2.75342162 -3.073444662 22.68785063)
(-0.5030495449 -2.702174823 17.51060795)
(1.756389184 -1.329107187 13.01034223)
(4.938256324 1.035713026 9.572799355)
(8.219968118 1.324469814 7.341212808)
(11.00979167 8.976367116 7.739654869)
(14.6196998 9.674899198 5.551436578)
(19.18883754 10.97792092 3.054318462)
(21.3045885 6.900027525 1.245330337)
(27.69885119 6.052743944 -0.7538796036)
(28.74881592 2.273281827 -0.648930348)
(33.12453191 -0.1654596198 -0.9415792647)
(34.37284271 -6.041271866 0.2913726659)
(37.62410635 -8.975886351 0.7035289414)
(42.71436592 -11.86372688 0.5638352182)
(45.57004784 -16.1358017 2.38552389)
(44.89015459 -19.37950387 4.15880588)
(45.59057437 -19.18267204 4.302070203)
(47.8696449 -16.63049241 3.806538244)
(50 -10 36.66666667)
(-50 -6.666666667 36.66666667)
(-42.73873162 -4.554739565 30.18521793)
(-40.35295166 -2.691121375 30.0015748)
(-36.28208372 -2.288914516 30.16368776)
(-32.25368738 -0.5326819595 33.28819038)
(-27.10444283 -0.793000354 35.45477332)
(-22.16098592 2.525377409 35.09792433)
(-16.87395475 1.615024672 34.66810772)
(-12.48030225 2.895966387 33.88500495)
(-8.637373134 1.866504225 30.76386822)
(-5.304424977 1.952950088 26.65685821)
(-2.574800974 1.449663002 22.00776041)
(-0.1572760756 1.967713959 17.43936452)
(2.659029352 3.353235214 13.17270752)
(6.262433118 6.070552133 10.18290302)
(9.641662309 6.408642226 7.053138864)
(12.64105845 13.97150971 8.599391959)
(15.95470844 14.33391987 6.642175316)
(18.18900733 14.9024063 5.405652547)
(23.15462042 10.73605191 1.609608442)
(24.14952992 10.75240337 0.9757339374)
(30.44284346 6.145333321 -1.165812122)
(33.03592205 3.023742655 -1.226069271)
(37.08061113 -3.407071652 -0.7810007864)
(40.57693648 -8.061726176 -0.2103304748)
(42.6021666 -10.42573685 0.505575556)
(44.92778863 -13.71992376 1.848451708)
(47.41023495 -15.90801397 2.646524594)
(46.94613164 -15.53698479 2.799231785)
(50.00716197 -13.46444598 2.340258588)
(50 -6.666666667 36.66666667)
(-50 -3.333333333 36.66666667)
(-41.89192167 -0.9039246061 28.62403379)
(-37.38608827 0.4953325785 29.27066683)
(-34.09426039 1.539873102 31.60346409)
(-30.52953203 3.337634281 35.35071672)
(-26.18947256 3.134093429 37.20961867)
(-21.36245269 4.588956841 38.44318107)
(-16.43241022 4.828386473 37.46383653)
(-13.08871002 6.816118864 35.26177486)
(-9.248932932 5.992494663 32.31414289)
(-6.524219804 6.030396772 28.35295563)
(-3.251461961 5.644008717 23.79976072)
(-0.7025636351 5.824757646 20.0094865)
(2.19270618 6.759865207 16.31334324)
(5.110392483 9.331852936 13.7492934)
(9.606868125 10.60638228 9.475779492)
(11.84320006 15.72218995 10.92406601)
(15.18580212 16.26082082 8.346120826)
(21.24192814 15.11096644 3.441796564)
(22.712404 14.89885923 2.723107525)
(22.97976703 15.68142623 3.028648669)
(28.17417824 11.27428046 -0.2641696616)
(30.58846 7.992660703 -1.209949025)
(34.74269524 1.267483366 -1.238546549)
(38.78017105 -3.399846583 -0.8652586608)
(40.14318064 -6.25311224 -0.2716911486)
(42.70072737 -9.772327438 0.5845604826)
(47.23318717 -12.67695029 1.31153958)
(47.91673056 -11.78107991 0.823376867)
(51.40882714 -10.23685333 0.8125224899)
(50 -3.333333333 36.66666667)
(-50 0 36.66666667)
(-43.13301762 3.013987726 28.00925704)
(-38.6029901 4.383679857 27.80031958)
(-35.99664379 4.782089712 32.31892409)
(-33.6503308 6.054688199 36.69517195)
(-28.6621221 5.823988251 39.13270362)
(-23.4144954 6.845392672 40.84431844)
(-18.47650151 7.595497319 39.70816109)
(-14.73585543 9.46644704 37.54280033)
(-11.49879504 9.458737885 33.45660236)
(-7.579892269 10.06062893 29.95546612)
(-4.132301679 9.775285514 25.90095455)
(-0.7694440789 10.19858231 21.90029954)
(2.530764858 11.20777997 18.22108371)
(6.182349641 14.30930846 15.46505877)
(9.532164947 14.71361802 11.94209565)
(13.05510268 17.42920752 10.39685107)
(17.79498946 17.10203116 5.956089923)
(19.49707633 16.74689497 5.12513273)
(21.37033538 16.08305407 4.005421327)
(27.20399303 14.25748078 0.3150097089)
(28.49158292 13.08610095 -0.2888096876)
(29.87417441 12.43234103 -0.64064072)
(34.23430445 5.843505004 -1.915673183)
(36.98340563 1.26203301 -1.520186847)
(38.50477585 -1.896228235 -1.070211906)
(40.91981714 -5.617322162 -0.5359360066)
(44.25241664 -9.702891739 0.0311116081)
(49.21227095 -7.742234747 -0.3175745279)
(50.12135182 -6.446500655 -0.04517246565)
(50 0 36.66666667)
(-50 3.333333333 36.66666667)
(-43.00573239 6.635666418 28.57190236)
(-38.65888995 7.007969054 31.042752)
(-36.23448079 7.657107653 35.60478468)
(-33.38276724 9.20148389 40.02873531)
(-28.39210886 9.363146523 41.75092996)
(-23.5781244 10.62667436 41.85418438)
(-18.98438275 11.92894549 39.84933113)
(-14.84660113 13.87436754 37.47222945)
(-11.83469462 13.94305224 33.93606911)
(-9.456618354 13.66153479 30.60614795)
(-5.331196203 13.81116375 27.20770185)
(-1.352047888 14.61391537 23.54947574)
(2.414206844 15.53919067 20.09838542)
(4.870935299 16.5702898 18.32148182)
(8.736362514 17.19477529 14.5538178)
(9.625658847 17.32726537 14.32329719)
(14.08623783 17.89874259 9.810821754)
(15.3323511 18.01999718 8.945144385)
(19.35911566 17.28110995 5.909099936)
(23.49108249 16.26934432 2.852686062)
(26.72748534 15.04148847 0.9406385715)
(28.02577977 14.34679066 0.2512825703)
(32.25603091 10.01501379 -1.519523068)
(35.86234716 6.158018902 -2.103299982)
(38.55267844 2.940154029 -2.082808259)
(41.22022999 -0.9912436463 -1.631327035)
(44.45146416 -5.159460742 -1.099859476)
(47.57192941 -3.907594363 -1.622151789)
(47.59862488 -3.309091429 -0.7592187621)
(50 3.333333333 36.66666667)
(-50 6.666666667 36.66666667)
(-43.78902083 8.881449567 31.7530074)
(-39.59549439 9.55792013 34.4287666)
(-37.3609829 10.77715983 38.70331372)
(-34.19587514 13.29021098 42.15181841)
(-29.45486082 13.88132086 42.58171536)
(-25.20015558 14.54733633 40.76217437)
(-21.46739827 14.72743736 38.99629387)
(-17.66792439 15.20853732 37.54873339)
(-14.05258766 15.64477964 36.60931628)
(-10.7012702 14.41326104 33.16272398)
(-8.675223939 13.80464062 30.02970969)
(-4.328992022 14.61347217 26.70969422)
(-0.625563771 15.73969705 23.36969659)
(1.975015222 16.2796169 21.67889353)
(5.339647872 17.08970371 18.30487395)
(10.64565214 17.74822504 13.37123177)
(12.72705647 18.07546216 11.52919987)
(18.48060946 17.43149154 6.530802448)
(23.97667325 16.17089555 3.033426093)
(24.5820719 15.43354038 2.408422754)
(28.0821085 14.37985029 0.1895469932)
(31.53161539 12.0918006 -1.231550994)
(32.84829 12.16451849 -1.652173477)
(35.75816427 9.033910761 -2.337022783)
(36.4102979 7.194193652 -1.88950958)
(40.40587712 3.215895304 -2.039725648)
(44.48605417 -0.6721694506 -2.091503633)
(45.28971975 -0.359002007 -1.585615242)
(45.07589794 -0.1716822021 -1.473265059)
(50 6.666666667 36.66666667)
(-50 10 36.66666667)
(-44.10333229 11.17543214 34.98405018)
(-40.60862588 11.97904978 37.81931066)
(-37.45562221 14.654607 40.86176829)
(-32.55987895 17.30904725 43.24119826)
(-29.28173582 17.49576561 42.1929847)
(-25.79863905 16.96584539 39.65154773)
(-20.90489667 16.15416974 38.37422791)
(-15.98142111 15.59108059 36.22894763)
(-11.77986963 15.24325517 33.31584887)
(-8.010889484 14.68253385 29.88346719)
(-5.639271945 15.18402139 27.13429984)
(-2.567365123 15.67302018 25.20043519)
(0.3155410686 16.478283 22.60250626)
(5.344136985 17.53612103 18.11375928)
(8.06797766 18.0476147 15.47864541)
(14.26071085 18.50666684 9.582942068)
(16.69955359 18.11198074 7.866209226)
(22.83608078 16.53567535 3.08730568)
(28.59423085 15.06068115 0.1577522495)
(28.85412784 12.78804602 -0.02976444752)
(32.37183204 12.45433225 -1.571065937)
(35.2079151 10.07044075 -2.396248023)
(35.68884238 8.749069144 -2.427748335)
(37.46030672 7.759185118 -2.359959117)
(33.35233142 10.94540042 -1.375460242)
(37.48698321 6.851429759 -1.684340187)
(41.68711429 2.978689996 -2.009229949)
(42.67715075 3.062272966 -2.046998722)
(42.553171 2.965727024 -2.187311355)
(50 10 36.66666667)
(-50 13.33333333 36.66666667)
(-43.88714653 13.96920772 37.86493665)
(-39.25434231 15.40133125 40.29994036)
(-35.01687688 17.91144724 42.91760807)
(-30.57031377 21.01760906 44.13499988)
(-26.68597453 20.21683344 40.48499565)
(-22.41857926 17.9221368 37.91580163)
(-17.02614433 17.45332934 38.05433286)
(-13.37838929 16.4865043 35.1528937)
(-10.18643503 15.18840808 31.02347921)
(-6.092435031 15.04347332 27.38163448)
(-2.529187359 16.57950576 24.17245608)
(0.6431893579 17.09722977 22.27672655)
(3.604031673 17.66713981 19.51979253)
(8.713258747 18.79262515 14.54862504)
(11.5601967 19.13809631 11.83212616)
(17.87576957 19.26510865 5.794652363)
(20.67205071 18.14849932 4.203218586)
(26.25647317 16.18922195 0.3877444918)
(30.13887983 16.29711834 -0.6520261898)
(32.41057941 11.13416705 -2.033234571)
(31.50525227 15.68960443 -0.7990406499)
(32.56425071 14.80565766 -1.432294814)
(32.96040235 13.02708475 -1.697886484)
(34.76952156 11.73868316 -1.783429038)
(34.99629592 11.76811652 -0.4405801667)
(34.56808929 10.48696421 -1.328954727)
(38.88817442 6.629549443 -1.926956264)
(40.06458175 6.483547939 -2.508382201)
(40.7159821 6.373281323 -0.9517366174)
(50 13.33333333 36.66666667)
(-50 16.66666667 36.66666667)
(-45.51150298 17.4998712 39.20230392)
(-40.97616731 19.41306703 41.19305911)
(-36.93506879 22.1591341 43.29281648)
(-32.70693293 25.23777278 44.2919739)
(-28.5769671 24.2231047 41.64191673)
(-25.08964429 21.06698777 39.22078349)
(-20.33572179 18.4991879 37.61393048)
(-15.63527812 19.07783979 37.35877445)
(-12.12489413 17.37119904 33.98337868)
(-8.952615076 16.41895532 30.05297348)
(-4.098378684 16.43091877 26.1252217)
(1.385239571 17.79903824 21.69916527)
(6.205742769 18.72899034 17.11378663)
(8.531949519 19.32487608 14.89830564)
(13.33612871 19.9925563 10.05909091)
(14.75149435 20.31762156 8.883394176)
(20.41386945 19.18839202 4.204600739)
(22.6959643 19.95837348 3.360131944)
(27.08801455 20.8601206 1.708354311)
(30.58089415 16.94387627 -0.7647211555)
(28.79806845 20.16723536 1.23317371)
(29.95490865 19.21086024 0.5589160716)
(31.29525781 17.59811974 -0.247306533)
(32.70136967 16.10658491 -0.6946949032)
(34.76572587 14.21771417 -0.181345553)
(33.04440136 13.91140789 -0.1420953792)
(36.08923454 10.28040889 -1.844682579)
(38.13175274 10.00036186 -1.183104818)
(38.94888544 9.808456368 0.4831754068)
(50 16.66666667 36.66666667)
(-50 20 36.66666667)
(-46.18368395 21.50856902 39.70215283)
(-41.60207616 23.19939993 38.97842225)
(-37.81022524 26.03300773 40.89036617)
(-33.85757389 28.88538537 41.5760802)
(-29.88179001 28.64644077 41.10585026)
(-26.2061131 25.32730336 39.73988207)
(-22.40552713 22.2117257 37.7122604)
(-18.22781016 22.48066296 37.30417375)
(-13.83817698 21.06057331 35.19763603)
(-10.10673306 20.10235193 32.4392567)
(-6.256111589 19.06662914 28.94049739)
(-2.093427432 17.71779447 24.30695682)
(3.038302033 18.69148184 20.36895579)
(5.067857875 19.38018445 18.41809997)
(10.0012294 20.22526623 13.89637948)
(11.64678964 22.08781254 12.86341059)
(16.59961778 21.38418181 7.616011574)
(19.2988077 23.18289051 6.876688635)
(23.47352812 24.21720818 4.695707838)
(27.6270396 21.77101202 1.630045683)
(26.0642993 24.38938675 3.666174973)
(27.26079153 23.32115279 2.93894828)
(29.02877352 21.82444179 1.744205396)
(30.35108244 20.12688925 0.8507379518)
(32.58226385 18.21364104 1.598977181)
(33.7927518 17.02335031 1.702182721)
(34.74206515 14.07941629 0.3675487352)
(36.37858843 13.54242804 0.6144117842)
(37.18178878 13.24363141 1.918087431)
(50 20 36.66666667)
(-50 23.33333333 36.66666667)
(-45.75776329 25.33819496 38.17622794)
(-41.90741146 26.46097267 36.00956065)
(-38.20730055 29.19511083 37.61036219)
(-34.84233986 32.45890226 38.71877659)
(-31.69626336 32.73867833 40.72872678)
(-28.05346974 29.22532852 40.77560689)
(-24.8539535 25.45183681 39.14998318)
(-20.86407605 25.72656153 37.76496747)
(-16.8048549 24.23988876 35.65053678)
(-12.40213206 23.46540561 33.92480986)
(-8.527093918 22.30146613 31.29576974)
(-4.344520234 19.66651829 27.80035717)
(-0.2377017752 18.95363536 23.52329499)
(2.064434103 19.78071272 22.35959415)
(6.657900858 20.77330738 17.73271383)
(8.460516271 22.96235801 17.00758791)
(13.15441078 22.95646708 11.60689201)
(15.11668355 24.47961336 10.66582509)
(18.95004495 25.45708392 7.990434549)
(24.19850351 25.66300292 4.808489364)
(23.23543668 27.7270452 7.061939316)
(24.54291188 27.22496181 5.566341324)
(26.4986454 25.47182435 4.31408257)
(28.18725288 24.0831887 2.952036675)
(29.89905278 22.11971262 2.089498609)
(31.86794332 20.8226249 3.511771204)
(33.42974125 17.88197956 2.630903447)
(34.62542412 17.08449423 2.411928386)
(35.41469212 16.67880646 3.352999455)
(50 23.33333333 36.66666667)
(-50 26.66666667 36.66666667)
(-45.17652704 28.27857346 35.45518756)
(-41.62053725 29.96438428 33.29239526)
(-37.8165974 32.25821243 34.26415781)
(-35.71690396 35.70997728 35.58886592)
(-32.93124805 36.10522081 37.9953158)
(-28.94684051 33.48444028 40.17590766)
(-25.46114204 29.54675304 40.56276871)
(-22.55920461 29.64083753 38.36578179)
(-19.14282209 28.02038552 35.80561722)
(-15.67474364 26.4705537 33.34067714)
(-11.53703619 25.88913513 31.68793872)
(-6.704516329 22.93559985 30.21985293)
(-3.038417482 20.6396717 26.76870695)
(-1.025912611 21.79571688 25.89999954)
(3.644164365 21.74582624 21.78357354)
(5.214230866 24.15084524 21.05447601)
(9.908792322 24.02201266 15.89450243)
(11.34644393 25.5553913 14.90890423)
(14.7209815 26.2361447 11.73360921)
(20.20909017 27.85561067 8.44123759)
(19.99393941 30.12770882 10.6504108)
(21.9667396 29.99209703 9.364977351)
(24.07625057 28.74178532 7.431372088)
(25.8753712 27.88087176 5.146189752)
(27.90027936 26.17268441 3.9447848)
(29.68193796 24.65982952 4.520746419)
(31.96879121 21.64408403 4.112482151)
(32.87225981 20.62656042 4.209444988)
(33.64759546 20.1139815 4.787911479)
(50 26.66666667 36.66666667)
(-50 30 36.66666667)
(-46.47857807 31.08076696 32.86637173)
(-43.42093888 32.97160438 30.64781886)
(-39.50332304 34.93971241 31.03463319)
(-38.09688821 38.46412361 32.79728475)
(-35.24082078 38.85044201 35.23909107)
(-31.70568486 36.42183952 38.46539945)
(-27.50974354 33.23700392 39.84655221)
(-24.98031959 33.20092254 37.9355019)
(-21.10011532 31.99431774 36.13428269)
(-18.10307973 30.36381903 33.43591257)
(-14.74991408 29.24290416 30.99752705)
(-9.616976994 26.57318074 31.06159805)
(-5.6418917 23.71395844 29.3202191)
(-4.265342813 24.83565084 28.54329446)
(0.1592429593 23.48617616 25.1991632)
(1.521968752 26.18020208 24.38170403)
(6.445398308 25.21947453 19.97041272)
(7.717724776 27.32974284 19.11459601)
(11.21326652 27.42440697 16.10766155)
(16.13475086 28.85843471 12.51920397)
(16.5493513 31.92245135 14.41856183)
(18.9276936 32.38545191 12.99314617)
(21.3876554 31.48096591 10.74512884)
(23.93356034 30.59167365 8.686959535)
(25.85385371 29.78668335 6.457979824)
(26.62022124 27.61649577 5.377470672)
(30.26985646 25.32255792 6.159991437)
(31.1190955 24.1686266 6.00696159)
(31.8804988 23.54915654 6.222823503)
(50 30 36.66666667)
(-50 33.33333333 36.66666667)
(-46.79638736 34.28018289 30.40981549)
(-45.38160639 36.55510149 28.87681371)
(-41.58416248 38.48403821 28.94560867)
(-39.65549363 41.35773787 29.71931502)
(-37.20655837 40.97842069 31.91285213)
(-33.27854501 39.66809298 35.96319984)
(-29.53745739 36.74001064 38.35107123)
(-26.82934316 37.00876 36.88181673)
(-23.01751161 35.87828335 35.2067371)
(-19.43344087 34.80336058 33.08768272)
(-16.42222578 33.72533208 30.75907051)
(-12.34262708 30.26717793 30.1584952)
(-8.442828924 27.42934927 30.57222374)
(-7.261839528 29.13634621 29.47386207)
(-3.223601283 26.9910935 27.25317654)
(-2.268051527 29.95810575 25.77690595)
(2.585744719 27.66836717 23.01896485)
(3.725576637 30.19172777 22.37267907)
(7.885623563 29.60184397 20.32375501)
(12.64945928 30.10856476 17.03425599)
(13.2085779 33.50771565 18.32963207)
(15.57525703 34.32557194 16.5888854)
(18.38243244 33.57406127 14.14472993)
(21.13704545 32.64792566 11.92963011)
(23.58491326 32.23567029 9.806075094)
(25.39974122 30.97810633 8.348979775)
(28.15765975 29.01209449 7.378321658)
(29.49371508 27.62384526 7.45230316)
(30.11340214 26.98433159 7.657735528)
(50 33.33333333 36.66666667)
(-50 36.66666667 36.66666667)
(-46.91953071 37.85618938 28.48050577)
(-46.54004624 39.99653676 26.38373364)
(-43.95334205 41.47382076 26.47181795)
(-42.95127358 42.55455179 26.99603491)
(-40.13084832 42.23649103 28.87343007)
(-35.70494606 41.18835786 32.85961403)
(-31.76782582 39.57158066 36.12220491)
(-29.45958899 39.99013896 36.07796992)
(-25.248925 39.52371333 35.67226931)
(-21.4933681 38.73927319 33.94877618)
(-18.5929537 37.81822246 31.82286639)
(-14.83018628 34.33235016 29.96268613)
(-11.35829927 31.3478347 30.30311811)
(-10.38824998 33.35139737 30.29197394)
(-6.286430898 31.20818628 28.7611881)
(-5.347006756 33.61804676 28.52463214)
(-1.407964077 31.17989247 24.97315315)
(-0.5483584556 33.38933764 24.94135764)
(3.643492466 32.32960946 23.23801713)
(8.688219371 31.64700009 20.99647058)
(9.564669365 34.50067522 22.04506367)
(12.20767557 36.10999548 20.23290538)
(15.18839442 35.32456938 17.55651629)
(18.01745572 34.45157241 15.06965249)
(21.04777001 34.32319437 13.11899724)
(23.69284426 34.01252197 11.30416756)
(25.89470273 32.38460171 8.597828095)
(28.12130143 31.02058832 9.754546653)
(28.34193045 30.40980961 8.952500906)
(50 36.66666667 36.66666667)
(-50 40 36.66666667)
(-47.8123481 41.72269507 27.27875204)
(-48.55684575 43.99431004 26.07905255)
(-47.82141886 43.50502869 25.55887274)
(-44.84768187 43.43218998 25.4676779)
(-41.20989607 43.11941358 27.75025021)
(-38.50077261 42.44309412 29.98234708)
(-34.47236596 41.22837532 33.48846141)
(-32.92277453 41.43458272 34.55283487)
(-28.90378438 41.76563299 36.04499443)
(-24.94717089 41.22204621 35.34119188)
(-21.40675432 41.37082682 33.15383954)
(-17.62737841 37.93222325 31.26998083)
(-14.43177242 35.14063072 30.3782324)
(-13.36663647 37.74403386 30.32659014)
(-9.360484762 35.3430333 30.44487416)
(-7.768294158 37.34287355 30.96219837)
(-4.138491203 34.96626717 28.10440456)
(-3.271024302 37.21388495 28.27818362)
(-0.06037627251 36.00957769 26.01895746)
(4.070917386 33.98146741 23.87049346)
(5.375868503 36.68926099 24.25943485)
(8.834253532 38.39769651 23.50150847)
(12.03784004 37.37339923 20.88352528)
(14.99975003 36.31348493 18.28341863)
(17.80866875 35.7367543 16.09705655)
(21.30914422 36.59293311 14.23407751)
(24.59965574 35.24278134 11.85132922)
(25.85709017 34.37429194 10.49658643)
(27.23035087 33.54035431 11.19262465)
(50 40 36.66666667)
(-50 43.33333333 36.66666667)
(-49.1210053 45.29369841 26.64507181)
(-45.45812499 44.29590267 27.14989246)
(-44.13471164 44.06952946 26.50781336)
(-41.4509702 43.27210128 28.02655275)
(-37.67602852 43.5452097 30.16072638)
(-36.26821696 43.638327 30.81847869)
(-34.4751466 42.79727381 32.43976184)
(-30.16920294 44.19946443 32.84337402)
(-26.90162801 44.71561596 34.03554133)
(-23.55089314 44.06164016 32.41866693)
(-20.33351805 45.31381322 31.12432637)
(-17.87064806 42.08372769 31.45702714)
(-15.24159472 39.49193443 30.61392758)
(-13.83661454 43.03244004 30.86146881)
(-11.03090885 40.39842321 31.092495)
(-8.326447919 42.43554528 29.320666)
(-6.01987709 39.55192858 29.16745436)
(-2.524941534 42.70918379 27.31397143)
(-1.054274724 41.57413952 27.11961874)
(1.899418201 38.77795184 25.80375082)
(4.856636813 42.14874638 24.83971006)
(7.701080603 43.68030311 23.64025427)
(10.81938633 41.87702825 23.01681836)
(12.82103255 39.78613005 20.94121915)
(15.39481895 38.78954121 18.74282264)
(18.85621324 39.14285203 17.12879734)
(22.30096507 37.77088192 14.7661755)
(24.58174537 37.38458016 13.04453062)
(25.74393957 36.72141444 12.83512097)
(50 43.33333333 36.66666667)
(-50 46.66666667 36.66666667)
(-45.49504443 45.42900126 27.50535552)
(-42.37054183 43.61166069 29.60916435)
(-40.6872624 44.05569114 28.84866132)
(-37.89618853 43.77601999 30.4718982)
(-33.87502309 44.35664728 32.14339908)
(-32.56143985 44.54661202 32.46655825)
(-31.09994897 44.67188136 32.93222522)
(-26.55571366 46.13578997 32.0676799)
(-24.90071734 46.54676301 31.83877116)
(-21.99718902 46.98840437 31.21665785)
(-17.66274861 46.11848854 31.1939526)
(-17.20647924 46.2828812 30.75269955)
(-16.42424876 44.19700434 30.45726946)
(-10.05989166 44.09118932 28.96923777)
(-9.750420178 44.06985053 28.91243646)
(-3.957745029 43.88805865 27.52898636)
(-3.684760482 43.84659861 27.56075282)
(2.294328412 45.14316555 25.30069185)
(2.735169183 45.08909127 25.08875945)
(3.22591755 44.5762485 24.92039683)
(8.153970155 45.64288502 23.08531299)
(11.59953356 46.54347037 21.76965863)
(12.29409829 46.59594752 21.6314657)
(13.87004346 44.60626812 20.75800005)
(15.63109372 43.73369458 18.9332789)
(18.40286686 43.8012509 17.745045)
(20.86208448 41.56413211 16.77004897)
(23.18012935 40.10074234 16.00673969)
(25.09706502 40.26362967 14.61801706)
(50 46.66666667 36.66666667)
(-50 50 36.66666667)
(-46.66666667 50 36.66666667)
(-43.33333333 50 36.66666667)
(-40 50 36.66666667)
(-36.66666667 50 36.66666667)
(-33.33333333 50 36.66666667)
(-30 50 36.66666667)
(-26.66666667 50 36.66666667)
(-23.33333333 50 36.66666667)
(-20 50 36.66666667)
(-16.66666667 50 36.66666667)
(-13.33333333 50 36.66666667)
(-10 50 36.66666667)
(-6.666666667 50 36.66666667)
(-3.333333333 50 36.66666667)
(0 50 36.66666667)
(3.333333333 50 36.66666667)
(6.666666667 50 36.66666667)
(10 50 36.66666667)
(13.33333333 50 36.66666667)
(16.66666667 50 36.66666667)
(20 50 36.66666667)
(23.33333333 50 36.66666667)
(26.66666667 50 36.66666667)
(30 50 36.66666667)
(33.33333333 50 36.66666667)
(36.66666667 50 36.66666667)
(40 50 36.66666667)
(43.33333333 50 36.66666667)
(46.66666667 50 36.66666667)
(50 50 36.66666667)
(-50 -50 43.33333333)
(-46.66666667 -50 43.33333333)
(-43.33333333 -50 43.33333333)
(-40 -50 43.33333333)
(-36.66666667 -50 43.33333333)
(-33.33333333 -50 43.33333333)
(-30 -50 43.33333333)
(-26.66666667 -50 43.33333333)
(-23.33333333 -50 43.33333333)
(-20 -50 43.33333333)
(-16.66666667 -50 43.33333333)
(-13.33333333 -50 43.33333333)
(-10 -50 43.33333333)
(-6.666666667 -50 43.33333333)
(-3.333333333 -50 43.33333333)
(0 -50 43.33333333)
(3.333333333 -50 43.33333333)
(6.666666667 -50 43.33333333)
(10 -50 43.33333333)
(13.33333333 -50 43.33333333)
(16.66666667 -50 43.33333333)
(20 -50 43.33333333)
(23.33333333 -50 43.33333333)
(26.66666667 -50 43.33333333)
(30 -50 43.33333333)
(33.33333333 -50 43.33333333)
(36.66666667 -50 43.33333333)
(40 -50 43.33333333)
(43.33333333 -50 43.33333333)
(46.66666667 -50 43.33333333)
(50 -50 43.33333333)
(-50 -46.66666667 43.33333333)
(-40.85200045 -46.49680326 35.75964872)
(-38.25284043 -46.60186737 34.68359857)
(-37.25742233 -46.89585202 35.82672537)
(-35.35057139 -46.92531077 36.23918157)
(-35.04705747 -47.17271561 36.56607324)
(-25.37815021 -45.74528745 37.81043479)
(-23.52118612 -45.15535816 40.26972055)
(-20.52605153 -44.17830568 40.44701024)
(-17.81743391 -45.61274387 40.02550088)
(-15.67803657 -46.17792509 38.18558266)
(-14.06357732 -45.93911125 37.41302071)
(-11.07343916 -44.96386351 35.63402241)
(-8.042739192 -43.62837144 33.72027381)
(-6.156695645 -43.06770605 32.71324309)
(-5.59665847 -43.12492466 32.86020821)
(0.5789183179 -42.69246032 27.84916056)
(3.706740247 -42.67955064 26.60946435)
(6.053974973 -44.23696927 25.12787695)
(10.21970275 -47.52805596 25.50345336)
(11.23671502 -47.8103627 24.46747077)
(13.70462617 -46.58539008 24.23337162)
(16.67006011 -47.20102787 23.62890094)
(19.34503927 -49.49414187 24.26823463)
(22.53273286 -49.87179249 23.39499349)
(25.52947564 -49.38857525 22.07547862)
(28.84964034 -49.13554479 21.34918891)
(32.02564273 -51.16164377 21.96587576)
(34.14444183 -51.61993435 21.51413841)
(37.69831438 -50.83004695 20.32840739)
(50 -46.66666667 43.33333333)
(-50 -43.33333333 43.33333333)
(-39.23147538 -42.63893889 35.1891262)
(-35.74965155 -42.93899237 33.9297336)
(-33.45817048 -45.34533159 33.92292467)
(-30.97400769 -45.43938991 35.68851328)
(-30.5053306 -46.0689488 36.82426389)
(-25.82871187 -42.02899259 40.31991872)
(-22.78424877 -41.25230365 42.09062245)
(-19.51345488 -39.93051985 41.22137253)
(-16.45416644 -41.27877967 39.48897086)
(-13.32930105 -42.21495362 37.75050441)
(-10.40075129 -43.41068247 35.97625644)
(-7.790046983 -42.16265021 33.62294877)
(-5.005237032 -40.78962885 31.50385605)
(-2.252992319 -41.66494858 29.31344667)
(-1.671522809 -42.11868935 29.28006592)
(3.474085414 -37.91514708 26.61845124)
(6.947579607 -37.98220258 25.82151851)
(9.6369896 -39.45958929 25.34514154)
(10.59101949 -43.10440163 23.53212223)
(14.3634174 -42.43752143 23.19262852)
(17.27070512 -42.28061619 22.54650999)
(20.65164226 -43.59114664 21.89716608)
(22.07880757 -46.50733731 21.25929772)
(25.30027656 -47.00468187 21.09461404)
(29.42186115 -47.15774681 19.91954071)
(33.07269093 -48.36402108 19.42522469)
(34.34465382 -50.76391293 20.87649957)
(37.96707131 -50.21781086 19.95353887)
(41.0283172 -49.55887047 18.49199009)
(50 -43.33333333 43.33333333)
(-50 -40 43.33333333)
(-41.48958715 -39.09299258 34.92257728)
(-38.21438437 -39.8799583 36.10069728)
(-34.5343143 -41.75937824 34.73701212)
(-30.84642333 -42.2176172 36.40465848)
(-27.34135779 -43.22685264 37.59724172)
(-26.27784401 -38.2465369 42.14080657)
(-25.09338917 -37.70194264 43.0560043)
(-21.33685239 -36.42546027 43.19259533)
(-18.05274052 -37.31804042 41.02236904)
(-14.72362105 -37.80180942 38.85596208)
(-11.45075221 -38.67705023 36.32005944)
(-7.57316122 -37.38913519 34.74645785)
(-4.300670195 -35.94367537 32.56253707)
(-1.831608548 -36.29328253 29.72162674)
(1.423121308 -37.93949541 28.10705909)
(3.649166974 -32.6754823 28.67471326)
(6.407134273 -32.49131185 27.65150306)
(10.09034978 -33.79705782 27.84391738)
(11.06898493 -37.41980849 26.03085138)
(15.27145994 -36.2822035 24.28614219)
(18.2703958 -36.65306369 23.11327132)
(21.46794596 -38.01196542 21.45065045)
(23.65473072 -41.78664169 21.53343749)
(27.23209968 -42.6611156 20.29265496)
(30.85994073 -42.72578822 18.54536591)
(34.08359573 -44.29339804 17.1503781)
(35.81084698 -47.31448564 18.55731402)
(39.69936781 -47.45411632 17.10615216)
(42.60203495 -46.28535135 16.76487869)
(50 -40 43.33333333)
(-50 -36.66666667 43.33333333)
(-41.69154951 -35.76462511 37.23441092)
(-37.72603365 -36.1633944 38.74421608)
(-34.29049275 -38.6534823 38.28308431)
(-30.37285831 -39.14019149 40.058598)
(-27.11379606 -40.0357292 41.02346366)
(-25.66017 -34.42565315 44.48811112)
(-23.09628613 -33.96090168 44.39720144)
(-19.50671817 -32.33559578 43.18881572)
(-16.00693074 -33.31583545 41.471543)
(-12.73967489 -33.51341225 38.96280578)
(-9.303460656 -34.41051297 36.74362913)
(-5.862729267 -32.83446421 34.61463662)
(-2.473837117 -31.40361913 32.57167513)
(0.8677542599 -31.6275484 29.99855586)
(3.171209871 -32.55777547 28.71322307)
(5.965820426 -27.3490874 29.37852345)
(9.892374883 -27.59011296 27.77919151)
(12.11157461 -28.64316511 26.07348489)
(14.90732495 -32.51570154 26.20401064)
(17.73495624 -30.7058589 23.42795191)
(20.04477451 -31.53779598 21.23353117)
(22.89132194 -33.06718487 19.26808276)
(25.0982099 -37.28525033 19.64809223)
(28.75927955 -38.06469338 19.00192237)
(32.9607811 -38.37735284 17.16939787)
(35.12888579 -40.24091786 16.21766856)
(38.29394715 -44.4725628 15.76817974)
(41.49186171 -43.84507948 15.17812791)
(41.91202301 -42.19488353 15.79355981)
(50 -36.66666667 43.33333333)
(-50 -33.33333333 43.33333333)
(-40.26243827 -32.78700026 39.73840544)
(-36.91949929 -33.24175385 42.06152178)
(-33.04887553 -34.99438552 41.08623547)
(-29.28444705 -35.19299747 42.55120564)
(-26.36803272 -35.92443857 43.31787621)
(-25.46847317 -30.12184524 45.84615017)
(-22.26815551 -29.69272472 45.23215437)
(-18.91002508 -27.99904846 43.76471606)
(-16.07223078 -28.74273375 40.82760703)
(-12.43732077 -29.00759705 40.28221595)
(-8.594985639 -29.82650245 38.38603876)
(-5.68022248 -28.60162269 36.86548756)
(-2.578598611 -27.13647849 34.82691136)
(0.9133939552 -26.78466202 32.22857225)
(4.050925038 -26.99577327 29.31556455)
(4.135724066 -22.68756334 27.16732351)
(7.515862665 -22.94566959 25.2716247)
(10.29802492 -23.24184441 23.66627952)
(13.41329637 -26.81526187 24.89252071)
(14.66549083 -25.23232799 22.12072092)
(18.51169648 -26.16979965 20.44630992)
(20.79898773 -27.77158826 19.41675701)
(24.77446002 -32.40388205 18.55153656)
(28.5020659 -33.62128521 17.70570549)
(30.53390089 -34.02409254 17.38016412)
(32.68344054 -36.09037089 16.77894864)
(36.03375252 -40.58653922 15.54897347)
(39.80987625 -40.09350181 14.0290653)
(41.22201107 -38.10441571 14.82224093)
(50 -33.33333333 43.33333333)
(-50 -30 43.33333333)
(-41.91349416 -29.48323421 41.57405514)
(-38.66432273 -29.58960632 43.87348674)
(-34.4247376 -31.47427118 43.96079666)
(-30.71036894 -30.98629201 44.40956217)
(-26.92505944 -31.69037987 45.38611121)
(-26.15279271 -25.99161578 45.26339367)
(-23.39839264 -25.93374513 46.79142358)
(-20.42533175 -24.72985109 46.02940973)
(-17.44824923 -25.11243242 43.20091869)
(-14.41048646 -25.29206915 42.45447756)
(-10.36457441 -26.32756564 41.31395239)
(-7.099443988 -25.03974742 39.33734373)
(-4.580505225 -23.39003352 36.13785107)
(-2.713825966 -22.9390166 33.38404778)
(0.5936437736 -23.05324811 30.29355401)
(3.724932939 -18.0007782 26.59687732)
(5.569438358 -17.76337998 25.6788319)
(8.183240637 -17.46979037 23.45721238)
(11.38456679 -21.26086008 22.75465511)
(12.11120932 -20.46897817 20.47230797)
(14.64683733 -21.82579524 19.90976859)
(17.64167388 -23.30964345 18.55368407)
(22.45217447 -27.5751206 18.3677058)
(25.87223428 -29.202651 17.26158644)
(27.77419045 -29.82355401 16.75548034)
(30.46772903 -31.84632416 16.70578787)
(33.65822856 -36.66047577 16.83567325)
(36.34415524 -38.04936124 15.54028391)
(38.84160605 -35.57504596 14.56304405)
(50 -30 43.33333333)
(-50 -26.66666667 43.33333333)
(-43.60392169 -26.03148604 39.86236713)
(-40.39131782 -26.00285107 41.76301111)
(-36.51370282 -27.31888029 44.00405704)
(-32.83851184 -26.89940521 43.5449991)
(-28.79369178 -27.63542542 44.4999948)
(-25.07692127 -21.8510762 44.47278494)
(-23.16414346 -22.08009813 44.71536298)
(-19.70005308 -20.46222002 44.81779227)
(-16.47908875 -20.98397109 44.03064615)
(-12.13235512 -21.22846053 43.31741254)
(-9.108674942 -21.87715088 41.19527121)
(-6.086198382 -20.49813647 37.58430143)
(-3.332801676 -18.90171607 34.10824104)
(-1.176982956 -18.05777175 31.28357636)
(0.9932004925 -18.0951061 28.80506433)
(5.269885804 -13.50620196 23.32003512)
(6.621427296 -13.24628793 21.88041206)
(8.796247542 -12.59682375 19.48734709)
(10.75642736 -16.02158091 19.72357529)
(13.11170542 -15.26499993 16.84303863)
(15.21558055 -17.04858972 16.81211493)
(18.31907878 -18.75174293 15.20048663)
(20.92597053 -23.29421003 16.3949648)
(24.3450938 -24.97633327 15.53328671)
(27.54309723 -25.36801824 14.46874381)
(30.10256048 -27.35789977 14.97565254)
(31.7652472 -32.3574953 16.85781279)
(34.12791478 -34.48196112 16.73031008)
(36.86057757 -31.92009026 14.92412094)
(50 -26.66666667 43.33333333)
(-50 -23.33333333 43.33333333)
(-42.51694457 -22.21278191 40.74029117)
(-38.26298286 -21.98491063 41.52808421)
(-34.87319498 -24.38853276 41.441722)
(-30.32089858 -23.23486716 41.59434464)
(-27.01247139 -23.4581459 43.77690976)
(-24.03362352 -17.37620566 44.69837492)
(-21.06375353 -18.13517613 45.04901835)
(-17.27654965 -16.68943215 44.87564396)
(-13.91413477 -17.21941596 44.16343914)
(-10.0912332 -17.27311791 41.644936)
(-7.60950092 -17.87677163 38.85089123)
(-4.533901348 -16.56013937 34.98990819)
(-1.554937093 -14.9168967 31.50018757)
(0.984021702 -13.79629642 28.5844419)
(3.131813408 -13.62730816 26.10891727)
(6.515018725 -9.534487504 19.29265664)
(7.684079006 -8.95419715 17.83631728)
(9.932521386 -8.061504557 15.26818235)
(11.51436439 -11.19669383 15.81180378)
(15.00018967 -10.58679559 12.9364338)
(16.2035779 -12.76452543 12.96159226)
(20.13415888 -14.06322734 12.47167238)
(21.56736569 -18.98820635 13.44168912)
(24.74860125 -20.81277965 12.5767986)
(28.14981276 -21.63242385 11.1670534)
(30.65326672 -23.96617243 11.80979899)
(31.02300992 -28.12145408 14.97543521)
(33.5805147 -30.36403899 15.20315639)
(38.00500191 -28.37404395 13.52342246)
(50 -23.33333333 43.33333333)
(-50 -20 43.33333333)
(-42.62689655 -18.07737831 41.65001346)
(-38.22657453 -17.65165032 42.90761756)
(-34.48601695 -19.91476809 40.76558436)
(-30.45667038 -18.36535404 41.94287338)
(-26.37478763 -18.7311988 43.86848101)
(-23.29556787 -12.83917897 45.2002789)
(-19.92340974 -13.81102038 45.58567872)
(-16.09925396 -12.52878566 43.64064957)
(-12.12786009 -13.25448152 42.94513923)
(-8.946987024 -13.21109302 39.45362595)
(-5.855736804 -13.76957101 36.80187667)
(-2.658071311 -12.55901054 32.75902434)
(-0.1294046172 -11.12639262 28.43753434)
(2.229206718 -9.979936825 24.82241075)
(4.477355825 -9.765534864 22.25438552)
(7.7202777 -5.395509115 15.40785811)
(8.917768788 -4.466717713 14.07438146)
(11.96933607 -3.460937489 11.5096925)
(13.43711773 -6.614680203 12.11233878)
(18.23430918 -6.303431712 9.541812058)
(19.48906828 -9.007755491 10.07402464)
(23.56511609 -10.95479424 9.237484364)
(24.05983179 -15.07362674 11.01704241)
(26.50082008 -16.92385574 9.952336375)
(31.54104052 -19.08666724 9.073167269)
(34.29710882 -22.15030679 9.59178799)
(33.37841961 -25.75211483 12.12991897)
(36.62546704 -28.06028338 13.23312757)
(41.55190715 -26.55424673 12.42020107)
(50 -20 43.33333333)
(-50 -16.66666667 43.33333333)
(-43.57045982 -14.21320073 42.0863434)
(-38.76150611 -13.25003432 41.60005209)
(-34.15100028 -15.09912837 40.64098412)
(-30.43898815 -13.63349941 43.22676935)
(-25.8879213 -13.96075763 44.56733828)
(-22.60742608 -8.535468911 44.86477416)
(-18.66544133 -9.952557375 43.92307479)
(-14.53323873 -8.469091216 42.50753967)
(-10.35402304 -9.505891641 41.00288824)
(-6.613214654 -9.545891322 37.55597762)
(-4.230131156 -10.03964033 34.08884739)
(-1.381584968 -9.176853841 29.38754304)
(1.376685758 -7.637035644 25.08142683)
(3.537683735 -6.483048463 20.79335)
(5.721443321 -6.483500249 17.88164296)
(9.121294702 -0.6648672335 12.47479564)
(10.58257085 0.3055348665 10.86226198)
(14.84874067 1.211678324 8.459512501)
(16.89322966 -2.522046663 9.007068535)
(21.56211054 -1.619045197 6.793000825)
(23.4534667 -5.782397236 7.32775337)
(27.74858855 -8.034967813 6.884522694)
(27.71889325 -12.19378116 8.446342034)
(30.50664175 -14.38110457 8.099167762)
(35.87229271 -16.94147644 7.979975217)
(38.40030232 -20.0763408 8.748401191)
(37.71156212 -24.59604322 10.96231328)
(40.03641288 -25.66756648 11.79866332)
(43.44868755 -23.52401352 10.72991898)
(50 -16.66666667 43.33333333)
(-50 -13.33333333 43.33333333)
(-44.15456411 -11.90637587 38.7299114)
(-39.26796146 -10.28408286 38.181242)
(-34.4429165 -10.30591263 40.19389736)
(-30.80045848 -8.746810613 43.54451107)
(-25.9525092 -9.145099541 45.07534898)
(-22.39363827 -4.740130777 42.29312692)
(-17.72227192 -6.250498995 41.59596954)
(-13.50368681 -4.696445297 40.34944113)
(-9.225215606 -5.895335871 38.45733399)
(-5.275954267 -6.00981258 34.74381325)
(-2.820290915 -6.461239714 31.06278602)
(-0.1510539124 -5.835991869 25.96109677)
(2.110989358 -4.444122321 21.22921087)
(4.556802358 -2.878631032 16.76939635)
(7.29638801 -2.595343712 14.16727016)
(10.48371454 4.740772166 11.41896934)
(12.6454968 5.754334352 9.395771843)
(17.26199774 6.962263236 7.35906422)
(19.45627894 2.610551782 6.637639345)
(24.38980691 3.723786415 4.584210617)
(26.62226968 -1.632128396 4.852461125)
(30.71810707 -3.959935251 4.233762119)
(31.81793783 -9.392629724 6.501781854)
(34.81707946 -12.06429054 6.719732534)
(39.43464533 -14.02050211 6.21740288)
(41.85196486 -17.2499185 7.185545901)
(41.00636581 -21.61898962 9.416167739)
(43.15101894 -23.04209611 10.15111221)
(45.66024022 -20.2937085 9.524573123)
(50 -13.33333333 43.33333333)
(-50 -10 43.33333333)
(-43.57989117 -8.037923406 38.1394575)
(-41.45689587 -6.344215829 37.34119407)
(-36.00946765 -6.095107984 38.54320815)
(-31.20327888 -4.677099543 40.93657057)
(-26.11723498 -4.846584362 43.51610066)
(-22.22583394 -0.8819770411 40.0366375)
(-16.75764921 -2.076271793 40.24177757)
(-12.58154421 -0.4596980777 39.32640654)
(-8.247706502 -1.899592581 36.45591479)
(-4.523183805 -2.057347538 32.22735955)
(-1.939582257 -2.540632713 28.27922376)
(0.2274851055 -2.140803655 22.70373164)
(2.404316557 -0.6621154319 17.85729163)
(5.574532451 1.884614028 14.15532238)
(8.852273358 2.195582877 11.75207533)
(11.60028847 10.43608766 12.18116678)
(15.23147158 11.18835298 9.824624007)
(19.8956712 12.59160715 7.135419882)
(21.91776197 8.200029642 5.187278824)
(28.54748077 7.287570401 3.034283504)
(29.42180176 3.217380429 3.147305779)
(33.87770103 0.5910434864 2.832145407)
(34.96562548 -5.736754317 4.159939794)
(38.21057606 -8.897108378 4.603800398)
(43.43598382 -12.00709049 4.453361004)
(46.25492331 -16.60778644 6.415179574)
(45.26632033 -20.10100417 8.324867871)
(45.7642083 -19.88903143 8.479152527)
(47.96218168 -17.14053029 7.945502724)
(50 -10 43.33333333)
(-50 -6.666666667 43.33333333)
(-42.43658277 -4.392283634 36.35331162)
(-40.12369154 -2.385310199 36.15554209)
(-35.99609016 -1.952164351 36.33012528)
(-31.91422743 -0.06083698203 39.69497425)
(-26.6252974 -0.3411798684 42.02821742)
(-21.55798483 3.232457722 41.64391851)
(-16.12066922 2.252077852 41.18103908)
(-11.64545371 3.631553545 40.33769764)
(-7.763324914 2.522901986 36.97647346)
(-4.430406386 2.615997531 32.55353961)
(-1.747221562 2.073996054 27.54681891)
(0.599856534 2.631897084 22.62700794)
(3.376390584 4.123996897 18.03214656)
(7.000568999 7.050338195 14.8123571)
(10.38332864 7.414435218 11.44184185)
(13.35703731 15.55906174 13.10703749)
(16.66917319 15.94934961 10.99926573)
(18.81893097 16.56156576 9.667625819)
(23.91010405 12.07472257 5.579578322)
(24.72513479 12.09233184 4.89694424)
(31.24613911 7.130871782 2.590663868)
(33.78227503 3.769158757 2.525771555)
(37.88168378 -3.156333574 3.005076076)
(41.39054698 -8.169038446 3.619644104)
(43.31515377 -10.7148961 4.39061983)
(45.56325955 -14.262482 5.836794147)
(47.98025302 -16.61888684 6.696257255)
(47.2240392 -16.21931696 6.860711153)
(50.26412315 -13.98735208 6.366432325)
(50 -6.666666667 43.33333333)
(-50 -3.333333333 43.33333333)
(-41.52463359 -0.7170470117 34.67203639)
(-36.92860788 0.789845341 35.36841043)
(-33.63997273 1.914735135 37.88065364)
(-30.05744475 3.850785636 41.91615647)
(-25.63994481 3.631587795 43.91805088)
(-20.69802597 5.198363778 45.24650269)
(-15.64515973 5.456211073 44.19182396)
(-12.30066208 7.596845956 41.82037292)
(-8.421927772 6.709866048 38.64600004)
(-5.744031584 6.750683703 34.38010606)
(-2.475933394 6.33457349 29.47666539)
(0.01262377759 6.529226183 25.39483161)
(2.874196399 7.536265095 21.41436965)
(5.759909854 10.30609803 18.6530852)
(10.34585798 11.6786681 14.05083945)
(12.49780519 17.18799944 15.61053263)
(15.84112024 17.76806345 12.83428397)
(22.10669184 16.52975873 7.552703992)
(23.43387097 16.30133558 6.77873118)
(23.46539013 17.14410004 7.107775489)
(28.80296118 12.39794306 3.561663441)
(31.14654667 8.863891013 2.543131819)
(35.36392821 1.621392343 2.512334486)
(39.45556883 -3.404962987 2.914336827)
(40.66701505 -6.477710617 3.553563378)
(43.16488589 -10.26763468 4.47568052)
(47.78958618 -13.39569005 5.258581086)
(48.26929958 -12.43090657 4.732867395)
(51.77360871 -10.76789333 4.721178066)
(50 -3.333333333 43.33333333)
(-50 0 43.33333333)
(-42.86119846 3.245832936 34.00996912)
(-38.23911755 4.720886 33.78495955)
(-35.68869331 5.149942767 38.65114902)
(-33.41830497 6.520433445 43.36403133)
(-28.30279816 6.271987348 45.98906544)
(-22.90791813 7.371961339 47.83234293)
(-17.8464888 8.179766344 46.60878887)
(-14.07451098 10.19463527 44.27686189)
(-10.84485619 10.18633311 39.876341)
(-6.880909623 10.83452347 36.10588659)
(-3.424530013 10.52723055 31.73948951)
(-0.05940131577 10.98308864 27.43109182)
(3.238259591 12.06991689 23.46885938)
(6.914325254 15.41002449 20.50083252)
(10.2654084 15.8454348 16.70687224)
(13.8029311 18.76991579 15.04276269)
(18.65101429 18.41757201 10.26040453)
(20.22762066 18.03511766 9.365527556)
(21.9885663 17.32021207 8.159684506)
(28.0145566 15.35421007 4.185395071)
(29.1447816 14.0927241 3.535128029)
(30.37731603 13.38867495 3.156233071)
(34.81643043 6.293005389 1.783121187)
(37.52059067 1.359112472 2.20902955)
(38.90257912 -2.042091945 2.693617947)
(41.24698256 -6.049423866 3.268991993)
(44.57952562 -10.44926803 3.879658655)
(49.66449692 -8.337791266 3.504150508)
(50.38709683 -6.942385321 3.797506575)
(50 0 43.33333333)
(-50 3.333333333 43.33333333)
(-42.72412207 6.88969204 34.61589485)
(-38.29931738 7.29063334 37.27680985)
(-35.94482546 7.989705678 42.18976811)
(-33.1301596 9.652880087 46.95402264)
(-28.01201467 9.826978307 48.8086938)
(-23.08413397 11.18770059 48.91989087)
(-18.39343783 12.59014642 46.76081814)
(-14.19377558 14.68521633 44.20086248)
(-11.20659421 14.75918446 40.39268981)
(-8.901999253 14.45601182 36.80662087)
(-4.715647193 14.6171507 33.14675584)
(-0.686820802 15.48165245 29.20712772)
(3.112735575 16.47810277 25.49056891)
(5.502032886 17.58851722 23.57698043)
(9.4083904 18.26104006 19.51949609)
(10.10968389 18.40372168 19.27124313)
(14.65697407 19.01915868 14.4116542)
(15.74253196 19.14974055 13.47938626)
(19.82263737 18.35401584 10.20979993)
(24.01603755 17.26442208 6.918277298)
(27.24498421 15.94211578 4.859149231)
(28.38673719 15.19397968 4.116765845)
(32.68598201 10.52898921 2.209744388)
(36.31329694 6.375302407 1.581061557)
(38.95416653 2.909909467 1.603129567)
(41.57050409 -1.323903414 2.089340116)
(44.79388448 -5.812752594 2.661689795)
(47.89797526 -4.464588801 2.09922115)
(47.67031397 -3.82004718 3.028533641)
(50 3.333333333 43.33333333)
(-50 6.666666667 43.33333333)
(-43.56766345 9.051817482 38.04170028)
(-39.30796832 9.780324243 40.92328711)
(-37.15798159 11.09335161 45.52664555)
(-34.00581425 13.79971439 49.24041983)
(-29.15651678 14.43629426 49.70338577)
(-24.83093678 15.15354169 47.74388009)
(-21.06745455 15.34749665 45.84216262)
(-17.23212371 15.86560429 44.28325135)
(-13.5950944 16.33540372 43.27157137)
(-10.24239355 15.00915292 39.5598566)
(-8.316907832 14.35371554 36.18584121)
(-3.892760639 15.2247649 32.61043993)
(-0.1608635482 16.43762246 29.0135194)
(2.383349727 17.01907461 27.19265457)
(5.750390016 17.89147579 23.55909502)
(11.2081382 18.6006526 18.24594191)
(13.1932403 18.95306181 16.26221524)
(19.13296404 18.25955499 10.87932571)
(24.79539171 16.90199008 7.112920408)
(25.19094923 16.10791528 6.439839889)
(28.70380915 14.9731721 4.050281377)
(32.16225247 12.5091186 2.51986816)
(33.32379949 12.58743017 2.066890101)
(36.20109999 9.216006461 1.32936008)
(36.64698749 7.234772651 1.811297376)
(40.6935087 2.950451353 1.649526225)
(44.83113526 -1.236695306 1.593765318)
(45.44021101 -0.8994380588 2.138568201)
(44.95353111 -0.6977090382 2.259560706)
(50 6.666666667 43.33333333)
(-50 10 43.33333333)
(-43.90615272 11.26584999 41.52128481)
(-40.399033 12.13128438 44.57464225)
(-37.25990084 15.01265369 47.85113508)
(-32.24397221 17.87128165 50.41359812)
(-28.97007447 18.07236297 49.28475275)
(-25.47545744 17.50167965 46.54782063)
(-20.46168359 16.62756741 45.17224545)
(-15.4158894 16.02116371 42.8619436)
(-11.14755191 15.64658249 39.72476032)
(-7.34506047 15.04272876 36.02834928)
(-5.047421069 15.58279227 33.06770752)
(-1.995623979 16.10940635 30.98508405)
(0.8526339713 16.97661246 28.18731444)
(6.011634701 18.11582264 23.35327923)
(8.688591326 18.66666198 20.51546429)
(15.10127836 19.16102583 14.1662453)
(17.47131412 18.73597926 12.31745609)
(23.82347161 17.0384196 7.170944579)
(29.76814604 15.44996431 4.016040884)
(29.79162485 13.0025111 3.814099826)
(33.32351143 12.64312704 2.154236684)
(36.12134447 10.07585927 1.265579052)
(36.3828559 8.652843693 1.231655639)
(38.03417647 7.586814742 1.304659413)
(33.35379281 11.01812353 2.36488897)
(37.55008448 6.609232048 2.032249029)
(41.81689232 2.438589227 1.682367748)
(42.62667516 2.528601656 1.641693684)
(42.23674825 2.424629103 1.490587772)
(50 10 43.33333333)
(-50 13.33333333 43.33333333)
(-43.67333729 14.01812113 44.62377793)
(-38.94057377 15.56040801 47.24608961)
(-34.63355972 18.26360985 50.06511638)
(-30.10136355 21.60870719 51.37615371)
(-26.17463924 20.74633345 47.44537993)
(-21.83539305 18.27512168 44.6785556)
(-16.28456568 17.77025211 44.82774308)
(-12.61262436 16.72905591 41.70311629)
(-9.431545421 15.33110613 37.25605453)
(-5.279032597 15.17502254 33.3340679)
(-1.698099207 16.82921133 29.87802963)
(1.461896232 17.38676026 27.83647474)
(4.394085392 18.00050954 24.86746888)
(9.639919676 19.21257067 19.51390389)
(12.4494426 19.58461654 16.58844355)
(18.99441851 19.72139906 10.0865487)
(21.74938795 18.51889671 8.372696939)
(27.50697111 16.40890569 4.263724837)
(31.43161417 16.52510181 3.143971796)
(33.62164963 10.96500042 1.656516615)
(32.39027167 15.87085605 2.985648531)
(33.27432128 14.91891338 2.303682508)
(33.44453586 13.00352717 2.017660709)
(35.13640783 11.61601777 1.925537959)
(35.12421612 11.64771523 3.371682897)
(34.40666026 10.26801274 2.414971833)
(38.80264937 6.113873759 1.770970177)
(39.81313932 5.95664137 1.144819168)
(40.25823714 5.837892707 2.82120672)
(50 13.33333333 43.33333333)
(-50 16.66666667 43.33333333)
(-45.42264423 17.56396386 46.06401961)
(-40.79484685 19.62432859 48.20790981)
(-36.69930485 22.5816316 50.46918698)
(-32.40233803 25.89708863 51.54520266)
(-28.21109278 24.80436916 48.69129494)
(-24.71192461 21.40547401 46.08392068)
(-19.84872603 18.64015108 44.35346359)
(-15.04312003 19.26331464 44.07868018)
(-11.51911675 17.42539384 40.44363858)
(-8.359226492 16.3999006 36.21089451)
(-3.387997557 16.41278432 31.98100799)
(2.26102723 17.88614375 27.21448568)
(7.195928111 18.88763063 22.2763856)
(9.444663585 19.52935373 19.890483)
(14.36198477 20.24839396 14.67902098)
(15.62981443 20.59846424 13.41288604)
(21.47134659 19.38237089 8.374185412)
(23.67257694 20.2115817 7.464757478)
(28.14606695 21.18269398 5.685920027)
(31.65121934 16.96520008 3.022607986)
(29.47484295 20.43650988 5.174187073)
(30.4642606 19.40656743 4.448063462)
(31.65130328 17.66976998 3.579823734)
(32.90916734 16.0635017 3.098020874)
(34.87590991 14.02933321 3.650858635)
(32.76576557 13.69946491 3.693128053)
(35.78840643 9.789158292 1.859572607)
(37.73163116 9.487569181 2.572040965)
(38.35520996 9.280901729 4.366496592)
(50 16.66666667 43.33333333)
(-50 20 43.33333333)
(-46.14653143 21.62461279 46.60231844)
(-41.46890253 23.44550762 45.82291627)
(-37.64178102 26.49708525 47.8819328)
(-33.64148983 29.56887655 48.62039406)
(-29.61628668 29.3115516 48.11399259)
(-25.91427564 25.73709593 46.64294992)
(-22.07774717 22.38185844 44.45935735)
(-17.8350776 22.67148319 44.01987942)
(-13.3641906 21.14215587 41.75130033)
(-9.602122778 20.11022516 38.78073798)
(-5.711709916 18.99483138 35.01284335)
(-1.485229543 17.5422402 30.02287658)
(3.784838086 18.5908266 25.78195239)
(5.714103352 19.33250633 23.68103074)
(10.77055474 20.2425944 18.8114856)
(12.28628628 22.2484135 17.69905755)
(17.36369094 21.49065733 12.04801246)
(20.0141006 23.42772824 11.25181853)
(24.25354311 24.54160881 8.90306998)
(28.47014521 21.90724371 5.601587658)
(26.53078386 24.72703189 7.794342278)
(27.5629037 23.57662608 7.011175071)
(29.21047404 21.96478346 5.724528888)
(30.37808878 20.13664997 4.762333179)
(32.52448927 18.07622881 5.568129272)
(33.57168143 16.79437726 5.6792737)
(34.33760862 13.62398678 4.241975561)
(35.84360806 13.04569174 4.507828075)
(36.45218279 12.72391075 5.911786464)
(50 20 43.33333333)
(-50 23.33333333 43.33333333)
(-45.68784765 25.49241508 44.9590147)
(-41.79772516 26.70156031 42.6256807)
(-38.06940059 29.64601679 44.34962082)
(-34.70200703 33.1608691 45.54329786)
(-31.5703349 33.46216641 47.70785961)
(-27.90373665 29.67855892 47.75834588)
(-24.71451402 25.61479862 46.00767419)
(-20.67413318 25.91065601 44.51611881)
(-16.5590745 24.30962379 42.23903961)
(-12.07409093 23.47556502 40.38056447)
(-8.157383193 22.22209173 37.54929049)
(-3.909483329 19.38445559 33.78500003)
(0.2568339857 18.61673552 29.17893306)
(2.479646983 19.50743422 27.92571677)
(7.170047077 20.5763823 22.94292259)
(8.854914958 22.93382145 22.16201775)
(13.65346802 22.92747737 16.3458837)
(15.51027459 24.56778874 15.33242702)
(19.38209969 25.62044935 12.45123721)
(24.77787558 25.84220827 9.024527008)
(23.48431643 28.06502304 11.45131926)
(24.63595638 27.52431785 9.840675272)
(26.48572069 25.63632366 8.492088922)
(28.04781079 24.14086989 7.025270265)
(29.63487735 22.02635719 6.096383117)
(31.49881075 20.62949348 7.628061297)
(32.92433673 17.46264465 6.679434481)
(33.95558495 16.6038143 6.443615185)
(34.54915562 16.16691977 7.457076336)
(50 23.33333333 43.33333333)
(-50 26.66666667 43.33333333)
(-45.06190091 28.40256629 42.02866353)
(-41.4887837 30.21805487 39.69950259)
(-37.64864336 32.68833134 40.74601611)
(-35.64384529 36.40561655 42.17262484)
(-32.90031841 36.83126343 44.76418625)
(-28.86582824 34.0088844 47.11251594)
(-25.36840938 29.76829815 47.52913553)
(-22.49965624 29.8696199 45.16314962)
(-19.07688533 28.12451774 42.40604932)
(-15.59844187 26.45546809 39.75149846)
(-11.39885948 25.82932502 37.97162631)
(-6.451017585 22.64859471 36.39061085)
(-2.75932139 20.17605671 32.6739921)
(-0.8484187095 21.42102844 31.73846104)
(3.924484701 21.36730006 27.30538689)
(5.358915291 23.95732051 26.52020493)
(10.1581866 23.81857773 20.96331031)
(11.45001654 25.46990858 19.90189687)
(14.82772367 26.20302762 16.48234838)
(20.48158428 27.94706791 12.9367174)
(19.99347321 30.39394283 15.31582701)
(21.861617 30.24789937 13.93151407)
(23.8769878 28.90140984 11.84916994)
(25.55809206 27.97427215 9.388204348)
(27.48235213 26.13468578 8.09438363)
(29.14465113 24.50545744 8.71464999)
(31.35100592 21.25773152 8.274980778)
(32.06756185 20.16193686 8.379402295)
(32.64612844 19.60992879 9.002366208)
(50 26.66666667 43.33333333)
(-50 30 43.33333333)
(-46.46410972 31.16390288 39.24070801)
(-43.42767777 33.20018933 36.85149724)
(-39.46511712 35.31969028 37.26806651)
(-38.20690526 39.11521004 39.16630665)
(-35.38755058 39.53124524 41.79594423)
(-31.83689138 36.91582717 45.27043017)
(-27.5745956 33.48600422 46.75782546)
(-25.10701084 33.44714735 44.69977128)
(-21.18473957 32.1477268 42.75999675)
(-18.21357304 30.3918051 39.85405969)
(-14.85888183 29.18466602 37.22810606)
(-9.587513686 26.30957925 37.2971056)
(-5.563062857 23.23041679 35.42177442)
(-4.337035849 24.43839321 34.58508634)
(0.1714924177 22.98511279 30.98371421)
(1.382633015 25.88637147 30.10337357)
(6.428377665 24.85174181 25.35275216)
(7.542165144 27.12433844 24.4311034)
(11.05018446 27.22628443 21.19286628)
(16.09383426 28.770622 17.32837351)
(16.28391678 32.07033222 19.37383582)
(18.58879823 32.56894821 17.8387728)
(20.98157761 31.59488637 15.41783106)
(23.46691113 30.63718701 13.20134104)
(25.27850913 29.77027438 10.80090135)
(25.84741775 27.43314929 9.637276108)
(29.52138388 24.96275468 10.47999078)
(30.17953875 23.72005942 10.3151894)
(30.74310127 23.05293782 10.54765608)
(50 30 43.33333333)
(-50 33.33333333 43.33333333)
(-46.80636588 34.35301747 36.59518591)
(-45.53916585 36.80292981 34.94426092)
(-41.70602113 38.88024628 35.0183478)
(-39.8854034 41.97499975 35.85157003)
(-37.50449876 41.56650433 38.21384076)
(-33.53074078 40.15538219 42.57575367)
(-29.75828745 37.00206274 45.14730748)
(-27.098267 37.29148513 43.5650334)
(-23.24962789 36.07404873 41.76110149)
(-19.64626965 34.9164396 39.47904292)
(-16.65983289 33.75548583 36.9713067)
(-12.52282916 30.03131982 36.32453329)
(-8.57945679 26.97519665 36.77008711)
(-7.564032313 28.81350105 35.58723607)
(-3.471570613 26.5032289 33.19572858)
(-2.698927285 29.69847286 31.60589872)
(2.271827646 27.23260054 28.6358083)
(3.242928686 29.9500658 27.93980823)
(7.466568965 29.31480632 25.73327463)
(12.34044333 29.86050564 22.19073722)
(12.68616081 33.52112968 23.58575762)
(14.97848193 34.40189799 21.71110735)
(17.74518365 33.5925788 19.07893993)
(20.45527971 32.595202 16.69344781)
(22.83503479 32.15123467 14.40654241)
(24.53305465 30.79693502 12.83736283)
(27.2467105 28.67969151 11.79203871)
(28.42912906 27.18465386 11.87171109)
(28.84007409 26.49594684 12.09294595)
(50 33.33333333 43.33333333)
(-50 36.66666667 43.33333333)
(-46.93898179 37.94769113 34.51746775)
(-46.78671646 40.25268061 32.25940546)
(-44.25744529 41.84360184 32.35426548)
(-43.43470488 43.00746603 32.91880682)
(-40.65373409 42.66493905 34.940617)
(-36.14378807 41.53618026 39.2334305)
(-32.16022268 39.79503558 42.7469899)
(-29.93083942 40.24579067 42.69935223)
(-25.65268847 39.74348615 42.26244388)
(-21.86465282 38.89870446 40.40637435)
(-18.99753988 37.90680368 38.11693304)
(-15.20173907 34.15278735 36.11366198)
(-11.71919408 30.93869378 36.48028104)
(-10.93093587 33.09637666 36.46827963)
(-6.770002506 30.78830317 34.81974103)
(-6.014725224 33.38353754 34.56498846)
(-2.029089519 30.75783292 30.74031878)
(-1.359770645 33.1372354 30.70607746)
(2.898120091 31.99598967 28.87171076)
(8.074492656 31.26087189 26.45773755)
(8.761951623 34.3340605 27.58699165)
(11.35185574 36.06717462 25.63543657)
(14.3054504 35.22133112 22.75317139)
(17.09572154 34.28118054 20.07501037)
(20.10272667 34.14292727 17.97430472)
(22.69485793 33.80835699 16.01987275)
(24.80967986 32.05521209 13.10535333)
(26.95114513 30.5862746 14.35105024)
(26.93233535 29.92851292 13.48730867)
(50 36.66666667 43.33333333)
(-50 40 43.33333333)
(-47.90047744 41.85521007 33.22327142)
(-48.9586544 44.30156465 31.93128736)
(-48.42306647 43.77464628 31.37109372)
(-45.47699074 43.69620459 31.27288389)
(-41.81578551 43.35936848 33.73103868)
(-39.15467819 42.63102444 36.13483531)
(-35.07280437 41.32286573 39.91065074)
(-33.66042386 41.54493524 41.05689909)
(-29.58869087 41.90145091 42.66384016)
(-25.58413276 41.31604977 41.90589894)
(-22.0277867 41.47627504 39.55028873)
(-18.21409983 37.7731635 37.52151782)
(-15.02908824 34.76683309 36.56117335)
(-14.13842902 37.57049801 36.50555861)
(-10.08052205 34.9848051 36.6329414)
(-8.622265504 37.13847921 37.19005978)
(-4.969657193 34.57905696 34.11243567)
(-4.291872325 36.99956841 34.29958236)
(-1.090661627 35.70262213 31.86656957)
(3.102013595 33.51850337 29.55283911)
(4.250935311 36.43458876 29.97169907)
(7.718939701 38.2744424 29.15547066)
(10.91254569 37.17135302 26.33610415)
(13.84588465 36.02990685 23.53598929)
(16.61446378 35.40881232 21.18144552)
(20.12779633 36.33085105 19.1751604)
(23.41501388 34.87684145 16.60912378)
(24.51276377 33.94154516 15.15017)
(25.73524966 33.04345848 15.89974962)
(50 40 43.33333333)
(-50 43.33333333 43.33333333)
(-49.30980057 45.44449573 32.54084656)
(-45.6215705 44.36994647 33.08449957)
(-44.45276638 44.12615993 32.39302978)
(-41.81899355 43.26739113 34.02859527)
(-38.010082 43.56150788 36.3269361)
(-36.75038749 43.66178805 37.03528474)
(-35.0757989 42.75603847 38.78128198)
(-30.69503906 44.2660899 39.21594125)
(-27.43252247 44.82194539 40.49981374)
(-24.08044903 44.11766376 38.75856439)
(-20.8719938 45.46615783 37.36465917)
(-18.47608253 41.98760418 37.72295231)
(-15.90120457 39.19644221 36.81499893)
(-14.64455925 43.00929441 37.0815818)
(-11.8794403 40.17266089 37.33037923)
(-9.223354169 42.36648466 35.42225569)
(-6.995765071 39.2610513 35.25725854)
(-3.488398575 42.66117229 33.2612)
(-2.161013805 41.43881692 33.05189711)
(0.7634760117 38.42753788 31.63480857)
(3.691762722 42.05762431 30.59661083)
(6.498599624 43.70699309 29.30488922)
(9.600364763 41.76500479 28.63349669)
(11.49957351 39.51326826 26.398236)
(14.01493323 38.44001874 24.03073207)
(17.48617836 38.82050731 22.29255098)
(20.93950084 37.34300104 19.748189)
(23.13931553 36.92698376 17.89410989)
(24.13449902 36.21280529 17.66859181)
(50 43.33333333 43.33333333)
(-50 46.66666667 43.33333333)
(-45.40491964 45.33379622 33.46730594)
(-42.29648095 43.37666023 35.73294622)
(-40.74012873 43.85484687 34.91394296)
(-37.99076713 43.55366256 36.66204422)
(-33.91669153 44.17895348 38.46212209)
(-32.75847369 44.38353089 38.81013965)
(-31.44097069 44.51843633 39.31162716)
(-26.80358907 46.0949533 38.38057836)
(-25.2776956 46.53753965 38.13406125)
(-22.4072292 47.01315342 37.46409307)
(-17.99578055 46.076321 37.43964126)
(-17.76082379 46.25335924 36.96444567)
(-17.174832 44.00703031 36.64629019)
(-10.57731922 43.89307568 35.04379452)
(-10.5004525 43.87009544 34.98262388)
(-4.51859721 43.67431957 33.49275454)
(-4.481024109 43.6296703 33.52696458)
(1.701584444 45.02597315 31.09305277)
(1.919925787 44.96773932 30.86481787)
(2.192013772 44.4154471 30.68350428)
(7.24273709 45.56413259 28.70726014)
(10.69693358 46.53399373 27.2904016)
(11.18851611 46.59050759 27.14157845)
(12.62927758 44.44777592 26.20092313)
(14.26938298 43.50808134 24.23583882)
(16.99795919 43.5808343 22.95620231)
(19.38993713 41.17162945 21.90620659)
(21.62988289 39.59567123 21.0841812)
(23.43786489 39.77108836 19.58863375)
(50 46.66666667 43.33333333)
(-50 50 43.33333333)
(-46.66666667 50 43.33333333)
(-43.33333333 50 43.33333333)
(-40 50 43.33333333)
(-36.66666667 50 43.33333333)
(-33.33333333 50 43.33333333)
(-30 50 43.33333333)
(-26.66666667 50 43.33333333)
(-23.33333333 50 43.33333333)
(-20 50 43.33333333)
(-16.66666667 50 43.33333333)
(-13.33333333 50 43.33333333)
(-10 50 43.33333333)
(-6.666666667 50 43.33333333)
(-3.333333333 50 43.33333333)
(0 50 43.33333333)
(3.333333333 50 43.33333333)
(6.666666667 50 43.33333333)
(10 50 43.33333333)
(13.33333333 50 43.33333333)
(16.66666667 50 43.33333333)
(20 50 43.33333333)
(23.33333333 50 43.33333333)
(26.66666667 50 43.33333333)
(30 50 43.33333333)
(33.33333333 50 43.33333333)
(36.66666667 50 43.33333333)
(40 50 43.33333333)
(43.33333333 50 43.33333333)
(46.66666667 50 43.33333333)
(50 50 43.33333333)
(-50 -50 50)
(-46.66666667 -50 50)
(-43.33333333 -50 50)
(-40 -50 50)
(-36.66666667 -50 50)
(-33.33333333 -50 50)
(-30 -50 50)
(-26.66666667 -50 50)
(-23.33333333 -50 50)
(-20 -50 50)
(-16.66666667 -50 50)
(-13.33333333 -50 50)
(-10 -50 50)
(-6.666666667 -50 50)
(-3.333333333 -50 50)
(0 -50 50)
(3.333333333 -50 50)
(6.666666667 -50 50)
(10 -50 50)
(13.33333333 -50 50)
(16.66666667 -50 50)
(20 -50 50)
(23.33333333 -50 50)
(26.66666667 -50 50)
(30 -50 50)
(33.33333333 -50 50)
(36.66666667 -50 50)
(40 -50 50)
(43.33333333 -50 50)
(46.66666667 -50 50)
(50 -50 50)
(-50 -46.66666667 50)
(-40.43666715 -46.48467016 41.88533791)
(-37.88994808 -46.59723885 40.73242704)
(-37.06152392 -46.9122224 41.95720575)
(-35.25656458 -46.94378535 42.39912311)
(-35.16946634 -47.20886196 42.74936418)
(-25.04801808 -45.67947465 44.0826087)
(-23.29650893 -45.04740755 46.71755774)
(-20.3255314 -44.00056561 46.90751097)
(-17.66153633 -45.53746367 46.4558938)
(-15.60742014 -46.14301497 44.48455285)
(-14.1157376 -45.88714301 43.6568079)
(-11.15011338 -44.84223472 41.7507383)
(-8.141030087 -43.41135036 39.70029337)
(-6.358364382 -42.81063743 38.62133189)
(-5.996419789 -42.87194309 38.77879451)
(0.3821743882 -42.40858844 33.40981489)
(3.495316931 -42.39475663 32.08156895)
(5.772116043 -44.06341946 30.49415388)
(9.997300561 -47.58958376 30.89655717)
(10.84886133 -47.89205527 29.78657583)
(13.25495662 -46.5795846 29.53575531)
(16.19411202 -47.23919653 28.88810815)
(18.82206589 -49.69610438 29.57310853)
(21.99935663 -50.10073004 28.63749303)
(24.97205724 -49.58299729 27.2237271)
(28.29128132 -49.31189323 26.44555955)
(31.45604578 -51.48271357 27.10629546)
(33.48809243 -51.97373918 26.62229115)
(37.05771778 -51.12743126 25.35186506)
(50 -46.66666667 50)
(-50 -43.33333333 50)
(-38.70039029 -42.58933928 41.27406379)
(-35.20795999 -42.91082515 39.92471457)
(-32.99089694 -45.48904575 39.91741929)
(-30.56738919 -45.58982252 41.80912137)
(-30.3033304 -46.26434991 43.02599703)
(-25.53076271 -41.93582539 46.77134149)
(-22.50693321 -41.10365868 48.66852405)
(-19.24060642 -39.68746175 47.73718485)
(-16.20089262 -41.13202584 45.8810402)
(-13.0909178 -42.13506936 44.01839758)
(-10.19128115 -43.41620741 42.11741761)
(-7.632193196 -42.07902999 39.59601654)
(-4.886563486 -40.60793567 37.32556006)
(-2.175825104 -41.54577824 34.97869286)
(-1.790917296 -42.03192907 34.94292777)
(3.484139134 -37.52813378 32.09119776)
(6.967644817 -37.59997896 31.23734126)
(9.611060286 -39.18289329 30.72693737)
(10.39513993 -43.08804937 28.78441667)
(14.1988996 -42.37353486 28.42067342)
(17.07575548 -42.2054221 27.72840356)
(20.4600929 -43.60956188 27.03267794)
(21.75110335 -46.73405188 26.34924755)
(24.96458202 -47.26692106 26.17280076)
(29.14247028 -47.4309192 24.91379362)
(32.81597838 -48.72335592 24.38416931)
(33.94070052 -51.29466862 25.93910669)
(37.58376687 -50.70955925 24.95022022)
(40.62557795 -50.00355169 23.38427509)
(50 -43.33333333 50)
(-50 -40 50)
(-41.11979576 -39.02820633 40.98847566)
(-37.84874516 -39.87138389 42.25074708)
(-34.14390817 -41.88504811 40.78965585)
(-30.43069166 -42.37601843 42.5764198)
(-26.91335954 -43.45734211 43.85418756)
(-26.01197572 -38.12128953 48.72229275)
(-24.98101221 -37.53779568 49.70286175)
(-21.19424661 -36.170136 49.84920928)
(-17.91365056 -37.12647188 47.52396683)
(-14.58483208 -37.64479581 45.20281651)
(-11.31628213 -38.58255382 42.48577797)
(-7.399815593 -37.20264485 40.79977626)
(-4.131670448 -35.6539379 38.45986115)
(-1.724342492 -36.028517 35.41602865)
(1.52477283 -37.79231651 33.68613474)
(3.67172652 -32.15230246 34.29433563)
(6.388596245 -31.95497699 33.198039)
(10.09680333 -33.35399052 33.40419719)
(10.90724576 -37.2355091 31.46162647)
(15.17180231 -36.01664661 29.5922952)
(18.14685264 -36.41399682 28.33564784)
(21.334704 -37.86996295 26.55426834)
(23.43959244 -41.91425895 26.64296874)
(27.03439251 -42.85119529 25.31355888)
(30.68326983 -42.92048738 23.44146347)
(33.89909066 -44.60006932 21.94683367)
(35.51162177 -47.8369489 23.45426502)
(39.43979884 -47.9865532 21.89944875)
(42.31170411 -46.73430501 21.5337986)
(50 -40 50)
(-50 -36.66666667 50)
(-41.336184 -35.70019357 43.46544027)
(-37.32551225 -36.12744638 45.08308865)
(-33.8826708 -38.7953977 44.5890189)
(-29.92330057 -39.31687183 46.491355)
(-26.66954339 -40.27637652 47.52513963)
(-25.35018215 -34.26558075 51.23726191)
(-22.84125894 -33.76763275 51.13985868)
(-19.23338851 -32.02623358 49.8451597)
(-15.7217115 -33.07649036 48.00522464)
(-12.45917548 -33.28817979 45.31729191)
(-9.015612607 -34.24935913 42.93960263)
(-5.567209929 -32.56073546 40.65853924)
(-2.174349292 -31.02768716 38.46965193)
(1.167831945 -31.26761138 35.71273842)
(3.397724862 -32.26428325 34.33559614)
(6.153855218 -26.68354602 35.04841798)
(10.12278261 -26.9417877 33.33484805)
(12.26240136 -28.07005785 31.50730524)
(15.01975293 -32.21920403 31.64715426)
(17.81126264 -30.28008691 28.67280562)
(20.04797269 -31.17144808 26.32164054)
(22.8597497 -32.81007902 24.21580296)
(24.98617727 -37.32943488 24.62295596)
(28.67065666 -38.16455243 23.93063111)
(32.93417022 -38.49954471 21.967212)
(35.0190443 -40.49622152 20.94750203)
(38.17208623 -45.03012681 20.46590686)
(41.36032802 -44.35782325 19.83370847)
(41.57240561 -42.58975616 20.4930998)
(50 -36.66666667 50)
(-50 -33.33333333 50)
(-39.80499338 -32.74797647 46.14829154)
(-36.46136828 -33.23521246 48.63734477)
(-32.55236664 -35.1130321 47.59239515)
(-28.75714565 -35.32583062 49.16200604)
(-25.87051125 -36.10951752 49.9834388)
(-25.14479268 -29.89245323 52.69230375)
(-21.95397614 -29.43268125 52.03445111)
(-18.59407449 -27.61802811 50.46219578)
(-15.79167583 -28.41483378 47.31529324)
(-12.13522463 -28.69861589 46.73094566)
(-8.256532232 -29.57601453 44.69932724)
(-5.371666943 -28.26364336 43.07016524)
(-2.28659375 -26.693846 40.88597645)
(1.216731619 -26.31689978 38.1020417)
(4.340276827 -26.54309041 34.98096201)
(4.193037689 -21.9271512 32.67927519)
(7.576519522 -22.20369361 30.64816932)
(10.31931241 -22.52102377 28.92815663)
(13.41900802 -26.34968533 30.24198647)
(14.5225497 -24.65368475 27.27220098)
(18.40538908 -25.65811867 25.4781892)
(20.61796304 -27.37432075 24.3750968)
(24.63930241 -32.33749267 23.44807488)
(28.39507061 -33.6418532 22.54182731)
(30.33394143 -34.07343249 22.19303299)
(32.39892439 -36.28730214 21.54887354)
(35.75044913 -41.10462535 20.231043)
(39.55820075 -40.57637099 18.60256996)
(40.8331071 -38.44520731 19.452401)
(50 -33.33333333 50)
(-50 -30 50)
(-41.57398184 -29.44632237 48.11505908)
(-38.33082198 -29.56029248 50.57873579)
(-34.02650458 -31.57957627 50.67228213)
(-30.2849191 -31.05674144 51.15310232)
(-26.46732559 -31.81112128 52.19940487)
(-25.87799219 -25.70530263 52.06792179)
(-23.16494449 -25.64329836 53.70509669)
(-20.21761735 -24.35341188 52.88865328)
(-17.26598132 -24.76332045 49.85812717)
(-14.24933073 -24.95578838 49.05836881)
(-10.1525202 -26.0652489 47.83637757)
(-6.892261415 -24.68544367 45.71858257)
(-4.431493694 -22.91789305 42.29055471)
(-2.66957544 -22.43466064 39.34005119)
(0.6360469003 -22.55705155 36.02880787)
(3.75290434 -17.14369093 32.06808284)
(5.491064907 -16.88933569 31.08446275)
(8.053472111 -16.57477539 28.70415612)
(11.24536918 -20.6366358 27.95141619)
(11.7858195 -19.78819089 25.50604425)
(14.26446857 -21.24192347 24.90332349)
(17.23512677 -22.83176083 23.45037579)
(22.15113931 -27.40191493 23.25111336)
(25.57739387 -29.1456975 22.06598547)
(27.37710882 -29.81095073 21.52372894)
(30.02494777 -31.97820446 21.47048701)
(33.20524489 -37.13622404 21.60964991)
(35.84492824 -38.62431561 20.22173276)
(38.28267315 -35.97326353 19.17469005)
(50 -30 50)
(-50 -26.66666667 50)
(-43.38515419 -25.986116 46.28110764)
(-40.18117385 -25.95543567 48.31751191)
(-36.26468159 -27.36546697 50.71863254)
(-32.56507221 -26.91602939 50.22678476)
(-28.46943166 -27.70462247 51.24999443)
(-24.72527279 -21.50710545 51.22084101)
(-22.91396323 -21.75248609 51.48074605)
(-19.44053306 -20.01904526 51.59049171)
(-16.22759509 -20.57806426 50.74712087)
(-11.80847573 -20.84001724 49.98294201)
(-8.806913628 -21.53504261 47.70921915)
(-5.806641123 -20.05752717 43.84032296)
(-3.094668462 -18.34707675 40.11597254)
(-1.022957929 -17.44285069 37.0895461)
(1.064143385 -17.48285178 34.43399749)
(5.408210981 -12.56616877 28.55718049)
(6.618195912 -12.28768945 27.0147272)
(8.710265224 -11.59183497 24.45072903)
(10.57236265 -15.26121764 24.70383066)
(12.85777962 -14.45059517 21.61754139)
(14.87383631 -16.36158423 21.58440886)
(17.96091774 -18.18639123 19.85766424)
(20.51592081 -23.05332027 21.13746229)
(23.94117193 -24.85559517 20.21423576)
(27.12950893 -25.27525764 19.07365409)
(29.63369576 -27.40727356 19.61677057)
(31.17705057 -32.76398306 21.63337084)
(33.47038489 -35.04019644 21.4967608)
(36.16014263 -32.2953348 19.56155815)
(50 -26.66666667 50)
(-50 -23.33333333 50)
(-42.22053584 -22.13274252 47.22174054)
(-37.90081497 -21.88859473 48.06580451)
(-34.50699462 -24.46390415 47.97327357)
(-29.86762943 -23.22783386 48.13679783)
(-26.56098125 -23.46706108 50.47526046)
(-23.60745378 -16.95069654 51.46254456)
(-20.66354545 -17.76387919 51.83823395)
(-16.84392225 -16.21486778 51.65247567)
(-13.47943011 -16.78270758 50.88939908)
(-9.621559377 -16.84024538 48.19100286)
(-7.200655748 -17.48701722 45.19738346)
(-4.14346573 -16.0763398 41.06061592)
(-1.189813552 -14.31572265 37.32162953)
(1.292404205 -13.1150795 34.19761632)
(3.355514366 -12.93402064 31.54526851)
(6.742281967 -8.548855659 24.24213212)
(7.756751316 -7.927115994 22.68176851)
(9.927701485 -6.970659645 19.93019537)
(11.38443803 -10.329791 20.51264691)
(14.8811556 -9.676328612 17.43189335)
(15.93240489 -12.00961058 17.45884885)
(19.90564642 -13.40107691 16.93393469)
(21.2031299 -18.67784014 17.97323834)
(24.37350134 -20.6327401 17.04656993)
(27.77956129 -21.51093031 15.53612864)
(30.22373816 -24.01137522 16.22478463)
(30.38179634 -28.46346271 19.61653773)
(32.8838848 -30.86623225 19.8605247)
(37.38631157 -28.73409471 18.06080978)
(50 -23.33333333 50)
(-50 -20 50)
(-42.33834155 -17.94004819 48.19644299)
(-37.86180604 -17.48391105 49.54387595)
(-34.09216101 -19.9086801 47.24884038)
(-30.01309922 -18.24859361 48.51022148)
(-25.87774865 -18.64057014 50.57337251)
(-22.81667986 -12.32769176 52.00029882)
(-19.44174853 -13.3689504 52.4132272)
(-15.582534 -11.99512749 50.32926739)
(-11.56556439 -12.77265877 49.58407775)
(-8.395581336 -12.7261711 45.84317066)
(-5.321622766 -13.32454037 43.00201072)
(-2.133647833 -12.02751129 38.67038322)
(0.337542672 -10.49256352 34.04021537)
(2.626531007 -9.264218026 30.16686866)
(4.797166956 -9.03450164 27.41541305)
(8.033630869 -4.352331195 20.07984797)
(9.078561797 -3.35719755 18.65112299)
(12.11000293 -2.279575881 15.90324197)
(13.4445309 -5.658585932 16.54893441)
(18.34628365 -5.325105406 13.79479863)
(19.45257316 -8.222595169 14.3650264)
(23.581672 -10.30870811 13.46873325)
(23.8736293 -14.72174294 15.37540258)
(26.25087866 -16.70413115 14.23464612)
(31.41301961 -19.02142919 13.29267922)
(34.12785469 -22.30390013 13.84834428)
(32.90544958 -26.16298017 16.56777033)
(36.14633373 -28.63601791 17.74977954)
(41.18656719 -27.02240721 16.87878686)
(50 -20 50)
(-50 -16.66666667 50)
(-43.34930219 -14.03795316 48.66393936)
(-38.43494702 -13.00598915 48.14291295)
(-33.73321459 -14.98716135 47.11534013)
(-29.99415397 -13.41684461 49.88582431)
(-25.35610616 -13.76747841 51.32214816)
(-22.07938509 -7.954669071 51.64082945)
(-18.09392523 -9.47297814 50.63186585)
(-13.90466054 -7.883550112 49.11522107)
(-9.665024688 -8.994407711 47.50309454)
(-5.895110939 -9.037264511 43.80997602)
(-3.579902429 -9.566281304 40.09519363)
(-0.7659838945 -8.64186721 35.05808182)
(1.951210931 -6.992061999 30.44438589)
(4.028470669 -5.755647163 25.85001786)
(6.130117843 -5.756131219 22.73033175)
(9.534720514 0.4781184403 16.93728105)
(10.8622783 1.517834976 15.20956641)
(15.19507928 2.488702967 12.63519197)
(17.14750796 -1.511716663 13.22185914)
(21.9117851 -0.5442150925 10.84964374)
(23.70014289 -5.00494942 11.4225929)
(28.06396392 -7.418417895 10.94770289)
(27.79405229 -11.87428934 12.62108075)
(30.54283045 -14.21785014 12.24910832)
(36.05364696 -16.9611057 12.12140202)
(38.52413344 -20.31988895 12.94471556)
(37.54810227 -25.16242726 15.31676423)
(39.80091856 -26.31048789 16.21285356)
(43.2188319 -24.01382401 15.06777034)
(50 -16.66666667 50)
(-50 -13.33333333 50)
(-43.97512821 -11.80445034 45.06776221)
(-38.97757775 -10.06627925 44.47990214)
(-34.04598197 -10.0896683 46.6363186)
(-30.38144361 -8.419201847 50.22626186)
(-25.42530747 -8.845939985 51.86644534)
(-21.85032672 -4.126330594 48.88549313)
(-17.08338658 -5.744582256 48.13853879)
(-12.8015692 -4.079524723 46.80297264)
(-8.45558815 -5.364050339 44.77571499)
(-4.462331953 -5.486703954 40.79694277)
(-2.069359314 -5.970375884 36.85298502)
(0.5524422367 -5.300467478 31.38688939)
(2.737964788 -3.809178677 26.31701165)
(5.120383479 -2.131866582 21.53863894)
(7.817558583 -1.828344454 18.7506466)
(10.99445606 6.031779702 15.80603858)
(13.07255609 7.117739187 13.63832697)
(17.78071187 8.411948705 11.45614024)
(19.8936322 3.749400718 10.68318501)
(24.94145978 4.942152111 8.483082804)
(27.09528894 -0.7963280437 8.770494062)
(31.24559091 -3.290406816 8.10760227)
(32.18588577 -9.111150895 10.53762341)
(35.16115656 -11.97364463 10.771142)
(39.87045333 -14.06958559 10.23293166)
(42.2223433 -17.52967459 11.27022775)
(41.07824909 -22.21082221 13.66017972)
(43.13799649 -23.73557917 14.44762022)
(45.58835262 -20.79087815 13.77632835)
(50 -13.33333333 50)
(-50 -10 50)
(-43.35940721 -7.897775078 44.43513304)
(-41.32286463 -6.083088388 43.57985079)
(-35.72442962 -5.816187126 44.86772302)
(-30.8130369 -4.296892367 47.43203989)
(-25.60179939 -4.478483245 50.19582214)
(-21.67053636 -0.2306896869 46.46782589)
(-16.04986225 -1.510291207 46.68761883)
(-11.81355928 0.2217520596 45.70686415)
(-7.408256966 -1.320992051 42.63133727)
(-3.655792172 -1.49001522 38.10074238)
(-1.125742895 -2.007820763 33.87059689)
(0.9580197559 -1.579432488 27.89685533)
(3.05224393 0.004876322996 22.70424104)
(6.210808579 2.73351503 18.73784541)
(9.484578598 3.066695939 16.16293785)
(12.19078526 11.89580821 16.62267869)
(15.84324336 12.70180677 14.09781144)
(20.60250486 14.20529337 11.2165213)
(22.53093545 9.500031759 9.129227311)
(29.39611035 8.522396858 6.822446611)
(30.0947876 4.161479031 6.943541906)
(34.63087015 1.347546593 6.605870079)
(35.55840825 -5.432236768 8.028506922)
(38.79704578 -8.818330405 8.504071855)
(44.15760171 -12.1504541 8.34288679)
(46.93979879 -17.07977119 10.44483526)
(45.64248607 -20.82250447 12.49092986)
(45.93784222 -20.59539082 12.65623485)
(48.05471847 -17.65056817 12.0844672)
(50 -10 50)
(-50 -6.666666667 50)
(-42.13443392 -4.229827703 42.5214053)
(-39.89443141 -2.079499022 42.30950938)
(-35.7100966 -1.615414186 42.4965628)
(-31.57476748 0.4110079954 46.10175813)
(-26.14615198 0.1106406172 48.60166153)
(-20.95498375 3.939538036 48.18991269)
(-15.36738368 2.889131032 47.69397044)
(-10.81060516 4.367140703 46.79039033)
(-6.889276693 3.179299747 43.18907871)
(-3.556387794 3.279044973 38.45022101)
(-0.9196421499 2.698329105 33.0858774)
(1.356989144 3.296080209 27.81465137)
(4.093751816 4.894758581 22.8915856)
(7.73870488 8.030124256 19.44181118)
(11.12499497 8.42022821 15.83054484)
(14.07301616 17.14661377 17.61468303)
(17.38363795 17.56477934 15.35635613)
(19.44885461 18.22072522 13.92959909)
(24.66558767 13.41339323 9.549548202)
(25.30073965 13.4322603 8.818154543)
(32.04943476 8.116410242 6.347139859)
(34.52862801 4.514574858 6.27761238)
(38.68275643 -2.905595496 6.791152939)
(42.20415748 -8.276350715 7.449618683)
(44.02814095 -11.00405534 8.275664103)
(46.19873047 -14.80504024 9.825136586)
(48.5502711 -17.32975971 10.74598992)
(47.50194676 -16.90164912 10.92219052)
(50.52108432 -14.51025818 10.39260606)
(50 -6.666666667 50)
(-50 -3.333333333 50)
(-41.15734551 -0.5301694173 40.72003899)
(-36.47112749 1.084358103 41.46615404)
(-33.18568506 2.289597169 44.15784318)
(-29.58535747 4.363936991 48.48159622)
(-25.09041706 4.129082162 50.62648308)
(-20.03359925 5.807770715 52.04982431)
(-14.85790923 6.084035674 50.91981138)
(-11.51261413 8.377573048 48.37897099)
(-7.594922613 7.427237432 44.97785719)
(-4.963843363 7.470970634 40.40725649)
(-1.700404827 7.025138263 35.15357006)
(0.7278111903 7.23369472 30.78017673)
(3.555686618 8.312664982 26.51539605)
(6.409427224 11.28034313 23.556877)
(11.08484784 12.75095391 18.62589941)
(13.15241033 18.65380892 20.29699924)
(16.49643835 19.27530607 17.32244711)
(22.97145554 17.94855102 11.66361142)
(24.15533795 17.70381194 10.83435484)
(23.95101324 18.60677385 11.18690231)
(29.43174412 13.52160566 7.387496544)
(31.70463333 9.735121324 6.296212663)
(35.98516118 1.97530132 6.26321552)
(40.1309666 -3.410079391 6.693932314)
(41.19084946 -6.702308994 7.378817906)
(43.6290444 -10.76294192 8.366800557)
(48.3459852 -14.11442982 9.205622592)
(48.6218686 -13.08073323 8.642357923)
(52.13839028 -11.29893333 8.629833642)
(50 -3.333333333 50)
(-50 0 50)
(-42.5893793 3.477678145 40.0106812)
(-37.87524499 5.058092143 39.76959952)
(-35.38074283 5.517795821 44.98337395)
(-33.18627913 6.986178691 50.03289071)
(-27.94347421 6.719986444 52.84542726)
(-22.40134085 7.898530007 54.82036743)
(-17.2164761 8.764035368 53.50941665)
(-13.41316652 10.92282351 51.01092346)
(-10.19091735 10.91392833 46.29607964)
(-6.181926977 11.608418 42.25630706)
(-2.716758347 11.27917559 37.57802448)
(0.6506414474 11.76759497 32.96188409)
(3.945754323 12.93205382 28.71663505)
(7.646300867 16.51074053 25.53660627)
(10.99865186 16.97725157 21.47164883)
(14.55075951 20.11062406 19.68867431)
(19.50703912 19.73311287 14.56471914)
(20.95816499 19.32334035 13.60592238)
(22.60679723 18.55737008 12.31394768)
(28.82512016 16.45093937 8.055780433)
(29.79798029 15.09934725 7.359065745)
(30.88045766 14.34500888 6.953106862)
(35.39855641 6.742505774 5.481915558)
(38.05777572 1.456191934 5.938245946)
(39.30038239 -2.187955656 6.457447801)
(41.57414798 -6.481525571 7.073919992)
(44.90663459 -11.19564431 7.728205702)
(50.11672289 -8.933347785 7.325875545)
(50.65284184 -7.438269987 7.640185617)
(50 0 50)
(-50 3.333333333 50)
(-42.44251174 7.143717662 40.65988734)
(-37.93974482 7.573297626 43.5108677)
(-35.65517014 8.322303702 48.77475155)
(-32.87755195 10.10427628 53.87930997)
(-27.63192048 10.29081009 55.86645764)
(-22.59014354 11.74872682 55.98559736)
(-17.80249291 13.25134736 53.67230515)
(-13.54095002 15.49606512 50.92949552)
(-10.57849379 15.57531668 46.84931051)
(-8.347380151 15.25048886 43.00709379)
(-4.100098183 15.42313766 39.08580982)
(-0.02159371648 16.34938953 34.8647797)
(3.811264307 17.41701487 30.88275241)
(6.133130473 18.60674464 28.83247903)
(10.08041829 19.32730482 24.48517438)
(10.59370893 19.48017799 24.21918907)
(15.22771031 20.13957478 19.01248664)
(16.15271281 20.27948392 18.01362814)
(20.28615909 19.42692174 14.51049993)
(24.54099261 18.25949985 10.98386853)
(27.76248308 16.8427431 8.77765989)
(28.74769461 16.04116871 7.98224912)
(33.11593311 11.04296463 5.939011844)
(36.76424672 6.592585912 5.265423097)
(39.35565461 2.879664905 5.289067394)
(41.9207782 -1.656563182 5.810007268)
(45.1363048 -6.466044446 6.423239067)
(48.22402111 -5.02158324 5.820594089)
(47.74200306 -4.331002931 6.816286044)
(50 3.333333333 50)
(-50 6.666666667 50)
(-43.34630608 9.222185398 44.33039316)
(-39.02044224 10.00272836 47.41780762)
(-36.95498027 11.4095434 52.34997737)
(-33.81575336 14.30921779 56.32902124)
(-28.85817274 14.99126766 56.82505619)
(-24.46171798 15.75974705 54.72558581)
(-20.66751083 15.96755593 52.68803138)
(-16.79632302 16.52267126 51.0177693)
(-13.13760114 17.02602779 49.93382647)
(-9.783516902 15.6050448 45.95698921)
(-7.958591724 14.90279046 42.34197272)
(-3.456529256 15.83605763 38.51118564)
(0.3038366745 17.13554788 34.65734222)
(2.791684231 17.75853232 32.70641561)
(6.16113216 18.69324787 28.81331609)
(11.77062427 19.45308017 23.12065205)
(13.65942413 19.83066146 20.99523062)
(19.78531861 19.08761845 15.22784898)
(25.61411016 17.63308461 11.19241472)
(25.79982655 16.78229018 10.47125702)
(29.3255098 15.56649392 7.911015761)
(32.79288955 12.92643659 6.271287314)
(33.79930898 13.01034185 5.78595368)
(36.6440357 9.39810216 4.995742943)
(36.88367707 7.27535165 5.512104331)
(40.98114027 2.685007402 5.338778099)
(45.17621635 -1.801221161 5.279034269)
(45.59070227 -1.439874111 5.862751644)
(44.83116429 -1.223735874 5.992386471)
(50 6.666666667 50)
(-50 10 50)
(-43.70897316 11.35626785 48.05851944)
(-40.18944012 12.28351898 51.32997384)
(-37.06417947 15.37070038 54.84050187)
(-31.92806546 18.43351606 57.58599799)
(-28.65841312 18.64896032 56.3765208)
(-25.15227583 18.03751392 53.44409353)
(-20.01847051 17.10096508 51.97026298)
(-14.85035769 16.45124683 49.49493957)
(-10.51523419 16.04990981 46.13367177)
(-6.679231456 15.40292367 42.17323138)
(-4.455570193 15.98156314 39.0011152)
(-1.423882834 16.54579252 36.76973292)
(1.389726874 17.47494192 33.77212261)
(6.679132418 18.69552426 28.59279917)
(9.309204992 19.28570927 25.55228316)
(15.94184586 19.81538482 18.74954854)
(18.24307465 19.35997778 16.76870295)
(24.81086243 17.54116386 11.25458348)
(30.94206124 15.83924748 7.874329519)
(30.72912186 13.21697617 7.657964099)
(34.27519082 12.83192183 5.879539304)
(37.03477384 10.08127779 4.927406128)
(37.07686941 8.556618243 4.891059613)
(38.60804622 7.414444367 4.969277942)
(33.3552542 11.09084664 6.105238182)
(37.61318575 6.367034337 5.748838245)
(41.94667034 1.898488457 5.373965444)
(42.57619958 1.994930345 5.33038609)
(41.92032551 1.883531182 5.168486898)
(50 10 50)
(-50 13.33333333 50)
(-43.45952804 14.06703455 51.38261921)
(-38.62680522 15.71948477 54.19223887)
(-34.25024256 18.61577246 57.21262469)
(-29.63241333 22.19980533 58.61730755)
(-25.66330394 21.27583346 54.40576421)
(-21.25220684 18.62810656 51.44130957)
(-15.54298704 18.08717488 51.6011533)
(-11.84685944 16.97160752 48.25333889)
(-8.676655808 15.47380419 43.48862986)
(-4.465630164 15.30657177 39.28650132)
(-0.8670110549 17.0789169 35.58360317)
(2.280603105 17.67629076 33.39622294)
(5.18413911 18.33387927 30.21514522)
(10.56658061 19.6325162 24.47918274)
(13.33868849 20.03113676 21.34476095)
(20.11306745 20.17768947 14.37844503)
(22.82672518 18.88929409 12.54217529)
(28.75746905 16.62858943 8.139705183)
(32.72434852 16.75308527 6.939969781)
(34.83271984 10.79583378 5.346267802)
(33.27529108 16.05210768 6.770337712)
(33.98439184 15.0321691 6.03965983)
(33.92866938 12.97996959 5.733207903)
(35.50329411 11.49335237 5.634504956)
(35.25213632 11.52731393 7.183945962)
(34.24523123 10.04906127 6.158898392)
(38.71712433 5.598198075 5.468896619)
(39.56169689 5.429734802 4.798020537)
(39.80049217 5.302504091 6.594150057)
(50 13.33333333 50)
(-50 16.66666667 50)
(-45.33378548 17.62805651 52.92573529)
(-40.61352639 19.83559016 55.22276051)
(-36.46354091 23.00412909 57.64555748)
(-32.09774312 26.55640449 58.79843142)
(-27.84521845 25.38563362 55.74067315)
(-24.33420494 21.74396025 52.94705788)
(-19.36173027 18.78111425 51.0929967)
(-14.45096193 19.4487895 50.79858591)
(-10.91333938 17.47958864 46.90389848)
(-7.765837908 16.38084588 42.36881555)
(-2.67761643 16.39464987 37.83679427)
(3.136814889 17.97324925 32.72980608)
(8.186113452 19.04627091 27.43898457)
(10.35737765 19.73383138 24.88266035)
(15.38784082 20.50423163 19.29895105)
(16.50813451 20.87930693 17.9423779)
(22.52882373 19.57634977 12.54377008)
(24.64918957 20.46478992 11.56938301)
(29.20411935 21.50526736 9.663485743)
(32.72154453 16.9865239 6.809937128)
(30.15161745 20.70578439 9.115200435)
(30.97361254 19.60227463 8.337210852)
(32.00734876 17.74142022 7.406954)
(33.116965 16.02041849 6.89073665)
(34.98609395 13.84095225 7.483062823)
(32.48712978 13.48752193 7.528351486)
(35.48757832 9.297907693 5.563827793)
(37.33150957 8.974776503 6.327186749)
(37.76153448 8.753347091 8.249817777)
(50 16.66666667 50)
(-50 20 50)
(-46.10937891 21.74065656 53.50248404)
(-41.3357289 23.6916153 52.66741029)
(-37.47333681 26.96116277 54.87349943)
(-33.42540577 30.25236773 55.66470792)
(-29.35078335 29.97666243 55.12213492)
(-25.62243819 26.1468885 53.54601777)
(-21.7499672 22.55199119 51.20645431)
(-17.44234505 22.86230342 50.7355851)
(-12.89020421 21.22373843 48.30496464)
(-9.0975125 20.11809838 45.12221927)
(-5.167308244 18.92303362 41.0851893)
(-0.8770316528 17.36668592 35.73879633)
(4.53137414 18.49017136 31.19494899)
(6.36034883 19.28482821 28.94396151)
(11.53988008 20.25992257 23.72659171)
(12.92578292 22.40901447 22.53470452)
(18.1277641 21.59713286 16.48001336)
(20.7293935 23.67256598 15.62694843)
(25.03355809 24.86600944 13.11043212)
(29.31325082 22.0434754 9.573129634)
(26.99726843 25.06467702 11.92250958)
(27.86501587 23.83209937 11.08340186)
(29.39217457 22.10512514 9.70485238)
(30.40509512 20.14641068 8.673928406)
(32.4667147 17.93881658 9.537281363)
(33.35061105 16.56540421 9.656364678)
(33.93315209 13.16855726 8.116402387)
(35.30862768 12.54895544 8.401244366)
(35.7225768 12.20419009 9.905485497)
(50 20 50)
(-50 23.33333333 50)
(-45.61793201 25.64663521 51.74180146)
(-41.68803887 26.94214795 49.24180075)
(-37.93150063 30.09692275 51.08887945)
(-34.5616742 33.86283594 52.36781914)
(-31.44440644 34.18565448 54.68699244)
(-27.75400355 30.13178932 54.74108487)
(-24.57507455 25.77776042 52.86536521)
(-20.48419031 26.09475049 51.26727016)
(-16.31329411 24.37935883 48.82754244)
(-11.74604981 23.48572443 46.83631907)
(-7.787672469 22.14271733 43.80281123)
(-3.474446424 19.1023929 39.76964289)
(0.7513697466 18.27983568 34.83457114)
(2.894859863 19.23415571 33.4918394)
(7.682193297 20.37945723 28.15313134)
(9.249313645 22.90528488 27.31644759)
(14.15252526 22.89848766 21.08487539)
(15.90386564 24.65596413 19.99902895)
(19.81415443 25.78381478 16.91203986)
(25.35724764 26.02141363 13.24056465)
(23.73319617 28.40300087 15.84069921)
(24.72900089 27.82367389 14.11500922)
(26.47279598 25.80082297 12.67009527)
(27.9083687 24.19855107 11.09850386)
(29.37070192 21.93300175 10.10326763)
(31.12967819 20.43636206 11.74435139)
(32.41893221 17.04330974 10.72796552)
(33.28574578 16.12313437 10.47530198)
(33.68361911 15.65503309 11.56115322)
(50 23.33333333 50)
(-50 26.66666667 50)
(-44.94727479 28.52655912 48.60213949)
(-41.35703016 30.47172546 46.10660992)
(-37.48068931 33.11845024 47.2278744)
(-35.57078662 37.10125583 48.75638376)
(-32.86938877 37.55730606 51.5330567)
(-28.78481597 34.53332853 54.04912422)
(-25.27567672 29.98984325 54.49550236)
(-22.44010788 30.09840228 51.96051745)
(-19.01094857 28.22864996 49.00648141)
(-15.5221401 26.44038248 46.16231977)
(-11.26068278 25.7695149 44.2553139)
(-6.197518842 22.36158957 42.56136877)
(-2.480225299 19.71244171 38.57927725)
(-0.6709248078 21.04633999 37.57692254)
(4.204805037 20.98877387 32.82720024)
(5.503599717 23.76379579 31.98593386)
(10.40758088 23.61514281 26.03211819)
(11.55358915 25.38442586 24.8948895)
(14.93446583 26.16991055 21.23108755)
(20.7540784 28.03852514 17.43219722)
(19.99300701 30.66017684 19.98124323)
(21.75649441 30.5037017 18.49805079)
(23.67772502 29.06103435 16.26696779)
(25.24081292 28.06767254 13.63021894)
(27.0644249 26.09668714 12.24398246)
(28.60736431 24.35108535 12.90855356)
(30.73322063 20.87137901 12.4374794)
(31.26286389 19.6973133 12.5493596)
(31.64466143 19.10587609 13.21682094)
(50 26.66666667 50)
(-50 30 50)
(-46.44964136 31.2470388 45.6150443)
(-43.43441666 33.42877428 43.05517561)
(-39.42691121 35.69966816 43.50149983)
(-38.3169223 39.76629647 45.53532855)
(-35.53428038 40.21204847 48.35279739)
(-31.96809791 37.40981483 52.0754609)
(-27.63944767 33.73500452 53.66909871)
(-25.23370209 33.69337216 51.46404066)
(-21.26936383 32.30113585 49.3857108)
(-18.32406635 30.41979118 46.27220681)
(-14.96784958 29.12642787 43.45868506)
(-9.558050378 26.04597777 43.53261314)
(-5.484234013 22.74687513 41.52332973)
(-4.408728886 24.04113558 40.62687822)
(0.1837418761 22.48404942 36.76826523)
(1.243297278 25.59254086 35.82504311)
(6.411357023 24.48400908 30.7350916)
(7.366605511 26.91893405 29.74761079)
(10.8871024 27.02816189 26.27807102)
(16.05291766 28.68280929 22.13754304)
(16.01848227 32.21821309 24.3291098)
(18.24990287 32.75244451 22.68439943)
(20.57549982 31.70880682 20.09053328)
(23.00026193 30.68270036 17.71572254)
(24.70316454 29.7538654 15.14382287)
(25.07461425 27.24980281 13.89708154)
(28.7729113 24.60295144 14.79999012)
(29.23998199 23.27149223 14.62341722)
(29.60570374 22.55671909 14.87248866)
(50 30 50)
(-50 33.33333333 50)
(-46.81634439 34.42585205 42.78055633)
(-45.69672532 37.05075813 41.01170813)
(-41.82787978 39.27645435 41.09108693)
(-40.11531316 42.59226164 41.98382503)
(-37.80243915 42.15458797 44.51482939)
(-33.78293655 40.64267139 49.1883075)
(-29.97911751 37.26411484 51.94354373)
(-27.36719083 37.57421026 50.24825007)
(-23.48174417 36.26981412 48.31546588)
(-19.85909844 35.02951862 45.87040313)
(-16.89744 33.78563958 43.1835429)
(-12.70303125 29.79546171 42.49057138)
(-8.716084656 26.52104403 42.96795047)
(-7.866225097 28.49065589 41.70061008)
(-3.719539942 26.01536429 39.13828062)
(-3.129803044 29.43883996 37.43489148)
(1.957910573 26.79683392 34.25265175)
(2.760280735 29.70840383 33.50693739)
(7.047514368 29.02776868 31.14279424)
(12.03142737 29.61244652 27.34721845)
(12.16374373 33.5345437 28.84188316)
(14.38170683 34.47822404 26.83332931)
(17.10793486 33.61109633 24.01314992)
(19.77351398 32.54247833 21.45726551)
(22.08515633 32.06679905 19.00700972)
(23.66636808 30.61576371 17.32574589)
(26.33576125 28.34728852 16.20575576)
(27.36454304 26.74546247 16.29111903)
(27.56674605 26.00756209 16.52815638)
(50 33.33333333 50)
(-50 36.66666667 50)
(-46.95843288 38.03919288 40.55442974)
(-47.03338668 40.50882446 38.13507728)
(-44.56154852 42.21338293 38.23671301)
(-43.91813618 43.46038027 38.84157874)
(-41.17661986 43.09338708 41.00780393)
(-36.58263007 41.88400266 45.60724696)
(-32.55261954 40.0184905 49.3717749)
(-30.40208986 40.50144239 49.32073453)
(-26.05645193 39.96325897 48.85261844)
(-22.23593755 39.05813573 46.86397252)
(-19.40212606 37.99538489 44.41099968)
(-15.57329186 33.97322454 42.26463784)
(-12.0800889 30.52955286 42.65744397)
(-11.47362177 32.84135594 42.64458532)
(-7.253574113 30.36842006 40.87829396)
(-6.682443693 33.14902831 40.60534478)
(-2.650214961 30.33577337 36.50748441)
(-2.171182833 32.88513317 36.47079728)
(2.152747717 31.66236989 34.50540438)
(7.460765941 30.87474369 31.91900452)
(7.959233882 34.16744577 33.12891962)
(10.49603592 36.02435376 31.03796775)
(13.42250638 35.11809287 27.94982649)
(16.17398737 34.11078867 25.08036826)
(19.15768334 33.96266017 22.8296122)
(21.69687159 33.60419201 20.73557795)
(23.72465699 31.72582248 17.61287857)
(25.78098883 30.15196088 18.94755383)
(25.52274026 29.44721622 18.02211643)
(50 36.66666667 50)
(-50 40 50)
(-47.98860678 41.98772508 39.16779081)
(-49.36046305 44.60881927 37.78352218)
(-49.02471407 44.04426388 37.1833147)
(-46.1062996 43.96021921 37.07808988)
(-42.42167495 43.59932337 39.71182716)
(-39.80858378 42.81895475 42.28732355)
(-35.67324277 41.41735614 46.33284008)
(-34.39807318 41.65528776 47.56096331)
(-30.27359736 42.03726883 49.28268588)
(-26.22109462 41.41005332 48.47060601)
(-22.64881909 41.58172326 45.94673793)
(-18.80082124 37.61410375 43.77305481)
(-15.62640407 34.39303545 42.7441143)
(-14.91022157 37.39696215 42.68452708)
(-10.80055934 34.62657689 42.82100864)
(-9.476236849 36.93408487 43.41792119)
(-5.800823183 34.19184674 40.12046679)
(-5.312720348 36.78525187 40.3209811)
(-2.120946981 35.39566657 37.71418168)
(2.133109805 33.05553932 35.23518476)
(3.126002119 36.17991653 35.68396329)
(6.60362587 38.15118829 34.80943285)
(9.787251333 36.96930681 31.78868302)
(12.69201927 35.74632877 28.78855996)
(15.42025882 35.08087034 26.26583448)
(18.94644845 36.06876898 24.11624328)
(22.23037201 34.51090155 21.36691833)
(23.16843738 33.50879839 19.80375357)
(24.24014844 32.54656266 20.60687459)
(50 40 50)
(-50 43.33333333 50)
(-49.49859585 45.59529304 38.43662132)
(-45.78501601 44.44399027 39.01910668)
(-44.77082112 44.1827904 38.27824619)
(-42.1870169 43.26268097 40.03063779)
(-38.34413547 43.57780606 42.49314582)
(-37.23255803 43.6852491 43.2520908)
(-35.67645121 42.71480312 45.12280212)
(-31.22087518 44.33271537 45.58850848)
(-27.96341693 44.92827483 46.96408615)
(-24.61000491 44.17368736 45.09846185)
(-21.41046955 45.61850244 43.60499196)
(-19.08151699 41.89148067 43.98887747)
(-16.56081442 38.90094998 43.01607029)
(-15.45250395 42.98614877 43.30169479)
(-12.72797175 39.94689857 43.56826346)
(-10.12026042 42.29742404 41.52384538)
(-7.971653052 38.97017401 41.34706272)
(-4.451855616 42.61316078 39.20842857)
(-3.267752887 41.30349432 38.98417547)
(-0.372466178 38.07712392 37.46586633)
(2.526888631 41.96650223 36.35351161)
(5.296118644 43.73368307 34.96952416)
(8.381343199 41.65298132 34.25017503)
(10.17811448 39.24040647 31.85525286)
(12.63504751 38.09049627 29.31864151)
(16.11614348 38.49816259 27.45630462)
(19.57803662 36.91512016 24.7302025)
(21.69688568 36.46938737 22.74368917)
(22.52505847 35.70419614 22.50206265)
(50 43.33333333 50)
(-50 46.66666667 50)
(-45.31479486 45.23859119 39.42925637)
(-42.22242006 43.14165977 41.85672809)
(-40.79299507 43.65400259 40.97922461)
(-38.08534574 43.33130512 42.85219023)
(-33.95835997 44.00125968 44.78084509)
(-32.95550752 44.22044976 45.15372105)
(-31.7819924 44.36499131 45.69102911)
(-27.05146448 46.05411663 44.69347681)
(-25.65467386 46.52831629 44.42935134)
(-22.81726938 47.03790248 43.71152829)
(-18.3288125 46.03415345 43.68532992)
(-18.31516835 46.22383728 43.17619179)
(-17.92541524 43.81705629 42.83531092)
(-11.09474679 43.69496204 41.11835127)
(-11.25048482 43.67034035 41.0528113)
(-5.079449392 43.4605805 39.45652273)
(-5.277287735 43.41274199 39.49317633)
(1.108840476 44.90878076 36.88541368)
(1.104682391 44.84638736 36.64087629)
(1.158109994 44.25464571 36.44661173)
(6.331504025 45.48538016 34.3292073)
(9.794333592 46.52451709 32.81114457)
(10.08293393 46.58506765 32.6516912)
(11.38851169 44.28928372 31.64384621)
(12.90767224 43.2824681 29.53839873)
(15.59305151 43.3604177 28.16735962)
(17.91778979 40.77912679 27.0423642)
(20.07963643 39.09060013 26.16162272)
(21.77866477 39.27854705 24.55925045)
(50 46.66666667 50)
(-50 50 50)
(-46.66666667 50 50)
(-43.33333333 50 50)
(-40 50 50)
(-36.66666667 50 50)
(-33.33333333 50 50)
(-30 50 50)
(-26.66666667 50 50)
(-23.33333333 50 50)
(-20 50 50)
(-16.66666667 50 50)
(-13.33333333 50 50)
(-10 50 50)
(-6.666666667 50 50)
(-3.333333333 50 50)
(0 50 50)
(3.333333333 50 50)
(6.666666667 50 50)
(10 50 50)
(13.33333333 50 50)
(16.66666667 50 50)
(20 50 50)
(23.33333333 50 50)
(26.66666667 50 50)
(30 50 50)
(33.33333333 50 50)
(36.66666667 50 50)
(40 50 50)
(43.33333333 50 50)
(46.66666667 50 50)
(50 50 50)
(-100 -100 0)
(-80 -100 0)
(-60 -100 0)
(-40 -100 0)
(-20 -100 0)
(0 -100 0)
(20 -100 0)
(40 -100 0)
(60 -100 0)
(80 -100 0)
(100 -100 0)
(-100 -80 0)
(-80 -80 0)
(-60 -80 0)
(-40 -80 0)
(-20 -80 0)
(0 -80 0)
(20 -80 0)
(40 -80 0)
(60 -80 0)
(80 -80 0)
(100 -80 0)
(-100 -60 0)
(-80 -60 0)
(-60 -60 0)
(-40 -60 0)
(-20 -60 0)
(0 -60 0)
(20 -60 0)
(40 -60 0)
(60 -60 0)
(80 -60 0)
(100 -60 0)
(-100 -40 0)
(-80 -40 0)
(-60 -40 0)
(-40 -40 0)
(-20 -40 0)
(0 -40 0)
(20 -40 0)
(40 -40 0)
(60 -40 0)
(80 -40 0)
(100 -40 0)
(-100 -20 0)
(-80 -20 0)
(-60 -20 0)
(-40 -20 0)
(-20 -20 0)
(0 -20 0)
(20 -20 0)
(40 -20 0)
(60 -20 0)
(80 -20 0)
(100 -20 0)
(-100 0 0)
(-80 0 0)
(-60 0 0)
(-40 0 0)
(-20 0 0)
(0 0 0)
(20 0 0)
(40 5.921189465e-16 0)
(60 -5.921189465e-16 0)
(80 -2.960594732e-16 0)
(100 0 0)
(-100 20 0)
(-80 20 0)
(-60 20 0)
(-40 20 0)
(-20 20 0)
(0 20 0)
(20 20 0)
(40 20 0)
(60 20 0)
(80 20 0)
(100 20 0)
(-100 40 0)
(-80 40 0)
(-60 40 0)
(-40 40 0)
(-20 40 0)
(0 40 0)
(20 40 0)
(40 40 0)
(60 40 0)
(80 40 0)
(100 40 0)
(-100 60 0)
(-80 60 0)
(-60 60 0)
(-40 60 0)
(-20 60 0)
(0 60 0)
(20 60 0)
(40 60 0)
(60 60 0)
(80 60 0)
(100 60 0)
(-100 80 0)
(-80 80 0)
(-60 80 0)
(-40 80 0)
(-20 80 0)
(0 80 0)
(20 80 0)
(40 80 0)
(60 80 0)
(80 80 0)
(100 80 0)
(-100 100 0)
(-80 100 0)
(-60 100 0)
(-40 100 0)
(-20 100 0)
(0 100 0)
(20 100 0)
(40 100 0)
(60 100 0)
(80 100 0)
(100 100 0)
(-100 -100 6.337765884)
(-80 -100 6.337765884)
(-60 -100 6.337765884)
(-40 -100 6.337765884)
(-20 -100 6.337765884)
(0 -100 6.337765884)
(20 -100 6.337765884)
(40 -100 6.337765884)
(60 -100 6.337765884)
(80 -100 6.337765884)
(100 -100 6.337765884)
(-100 -80 6.337765884)
(-80 -80 6.337765884)
(-60 -80 6.337765884)
(-40 -80 6.337765884)
(-20 -80 6.337765884)
(0 -80 6.337765884)
(20 -80 6.337765884)
(40 -80 6.337765884)
(60 -80 6.337765884)
(80 -80 6.337765884)
(100 -80 6.337765884)
(-100 -60 6.337765884)
(-80 -60 6.337765884)
(-60 -60 6.337765884)
(-40 -60 6.337765884)
(-20 -60 6.337765884)
(0 -60 6.337765884)
(20 -60 6.337765884)
(40 -60 6.337765884)
(60 -60 6.337765884)
(80 -60 6.337765884)
(100 -60 6.337765884)
(-100 -40 6.337765884)
(-80 -40 6.337765884)
(-60 -40 6.337765884)
(-40 -40 6.337765884)
(-20 -40 6.337765884)
(0 -40 6.337765884)
(20 -40 6.337765884)
(40 -40 6.337765884)
(60 -40 6.337765884)
(80 -40 6.337765884)
(100 -40 6.337765884)
(-100 -20 6.337765884)
(-80 -20 6.337765884)
(-60 -20 6.337765884)
(-40 -20 6.337765884)
(-20 -20 6.337765884)
(0 -20 6.337765884)
(20 -20 6.337765884)
(40 -20 6.337765884)
(60 -20 6.337765884)
(80 -20 6.337765884)
(100 -20 6.337765884)
(-100 0 6.337765884)
(-80 0 6.337765884)
(-60 0 6.337765884)
(-40 0 6.337765884)
(-20 1.184237893e-15 6.337765884)
(0 0 6.337765884)
(20 1.184237893e-15 6.337765884)
(40 -5.921189465e-16 6.337765884)
(60 -5.921189465e-16 6.337765884)
(80 -2.960594732e-16 6.337765884)
(100 0 6.337765884)
(-100 20 6.337765884)
(-80 20 6.337765884)
(-60 20 6.337765884)
(-40 20 6.337765884)
(-20 20 6.337765884)
(0 20 6.337765884)
(20 20 6.337765884)
(40 20 6.337765884)
(60 20 6.337765884)
(80 20 6.337765884)
(100 20 6.337765884)
(-100 40 6.337765884)
(-80 40 6.337765884)
(-60 40 6.337765884)
(-40 40 6.337765884)
(-20 40 6.337765884)
(0 40 6.337765884)
(20 40 6.337765884)
(40 40 6.337765884)
(60 40 6.337765884)
(80 40 6.337765884)
(100 40 6.337765884)
(-100 60 6.337765884)
(-80 60 6.337765884)
(-60 60 6.337765884)
(-40 60 6.337765884)
(-20 60 6.337765884)
(0 60 6.337765884)
(20 60 6.337765884)
(40 60 6.337765884)
(60 60 6.337765884)
(80 60 6.337765884)
(100 60 6.337765884)
(-100 80 6.337765884)
(-80 80 6.337765884)
(-60 80 6.337765884)
(-40 80 6.337765884)
(-20 80 6.337765884)
(0 80 6.337765884)
(20 80 6.337765884)
(40 80 6.337765884)
(60 80 6.337765884)
(80 80 6.337765884)
(100 80 6.337765884)
(-100 100 6.337765884)
(-80 100 6.337765884)
(-60 100 6.337765884)
(-40 100 6.337765884)
(-20 100 6.337765884)
(0 100 6.337765884)
(20 100 6.337765884)
(40 100 6.337765884)
(60 100 6.337765884)
(80 100 6.337765884)
(100 100 6.337765884)
(-100 -100 12.67553177)
(-80 -100 12.67553177)
(-60 -100 12.67553177)
(-40 -100 12.67553177)
(-20 -100 12.67553177)
(0 -100 12.67553177)
(20 -100 12.67553177)
(40 -100 12.67553177)
(60 -100 12.67553177)
(80 -100 12.67553177)
(100 -100 12.67553177)
(-100 -80 12.67553177)
(-80 -80 12.67553177)
(-60 -80 12.67553177)
(-40 -80 12.67553177)
(-20 -80 12.67553177)
(0 -80 12.67553177)
(20 -80 12.67553177)
(40 -80 12.67553177)
(60 -80 12.67553177)
(80 -80 12.67553177)
(100 -80 12.67553177)
(-100 -60 12.67553177)
(-80 -60 12.67553177)
(-60 -60 12.67553177)
(-40 -60 12.67553177)
(-20 -60 12.67553177)
(0 -60 12.67553177)
(20 -60 12.67553177)
(40 -60 12.67553177)
(60 -60 12.67553177)
(80 -60 12.67553177)
(100 -60 12.67553177)
(-100 -40 12.67553177)
(-80 -40 12.67553177)
(-60 -40 12.67553177)
(-40 -40 12.67553177)
(-20 -40 12.67553177)
(0 -40 12.67553177)
(20 -40 12.67553177)
(40 -40 12.67553177)
(60 -40 12.67553177)
(80 -40 12.67553177)
(100 -40 12.67553177)
(-100 -20 12.67553177)
(-80 -20 12.67553177)
(-60 -20 12.67553177)
(-40 -20 12.67553177)
(-20 -20 12.67553177)
(0 -20 12.67553177)
(20 -20 12.67553177)
(40 -20 12.67553177)
(60 -20 12.67553177)
(80 -20 12.67553177)
(100 -20 12.67553177)
(-100 0 12.67553177)
(-80 0 12.67553177)
(-60 0 12.67553177)
(-40 0 12.67553177)
(-20 1.184237893e-15 12.67553177)
(0 0 12.67553177)
(20 1.184237893e-15 12.67553177)
(40 5.921189465e-16 12.67553177)
(60 -5.921189465e-16 12.67553177)
(80 -2.960594732e-16 12.67553177)
(100 0 12.67553177)
(-100 20 12.67553177)
(-80 20 12.67553177)
(-60 20 12.67553177)
(-40 20 12.67553177)
(-20 20 12.67553177)
(0 20 12.67553177)
(20 20 12.67553177)
(40 20 12.67553177)
(60 20 12.67553177)
(80 20 12.67553177)
(100 20 12.67553177)
(-100 40 12.67553177)
(-80 40 12.67553177)
(-60 40 12.67553177)
(-40 40 12.67553177)
(-20 40 12.67553177)
(0 40 12.67553177)
(20 40 12.67553177)
(40 40 12.67553177)
(60 40 12.67553177)
(80 40 12.67553177)
(100 40 12.67553177)
(-100 60 12.67553177)
(-80 60 12.67553177)
(-60 60 12.67553177)
(-40 60 12.67553177)
(-20 60 12.67553177)
(0 60 12.67553177)
(20 60 12.67553177)
(40 60 12.67553177)
(60 60 12.67553177)
(80 60 12.67553177)
(100 60 12.67553177)
(-100 80 12.67553177)
(-80 80 12.67553177)
(-60 80 12.67553177)
(-40 80 12.67553177)
(-20 80 12.67553177)
(0 80 12.67553177)
(20 80 12.67553177)
(40 80 12.67553177)
(60 80 12.67553177)
(80 80 12.67553177)
(100 80 12.67553177)
(-100 100 12.67553177)
(-80 100 12.67553177)
(-60 100 12.67553177)
(-40 100 12.67553177)
(-20 100 12.67553177)
(0 100 12.67553177)
(20 100 12.67553177)
(40 100 12.67553177)
(60 100 12.67553177)
(80 100 12.67553177)
(100 100 12.67553177)
(-100 -100 19.01329765)
(-80 -100 19.01329765)
(-60 -100 19.01329765)
(-40 -100 19.01329765)
(-20 -100 19.01329765)
(0 -100 19.01329765)
(20 -100 19.01329765)
(40 -100 19.01329765)
(60 -100 19.01329765)
(80 -100 19.01329765)
(100 -100 19.01329765)
(-100 -80 19.01329765)
(-80 -80 19.01329765)
(-60 -80 19.01329765)
(-40 -80 19.01329765)
(-20 -80 19.01329765)
(0 -80 19.01329765)
(20 -80 19.01329765)
(40 -80 19.01329765)
(60 -80 19.01329765)
(80 -80 19.01329765)
(100 -80 19.01329765)
(-100 -60 19.01329765)
(-80 -60 19.01329765)
(-60 -60 19.01329765)
(-40 -60 19.01329765)
(-20 -60 19.01329765)
(0 -60 19.01329765)
(20 -60 19.01329765)
(40 -60 19.01329765)
(60 -60 19.01329765)
(80 -60 19.01329765)
(100 -60 19.01329765)
(-100 -40 19.01329765)
(-80 -40 19.01329765)
(-60 -40 19.01329765)
(-40 -40 19.01329765)
(-20 -40 19.01329765)
(0 -40 19.01329765)
(20 -40 19.01329765)
(40 -40 19.01329765)
(60 -40 19.01329765)
(80 -40 19.01329765)
(100 -40 19.01329765)
(-100 -20 19.01329765)
(-80 -20 19.01329765)
(-60 -20 19.01329765)
(-40 -20 19.01329765)
(-20 -20 19.01329765)
(0 -20 19.01329765)
(20 -20 19.01329765)
(40 -20 19.01329765)
(60 -20 19.01329765)
(80 -20 19.01329765)
(100 -20 19.01329765)
(-100 0 19.01329765)
(-80 0 19.01329765)
(-60 0 19.01329765)
(-40 0 19.01329765)
(-20 0 19.01329765)
(0 0 19.01329765)
(20 0 19.01329765)
(40 5.921189465e-16 19.01329765)
(60 0 19.01329765)
(80 -2.960594732e-16 19.01329765)
(100 0 19.01329765)
(-100 20 19.01329765)
(-80 20 19.01329765)
(-60 20 19.01329765)
(-40 20 19.01329765)
(-20 20 19.01329765)
(0 20 19.01329765)
(20 20 19.01329765)
(40 20 19.01329765)
(60 20 19.01329765)
(80 20 19.01329765)
(100 20 19.01329765)
(-100 40 19.01329765)
(-80 40 19.01329765)
(-60 40 19.01329765)
(-40 40 19.01329765)
(-20 40 19.01329765)
(0 40 19.01329765)
(20 40 19.01329765)
(40 40 19.01329765)
(60 40 19.01329765)
(80 40 19.01329765)
(100 40 19.01329765)
(-100 60 19.01329765)
(-80 60 19.01329765)
(-60 60 19.01329765)
(-40 60 19.01329765)
(-20 60 19.01329765)
(0 60 19.01329765)
(20 60 19.01329765)
(40 60 19.01329765)
(60 60 19.01329765)
(80 60 19.01329765)
(100 60 19.01329765)
(-100 80 19.01329765)
(-80 80 19.01329765)
(-60 80 19.01329765)
(-40 80 19.01329765)
(-20 80 19.01329765)
(0 80 19.01329765)
(20 80 19.01329765)
(40 80 19.01329765)
(60 80 19.01329765)
(80 80 19.01329765)
(100 80 19.01329765)
(-100 100 19.01329765)
(-80 100 19.01329765)
(-60 100 19.01329765)
(-40 100 19.01329765)
(-20 100 19.01329765)
(0 100 19.01329765)
(20 100 19.01329765)
(40 100 19.01329765)
(60 100 19.01329765)
(80 100 19.01329765)
(100 100 19.01329765)
(-100 -100 25.35106354)
(-80 -100 25.35106354)
(-60 -100 25.35106354)
(-40 -100 25.35106354)
(-20 -100 25.35106354)
(0 -100 25.35106354)
(20 -100 25.35106354)
(40 -100 25.35106354)
(60 -100 25.35106354)
(80 -100 25.35106354)
(100 -100 25.35106354)
(-100 -80 25.35106354)
(-80 -80 25.35106354)
(-60 -80 25.35106354)
(-40 -80 25.35106354)
(-20 -80 25.35106354)
(0 -80 25.35106354)
(20 -80 25.35106354)
(40 -80 25.35106354)
(60 -80 25.35106354)
(80 -80 25.35106354)
(100 -80 25.35106354)
(-100 -60 25.35106354)
(-80 -60 25.35106354)
(-60 -60 25.35106354)
(-40 -60 25.35106354)
(-20 -60 25.35106354)
(0 -60 25.35106354)
(20 -60 25.35106354)
(40 -60 25.35106354)
(60 -60 25.35106354)
(80 -60 25.35106354)
(100 -60 25.35106354)
(-100 -40 25.35106354)
(-80 -40 25.35106354)
(-60 -40 25.35106354)
(-40 -40 25.35106354)
(-20 -40 25.35106354)
(0 -40 25.35106354)
(20 -40 25.35106354)
(40 -40 25.35106354)
(60 -40 25.35106354)
(80 -40 25.35106354)
(100 -40 25.35106354)
(-100 -20 25.35106354)
(-80 -20 25.35106354)
(-60 -20 25.35106354)
(-40 -20 25.35106354)
(-20 -20 25.35106354)
(0 -20 25.35106354)
(20 -20 25.35106354)
(40 -20 25.35106354)
(60 -20 25.35106354)
(80 -20 25.35106354)
(100 -20 25.35106354)
(-100 0 25.35106354)
(-80 0 25.35106354)
(-60 0 25.35106354)
(-40 0 25.35106354)
(-20 0 25.35106354)
(0 0 25.35106354)
(20 0 25.35106354)
(40 5.921189465e-16 25.35106354)
(60 -5.921189465e-16 25.35106354)
(80 -2.960594732e-16 25.35106354)
(100 0 25.35106354)
(-100 20 25.35106354)
(-80 20 25.35106354)
(-60 20 25.35106354)
(-40 20 25.35106354)
(-20 20 25.35106354)
(0 20 25.35106354)
(20 20 25.35106354)
(40 20 25.35106354)
(60 20 25.35106354)
(80 20 25.35106354)
(100 20 25.35106354)
(-100 40 25.35106354)
(-80 40 25.35106354)
(-60 40 25.35106354)
(-40 40 25.35106354)
(-20 40 25.35106354)
(0 40 25.35106354)
(20 40 25.35106354)
(40 40 25.35106354)
(60 40 25.35106354)
(80 40 25.35106354)
(100 40 25.35106354)
(-100 60 25.35106354)
(-80 60 25.35106354)
(-60 60 25.35106354)
(-40 60 25.35106354)
(-20 60 25.35106354)
(0 60 25.35106354)
(20 60 25.35106354)
(40 60 25.35106354)
(60 60 25.35106354)
(80 60 25.35106354)
(100 60 25.35106354)
(-100 80 25.35106354)
(-80 80 25.35106354)
(-60 80 25.35106354)
(-40 80 25.35106354)
(-20 80 25.35106354)
(0 80 25.35106354)
(20 80 25.35106354)
(40 80 25.35106354)
(60 80 25.35106354)
(80 80 25.35106354)
(100 80 25.35106354)
(-100 100 25.35106354)
(-80 100 25.35106354)
(-60 100 25.35106354)
(-40 100 25.35106354)
(-20 100 25.35106354)
(0 100 25.35106354)
(20 100 25.35106354)
(40 100 25.35106354)
(60 100 25.35106354)
(80 100 25.35106354)
(100 100 25.35106354)
(-100 -100 31.68882942)
(-80 -100 31.68882942)
(-60 -100 31.68882942)
(-40 -100 31.68882942)
(-20 -100 31.68882942)
(0 -100 31.68882942)
(20 -100 31.68882942)
(40 -100 31.68882942)
(60 -100 31.68882942)
(80 -100 31.68882942)
(100 -100 31.68882942)
(-100 -80 31.68882942)
(-80 -80 31.68882942)
(-60 -80 31.68882942)
(-40 -80 31.68882942)
(-20 -80 31.68882942)
(0 -80 31.68882942)
(20 -80 31.68882942)
(40 -80 31.68882942)
(60 -80 31.68882942)
(80 -80 31.68882942)
(100 -80 31.68882942)
(-100 -60 31.68882942)
(-80 -60 31.68882942)
(-60 -60 31.68882942)
(-40 -60 31.68882942)
(-20 -60 31.68882942)
(0 -60 31.68882942)
(20 -60 31.68882942)
(40 -60 31.68882942)
(60 -60 31.68882942)
(80 -60 31.68882942)
(100 -60 31.68882942)
(-100 -40 31.68882942)
(-80 -40 31.68882942)
(-60 -40 31.68882942)
(-40 -40 31.68882942)
(-20 -40 31.68882942)
(0 -40 31.68882942)
(20 -40 31.68882942)
(40 -40 31.68882942)
(60 -40 31.68882942)
(80 -40 31.68882942)
(100 -40 31.68882942)
(-100 -20 31.68882942)
(-80 -20 31.68882942)
(-60 -20 31.68882942)
(-40 -20 31.68882942)
(-20 -20 31.68882942)
(0 -20 31.68882942)
(20 -20 31.68882942)
(40 -20 31.68882942)
(60 -20 31.68882942)
(80 -20 31.68882942)
(100 -20 31.68882942)
(-100 0 31.68882942)
(-80 0 31.68882942)
(-60 0 31.68882942)
(-40 0 31.68882942)
(-20 0 31.68882942)
(0 0 31.68882942)
(20 0 31.68882942)
(40 5.921189465e-16 31.68882942)
(60 -5.921189465e-16 31.68882942)
(80 -2.960594732e-16 31.68882942)
(100 0 31.68882942)
(-100 20 31.68882942)
(-80 20 31.68882942)
(-60 20 31.68882942)
(-40 20 31.68882942)
(-20 20 31.68882942)
(0 20 31.68882942)
(20 20 31.68882942)
(40 20 31.68882942)
(60 20 31.68882942)
(80 20 31.68882942)
(100 20 31.68882942)
(-100 40 31.68882942)
(-80 40 31.68882942)
(-60 40 31.68882942)
(-40 40 31.68882942)
(-20 40 31.68882942)
(0 40 31.68882942)
(20 40 31.68882942)
(40 40 31.68882942)
(60 40 31.68882942)
(80 40 31.68882942)
(100 40 31.68882942)
(-100 60 31.68882942)
(-80 60 31.68882942)
(-60 60 31.68882942)
(-40 60 31.68882942)
(-20 60 31.68882942)
(0 60 31.68882942)
(20 60 31.68882942)
(40 60 31.68882942)
(60 60 31.68882942)
(80 60 31.68882942)
(100 60 31.68882942)
(-100 80 31.68882942)
(-80 80 31.68882942)
(-60 80 31.68882942)
(-40 80 31.68882942)
(-20 80 31.68882942)
(0 80 31.68882942)
(20 80 31.68882942)
(40 80 31.68882942)
(60 80 31.68882942)
(80 80 31.68882942)
(100 80 31.68882942)
(-100 100 31.68882942)
(-80 100 31.68882942)
(-60 100 31.68882942)
(-40 100 31.68882942)
(-20 100 31.68882942)
(0 100 31.68882942)
(20 100 31.68882942)
(40 100 31.68882942)
(60 100 31.68882942)
(80 100 31.68882942)
(100 100 31.68882942)
(-100 -100 38.0265953)
(-80 -100 38.0265953)
(-60 -100 38.0265953)
(-40 -100 38.0265953)
(-20 -100 38.0265953)
(0 -100 38.0265953)
(20 -100 38.0265953)
(40 -100 38.0265953)
(60 -100 38.0265953)
(80 -100 38.0265953)
(100 -100 38.0265953)
(-100 -80 38.0265953)
(-80 -80 38.0265953)
(-60 -80 38.0265953)
(-40 -80 38.0265953)
(-20 -80 38.0265953)
(0 -80 38.0265953)
(20 -80 38.0265953)
(40 -80 38.0265953)
(60 -80 38.0265953)
(80 -80 38.0265953)
(100 -80 38.0265953)
(-100 -60 38.0265953)
(-80 -60 38.0265953)
(-60 -60 38.0265953)
(-40 -60 38.0265953)
(-20 -60 38.0265953)
(0 -60 38.0265953)
(20 -60 38.0265953)
(40 -60 38.0265953)
(60 -60 38.0265953)
(80 -60 38.0265953)
(100 -60 38.0265953)
(-100 -40 38.0265953)
(-80 -40 38.0265953)
(-60 -40 38.0265953)
(-40 -40 38.0265953)
(-20 -40 38.0265953)
(0 -40 38.0265953)
(20 -40 38.0265953)
(40 -40 38.0265953)
(60 -40 38.0265953)
(80 -40 38.0265953)
(100 -40 38.0265953)
(-100 -20 38.0265953)
(-80 -20 38.0265953)
(-60 -20 38.0265953)
(-40 -20 38.0265953)
(-20 -20 38.0265953)
(0 -20 38.0265953)
(20 -20 38.0265953)
(40 -20 38.0265953)
(60 -20 38.0265953)
(80 -20 38.0265953)
(100 -20 38.0265953)
(-100 0 38.0265953)
(-80 0 38.0265953)
(-60 0 38.0265953)
(-40 0 38.0265953)
(-20 0 38.0265953)
(0 0 38.0265953)
(20 0 38.0265953)
(40 5.921189465e-16 38.0265953)
(60 -5.921189465e-16 38.0265953)
(80 -2.960594732e-16 38.0265953)
(100 0 38.0265953)
(-100 20 38.0265953)
(-80 20 38.0265953)
(-60 20 38.0265953)
(-40 20 38.0265953)
(-20 20 38.0265953)
(0 20 38.0265953)
(20 20 38.0265953)
(40 20 38.0265953)
(60 20 38.0265953)
(80 20 38.0265953)
(100 20 38.0265953)
(-100 40 38.0265953)
(-80 40 38.0265953)
(-60 40 38.0265953)
(-40 40 38.0265953)
(-20 40 38.0265953)
(0 40 38.0265953)
(20 40 38.0265953)
(40 40 38.0265953)
(60 40 38.0265953)
(80 40 38.0265953)
(100 40 38.0265953)
(-100 60 38.0265953)
(-80 60 38.0265953)
(-60 60 38.0265953)
(-40 60 38.0265953)
(-20 60 38.0265953)
(0 60 38.0265953)
(20 60 38.0265953)
(40 60 38.0265953)
(60 60 38.0265953)
(80 60 38.0265953)
(100 60 38.0265953)
(-100 80 38.0265953)
(-80 80 38.0265953)
(-60 80 38.0265953)
(-40 80 38.0265953)
(-20 80 38.0265953)
(0 80 38.0265953)
(20 80 38.0265953)
(40 80 38.0265953)
(60 80 38.0265953)
(80 80 38.0265953)
(100 80 38.0265953)
(-100 100 38.0265953)
(-80 100 38.0265953)
(-60 100 38.0265953)
(-40 100 38.0265953)
(-20 100 38.0265953)
(0 100 38.0265953)
(20 100 38.0265953)
(40 100 38.0265953)
(60 100 38.0265953)
(80 100 38.0265953)
(100 100 38.0265953)
(-100 -100 44.36436119)
(-80 -100 44.36436119)
(-60 -100 44.36436119)
(-40 -100 44.36436119)
(-20 -100 44.36436119)
(0 -100 44.36436119)
(20 -100 44.36436119)
(40 -100 44.36436119)
(60 -100 44.36436119)
(80 -100 44.36436119)
(100 -100 44.36436119)
(-100 -80 44.36436119)
(-80 -80 44.36436119)
(-60 -80 44.36436119)
(-40 -80 44.36436119)
(-20 -80 44.36436119)
(0 -80 44.36436119)
(20 -80 44.36436119)
(40 -80 44.36436119)
(60 -80 44.36436119)
(80 -80 44.36436119)
(100 -80 44.36436119)
(-100 -60 44.36436119)
(-80 -60 44.36436119)
(-60 -60 44.36436119)
(-40 -60 44.36436119)
(-20 -60 44.36436119)
(0 -60 44.36436119)
(20 -60 44.36436119)
(40 -60 44.36436119)
(60 -60 44.36436119)
(80 -60 44.36436119)
(100 -60 44.36436119)
(-100 -40 44.36436119)
(-80 -40 44.36436119)
(-60 -40 44.36436119)
(-40 -40 44.36436119)
(-20 -40 44.36436119)
(0 -40 44.36436119)
(20 -40 44.36436119)
(40 -40 44.36436119)
(60 -40 44.36436119)
(80 -40 44.36436119)
(100 -40 44.36436119)
(-100 -20 44.36436119)
(-80 -20 44.36436119)
(-60 -20 44.36436119)
(-40 -20 44.36436119)
(-20 -20 44.36436119)
(0 -20 44.36436119)
(20 -20 44.36436119)
(40 -20 44.36436119)
(60 -20 44.36436119)
(80 -20 44.36436119)
(100 -20 44.36436119)
(-100 0 44.36436119)
(-80 0 44.36436119)
(-60 0 44.36436119)
(-40 0 44.36436119)
(-20 0 44.36436119)
(0 0 44.36436119)
(20 0 44.36436119)
(40 5.921189465e-16 44.36436119)
(60 -5.921189465e-16 44.36436119)
(80 -2.960594732e-16 44.36436119)
(100 0 44.36436119)
(-100 20 44.36436119)
(-80 20 44.36436119)
(-60 20 44.36436119)
(-40 20 44.36436119)
(-20 20 44.36436119)
(0 20 44.36436119)
(20 20 44.36436119)
(40 20 44.36436119)
(60 20 44.36436119)
(80 20 44.36436119)
(100 20 44.36436119)
(-100 40 44.36436119)
(-80 40 44.36436119)
(-60 40 44.36436119)
(-40 40 44.36436119)
(-20 40 44.36436119)
(0 40 44.36436119)
(20 40 44.36436119)
(40 40 44.36436119)
(60 40 44.36436119)
(80 40 44.36436119)
(100 40 44.36436119)
(-100 60 44.36436119)
(-80 60 44.36436119)
(-60 60 44.36436119)
(-40 60 44.36436119)
(-20 60 44.36436119)
(0 60 44.36436119)
(20 60 44.36436119)
(40 60 44.36436119)
(60 60 44.36436119)
(80 60 44.36436119)
(100 60 44.36436119)
(-100 80 44.36436119)
(-80 80 44.36436119)
(-60 80 44.36436119)
(-40 80 44.36436119)
(-20 80 44.36436119)
(0 80 44.36436119)
(20 80 44.36436119)
(40 80 44.36436119)
(60 80 44.36436119)
(80 80 44.36436119)
(100 80 44.36436119)
(-100 100 44.36436119)
(-80 100 44.36436119)
(-60 100 44.36436119)
(-40 100 44.36436119)
(-20 100 44.36436119)
(0 100 44.36436119)
(20 100 44.36436119)
(40 100 44.36436119)
(60 100 44.36436119)
(80 100 44.36436119)
(100 100 44.36436119)
(-100 -100 50.70212707)
(-80 -100 50.70212707)
(-60 -100 50.70212707)
(-40 -100 50.70212707)
(-20 -100 50.70212707)
(0 -100 50.70212707)
(20 -100 50.70212707)
(40 -100 50.70212707)
(60 -100 50.70212707)
(80 -100 50.70212707)
(100 -100 50.70212707)
(-100 -80 50.70212707)
(-80 -80 50.70212707)
(-60 -80 50.70212707)
(-40 -80 50.70212707)
(-20 -80 50.70212707)
(0 -80 50.70212707)
(20 -80 50.70212707)
(40 -80 50.70212707)
(60 -80 50.70212707)
(80 -80 50.70212707)
(100 -80 50.70212707)
(-100 -60 50.70212707)
(-80 -60 50.70212707)
(-60 -60 50.70212707)
(-40 -60 50.70212707)
(-20 -60 50.70212707)
(0 -60 50.70212707)
(20 -60 50.70212707)
(40 -60 50.70212707)
(60 -60 50.70212707)
(80 -60 50.70212707)
(100 -60 50.70212707)
(-100 -40 50.70212707)
(-80 -40 50.70212707)
(-60 -40 50.70212707)
(-40 -40 50.70212707)
(-20 -40 50.70212707)
(0 -40 50.70212707)
(20 -40 50.70212707)
(40 -40 50.70212707)
(60 -40 50.70212707)
(80 -40 50.70212707)
(100 -40 50.70212707)
(-100 -20 50.70212707)
(-80 -20 50.70212707)
(-60 -20 50.70212707)
(-40 -20 50.70212707)
(-20 -20 50.70212707)
(0 -20 50.70212707)
(20 -20 50.70212707)
(40 -20 50.70212707)
(60 -20 50.70212707)
(80 -20 50.70212707)
(100 -20 50.70212707)
(-100 0 50.70212707)
(-80 0 50.70212707)
(-60 0 50.70212707)
(-40 0 50.70212707)
(-20 0 50.70212707)
(0 0 50.70212707)
(20 0 50.70212707)
(40 5.921189465e-16 50.70212707)
(60 -5.921189465e-16 50.70212707)
(80 -2.960594732e-16 50.70212707)
(100 0 50.70212707)
(-100 20 50.70212707)
(-80 20 50.70212707)
(-60 20 50.70212707)
(-40 20 50.70212707)
(-20 20 50.70212707)
(0 20 50.70212707)
(20 20 50.70212707)
(40 20 50.70212707)
(60 20 50.70212707)
(80 20 50.70212707)
(100 20 50.70212707)
(-100 40 50.70212707)
(-80 40 50.70212707)
(-60 40 50.70212707)
(-40 40 50.70212707)
(-20 40 50.70212707)
(0 40 50.70212707)
(20 40 50.70212707)
(40 40 50.70212707)
(60 40 50.70212707)
(80 40 50.70212707)
(100 40 50.70212707)
(-100 60 50.70212707)
(-80 60 50.70212707)
(-60 60 50.70212707)
(-40 60 50.70212707)
(-20 60 50.70212707)
(0 60 50.70212707)
(20 60 50.70212707)
(40 60 50.70212707)
(60 60 50.70212707)
(80 60 50.70212707)
(100 60 50.70212707)
(-100 80 50.70212707)
(-80 80 50.70212707)
(-60 80 50.70212707)
(-40 80 50.70212707)
(-20 80 50.70212707)
(0 80 50.70212707)
(20 80 50.70212707)
(40 80 50.70212707)
(60 80 50.70212707)
(80 80 50.70212707)
(100 80 50.70212707)
(-100 100 50.70212707)
(-80 100 50.70212707)
(-60 100 50.70212707)
(-40 100 50.70212707)
(-20 100 50.70212707)
(0 100 50.70212707)
(20 100 50.70212707)
(40 100 50.70212707)
(60 100 50.70212707)
(80 100 50.70212707)
(100 100 50.70212707)
(-100 -100 57.03989296)
(-80 -100 57.03989296)
(-60 -100 57.03989296)
(-40 -100 57.03989296)
(-20 -100 57.03989296)
(0 -100 57.03989296)
(20 -100 57.03989296)
(40 -100 57.03989296)
(60 -100 57.03989296)
(80 -100 57.03989296)
(100 -100 57.03989296)
(-100 -80 57.03989296)
(-80 -80 57.03989296)
(-60 -80 57.03989296)
(-40 -80 57.03989296)
(-20 -80 57.03989296)
(0 -80 57.03989296)
(20 -80 57.03989296)
(40 -80 57.03989296)
(60 -80 57.03989296)
(80 -80 57.03989296)
(100 -80 57.03989296)
(-100 -60 57.03989296)
(-80 -60 57.03989296)
(-60 -60 57.03989296)
(-40 -60 57.03989296)
(-20 -60 57.03989296)
(0 -60 57.03989296)
(20 -60 57.03989296)
(40 -60 57.03989296)
(60 -60 57.03989296)
(80 -60 57.03989296)
(100 -60 57.03989296)
(-100 -40 57.03989296)
(-80 -40 57.03989296)
(-60 -40 57.03989296)
(-40 -40 57.03989296)
(-20 -40 57.03989296)
(0 -40 57.03989296)
(20 -40 57.03989296)
(40 -40 57.03989296)
(60 -40 57.03989296)
(80 -40 57.03989296)
(100 -40 57.03989296)
(-100 -20 57.03989296)
(-80 -20 57.03989296)
(-60 -20 57.03989296)
(-40 -20 57.03989296)
(-20 -20 57.03989296)
(0 -20 57.03989296)
(20 -20 57.03989296)
(40 -20 57.03989296)
(60 -20 57.03989296)
(80 -20 57.03989296)
(100 -20 57.03989296)
(-100 0 57.03989296)
(-80 0 57.03989296)
(-60 0 57.03989296)
(-40 0 57.03989296)
(-20 0 57.03989296)
(0 0 57.03989296)
(20 0 57.03989296)
(40 5.921189465e-16 57.03989296)
(60 -5.921189465e-16 57.03989296)
(80 -2.960594732e-16 57.03989296)
(100 0 57.03989296)
(-100 20 57.03989296)
(-80 20 57.03989296)
(-60 20 57.03989296)
(-40 20 57.03989296)
(-20 20 57.03989296)
(0 20 57.03989296)
(20 20 57.03989296)
(40 20 57.03989296)
(60 20 57.03989296)
(80 20 57.03989296)
(100 20 57.03989296)
(-100 40 57.03989296)
(-80 40 57.03989296)
(-60 40 57.03989296)
(-40 40 57.03989296)
(-20 40 57.03989296)
(0 40 57.03989296)
(20 40 57.03989296)
(40 40 57.03989296)
(60 40 57.03989296)
(80 40 57.03989296)
(100 40 57.03989296)
(-100 60 57.03989296)
(-80 60 57.03989296)
(-60 60 57.03989296)
(-40 60 57.03989296)
(-20 60 57.03989296)
(0 60 57.03989296)
(20 60 57.03989296)
(40 60 57.03989296)
(60 60 57.03989296)
(80 60 57.03989296)
(100 60 57.03989296)
(-100 80 57.03989296)
(-80 80 57.03989296)
(-60 80 57.03989296)
(-40 80 57.03989296)
(-20 80 57.03989296)
(0 80 57.03989296)
(20 80 57.03989296)
(40 80 57.03989296)
(60 80 57.03989296)
(80 80 57.03989296)
(100 80 57.03989296)
(-100 100 57.03989296)
(-80 100 57.03989296)
(-60 100 57.03989296)
(-40 100 57.03989296)
(-20 100 57.03989296)
(0 100 57.03989296)
(20 100 57.03989296)
(40 100 57.03989296)
(60 100 57.03989296)
(80 100 57.03989296)
(100 100 57.03989296)
(-100 -100 63.37765884)
(-80 -100 63.37765884)
(-60 -100 63.37765884)
(-40 -100 63.37765884)
(-20 -100 63.37765884)
(0 -100 63.37765884)
(20 -100 63.37765884)
(40 -100 63.37765884)
(60 -100 63.37765884)
(80 -100 63.37765884)
(100 -100 63.37765884)
(-100 -80 63.37765884)
(-80 -80 63.37765884)
(-60 -80 63.37765884)
(-40 -80 63.37765884)
(-20 -80 63.37765884)
(0 -80 63.37765884)
(20 -80 63.37765884)
(40 -80 63.37765884)
(60 -80 63.37765884)
(80 -80 63.37765884)
(100 -80 63.37765884)
(-100 -60 63.37765884)
(-80 -60 63.37765884)
(-60 -60 63.37765884)
(-40 -60 63.37765884)
(-20 -60 63.37765884)
(0 -60 63.37765884)
(20 -60 63.37765884)
(40 -60 63.37765884)
(60 -60 63.37765884)
(80 -60 63.37765884)
(100 -60 63.37765884)
(-100 -40 63.37765884)
(-80 -40 63.37765884)
(-60 -40 63.37765884)
(-40 -40 63.37765884)
(-20 -40 63.37765884)
(0 -40 63.37765884)
(20 -40 63.37765884)
(40 -40 63.37765884)
(60 -40 63.37765884)
(80 -40 63.37765884)
(100 -40 63.37765884)
(-100 -20 63.37765884)
(-80 -20 63.37765884)
(-60 -20 63.37765884)
(-40 -20 63.37765884)
(-20 -20 63.37765884)
(0 -20 63.37765884)
(20 -20 63.37765884)
(40 -20 63.37765884)
(60 -20 63.37765884)
(80 -20 63.37765884)
(100 -20 63.37765884)
(-100 0 63.37765884)
(-80 0 63.37765884)
(-60 0 63.37765884)
(-40 0 63.37765884)
(-20 0 63.37765884)
(0 0 63.37765884)
(20 0 63.37765884)
(40 5.921189465e-16 63.37765884)
(60 -5.921189465e-16 63.37765884)
(80 -2.960594732e-16 63.37765884)
(100 0 63.37765884)
(-100 20 63.37765884)
(-80 20 63.37765884)
(-60 20 63.37765884)
(-40 20 63.37765884)
(-20 20 63.37765884)
(0 20 63.37765884)
(20 20 63.37765884)
(40 20 63.37765884)
(60 20 63.37765884)
(80 20 63.37765884)
(100 20 63.37765884)
(-100 40 63.37765884)
(-80 40 63.37765884)
(-60 40 63.37765884)
(-40 40 63.37765884)
(-20 40 63.37765884)
(0 40 63.37765884)
(20 40 63.37765884)
(40 40 63.37765884)
(60 40 63.37765884)
(80 40 63.37765884)
(100 40 63.37765884)
(-100 60 63.37765884)
(-80 60 63.37765884)
(-60 60 63.37765884)
(-40 60 63.37765884)
(-20 60 63.37765884)
(0 60 63.37765884)
(20 60 63.37765884)
(40 60 63.37765884)
(60 60 63.37765884)
(80 60 63.37765884)
(100 60 63.37765884)
(-100 80 63.37765884)
(-80 80 63.37765884)
(-60 80 63.37765884)
(-40 80 63.37765884)
(-20 80 63.37765884)
(0 80 63.37765884)
(20 80 63.37765884)
(40 80 63.37765884)
(60 80 63.37765884)
(80 80 63.37765884)
(100 80 63.37765884)
(-100 100 63.37765884)
(-80 100 63.37765884)
(-60 100 63.37765884)
(-40 100 63.37765884)
(-20 100 63.37765884)
(0 100 63.37765884)
(20 100 63.37765884)
(40 100 63.37765884)
(60 100 63.37765884)
(80 100 63.37765884)
(100 100 63.37765884)
)


// ************************************************************************* //
